customer_id,customer_unique_id,customer_zip_code_prefix,customer_city,customer_state
39c9dc82d5f60eb1ee8bc4fe4aa29dc6,1f6d48610f32c723924f9af3e88f1c64,2209,sao paulo,SP
08ef50ea1923ce347f194bbc8d8e40e9,337691bc9242e1d53d521ed78a12ab8d,11065,santos,SP
5195c80d2034a6123f3866574cfffde8,a296df1cf7557b871094bda3d269972e,70750,brasilia,DF
9e0628923d9fe029c079eb11ae72d241,dc643b60537f44f35b2f91610ea64153,36855,eugenopolis,MG
b6349bdae88bc7c85c4aeb0cb604dac8,b5d37c728f9ea12eae24f87212cf90fa,45320,santa ines,BA
0e19f44898c5554faac8f95f1473bb4b,d197a184e01ac46e6cb6596185bd4db0,57046,maceio,AL
1914576a74b2122c63a456293cf7e52c,8574faf241b0a789d42051aa783d46dd,5792,sao paulo,SP
401f18788389eeaf3bc1fe8da020fea0,5331278432c1d2f87ce463412a344d1e,13201,jundiai,SP
d494b02fb3835e2d398d44ea7f275bce,e1a5b21153987479299c92d5c8b1ee1a,88045,florianopolis,SC
099786bcc7ebf2f323ecf03a9f54b02d,7d435b111211b3f34f6995914fdef980,13063,campinas,SP
07d5cc9ef6daee5c5205f14545476b09,45aa853a9151e2760eaf935622413c41,28495,aperibe,RJ
397923ee893a17a79703c3d8cff22911,a4e7c06913461ef2298e10fb4cdd2d71,89280,sao bento do sul,SC
5ad934ace4646e3dad70148a823eb138,795ec127906a9e161109399a70f5826d,39480,januaria,MG
e77db91ad228d0c7e49609d360f5623f,5c2f079ede3bce29ac622ecc9bb444fb,9614,sao bernardo do campo,SP
e7c1c6bd4a65725fecd89c94428cdd83,408b1dc1bf28c3245e5eca9097e14b9f,8240,sao paulo,SP
d7288a6538f2639b5916c4337eaebe09,78681ccd3cdd568237129b2e5509eb73,9627,sao bernardo do campo,SP
982e82b0ac09b67a31c446d41db6927f,7974f57adaf05f72a06c307cad9db6f7,6381,carapicuiba,SP
bbc8c12f7afeba03337723117f0a6f3e,254f01c0c4853e5c23a801f29069f932,6540,santana de parnaiba,SP
07d4d7c6584be1dfbea942bd0fe5b9b9,01bfd443225216fd172d2af98ae80068,26052,nova iguacu,RJ
17fc94945c78e2f5d7100ae17fe19f12,929de36edcb645b07f26d1871120a9ab,70390,brasilia,DF
3a1b9fe3e0d0d7541f37438799c97571,cbbe4b5beeea8b05dae43cfd1a73e6d9,77022,palmas,TO
dab6b8d21ca0042c271d59be395eea8c,df85489b24646779960c73a7c2f8acbf,4833,sao paulo,SP
9e29cde4ddb42f9330bcf3c9bc23d177,66980c3775537536f77b434d74e520f5,30290,belo horizonte,MG
30159428cd8098929d2d39e5e357fcc5,a696ba5db33cf4835a04dd5965a86781,7787,cajamar,SP
4c48be8f6a938ef775ba2c4b4ecb64e1,390ab7d275c35f0bfb2be964ff5ffbe4,16800,mirandopolis,SP
3d34ebc358aac6406eb02d4d46aaa4ed,42f4968985f42ab8bb656fc5d9b5967a,21830,rio de janeiro,RJ
86461f32d75c88adf526de69438d0a9f,1fe7afd58ce8429c5a8d27bf8c24738f,38280,iturama,MG
5f8529d3f9d41718127f8ed44d471c6e,d55e594accb5b8cd7e3c26cdd854f5bd,2878,sao paulo,SP
669b06cabc9d39c1bcc52e6889e1318d,f0903f4311560f0f99dca752df6dfa67,14930,boa esperanca do sul,SP
26851e2e2407326a8ae15b13a6260e64,94e6edac4fcfaba68a45fe869e6abb8a,21060,rio de janeiro,RJ
c9c15abe8d61c9b312ba5dec770a4991,dabfb46e557987c1797d05a1b387cfd3,13232,campo limpo paulista,SP
82d98198f7fb1687858e03a5322e1621,b351ac91ab0ef29bae6da7fbc05959c0,80420,curitiba,PR
f6780a74d50eccbe545477c344e8347e,ceb8b329e744b3e8982e6f9d51269ed3,24230,niteroi,RJ
943521f571176614708a6910175178e3,d2d7bfabbd3076340239df05bed8ea5d,25901,mage,RJ
9c04b06940dd762c639ce63ce827caf6,606441378b517f9eeb89f9154a1c4d4f,4857,sao paulo,SP
e3f62212035039c920a8409127b09a41,71f88676a49942af16839e9690b97f54,22060,rio de janeiro,RJ
54e45f61024a906d5ed85efa3cc79c4e,a8bf8a5a3f01ec3bab15b75fb1920205,79080,campo grande,MS
ffd294eea523f67ee8c743d3a904ee20,f4b8c62563542dad472e6868bf8267cc,64048,teresina,PI
edddd8420d4baec0251cfaed38b577a7,9cfb3c93996078bc581e2a5132238b01,13475,americana,SP
7ec34e03cfead59804e2ae99d09014a6,e60599551efd9a16671ddf0668aea5f1,39280,buritizeiro,MG
a8004a3d658be3bb26c0ad71671ef73f,c1ccdcdeb2daa19091d2aefb8f1a2bd5,5143,sao paulo,SP
baca33004aa726524d5a891853100559,aa67457bb07fde4e952d67b038135bee,73369,brasilia,DF
49bfff17c9d66763eb474bce40c414fc,c4826f7bbaae77563603cb985322875f,6412,barueri,SP
25132871ae2b537453a598c4156ae8c5,17d9e5fb389aa6a163f1bc7d8b1510f6,1550,sao paulo,SP
a85e4012b0c95176be53ec2d87b133d3,f92e66c00c3a7c1e1864cbf1229fe574,74280,goiania,GO
af65b5fb2830e00789e56d7b30e86b63,8912a04715640bd8424d068aa9649b56,36400,conselheiro lafaiete,MG
e428b952c1e0d1092005f58e3123b545,a3fe4cec12d8e56f33a80d593ede8056,79570,aparecida do taboado,MS
7930549f156eea2b01b0fc2fdd323063,dfe634d4b8e0678799178b6ec8e1b0ba,91260,porto alegre,RS
e489861e700dfc79e5347bbf75b472e0,44191aeadca96c5a073edb7f09ceee05,13495,iracemapolis,SP
df4c4273ca572a5dccb721c358e92c8d,f971b51b5cde228a6212927455e6a973,40325,salvador,BA
5f0099134079adfe14d1df3d8ecc57ae,25aaba9edaf948bb0b0af688266934e8,73255,brasilia,DF
7bb9480c1d5413975d01c3caefbfb081,50aca4b5709faf74f552ee07798b4b52,1506,sao paulo,SP
e5bc9f8faba8738132bffaeb1a998ff4,a5ca3bb9a066406fb121bf08cf5bfab2,5796,sao paulo,SP
060a46f3e1097e08371f2c8c7064156c,3d8a51057b28b7b5172c8bc46cb6a7f5,87030,maringa,PR
1ae6cb85d1f8d6c71e80ec5ddd725e8d,2ac980e0986c8c3769a5a0f3e88830c6,35290,mantena,MG
4410b688abf3a740eb252990826a8947,7331d360e97a82b65299db5272c3538f,22785,rio de janeiro,RJ
a548f8cecd44d195d61bcfe24dd880ad,e9971332fe28c52652fc0c34f5132737,90420,porto alegre,RS
66aedbf6febb5a9634fc13fc728f9ae5,9514926228a0286468d834b9da5d025f,67200,marituba,PA
327927b2dace55da79e24be043558518,d06aa76a7ab34eec540a0a775cc19e53,85150,turvo,PR
d158ce9e0f20d24d2235731f42f1249b,bf41e1422e778ac65bcc12b8faefa459,82820,curitiba,PR
f28ff42f4a3d29ba87737305a4d73212,6a971df00dc408ba81c3329141c234dd,35501,divinopolis,MG
ed0deda10666afaa99bf30119f929ae3,f415ac637291d7774a3bf274b8b33fd0,63400,cedro,CE
75356ef942799219979533e3b50950de,f50b0ade21665c5b41d8d1db10ef9932,69025,manaus,AM
4c058862806089b00d7b8abfefafdca8,a33827fe04507f45bffedaf84b6b5ade,71655,brasilia,DF
f959b7bc834045511217e6410985963f,1033eef37a760a832f9b2332ce23fdc5,4827,sao paulo,SP
fc27567df87c171a1811d56017c96caf,f0d2bac5e3fac88c8acfe5f32f69305c,13145,paulinia,SP
514eba5aa9d0a2e9066c0ab4b14ee53b,ea046dbb36d4b15b577065b530a08ec3,28026,campos dos goytacazes,RJ
7ac7d517b48638edff7d3ccc84063742,8aee609d11c76268f44a808449d02709,22061,rio de janeiro,RJ
f7affc6b52397ec89170a5d381b270f0,dfdffd35b1c6aa851c28fea6657be2e5,58082,joao pessoa,PB
cb1d0195fb95cef5d3227a964c936f8d,c28b1528e093df4b2a5d47f6f2b0d5fb,13256,itatiba,SP
74df87b2ebcb43ec7e67d677a3a88a8b,1276676f98de84f12fa5883c68c38146,3555,sao paulo,SP
7f93efdaacb4248f93bdfec0686d3a8d,a72b72235f0266c1b2eefbf2037c523f,13409,piracicaba,SP
8ce7af83ed7e52d2db1fdba28bfb11ed,cff0857d677e9f5ce1bb5565401666ba,4289,sao paulo,SP
1ee7676535dc405dbb88977050668100,763ee7526cfb0c0cf9b56d2990a5608c,20250,rio de janeiro,RJ
fe96dfd861c4c42a3f4d7668a3e22900,96b0a471aba52c813773729f3831ba52,4216,sao paulo,SP
a4ed10c73967572c3dd19e759113a1aa,296abfdab73db3e8b962ba5c4389475f,30180,belo horizonte,MG
7e819d9576db510d58fb2df67b84a8d5,f55e47d7febeb28f40031382f1c0a0fb,13184,hortolandia,SP
8dee5b9d88493d6dd0a51b834867dc84,d279762c12550630b16f4b73a60f8eaf,2018,sao paulo,SP
907578100e52cfb751d235d0930227f7,0fdec6c625ebd21f4304696b1dd3b37f,4739,sao paulo,SP
8da8819c5808c4bd18ccf60153c44ff4,2b031e5d0de707138f3a0050fc420d03,5445,sao paulo,SP
533d844e0a43ffa5f3b7d6dbe40ebbc5,a1076ad45e2928facb47a0fa1a5ae915,76850,guajara-mirim,RO
d57b9dfc139d48fc3482411baea546ff,3f6ac9a49767899814866524054ba779,19275,euclides da cunha paulista,SP
881863067d0626fbbe58417d7cbd8dff,ab9cd31e298f4b5ff05c8a4c8e5af9c0,2310,sao paulo,SP
3c23b9abaaff0ca38f4116be91be60dd,aaa7c1e124b4e0c8b9244ede5725e604,30580,belo horizonte,MG
9ccb1a83b45a82fde633de4af9fbd099,cce18bd6ca96ab03292bd397339b2385,45065,vitoria da conquista,BA
5cb5ff757d630a29902ea9b9699b936e,be7fcc357c85f653824260eed04cb57c,18550,boituva,SP
12a9b33607c2fec94977963045396299,5bf9347f1623a50060ce723051f47f0d,26087,nova iguacu,RJ
5d3f357bcae87e7099d31a769c2e4cc9,4ad24023bdc79038ec5799f650ecc0bc,18609,botucatu,SP
71fdbaa760e25ef2449d79d1c4264021,776469358dc5cbca9e8987fa110d804a,24030,niteroi,RJ
bd5dca788b04c05cb9f4aa5101a163bc,c57c7c35bd28be99523d58d38796df9d,69305,boa vista,RR
eaf673c8640de260cb58679e0e159cb4,e03684ee60e4f8113ddbe25a1a33d4a3,30260,belo horizonte,MG
8a5881366c8a17270865c025f0636675,de179e054de0c203fe910e0443746173,7850,franco da rocha,SP
19164000c4f2f70911bb28eb4b20325a,2b91bb4588971e47d6555d038dcbc192,4143,sao paulo,SP
724dd97cb4813b4be4c1599f6baf15ca,8e84222ad36cb6ab528b745ae6e18d11,32659,betim,MG
26486f121c10b3cd835619f24a7cc97e,e37143993538c3ded3b7ea2885cc7b35,25955,teresopolis,RJ
1538b69956aff493fda40edb1e6cbd45,59bd7b23013a81a32a1bead8996fa08b,79032,campo grande,MS
db6505328f042b7f4fae7d80f3b0515f,2575b93f24ae722702825789254eaa1a,4447,sao paulo,SP
75c435ed38ebed76da849c31086b8ebc,2a440c0fe541cbd4de1598483d527dc3,28035,campos dos goytacazes,RJ
ecc519b96e049292f86c9fbeee96097b,ea478ce8acb01a1ac47f1a7f233be969,1313,sao paulo,SP
5639a58bc71ac1f158f163a3fd9a1d46,616bc808b8e6457205e87b80c8349a63,29050,vitoria,ES
d8dc5b416324594269249da4d51983a6,cbbdb73111a07580278c05841b71e891,18300,capao bonito,SP
b4d59456cf6d20c530c51c65e749c5cc,faaada5047472d31f7c6cbffda4b8ee8,15502,votuporanga,SP
e3a6127d908abfd1fcbc97618672f72a,b3bc90f2b38301ba48cbad6ef1372d1f,33600,pedro leopoldo,MG
6b362121207fe289ac370990e1df46aa,d8dbc26b88adf5cc6516cbc6ca89cca8,15155,jaci,SP
2fa31352737393319f999c84deafc5c5,31ec946efae9958c231ebfce447a1169,13890,aguas da prata,SP
ff217adc6431eb19f8af637ddd66a2d8,f08c37bc41a677fa88236ece8011c20e,22713,rio de janeiro,RJ
8fa05383791a1be46455976f3b50a1bb,ff84121140b5715061b4999e72b50710,96015,pelotas,RS
23ab8595a676de7f50c83385883977e5,36d5ed64f0e47b76656cb3843887a8cb,96214,rio grande,RS
726f33062ffa7efc5fc96df23db6b3a9,6ad4b83e739c43649684823adbd0725d,22410,rio de janeiro,RJ
57ea4ab67c545f039981125c28fbf3ed,10098792fe3438509a12a3dbe490dc2b,62940,morada nova,CE
5e9f8d5f6b5e2791fc6752afd2af321b,9cd697863bd00d8718be44a8a83fe17d,34003,nova lima,MG
88ca1a52550c2c65c9b75121cc26b060,a1c9e7522405de9c5067d4bf53fd627c,65605,caxias,MA
adbf0c3f16cf7a8694225b8853458877,d1725eec600a742287e0576843723c9e,71745,brasilia,DF
65f09de0b77ca07963fde8601c6be1fb,a56a69b5c5e0e105c671353ee9caa01a,96600,cangucu,RS
e8a9e053759d650b77440883c7b27235,37a9d4e1f5d25c9632995c050fb1b1f2,5858,sao paulo,SP
26e51150dfad8e72cb6698c93cb3afb1,96d266e850aa2d7b9322edbd4554ddb7,47160,mansidao,BA
fccc73b03ac8329be1c7b98011fd9638,59d0ac3d3078070efee3b06a5a77c035,40310,salvador,BA
38086643ba09e7eb60211ef04c0382a0,a3cf1e7780c2f82ccfd4ebda7f64cd8f,12220,sao jose dos campos,SP
c1475271797b42194ddeaf4b84354cab,a398ba8a9d4a9f77b1655e5e8d11a09d,6018,osasco,SP
db49fe520cb46f61abd48dd7ac799885,02a9f0e03fc4867dc04993af70d4a300,13530,itirapina,SP
49bc0bacf1f213a2d30e240c648ccb01,8acb1258c5469e79f1fb80009d33d953,11680,ubatuba,SP
bdc2adf18b17bb2f8305082d8a7df775,bfae308e6d9e12d90ff670ed4aef08ef,45028,vitoria da conquista,BA
50ecbfb5620e40761c024319ff82597f,6e2465816ab70ec55d67bf126416126a,28250,italva,RJ
de2fcb2cca074deebf0c24b2591df6d8,ed81c5511c2d9be4bdcdad56d26d822a,60810,fortaleza,CE
6d84c2a1d0700d51abff6b1aa6024a58,ab0369f66ee9ae7a31ebc491f73b5c5b,4006,sao paulo,SP
1b9b09dd0c719b512590f46d37e8cc97,eb8b5ba32b829ecfb6a0f4366983a4af,25946,guapimirim,RJ
47a7e64cd6c194e9358b7df9c67bf9a9,536a347bf87825d4f41bc936bf48a72c,9811,sao bernardo do campo,SP
a6706034291a5a04f56be377236415ae,33056e4605bf2fca436644ee21a6500e,55370,sao bento do una,PE
499cec095230909d69db703a919b2d22,cca476559e6413b7b27dae610ce4179f,30160,belo horizonte,MG
10c56b290bcf8ac9e21b5365b7ed55a0,37ec70bc2dde8413d868703ab18e17b8,8180,sao paulo,SP
d9737c9da32a4148edc8dc9dd484614d,7557ea525045b036732491a790b284a5,27923,macae,RJ
0218de8038240591323aa1f89630a1e8,77001b080dd723bc9a22e538e5e06e41,6463,barueri,SP
9909b2105c93cda0354677dde50d062b,d3d6ab87a6237ddb00f6184ac56a846b,5414,sao paulo,SP
b4a9fb5e9e2eff09bfc2bc3dc69957a8,1b0620623e20fde7c0f9b0119bb64db4,83880,rio negro,PR
2da3c88ac9284b3bf9bea4cb79fd0e47,b3ab1572fdb4a1c2e6862a3ea20e68dc,20031,rio de janeiro,RJ
9341fecaab3e912d71cf05c31ead299f,a0f1d4ed2825bb48faba637c5a1b4b9b,18706,avare,SP
8156312633461c3ae6e53e1df5c03083,50609e29fa34165bb9fdaa5f79b2cfb7,16301,penapolis,SP
a3481522539266ce67d71dcb43026612,e1ec8e0a02a758f9961cc2f516472fc2,8081,sao paulo,SP
af8b83567bf08fb140505a1b95c895b7,9846c216ee14a40400f4aae954eaeb59,74921,aparecida de goiania,GO
6a7226012081a4b8e11a39c4e09b64f2,db5aea5488bd39609653d05d4a7a6522,98200,ibiruba,RS
97300bfd9a30cf2f2ec1046a2abc1f2b,d876db981e46dbc9a9fbe25942d4564a,13276,valinhos,SP
3699e8655ee2b00739ab632855447c5d,532f7ebebe5e977e5fddcd9f39caa4f2,6542,santana de parnaiba,SP
2e6d1249c2afaeff7e64fc0a7f4e3e8b,7c7a3e75a07057d6e7e5ef9989d38f13,64009,teresina,PI
0691838627fb0142895c23d5459bed3c,3c1bed581fd6dc040ff1635dfd1b30c6,64208,parnaiba,PI
c45c94c93f9a671931d5ae160b2d3b04,8936ff839d9ea5f7504a052616787b02,71917,brasilia,DF
f8c36af7264a536d9e04e41c819ea41a,29af62489367755ed8f64be040aa0e7a,20211,rio de janeiro,RJ
87d2005a4d6739b37ba77588e743642d,429b1e6a1c4698729d32aded99611fe0,84280,curiuva,PR
ec2dc6cc4dd715182e85b4e8bb9f3f63,3d074e025564ddf1f59c4535a2170463,8673,suzano,SP
734c83d2485aef612fdcd2a43908c326,f8cf243eb77dc2421efaa2bc1a0346bf,18550,boituva,SP
75bfc6853270154fc640f0ca072112d0,06dee9e59eb5fc01da71139a771a9923,90130,porto alegre,RS
297d3714675c007773d44da77d58f599,20f645e96192149f3af6b61d3f95a14f,66825,belem,PA
7bf292ff5a207037c946ce46a12e8d7b,f1f5fe1e62074c73f63cd29a537d2353,88054,florianopolis,SC
0197df52c22d6ef0aa52ffb63ac80404,ae3b415f236744102ea56e54097f16f5,21750,rio de janeiro,RJ
a4355553d1a2462b71ba37cfaed64c99,6e9bf221b0e8b8580e3c0acdfcdf832b,52070,recife,PE
517776a386c72774906153b1648f8689,742638acfb3093408c9b1e10d88ff565,5037,sao paulo,SP
68c85132eb3b96fbe6cbddc09a568d24,2df79c0c80c225d537833abb01a1a8ca,4216,sao paulo,SP
bf1706c03ccc5ecbfd217c81d02d3aee,1edffe3d004f0b20e77e11aa489076f5,2518,sao paulo,SP
aa3d8c9eec8e52e90b117efe5e97a560,65daa8af71675f5b6e90b235f029438c,13165,engenheiro coelho,SP
79f38356c8c86dc2ef82f5609cfc0135,fb3e55014819eef5745a9c6c7a5444f7,20230,rio de janeiro,RJ
76da4fe74fdc548bf5e2840fac940130,d01c0729c331d869c92a3f89b859a77d,89560,videira,SC
15ba5913a2d5f80e06202cf53444d565,bebcc6c45c54364adef4a5ea694228bf,22743,rio de janeiro,RJ
be0b9ebc5a6063c689151c824e2730a1,c690c0f509143039a808cc93aca2d9f0,88130,palhoca,SC
9dd475c34f4cc88c45bec1dc40f33fa4,e559037a41c00e67a8f44632d83e1475,4557,sao paulo,SP
2865cc1e26f68403d48e4b9fdf4e6a77,3d4b54eda0c3dfae1e33310bd096c12a,14720,taiuva,SP
2c129946f032bb0318e850a5e6b8fc21,dc17e671c24856019535cfca38659329,12609,lorena,SP
dd22f1d0142d9698c0848674e843525c,edcc7ce9b67e904a02c89576d13e1ada,1314,sao paulo,SP
92ad887388f84f3df2ba6b2249cecc3a,e7c942cb88861c89b66d369c127fc651,25561,sao joao de meriti,RJ
cfd4dd73c91fba5ba6772df1a5aeb40d,67864845a751540781a1bb2dd2e1ab1c,2860,sao paulo,SP
b110f265a26913195d6915ca99f96262,e1ee4ff7b73adbafa4f7cb4a75265a5e,74915,aparecida de goiania,GO
dbd39e878bd4aca0ed717fc128f8210d,ac0ea78332208bf759eaf1716ec3ada4,83324,pinhais,PR
a5fc87720b2ee6dd805edc6cf48d2e18,29b0b21f7392f0a825de546f28d621bb,1404,sao paulo,SP
a259e2eccc91a131646b5dfa00988496,06084871c1437f5d23f217c8164e16c1,18900,santa cruz do rio pardo,SP
6dbbc0decd3468500c3faf6dccff6fd4,857a44ef2c2131b7674acd3b48cbd609,33400,lagoa santa,MG
792176f239bc0c4e2f26a7703fcd27ed,e681e46aca9e7b37f67f35ace0056cae,88140,santo amaro da imperatriz,SC
d7eddcfab75659e77f4423338b2b04df,48005f1063989711a58dd2664eab6b84,6020,osasco,SP
50cb9d021d1b098d40d98fc0ae2d3bc9,be613a35923fa92b794676311bed9b89,22793,rio de janeiro,RJ
ed6ae96460478dd6080dabe8038a246e,c263c0e5e4377deaf3eac12746f3934a,11065,santos,SP
dcf28d347a6e85c7c92db5579b08ef05,0dea26cdec4ffd64c495ce228e49c5af,3918,sao paulo,SP
a241ef5f3554f7a8184134b5fe5bb666,8a222fcabf725d9bb7af3a3b12693a74,89206,joinville,SC
cd07153a3e03b42c948bafeec3ff9b76,f911728544b289f40fd54eb9ea883c17,7054,guarulhos,SP
db2ba56a5295e78cf97852d6f4f27a9a,187525b0ca98e7002f1fea2684c93c0d,29166,serra,ES
1a7b562e49d93966444db2704cdd5632,02f74d858140191b360bddd6310357db,76981,vilhena,RO
574d62d458f862a40cc12c3f41418c3b,a083c28c3702c3fec9bad7af2cd0c38e,6020,osasco,SP
2fb134171eb8b58c2cb3aef1b480c14e,e3e9798c019c5c53539c221ef4646d84,62600,itapage,CE
9aa6f4346dce412af1c614f252bebcc0,b114cbd7897cdd2c233f77095ae808f8,39330,brasilia de minas,MG
efacfd34542547c82d99fb77d0f545cf,218c877e8acfdd719e9201f40e0f7d6a,26584,mesquita,RJ
25bd5231b15435eeeacc0ead2fe31ca7,bdb1a171ed70df2c103357ed139c1ea0,40220,salvador,BA
f4e1e1a718f0175a94e3afc20da813d7,e6b07a71ffbcde59b25a3dfe67246a68,17063,bauru,SP
a0ace797df6c4f31dc42c2a334a91080,db13e24868366320abdfb4139a989657,11495,guaruja,SP
5614a6b8b6919eb54f6feda7377b97cb,fbb8b4e196ec6cae904ac8fd4ad2168d,20720,rio de janeiro,RJ
06199a7981ec145069afeb0baf66a49b,70f023b13072d262c2d27b022dd6e9c4,6653,itapevi,SP
147ea8ab00e6417a666c1b9921b64be4,98876080407f518f16df04f975f93668,99150,marau,RS
9597de20c8b55d0f22dcc26fdaa6b2f1,297f25d165987a0979a138aa7529d19d,6764,taboao da serra,SP
45e511389f079966e0d6931b774dc7f4,a9996a5336c977cedde135758521961d,33933,ribeirao das neves,MG
55be0dac47bedb86aab1f4f36bcd47bc,f4d29fabe2a1639d5ddabbc4c32617c8,89370,papanduva,SC
2ad663165e9d0bf46c7a41509af06f2f,ec7307f4c274a7b1247cebb8a7de7345,4382,sao paulo,SP
af5b5730fdb743bb121c1b8894d63bb7,c3746e4fcbaafb851682b1064afe36fd,70670,brasilia,DF
aaac580394d307641eaa83279b83fbdd,6f8dc3bb04b763418b59f953bce6fd14,21330,rio de janeiro,RJ
61d9f7ce8890eb093b0246f89c1c896d,2d600e89276f8e28928277b5c297ddcd,96418,bage,RS
30115ee7a9182b11ce072122a37b6ca4,8ff5814508a2f80f3e9f6670097d02b2,6784,taboao da serra,SP
c73286ecf213e8bd89fce93c28d24f1f,1201e8484f2158b3dbdb0186ef20e8ea,3127,sao paulo,SP
349831a25e77f136daa5f6363e8ed5df,7c900ea30f36191d4d2016c82c65f708,48903,juazeiro,BA
5577986e87a01d8f0d0055fb5229b436,16bdaa5e2c4eab5737d1b2f8795deda3,15800,catanduva,SP
85d00c84cc236fdb8d5a58a0aed680ac,c8cfa46e5d1f306b819532624342debb,74805,goiania,GO
fe4176df564772c058286208c0daa2a8,a78c7a68877d33bacf81b01bc4a4d2f2,5047,sao paulo,SP
97b271d89f6d420be947869c55c64b76,85fc5c4dd8693b31bd9494308b4080f1,86709,arapongas,PR
47fc3081baaa11c5938977e8a051b342,282ad1c45ba706b5e8a81b84c41c3161,36600,bicas,MG
a74d22d1fa7ac7e321a09c49fb1b3b15,a4197eaeabe099da551896138a4dafc7,13085,campinas,SP
4fa4b599b0c73654490624e2ea81ce75,a68ad412c53f45ccc69644d62568224f,9111,santo andre,SP
a7f2c8702670c3daa643060f32eba202,c812a2ea1caf53d43442b425b8e6047b,4257,sao paulo,SP
9b575914ad2a492bfe7653524046e6d1,23dc3e25162a2c7b19ce615c5fde405c,75860,quirinopolis,GO
232359797a832f108d94e9351a75fc2c,95991b97d5dad91c4ab53fa3daa4353a,37137,alfenas,MG
5d35803ff17fa008553875bc5e3cac0a,aecea68517ce3ad7eb2cdbd26db24b92,13061,campinas,SP
660a5acfb2835dd4b993ab8850da4a1a,6f68b458736739a2740b3bfc9a3a2d39,80330,curitiba,PR
c724f10c7dca7eb6d7ed63582413adc8,45664ab7b79dd590e00060879cc861aa,87013,maringa,PR
9e0d161e44c6199cc00168f41060be14,12589be503186c33793b58de74262653,37701,pocos de caldas,MG
41d7e81f19a029d8c0b56f7898398b2a,4839d0a5981dbf7b6eeb30c0fa5678d5,25935,mage,RJ
f145f4addd56671c42102732192ad8bc,d117fdd7dfdc83523807404cb8bea95d,7432,aruja,SP
02f29ee4753e69018942c30e71c04cfd,f86370dc13be4e8958cb036b628afbcc,25932,mage,RJ
1101f065d72d5db705dee21a12d5b950,1a9e959a0b5c9032b4bfae0222fd2989,21815,rio de janeiro,RJ
dd96e8ca7d7dfac2b3b5632801e5f106,90cdf84ae810487178762867e5b09fd3,34545,sabara,MG
7d9fd47eeb21776ed93f070d71499e0a,c735c714dbe80672320182bb48bba3ba,33125,santa luzia,MG
8091032f392951aa6e5a1933b88ffd00,ac43eb575838c88069e068dd164dd392,27998,carapebus,RJ
ae4e83b188810992512e82e498bbf333,7d486a0be548e112afa0540d337019ee,35519,nova serrana,MG
0bd00959bda7d317449b8ae1749225be,e22536e71959cb60d621313510f8e345,25780,sao jose do vale do rio preto,RJ
d90f5cda04cdb782cd4f07c76b1c1f0b,f92e20f93f305c5cb92806a59f6060f3,3575,sao paulo,SP
6bbd371a1f2217cc0ad1bc185c0e2894,affff75a131ac35c7afd497ab57a6337,81825,curitiba,PR
0f43bb156644d11c7824d6ea4080b757,538bf747b651c7cc7895ae9d9d3eb8eb,13215,jundiai,SP
1cf843acf6ec395a5d32557daef95f51,2fa1ba86d3139dd8c8d032dadc03559b,37704,pocos de caldas,MG
843fda212b1289268be72a3a6729d776,43978720f599f4650780605f91517315,84145,carambei,PR
0f4e6706036eec942d3b94d1d00ba58f,e3dc9a16e9ff319f01e8be00a9db6c38,68632,ulianopolis,PA
37e814aa0b2b15f198064bc42bc5886e,15ebccd5a7e89574bdf3c0cc0503f060,25015,duque de caxias,RJ
65da9d8be4d5288e06f7836851e93a6a,adae96b4cfafddaeece146f00ab272a9,72876,valparaiso de goias,GO
725ab1386add4f257ae6b635da68daa5,1364f1e5d7496beb9db686399c7e41e7,93035,sao leopoldo,RS
eb01d4ef6bd5691607289b7f83bbfd7e,7b7d74f88fc2cd98a1d69ec802f7d802,87703,paranavai,PR
20f7d5a1e72cd09a5e9ef4d16b72eb1e,9a7f47bc7273a885d5518421db4a20f7,33820,ribeirao das neves,MG
2ce3065b5ddebd3b59b31861d2f9bf5e,85ed7212fe192ab02ab44c95ba87868e,83820,fazenda rio grande,PR
af589f330821cdeba520d83f6db139da,749f894180c39414865a117e748e74f0,22793,rio de janeiro,RJ
bb248d53ccfad4213d4cc085f4ea8605,37599ecc41d3ff5f4605abeb5145ea59,4840,sao paulo,SP
ddf1bb1abaa86fab121917640f8c04e1,de0da602258d4d3b1441f62ec4e7dfc3,5409,sao paulo,SP
2e96fa6d55b9732013caed9866e2552d,22757c044f096bef19c36c5d6ffc51d5,1308,sao paulo,SP
0c1ef04b363af81d555ce9ba603b02f3,cd3dc56b23dcbca8cbd532115b6c1915,32678,betim,MG
3edd6632f0023b2e66e1cf3e7814c7ea,1a091e1375e834f4fd228a1d4842f923,12280,cacapava,SP
e6c88425cced764e5c72f44c9d8ef940,842086dd425ca0aae2a88988a0eac805,35300,caratinga,MG
dc46fa85c061e77c72b5d5b870491ad0,f94145e31cc603766794039404ac3880,37062,varginha,MG
e3f80f0f73a4b146a20671cbb8291ee6,1c30a8a26206c73ad4574db04965b98a,1410,sao paulo,SP
20880149166c1e70a7e235e486e3ff00,e7bf50359bfd0baf0cb6a928068a7cc1,1403,sao paulo,SP
2e947dd15ae10d889923d07c28b9ef23,eaefa1e081dbc951edfa76cccd68f018,35700,sete lagoas,MG
8ef6bba5213cf13e716b0e72657c7118,55ac08310d6f70c69f92a78367dd8ff0,13506,rio claro,SP
ac689b1fabb72a1bb917134bbf6f0d23,e684fd5150dda0614327a268066d7c52,57900,porto calvo,AL
ffa219109978b03ab5d6340856861021,328a8a4ddade953b36818d6527978d99,16850,lavinia,SP
4d5d91c2c6c5cb1db85e1754508721ab,5b058bbd895a639c7192f6289fedaf79,27273,volta redonda,RJ
a472568c15484b8299393ec28b623f9c,44b499b7dffa8c208c44f6094e84da72,68374,altamira,PA
117b1c66b1089ece5c2254144f37cfe6,52f8d257481183eb874e5ab0558227f8,95110,caxias do sul,RS
fb9c7ae634a98d4905c50cb15fa8382e,281253b7a0ae8530fa7ab5c1c738d4bf,29050,vitoria,ES
7f687ffdc5f0bc5f78032cfe69579a24,106049bb23586f3855bf62c1b380cae1,6540,santana de parnaiba,SP
a249aacfc4fe9ddca6b51c542c60e7ce,ecfe915a07182f93120e1f4f1e4be664,31015,belo horizonte,MG
f280a183e4e63b12aa5b9b6d06baecaf,cf7d5df4ee5ebe39ed41f0c5c1584b1c,22261,rio de janeiro,RJ
ec1ae820c73e32b6475b51a1d9016316,75a323c270c034cdbf742a41f71c88de,91350,porto alegre,RS
2874527f6c9f016402218377542a778d,176c21456fab655afee57b3ea9799f47,14750,pitangueiras,SP
8130a950fdc7369a2ffa922a542a7ad5,8092be8b66d8a7baca53323ce95dad7c,26087,nova iguacu,RJ
a8f4082789d3e57641eb1b6a881d95a0,723f64c8dc689107ec98ba5bf580efad,8461,sao paulo,SP
d4ae6fb4f627d842499fed248067a69f,78bd92f7ad04323b45958d0ccadaec98,22450,rio de janeiro,RJ
a998e828a104504f72ceb338f92043b6,b39c8c284dd7875b68a31449852cc76a,8566,poa,SP
b5653ab4c41ba71e717a95be08dc31dd,b50d4e8478d5d969ecf794e4ea090e20,89887,palmitos,SC
dd15d636cbf48f2cbf86149ebf9556c0,1230b2aab9f9a6b34fea01682598093a,88106,sao jose,SC
1b83698cf7a5f87b3769b57bd1325a85,bc99090f8644c9f5acb9361596566aa2,4784,sao paulo,SP
968ffe623134add215a1d7e107c5da41,8011414ecfb5c73b38915605c6a59b21,21920,rio de janeiro,RJ
ab990ef1c4e2bd1d627000a5bd51ab05,14d4fa58bd8da90213b6153a3ab51bcd,48700,serrinha,BA
02bd740a9c42959b61e38d5a07d43522,0fbf73cb8a40e33ad3a0b46a6212cd44,12228,sao jose dos campos,SP
ac45e35bf2b9db0b1da073260e0455ff,32027ffee23b010729c997df7699787b,35720,matozinhos,MG
a41f7c579dd43b7e3de0b0a5a5f796f9,4ca788859535d4a3dc70dc0938e062ba,2611,sao paulo,SP
201142652b8594b971071e2242e7e0be,2cce8eab47ad8d99eca3ad6e24171860,9070,santo andre,SP
7a66a682bc19eccafe78e901ad01cff9,9c90aa9cb66638cee087f0d739075931,35400,ouro preto,MG
5d2d4e5c02f22c6a3927a09532d9f163,47acbf32efbc26b7999f984ca7f0a645,11310,sao vicente,SP
0f2893212c2c44df0fa30e9184006254,97c1457864c3e179483de1a12fe3ad78,12914,braganca paulista,SP
1f26384d40990fe4d5741956ccbbd1ce,213b36024bb0b8261de0ffbd652ebc34,13348,indaiatuba,SP
016112a43e0319656ab0b25e1d904171,66eeaaa6c61aee3fe0329bb54017a3bb,6786,taboao da serra,SP
5a62643ba68cfaeb566ad926e3b18eb6,b3a1a221ad27da82c2973f1a108f939c,68638,rondon do para,PA
4cee3893b1b6c2163c3cb0d202ea8387,ff7cedf1c43f85a024344bd55944cf57,13051,campinas,SP
671a303e12a184a9b815ee3c48ab3ef0,810a58d25fa244c9320a411a7b8dce6d,3881,sao paulo,SP
be09044593379378c199f7b255a940a1,41b9d717e2281905213e0d82b58374ee,17250,bariri,SP
faac546cb986bf69ac3fe11b519c3c43,b44291e9867e98e2337520b5be255c14,12606,lorena,SP
11a740e9fc98568cbc38f920e92c850b,966b7355ef72f80ea960de14a57fd686,85155,inacio martins,PR
5f413498abb3c1c25c379320bb68c342,22438aa7e1fc712081f9a61b53a01757,22421,rio de janeiro,RJ
65c931a66a152fc0769247ad03785247,68b7335976732cd3d0bf1417eebf8b6d,18600,botucatu,SP
2a03419803b591a0c0f37ca997c84875,2abafbfa7385c2386184f1fc5842463c,32900,igarape,MG
2374b79f980310c0de32c4d0bbca4150,c21443baab50d67603067254b941bfcc,59060,natal,RN
722a4e948bc8a8a02e9f1ea192e2052c,c6a8e859f1fed8dbaceed3503a55d48c,6036,osasco,SP
c3d06eb8905fc0c39966b0a57ee7244c,07314acd6253564af6a73a1cc8aca080,81460,curitiba,PR
f9e4a03d5da9c240e34c34d56a0f3b8c,8de1b31e5f6d5dc6af382c13947816bd,45023,vitoria da conquista,BA
0cba5ae69e1d511fdf214aa4ab92740b,90dc9cb47f1e585ff87ba74dbbc82e8f,32671,betim,MG
1de528add3801283e26459cf6005e3d0,a986bcb29fea7269c96710285eb06db5,15470,palestina,SP
539367c2ca3545d7e1293d04b3b25296,7cd655b3934a7c9ae3d6cd9e522fe70d,11679,caraguatatuba,SP
811e55e5f48c8f37832963ff509ce85b,c106df929ba7c1b2dcbf7af4d0d60ee0,28030,campos dos goytacazes,RJ
d06f2fa7aa37463850e08c3310292112,836d666ac433875b9a976c3a8a998c6d,4001,sao paulo,SP
8667901bd6be984bb8c737a31bef4bbe,b9616f4b96ce6bde1688eee752733c55,31585,belo horizonte,MG
eb5a536e0b18887946767095ebf6b6f5,d68d59598695d3e4fbb8497073593c1f,29151,cariacica,ES
54565fff90abee9162c1e36bafcab49e,139e7ad96c0f0042862c96fab83e30bf,37480,lambari,MG
59f2334998439940f49385494fb8ff54,b77cf2b3614c1b5543a02453b8e82515,60712,fortaleza,CE
698c9575d3f2b6fd6cd368475a5cf865,1420e793ce84ed2ea19d14996ace2165,48700,serrinha,BA
64ded60f3124e272f4403c9fe551de28,da2e2fa3c928e6c7cacadee28d84c8ad,73840,campos belos,GO
19ea9736303135c25774f03b93f1050c,54ed3f082c9e7725a0e26e9e682fc825,51010,recife,PE
c7b91f61168f8405335fbc6371c11962,ee5ca29b04a242ed865183467ba72b24,6365,carapicuiba,SP
3119195c7ca0da07f02a118f1fd13499,337a05aac67932c3968596778d7dbf08,17022,bauru,SP
94c90dd6345dc271e7b76b634f03cab6,2146a17bed7c5350d6a38bd6a5632920,30710,belo horizonte,MG
31dded38edbb8675e3ce378703219fd4,f56bf73e81d727372f3f025153d7e5b3,18530,tiete,SP
fc9338669f6991ca326f7b892001d021,5bb5edf01046c63819d4152671dbbe41,35198,ipaba,MG
cd40f10a04ad8f35228520b212ff43ff,3f2d7b08a695103e3929c7d99b9416c4,12071,taubate,SP
3c23fc48e174b704fb7339ae71443a51,6d3853f4442d8fc19adebcf8a9bb57bf,95520,osorio,RS
74c8468d22b1fa822cdef5c8896ec455,d4518915ed18f76665d63a9f494b22f8,13026,campinas,SP
cc0dc6660942e0b9ba94d4ef6e6a18ff,ff0053f211cda47ef0b3c139e7c07dc2,30516,belo horizonte,MG
daf3eaa2eddf5bdf79f12d1702343fc5,bad142d6267addc63919086f21e13431,3881,sao paulo,SP
2a28433a6df5eec74729ea651525a6a7,bdc164cad1141903282c7104c200f056,22735,rio de janeiro,RJ
fe66ded86a1678a8ad544e4c78447348,431fcac0f53bfdf9ae5788bc3c552363,40411,salvador,BA
f8b520e355ce4e8d4ddff7f6f9ec7830,a8f046bfb80f2c0d7e44f80e5c3d906d,88210,porto belo,SC
f0ac8e5a239118859b1734e1087cbb1f,3c799d181c34d51f6d44bbbc563024db,92480,nova santa rita,RS
26b8d706ae17092e81e600c7ef41148b,355d02986f51e80adfb8675fbd22202d,29166,serra,ES
e154aa6c833c997823d31268993dd32d,7e295fa8a8452f5184e1cf525db5b28e,79110,campo grande,MS
8059726e1bee32796e83bf37aa97ee5d,17a75be2576209fee49b587f9cc8c626,13506,rio claro,SP
3a39e063be6ca5cd7bcd9e04cc761d63,06ff357c418924109cf5882f660b3eb8,74820,goiania,GO
d5daf7ae61b3e1e9de715d658bbb0133,3de1c236a2e7a20cfde0fd544ec0f221,55590,ipojuca,PE
f5618502bee8eafdee72fb6955e2ebdf,fa0ee7ceb94193fb02aa78ce3a55695a,6395,carapicuiba,SP
0f2aee532022e9dc46401a1007e7ad9d,6a539cc0d8fdf922c316dc8c90d98dc9,2992,sao paulo,SP
1bd7c96e803c5114e0c1b2da62198fd5,3d7201a23fdbd167157b7abd027f92a7,21220,rio de janeiro,RJ
8f08b29cda61da37f0bb4c06d4090fb0,fe0feae887919bd9c943b893985c1bf4,4041,sao paulo,SP
8caaebb31592d2d5431d4a0b856ad536,c0c1297e485ae1ada2be4d451d8d42f6,37120,paraguacu,MG
0841a3b87693f387daef11ec89e33d8a,e338991481507dcf5a1a7eeb72cf256b,90050,porto alegre,RS
a81eecabd9afa9b7ab654422b6e79f3c,72608730b1f535c68363c5eb0aef8c9e,13178,sumare,SP
28e504d085ea728a2e15fb29b6d19533,69df6389e17a3ad6ce1c4a1b7fcf2d99,13360,capivari,SP
fe9837d3b6aa2502781cb57e41e23d5f,670b703e750670fc9f310d6087dbd538,96215,rio grande,RS
2a53997627d79044b4200db95b3ed540,f5f2afe5f4feb6c243bfceaf3458ae1d,35300,caratinga,MG
ebd1765f07bfab797475df79adb9b281,b189483dc84746a11208785fb0aaf933,13012,campinas,SP
1f27d4af7d5199e0bd0879d06f7d2b4d,c9743f4a2d858ea109180f1cfa5b29dc,86220,assai,PR
a6c1f27f0d06c709845a304d84fd26aa,6c0b04cd094db076e234775dcf0e55aa,79041,campo grande,MS
0ee9116e24841febd9a2debcd75cdfa0,3a614e2c3bbeb8769ff7b4aaba6cfee0,4010,sao paulo,SP
ff1a56726b7ea149c7423865609cc0c8,fb48b86d9a78b53675c121e4ec8981ed,21220,rio de janeiro,RJ
fec5c4b728d1d93d1c9f18e194aead61,0937f85b7a96b6ad600405e9bf94255b,21650,rio de janeiro,RJ
1fab691c0fb4a038875b2876180007bf,8663d059e175bdf137aafb13fc1e6a7e,21320,rio de janeiro,RJ
168b5d343376984732f2f71895766adf,c2ccefc0bb477cae8e2c242fca56a504,14871,jaboticabal,SP
35bc87103d16a383cf9a98b672d3bb3e,397fbe3d3ebc9ac2a6a8fe7aa9de2fce,8290,sao paulo,SP
05cf8b2243fd1c51697c4105e149d99f,a08426483b26b09cf51f1f158c01e16f,22790,rio de janeiro,RJ
96c6d161a734e063fba237c7d58f75d6,43f7e3bbb6ef01b8524741070eec8701,9133,santo andre,SP
47904533b073544ff4554e7bf27003ea,2c9b90e4031ad62bd8aaaada1fe70c52,49025,aracaju,SE
6dd2c6f73170b8f3b10e4720e6b54032,793266cb580a4a4d3bd21e0b6ecfa2ac,90660,porto alegre,RS
2591b8425f1f3f363d644917fbc238db,b0e456c406192d77c8ff45ba89c81d61,21820,rio de janeiro,RJ
1aa0903cfd53ba0ba3053f3892d00740,6cd06ff8b622bdfc8ee92d3e4875b43f,12225,sao jose dos campos,SP
c0b0345daa29cda97fb17ff43c77af31,a7dfc40ee174c0d398cc15d3bffbce71,78559,sinop,MT
725cb0062f2215d2f731bef5957d1faf,db4d7163c368571d91298413b68bb6a9,76860,candeias do jamari,RO
eae775e65db9c286651ab68cfb76ecec,1cb06b7940f5a52343bd4d3032d0c97d,36235,santa rita do ibitipoca,MG
84bb667f31c68e42d29cc300ed7f574b,d66695d41b0b903374e3a0d5af875bad,45653,ilheus,BA
387456acd703ad6ba4deefd1eb8a65ac,2129a73438f9f87b1764c6b227a5edbe,4841,sao paulo,SP
6a6c7092d00c7aa351fc18cdb5a8e544,09aa266cdca6fb1fa7a716fab9107a89,36083,juiz de fora,MG
1dd56893d8735089534b232e039b831c,3e99fcdff874a9b1cfff9828f5cc77c9,13800,mogi mirim,SP
6fa98fa8dfe234b37dffdf3faf2986c9,793765d5cb1e203bd608e220c87280f4,97015,santa maria,RS
a9b2a6199654f4da4425e9c820bc57e2,45cb7a0ecc2e6dc9c3e204f0bfa8454e,66025,belem,PA
71ef4d882400ced4bddcd6e8a60e1e9f,e0557bb0bbc3a4c139ee26271bf0320d,5033,sao paulo,SP
544e78bf4c62c25f76e384103d1823d8,78d3be2196c6ca18956e9979b2f595e4,6763,taboao da serra,SP
188e79c8a44386f6a6ba355783b56a93,559c5ec4792aa8e44f53927870b23cf9,28740,conceicao de macabu,RJ
b0dbe26f4e6b3d6dfe331c70f7e2073e,b9bab1d3bf90360ff3942299971001ef,13087,campinas,SP
1ad05de046ac6a5e9bca4fb1652af25c,d9d506dbb65bdc1f814c90dc64ee4093,89162,rio do sul,SC
cc0956d7abbaa00b63912a91be6d5a13,db45b4aca81df5ac23c5fb7c7c0df1d3,72405,brasilia,DF
a2d19f05cef411aa2938ca9d2a92d156,f31d5173e9403a21ff6d6a438f35bedf,80060,curitiba,PR
504b1f32fab0729c552a28e3db5e0d4a,8a0c0a5a27f03eb1ee71c9ed1985a329,2044,sao paulo,SP
7e96ebdd045e73e50de71b8d1360b092,02c56fe95ed4ef5fd0623142ffb83c28,59700,apodi,RN
c440fc4fd60fd9083395f183aada6d4c,415ac25ae6868ab36d6a9407ac982fd2,13454,santa barbara d'oeste,SP
5e65da8ad6a8110e555eb93a1fd38f3e,3a327d1b4ecddb57e1ab6b46a626edf7,68515,parauapebas,PA
d3824ffc020a43364ee0cdb7c6c31df3,39618678c9395910a7d675df2b0af941,38195,conquista,MG
07de064ec1b736d53124c6275c05fee3,bd723d073dbd7a197adadb1049a08a71,2712,sao paulo,SP
47a5f974c3f5bdf4eb179dfc1752041a,b9e154cfefa7ec8fe61df7699093eab6,5520,sao paulo,SP
288e976c94e837a29abe6b90418dcfef,af909ac0b64b17367c81a96d3da1b91f,2188,sao paulo,SP
fe30315710d9aeb9e870f0b7c869f61f,cc350a2edf7f2dc50ae1e75864ab316f,13040,campinas,SP
4a18d5b47e8cd57cec04f4ff4cf453de,20f42618c40034d852e9983368bec846,64601,picos,PI
d99f288e450885b0341d068671fcf5a5,e7cdc794d420a4e11194a8ff9b80caec,89270,guaramirim,SC
95e503072b755cc678800adf674febb4,256187f83f10d50f61e0e565943d2687,18285,cesario lange,SP
4dfa0728c93bdd9d14c0ac3d52a3fc97,994047b4506a7bd1e81fe983a6288325,21545,rio de janeiro,RJ
aa79a2362592a54446b3ec3821f88924,861eacb5ba040554b10b52a1456e3b32,5174,sao paulo,SP
a78a3b844bcdc775fcea2bc88b41f787,8bd8969a5be073bb5910e5e6f2b261cf,29112,vila velha,ES
4cbce741dce59bb0b8e5ec5cf3c4b054,4c8705fb0f6f0af53150419a24a002de,76820,porto velho,RO
ed6d639168d3420f50058536d6bc0118,13db1b0290d3d487664620f36c3e0df5,82620,curitiba,PR
8e014954315587b9b209c0f581dde918,cb9f5b7e9dbb23e948a482fc6060b4e1,78110,varzea grande,MT
1d432d596d225cc4fb606b6502c123ac,88da21ad308ca9bff370909f980da689,3660,sao paulo,SP
8a8c2e93d6ec33bb908f101211d78227,ce6932a8f9402aa406573c59594f2ae0,29101,vila velha,ES
11f1058e94059e91e907631d99d977f0,2d567a71b826dbfc503fc8710f210921,91180,porto alegre,RS
6fba2f2bd26fc0e5f05a1e007730bb70,825aa9ff4406522f853ed2a805be59af,32341,contagem,MG
2686a83dc8181e558df153bea379e2de,cb9e777d2d1ac22f85edc2fbf95dc917,8780,mogi das cruzes,SP
6f0e037423a31f6b624f905700044d26,b896655e2083a1d76b7b85df8fc86e40,7998,francisco morato,SP
8c249a8270e7388f730eba7a657c2318,2ea4656056a3102184a098de553708ac,9350,maua,SP
574b75eb445dc885dc65eee5460752f7,f10c1eab22712d05d06360b90fd3ca6a,44230,amelia rodrigues,BA
cc48ccc7941ecfdb38d051e94d34f7ee,84b9cbf4762003e2f4a4aeacd0819c34,52060,recife,PE
cb726dee17ab5dae5abc420d80087d3f,633dfe61f5cb32f4d2a379fb099bd56e,18072,sorocaba,SP
83e44a5511874831c347939adc6da046,3ca5a15e04ae31d6e672d677f3fbea9a,83260,matinhos,PR
3f7e374a2f266e9e8f268c19d761408e,e24349384534950b51c35bfe2ecbe3f5,1415,sao paulo,SP
adcda79effeaa7398aba44f473e8aed8,072f8e24300dc9f9c23030f1ebc079da,6335,carapicuiba,SP
928194af995122dd13f29b05cedc6a68,b9badb100ff8ecc16a403111209e3a06,3014,sao paulo,SP
e4bcd01f073e48ced2ad06ecc560fff3,b8265c1c085ef9be6f78ddb11c6dca00,88330,balneario camboriu,SC
d123e124664159a19da41685ea47a13a,fc8dc6d77c65df005e0e44bd7e1f5d36,90010,porto alegre,RS
87b3a6c0358691775bad9e0c6d0a2414,d39e78d001bf25ccc163af70350ea793,88809,criciuma,SC
7f4dd5f1bbd777aac4f37a4ec70fe503,db2e0ec1844c25550c25be3ab2cbe7f5,1311,sao paulo,SP
822a6d94daa01784546c234b769fa0ca,523b7915f240831d06b34ab9b804a200,18480,itaporanga,SP
acc559579aefad3c725ffb1b7c7e4c45,018875156db79cf3fb697342f256c329,11015,santos,SP
61be4ccaf746740a0b989d65263cfa30,d0187608cac8c82a53583c72649e9d61,65280,candido mendes,MA
24776ca74573c5225d00a09c387c7944,debdec7faa72f775de4e640d5c77f4f5,70232,brasilia,DF
d487aa340a91e854f5108e5477f210b9,1dcfe5a028fe9574a1b3c544f2a173bf,38600,paracatu,MG
6ca87302fa8a0163488bce8e49f9996c,ab744045d2445f5bae53b57a4b99bfbf,9240,santo andre,SP
f8f259cd0fb51cbae4dabf155f493572,7aea85f90d8be9a2265587f19b7c0598,96201,rio grande,RS
a6d1f7d3fee8f81223a0baf690ce7557,5788039949fe58b4028aa9b4fb850deb,6341,carapicuiba,SP
b84438b09aa33a6e08673fe173f9796f,99ecf7e96d410a094bc95f5d3cb9d98f,1423,sao paulo,SP
4303f036861990814a1cb67ff02d50a2,e91a66767e2d402a7ad1dbe8ee9cd690,14790,guaira,SP
6a93f59d910079c839072844fe72a98b,f1a6f1c758af468016ddc2edd81caa3f,6537,santana de parnaiba,SP
745fc498c9bb2df2194e737485a1afa9,c79a463e85fd8b530feba7db28c26de6,13420,piracicaba,SP
a483d29b933f7cdd870da777f32e91b1,f0b82de7a3f8634becc460c0ddacd858,72308,brasilia,DF
c528a3c68341dc80baec0b465fbc1c7e,218e16249787ccdb7da7a9ace65f34a3,4304,sao paulo,SP
e8435133133d4eab7ded41332934b2d6,ff48228323a1d52f3b3108316bdc4314,4849,sao paulo,SP
4b7d83b919310b17588c79823058ddc1,aef6803b43d352543dd10446b4a7402e,1330,sao paulo,SP
ef183189c0523a0c16c6d32c5e73ef62,cdd91fddaea23f00cfc1dc0ffa69fac4,11900,registro,SP
c1052e49e04a1371d071dd1c045854a5,4738939242f878ea51b949f6e89c9084,3447,sao paulo,SP
62a91310a7666cefb5f7275f731338db,549db5f8678440bd1be9ddef9dede02b,3236,sao paulo,SP
cdc1ba89d0d408195ecd707031d452c3,b6dcceaeafb74a8be1797c846c8d2d76,11623,sao sebastiao,SP
4107cf3182f56b9dc9ce104c7379434c,ba61d59a2145e65871af78a18fc9282a,18070,sorocaba,SP
9f07fee56d107e6f9f3eef24677103a3,b6aa9b6f19ee605f39a01afa2649ce05,65320,vitorino freire,MA
189c34e996a949f104c0976d2a9a8400,5340f5bd348f19d58f217d76d42c5f86,12120,tremembe,SP
52f35df64db924db0b1efdf93f4ac0ed,c8e2ea7e324f7dd660e7481ec85bef3c,5069,sao paulo,SP
4ee7fc32553f4f1cda85112b9a2719e3,58c1b085b54c03a1f1ab5f13d64c2b1c,50865,recife,PE
e4dd07851ecba1fb21515fbde984dda8,2fc1cc7c7f0d663657274eb0d9228086,93280,esteio,RS
314f5515cf84ac3a11ba7fea4e9a2822,fd60f452bb7f454950951a41340c8c5c,1243,sao paulo,SP
66b6452526c64a892e836a6cac812833,95eb7cb17fa3fdc895e276342fc0cf24,9270,santo andre,SP
66538c9da66571088de88815faa7ee9a,8c9f376c4c714c1afd0255c7cd38b492,30295,belo horizonte,MG
9761a94d5172ffc843e5fff9838d5a89,ada6236b6bba2b0c3588aea846e43afb,9910,diadema,SP
f778f02c91c3d2b58136d23ff663cc23,4d4d00884f3401e960f4650cc74bbf0e,41820,salvador,BA
577e0a5e06d64d18eca569a1c1a0362f,fbcf843010000986b1127ff2342d143a,24355,niteroi,RJ
e731292398b99dcea2bf190c3327dfec,8d5de615531d5d886e51c5f74d603b96,79041,campo grande,MS
e1e500758ecfd8eae3ac31f50644d393,09bb61988a8164c739bdfde213577ed7,4923,sao paulo,SP
f7f4c88bd5093db7e3fc7baad3cd8deb,fe52c2abb172426dd6416cc69e6b3689,6754,taboao da serra,SP
e7da42975653f8bcc8311bdef3847164,bfae1c50f6bf7e974c50b26af01e4a77,27600,valenca,RJ
1e7347c98af2c5dd3b24ef197d20e0ce,c26525a6863cd7b333a3bb8de64eff74,89176,trombudo central,SC
33f7e823808ce786ac284e32b07cf6e4,75c9d9286f420028ef73062dee65da94,89650,treze tilias,SC
a2bedbeca6072d658c7a3a0fd0c5b845,681405a99faf3ac8afc2dc018a3f67bb,36800,carangola,MG
f1a9c96003c11814dc06fbe8f0ceed08,28ced936365dafe4610cb58a5c9c18bf,48005,alagoinhas,BA
76aec02fc0fe8e71e8903834b520cf2e,56929b4cf5b306902176697e4b487528,28942,sao pedro da aldeia,RJ
ce0421a97232c2a1194cdb66cd3ebb9d,f99edeaa8a00f9866fd8fce5a0b83d4f,60125,fortaleza,CE
eec30b788184a6d93954fd5e82c48add,e1399e9f6a55f443777d138d1c40bfdd,18410,itapeva,SP
ca39118cc8dc7a02eaea5bd20ab6fda8,31269dc7d85b5cd7392a4a28455d9047,40301,salvador,BA
c20e655b0eae926e5d247a75d2b694cc,41a9daca7858f956834bd2254e46d90d,95575,tres forquilhas,RS
225b0cb5e7de0a208bf0c296fcff7bbc,a2625273711f0664b2787dc6730d26ca,25964,teresopolis,RJ
a2a0ae5761e112d438da0e090c450de7,e10e22d48ee19a46abf07ec3a2304581,92440,canoas,RS
d0e8197510c87f449b4fd4291ac5f87b,b86e8693471a3733aef5cc2ef46bae39,15785,santa clara d'oeste,SP
c59c934799c1688f73043362b63a203f,d06bc817cc4b762cda894e380073aad7,38730,guimarania,MG
debbe37150b6292d513552862564809c,8abf097266245f9ed2e3ce51cd30e941,12912,braganca paulista,SP
6b2841f584f046ce582a6a12ca0ae051,190b15167c091bf6e1c1e79a5c5af8e4,5015,sao paulo,SP
847ac392fbef8fe1594965d9d4e94d5d,481ef475da1dac8aeaa1330ae9c3b029,83203,paranagua,PR
94822da72de9c6e43f0f6990d899fe7b,fe22d9ef4dc744b3be63f4fda1146de7,78010,cuiaba,MT
02c61d2bc19f626c10dd080efe7ecfde,9ff09ff905778a260bafadfafa84bd1b,82220,curitiba,PR
d64a08de709e077018f8950694c25602,c52b04ccada9ec1baabcb4853e8a212d,9185,santo andre,SP
e072f720ae44bd037c0340b5e6c2828b,853a5a518d34397059782c62f427b862,17066,bauru,SP
d0af0c50613380ca60a62b618f159a6d,621c4f5194cc9529e9827dd71ed4dc10,25931,mage,RJ
ed034127e0801850ca9162dd9de7a106,ee3575d8ee7cd3251e3efd6f9cf23fea,75071,anapolis,GO
4f3bfa2a13f306977a996e625a72c698,32d3160dbca190de70058531e3ccb11a,3254,sao paulo,SP
1fdbbeee2463b68075c1dbcdfbde3a4b,cf93d1525e1cc398cb0c3f5095954913,25680,petropolis,RJ
6c15a0dd2659eccc596fa66ed05b23c7,32ba49ee642a4d52b545acbe1c32ca50,13350,elias fausto,SP
92beb79b41e627ae95ec5379b248ba82,942ed195aa3c523f71b03bbbe9accc2b,94965,cachoeirinha,RS
df20748206e4b865b2f14a5eabbfcf34,a33e0969408919ba06779f497ead93ec,7025,guarulhos,SP
dc731b7b1ea79314929ca4e222ded652,f5dc702f5cb2bbcf543ecc755729a99c,74893,goiania,GO
1d02449a44daa29a1ba7b66474a10f58,8f2b7a41f6ae6ee1be2883d921d5426b,86680,nossa senhora das gracas,PR
5f6afb0591f38a26989947e3617c9f91,d58a6b58d3932e79b2638b2963198817,21750,rio de janeiro,RJ
90162d136020a80dcb381eb7a112f574,1b822030c65d0755c1d071d3a94b6996,78200,caceres,MT
3a5a619866e843b7ebabf717e2f68d4e,c035b1b5d88dc07f6f7e695bae8067e8,4939,sao paulo,SP
1a79125e3c27596d608c700c90818a2a,18d07b1d575b2e55a0b512ac374ccb1c,72641,brasilia,DF
9a8448971700f88cd9be5838b9ead071,bb656eab01a34ac497457c5a92f5bd07,18285,cesario lange,SP
d3084f1a3218cb4163951970222ec084,d8f7b56e5e0a894d8389fa264e5b6129,27120,barra do pirai,RJ
dbe8fae7c774caf4f8dcb30d7c51ba81,305c68665bba501fa4727f32dddf260e,35240,conselheiro pena,MG
55858b24b1b18a4e50fce22b11a761bf,76cca28d235a78bd9586ab30156eea16,64860,urucui,PI
327da4c5a95a199cc74495dc6babf02c,2ccbda6a76e1ef7be1e12e0c7356a0ac,59152,parnamirim,RN
e1be54348f99cd564abe01493dbb0a69,c17dec01473d89441bb6a93fcb58e663,36140,lima duarte,MG
3acf1e8de9fc5bdbaa875a2b01f217fb,26e025af2347c3968f6a578f853a9da2,62270,hidrolandia,CE
383a25447c28d7bd477c15cf76b412f6,6fc92189a4d83f8f8eb046b050ce8687,25710,petropolis,RJ
64058e47b0b554f449a7c61c432b56f0,b0d38d8b148c01bf1722a2f706b00d8d,59056,natal,RN
33cedf79a1dab3f5dcb6a35891f86643,fa6b78ba50ea70e2e80264669223e7cb,4403,sao paulo,SP
2af13ca2d0e14a998266edf6afa7291d,172a828e0764f11e9b8f3c96072589bf,2402,sao paulo,SP
1e0f911566b6b2b5f3baa386b315d2d6,4a8a9be2b79e2f4ee4c135e165cc5dbb,12951,atibaia,SP
01bb4e5dc779fa3f09a2c2cdf9561f7a,17154f5ffcd58c8389049f763e2c01c9,23535,rio de janeiro,RJ
c3c2b87ca996a282ff709c92cbed3421,a21dab9a023e31db25a426c6787b65ff,71660,brasilia,DF
a8d9188653afcf6f3069b492036c41e5,98e822621043452c53965fd383479215,29260,domingos martins,ES
2f9fe192fe03e0b19bbe3ff35f3100c5,588e6801be0610dc8c81d04eb23acd22,4182,sao paulo,SP
34f4621d799ac14523b39ac5ae2eaadf,8efd78aad97cba7bda11608694d3199b,11075,santos,SP
cc1269b1ae384f3a4534a4433ebdc619,bf239907e57d7557cefdade4fe7eeff3,38320,santa vitoria,MG
08827cc1bfff8f8ec04d396cdf2a124f,abd9d6877e16836e064ba2d10539ef28,9950,diadema,SP
ceb608636dee1c78b0329ee1143640d6,7bd3bf5cf286d73c6876f46cf03b7595,12722,cruzeiro,SP
332ea0e2b2e87e9ed11f7aee42cf698f,44e2da016dfb42c8d28e6ee043a812a2,6624,jandira,SP
75644d190d3f51f6230b265ae2b3f6d8,cbdb32c2527985c8c738d0b2ddf5b9a3,1401,sao paulo,SP
2aa26f091cbe1ebe446df78de1628f34,73254f2121f9a121ae8a5a32458bd7c2,5871,sao paulo,SP
5949664f01f7a008770bc82d8fcdf363,9d602fe024975c6871491db380cb84fb,83045,sao jose dos pinhais,PR
db8d5969bd8a72001e6f9e26caf31d6b,bf0aff27b969a9e132b4c3e71d4a455e,30390,belo horizonte,MG
48769b9c90de6b97531d328801b39dfc,c2d57de917675db2642016f79052b9c3,4143,sao paulo,SP
e047f484b8447314b1a1e55bdefa4ff9,e5205088eca54b8d927b29076a1ee913,79822,dourados,MS
86b43d0ee7f61f76dda5e430759ae5f1,91d1f79f98b7fe73a0cc8a3732e1b5ec,49010,aracaju,SE
07cb625d1689d0583fc1d853bb4b58b5,e2f7603cc171882c272db5c5a479710b,91787,porto alegre,RS
0e5766a0640b2eb2b6523fad91b5fc20,b606046e44494e87d5ed00653969f814,91330,porto alegre,RS
308d20f143f513753219bce6d5493022,3f045211d80ea56994305b7e9b22db41,28545,macuco,RJ
b4fea8b00d9af9605b5381e3100a0271,950bc6a4988c1e542ef65b3ec1718c0e,36980,lajinha,MG
3991580304cafd33a90e2d58755279bd,8d470975f7e6ade85e1a2ee1299bec2e,9260,santo andre,SP
61a39d14e096f31b0d84c33bf54ace42,b14ef688a7c1a52e7437298085d9d62b,7251,guarulhos,SP
0d4ed3c9d48b373888a0eb3fc96b77d9,d61bab1f5fd1ea3304eab39da8b832c3,3962,sao paulo,SP
08a01db5764bdab850af621dc71a35bf,1d22874e942b46c8b1d4bcb9af693d69,3308,sao paulo,SP
7ce5a437177a6a42ca15e3a62a494ee7,1afad585650bcfea043426764c8ddbe5,49092,aracaju,SE
c9347dc84f33e68dee8155d73757b001,6c4bedeb8b1f3d285808dd5ea5dfc120,20521,rio de janeiro,RJ
741fe7c77752d287f9654ebf6564000a,6ef0d775352981d10982e3cbaebb54f3,12220,sao jose dos campos,SP
148befba8d61a3c03523b7384f853ed7,e33ec0696943d2c82575e5aaebe3cf05,5790,sao paulo,SP
a2201a196851d833c88b932614aa23a1,a16b5d5045e926d166f41c02688cf322,39873,machacalis,MG
e35a9206d88ff93bc76a5cc78bd71235,50eee0f3d3671b8f0d6c651fd54b0b62,13503,rio claro,SP
7c4b8e956f27bed90b8269e5a04ac6db,52cf485027691709f7b6124df189763e,14010,ribeirao preto,SP
7b5d63eb48386b35bc84661adc8ea79e,7273020f331bd9d211c3875a8ada22a8,13224,varzea paulista,SP
98c84ee0626307cc9c548753a33b7ad8,662be5ff1d471ad3ae46de88ebf96bcd,3642,sao paulo,SP
4aad0658e81c7e6766ea82c9b30016b3,20fed4e41111460ca9357026fac51132,54800,moreno,PE
db45c5d54c01175b7dbbfb6d533b33b3,a9c3f19dd756a0f8d81c14f0616761e9,90880,porto alegre,RS
c78088a2467e83cbb726c1283608dca7,0e09770453aa9d84c1c5db77a4bf3650,9371,maua,SP
2ac7740a46d83856d2c51372f27c1d03,6bfc0d51218c164f5d11916e1a102931,38410,uberlandia,MG
f1e2d5d8eb4c5af5e9012816294462ff,1d42515e1ee6a325f52a9dcde6040b3d,48310,jandaira,BA
978ab92450ae467eee081d04e8b665bb,1aaec8552fc6ad98536f506aa9b56074,13152,cosmopolis,SP
209e672c1927a0fb4362d09d0f3971af,5472581443d2221c04182a33205feeee,23575,rio de janeiro,RJ
67817eb4255687172606062046a0c192,7eb7edeea8c568de812e4e7af8efd71d,32223,contagem,MG
b449a237ced28dd8fc749aef0d4d4037,4d386f0c8f4ca6760283647577ac8c6a,3573,sao paulo,SP
af3bbdd63bf976839718d59fd60ba9f1,a0f2229ee39d5c8c6c0d1cab8905b3b6,20031,rio de janeiro,RJ
8085a9af46f619bc25966f151a362b0d,98758d88bf4b8eef1372ddee45d63178,57250,campo alegre,AL
5f33e81a2d06645914734b1be2e05e73,62fce1b5573060b572530ee8317dc3e1,82710,curitiba,PR
fc2c4598b5694563811540d01c98fbf6,88d6f82c6e7cfdc3313f53a6836f3138,89023,blumenau,SC
c72d1cfbb75bd73135c4e6a08a87ff53,99b13c4df0d99ac3b63affa29d498de4,22250,rio de janeiro,RJ
48ae3070d7a4aabfeb92cd766d8d15b0,7959ffbef5378bff095bae2150070250,59610,mossoro,RN
e41024577c0be0553a143f9189d61862,c477eeb763c6b24fe733bd8d2ca39045,36016,juiz de fora,MG
c7c9ee8736dff5ec5d8cf9e5e88a5b03,1ee3b4e69e4b9c22774a70fdf4afa78b,12030,taubate,SP
4c2c68d88b09e3758eeac9a4cbc8248c,111d3b4c481e8b542a8a5b6fde400a40,33980,taquaracu de minas,MG
7bf30e8c369da26439282a284134f49e,793732e0d5b5c46e3c19b68f5ded226d,35164,ipatinga,MG
1ce6087cfb4834e9ec5e9ed3941448f1,dbcdb3304bb1ce61bdc97eb2344a1532,7791,cajamar,SP
17084ed39947b199ababfe28c0044b39,881fadf40e765beb9dba633791d07159,22441,rio de janeiro,RJ
8330434e5221369d1f7d3ffdf257168f,c12626f992c2a2cda8a53737a97528f4,11070,santos,SP
be908210af8ee3355cf14d91d1656986,ada32fb81ebb80940c51e933e2e45c63,31070,belo horizonte,MG
194210b93d80c9ed81d077596cbd8ffb,a999e4bbad221a030b57ef4a2bfa1c39,28230,sao francisco de itabapoana,RJ
5415aadcb5a98a2a85dd8312b8b73885,5080c6d095458f2acd49c335775b5d85,78300,tangara da serra,MT
625784c6aad212dc7d249ea10e276617,cb409daad1fb6069e979463ca3de23dc,35547,carmo da mata,MG
41a0f53af758a122ca3c491b62ee4949,c948c3a816a6721b2f9d51380f803c34,13972,itapira,SP
3a2a60b086795748df36eb6d22d5cd93,0542afcecdc485269c0b659b5fb8f231,30421,belo horizonte,MG
63245dac879daaff3b3a4e5e6f5946aa,e4419ca71e493f57fce5809d2039e9ba,13607,araras,SP
03b436ea506015a721669b80835907c6,4ff03022ad97615c6387aa546a541eb4,34012,nova lima,MG
45d1da7decf573a4b607172ed4b1435e,1c02edc39fca262085eeee6c1e8dc88f,88740,armazem,SC
7bdbb95d68b7d4edfe5fb9173398fdb0,72687c66ab307503655f6e71d8ccd1d6,21321,rio de janeiro,RJ
311f42c5d087ceb28e115741e1087d03,95fcf12c03df68bb5fe496b5a6421e9f,5302,sao paulo,SP
a0a88da4a6858c8d7cc650bbd21949e8,d9a5ebf62ff59b5cef9e4e36b6a76f7e,97030,santa maria,RS
c5827b73d67d474d76a268f0dda54396,d97918f04ae8a0b8e8c8aa5be14b965a,5798,sao paulo,SP
7641b48b8bfb1b7a75fca3244ed99e0d,97e7e847d66ac38ddfcafb4167d10788,19027,presidente prudente,SP
92baec73466089a352a95f1ec4716688,278e0d24c045d8e5e430e53c45d7e143,86058,londrina,PR
d3bee0359b17267f18ad65628bbbc537,6fd6b9b24ed9773575ac261c0eb8ca63,89255,jaragua do sul,SC
005596395ca3acd0433fe7d6f95a028e,dff41d762e4e7b68b73af7203a429072,4564,sao paulo,SP
db67f7fdcc6e85b2d040459c6fab854f,40921126ef2b8273269c1647d0336b78,6365,carapicuiba,SP
90864878aebf8b7456fc25ac866af6ce,073037acc049d2be44730a7e39836046,1302,sao paulo,SP
e3a02df18fe641e5e86fa056b479c275,acb28dd0017c3391f5e328a033f0def7,97300,sao gabriel,RS
5ff42319ecd54104278a50b3105b07c1,bc5d1184a5766f6e3d42b32bf668c866,52080,recife,PE
984e2ab6a072e04516bca3040606d641,9ec2ff36367734940e440491b6e4f59a,35600,bom despacho,MG
09c5713746fdfa37f1ca6a92242da406,8be5c6cc1011c8a882d3bac857955b3d,49020,aracaju,SE
4ee37274d091e7e0ae7d61d1ae0a37f8,8801be95cf9394c786be96dfb3d02505,58487,fagundes,PB
532ffb06662d3a63de097386d409ab63,57c3cd22c35d91923a3e861d7155fc73,35701,sete lagoas,MG
2b0c7e192538f2086b62e93df18bf446,31f556ec73664f49e4443ec227ada0a6,11420,guaruja,SP
166e5d30f99819bb69c7803bf33923e0,7a43cf5e239497c863cc71711981e179,4726,sao paulo,SP
8f60029e03ce786d8da780666ca6dcb6,a16656b34f59e202ef32dfc53b947847,49500,itabaiana,SE
245330e667436609ed3e8ead1554eaf2,b58b3b92d64c4fd12f04c5e45c2c7d75,13468,americana,SP
40007efc8eba921655b88ab47d309e4b,e57e16147ad6a71d8ca0ad5412e745a8,38625,cabeceira grande,MG
91bd4ed51ee3835599963b967d9b9bbc,6469f99c1f9dfae7733b25662e7f1782,11065,santos,SP
e7277a1754c3ea5a86f83ede09db9c91,c8c5791564c7e97c61449ac2b3663831,85801,cascavel,PR
5a640517c107d62dc931327c40632325,6e6370df933c94ece05fc7f8e7c2c078,85812,cascavel,PR
8282c77cb03f64a929db1f36df79e92c,7288276c67d797e67a2bc2322ee575e1,89801,chapeco,SC
489183cf22f5264d0774f03fbc6b17c5,fc66491888409c12d4a27db5ff2e3fd7,75780,ipameri,GO
00502500a53243e07961383bf1a6fa82,bace01b0aa7c98f2a7fce9db19555eb9,5894,sao paulo,SP
d49d050b968aa2bfef80ee4a2906ab8e,e1e91ee1af1d2704b48f9b314c6fd4fb,20755,rio de janeiro,RJ
509efbe31adf8f6409b0fdb484d79208,a4c6daf94bccd97601f8a793df390c50,2166,sao paulo,SP
4bee7310eb7a2e6ff35cef3c2b3e0f5f,6cd5ad2783f175ab9dac5072bc7e3d73,33600,pedro leopoldo,MG
e341b3f8d88fc48a56221bacbe1d7e55,29cae4eac830b7c65e5250dc9ee77ea6,13974,itapira,SP
96996a5c71cc84a8d12774fcba1aba1d,3845ad581d694f73053fcbb88d8963ce,17400,garca,SP
941e3d52d6ec11f3162bd535afecee7f,2f93a3263722d83e4783a56a76917cf4,81900,curitiba,PR
5df398b20c03c1d2e26f7eb8b65c9f29,fe3f5b26ac1f3f88af269e7b7585a8cc,13820,jaguariuna,SP
90c3de9eb482c56ce68a64076d68323c,26da0172c125783bb823a86d6d077fe6,3275,sao paulo,SP
b154a09d611816a2bd59fa2582e5beb8,571541deef1d9400d0a62468d11a9e86,22730,rio de janeiro,RJ
a83d9778528a50b4850c15eddb39ab57,b174f842ed0fe72ba49abed080d8d15e,52061,recife,PE
80b33b056d950694513bbe083d526ea5,a5ce731d4481dd58d0bb8335e72142e4,4387,sao paulo,SP
e148f151e0fff5b53a940a0b8a0b9b45,291addf08b15f77aea0f14646c924501,35680,itauna,MG
4c67e0a1613b34e3047e157f9dd98d1b,540972fcd3722fb54320b2116cc84763,13015,campinas,SP
1e43f63c1584c4703baf3b71577f0bc8,9832ae2f7d3e5fa4c7a1a06e9551bc61,25213,duque de caxias,RJ
713c42e5bbadd1ed6689da3a8cc51846,faa5d8e4fbf010ed7edfeb258c7ae0d4,24431,sao goncalo,RJ
cb389847793403afc3326a7036bd58ec,8d524dbfe607ee83a4447069a34a09d2,13201,jundiai,SP
c179c8690c67b29779474eaaed4e1b0a,663d07f21363a4afd7732461494323c8,8122,sao paulo,SP
b3bd9aa12a1990ed9f9a1ae281ee7e34,5a8e853d022c5e8f6eeea77844aec15b,89180,rio do oeste,SC
397860a986b2ba52addbf1178aa4e378,0932d84be1bb7b48cc56d8029b817271,5890,sao paulo,SP
878843e6fda7bb5ae20940875a5e7548,650c3cbdbc5b0bf3c0885e9b97a9bdee,3325,sao paulo,SP
30da09f031536186153c0ff9e0dcc0a7,1a76265119d59d42762c37c8cfb675dc,20771,rio de janeiro,RJ
7bb71c78bfdc5d8a82c1b6866956daf7,424f29ff12eedc934f6bc9c90c449aec,42738,lauro de freitas,BA
b107800c872a68d1703ddfe3c2dc961d,aa182eba73352398bfc06f920f427e9a,7085,guarulhos,SP
a68d9bfdc7bad336fab0e1643f01a6d1,8676c0cd5b7c5ffaa5ba1bba22eb6946,3572,sao paulo,SP
9ddcd7504deb234b14f0d44bb47de04f,ab0f956f72812ae4636be4e15b58031e,4523,sao paulo,SP
ecc7dce2de2de9826d6227d33f1b5942,433ae7dec17c52db00fcbbddb205df78,85568,saudade do iguacu,PR
ca52f95cae581bc621ea0c722ef958fb,4e3b6c25502ef69e5c5e54616bf67ed7,1229,sao paulo,SP
702e844f1c2e77ce0d9cb9211c7c19e4,d130666a33d3681209c5c752fe56ee10,86804,apucarana,PR
890c6e206d77271353668167a369a6e0,91295ab5a7b86abeaa978546e3d652fc,30840,belo horizonte,MG
4cd281d8030921fc1b77650f63efdda3,185a2dfaa64f279610442cbedc189465,37540,santa rita do sapucai,MG
1600093c29588c00ddcdecf90a48a37e,fcdaeb2765f628e77ac122697be8b6e1,70655,brasilia,DF
ea05ea055bde9cacc0963b2c5530d07d,bf06b935e76a7545da01410a6befbb1c,83704,araucaria,PR
07d2a5fdbee70f085319ad636a84e6cd,32927bdb3b3304ab6aa053f4072007c3,21830,rio de janeiro,RJ
defa9b41656fc8b4cb457e88cf9de970,d0e278763a3c9f393870470a6ac51856,99360,barros cassal,RS
58359e541013053d51a9831dc013005e,65ceb15a2636b04807d38a677d6877c1,29065,vitoria,ES
b856cb85055fc8f310de189eafa4ec23,1699440c9d88d5a00a38c526e2eb4397,18440,itabera,SP
2185bf3ec325c64b51adea2ab19aa708,8ff363146e1d6f3ae76175131a89e877,6326,carapicuiba,SP
0f51a7a10a8e27e61852fdad564d3c0e,e62939d733b54b22be518ff862ecc3d4,95485,osvaldo kroeff,RS
44f9f8d695b6b897671ffa2cca447e09,4b2d8d001d20bd41b9d1017ede2e1d14,78515,nova canaa do norte,MT
8946712e249771f86d5cd37ac704b443,2b5ffb4c42d26e466ad575ecce365aa2,22790,rio de janeiro,RJ
1a9e43268e5d612e8f5794dfc526c0da,3581c8549fdcf2a7f05f922b348bae3c,79500,paranaiba,MS
64e685e8056227e8864eb92949604290,34a5bb16c5c8e8c3dcd8a05053d49376,50751,recife,PE
aa3cdc56190e8af89caac31d0c2cdcf1,014410afdd8e0393ec17e9d8488449e0,36884,muriae,MG
ee1cfdc92e449920e25d3ca4ab4da4f6,8d80e477643ec569b24592ce3d9dfc4c,9951,diadema,SP
829ac87220f69e8e77ce44c3f4110288,ddc5c502bf2c3d88d51f22ec90c41dc0,15895,cedral,SP
e9957015777b9fa682e9cab2e94419b3,70fc429b7bf128070c74d50e27d0c6a2,5051,sao paulo,SP
ce915e7052985989f18b0ba2e35f50c4,0ab9e44ab47a8b63cb0f2690215fcd2e,78630,campinapolis,MT
436e76ce9db9ce1615e2d2072ddc8490,a9e91020f6114cdec2a30386c314a737,83540,rio branco do sul,PR
9cf59d7ac388b59fe805de855de08c69,7d4e72092a9be9d65dda2373249e94a4,48460,nova soure,BA
f7ff526094d4b81bbca47f972f6e6502,81f99d4137bdfcb71918514503904cef,85605,francisco beltrao,PR
e7b9bc73f30f476a29a9a805d3817504,fdf2ac320bf7064c82c5940346adadaf,94950,cachoeirinha,RS
9c78a4b143253799ac3fc65d6dd8e2c4,e3adfcbfe437714a4f8660e2189171d5,20220,rio de janeiro,RJ
25cc5042606c108675729a1e2967486f,eed42da7ee2f3ce26ab52758e63d855f,13276,valinhos,SP
74513f73285330d3a484736bdc3b3671,b4eb54a0c0c41f8d125f43a26546a6ea,31250,belo horizonte,MG
8ad7dfee8e31e2a61e3e4a3053e1104f,a25d8eacf021a69ae692e8546a4ef677,95985,nova alvorada,RS
e72be6eccbec3edc6e5dc148a9794efc,f25c83fef4ae7252feec416e7927acac,58030,joao pessoa,PB
09cd1b030888cd5d39ff8cf8c63da284,2f846be28c0d38ae8c401b6133e21326,95055,caxias do sul,RS
a96f1d45bce747e5b1bdb89c51f03e07,6f07da3ecfee0fcd7cd2c5fba0bb2a2e,75800,jatai,GO
70c1a561e4290f2d1551c8a9f5804d4e,88f21f18f1c3152b023a22a0f42bdab3,6515,santana de parnaiba,SP
4f482d99f4056116c5c9fea55a63bc86,ff9e11d25bd3a13105fbf416eee813c5,30535,belo horizonte,MG
8e47c128512416f5ba15d5453c342818,b97e6c3053452293cce47c859cdd4af0,7178,guarulhos,SP
a22de42cdb14daab6c9a294ed8c1f15a,02b3eb3619fdcba4c5a8e5d9ad6c97f2,41515,salvador,BA
4105eb02085967932bed76c39d8153a0,ee8602ef403d6835792a531091c924aa,68380,sao felix do xingu,PA
a30d1fca30923a4b621b888b3abb0365,f2a3b0c306c9c162b35ff6dd011ec60a,2512,sao paulo,SP
271132bde8869ff73d30c2a9866aa824,f403df18bd660efdea86e7d2c91f8944,84263,telemaco borba,PR
febca700fa4661a712a437ba656dffb5,3b93b770a314d48d7f698a09cab03370,9725,sao bernardo do campo,SP
9f15859f6d963a90bae5f05b242cce4d,a1cdbc5dca5586402ae4d87f099258a0,1322,sao paulo,SP
c777b902d1733ccee3c92bc2c451538f,aeee3461c7210b7e93c4b8fa7c53b198,6824,embu das artes,SP
6c5beb24690ae5ae0ebec981a59f6aa2,b0183f00b5c973760fe06afd240f6396,75526,itumbiara,GO
f6268d33d76b777b9a9c8a2c7c781214,5736be301e11f2ce0b0aa6fcc03b52c8,35500,divinopolis,MG
7ff79b567b62a506babf7a70718e0609,809123b7426128f66b2549071a4c72d1,88330,balneario camboriu,SC
d699f64b223f98ab755be189008776e1,84159fbcec32813b7cef06f3cac9cf34,90620,porto alegre,RS
636ef8f8228cea2700e6fea673379421,7be1172558c44530d93512b000bb9524,86760,munhoz de melo,PR
e5068fdba733f2e566016ade1dcc3e11,9ac505349fbfdb42cbe2cfd832420db0,11750,peruibe,SP
9ebea242c3341fd8563bb832e64a569e,a1bca498bea13c7c1a53f1cad3ad790e,65025,sao luis,MA
9f64e91e123214007c18425d4a0be8db,3170ebd8b32a5e2102c9d75e0a7f6d74,1433,sao paulo,SP
e7097960c7662eb4f785a1a4c8f5c59d,e4dfe28d804fe41883093064c994436c,15960,ariranha,SP
656c63b20f75ccd37b33455ec589dc4f,1c2577794465706dfd32bb06dc7bf704,18050,sorocaba,SP
5741b6f030a22bd35a06b1d168c6c6c9,e299fca43b2ccd2ed3e8508c6e464e9f,11530,cubatao,SP
b0583de550099139bf3a61339dfe7e3c,953186d2de7ac224e520254fee9dd3a1,2995,sao paulo,SP
495a5765ce04283cae03e31b63355cd4,10f7d8da052ee379d66b087ab4463e63,21775,rio de janeiro,RJ
456dfcb8d51506383bab4a48d1ebfa6f,72164f83f0db7697ee731b8132bccb16,85816,cascavel,PR
78dade93bc51c691586fc4880c994b75,19c60787f1a478ec7345d03bc4298398,70645,brasilia,DF
41382c6cd1d97c0f778023549dcd51ac,78a8cb14649a61bb2d1b4c1435fc0250,86900,jandaia do sul,PR
b3390183a9a6422eff0ad8b0f17a6bec,3747df4eec8b3f53e74dc5b0bc5fdbdf,12052,taubate,SP
f4514fc7499d3434ea63195c12bfca4f,2157586e083812fbdd11c89877b7c37d,7044,guarulhos,SP
14b8fc48b9f66832dfca6333034c46cb,55010d2363c2d28c4c52f7952a6079ad,28660,bom jardim,RJ
40c28d38ffbf6198d54388c7e1930d95,7e9ec06fb64d5b89d182bd68226c897e,6382,carapicuiba,SP
455035066e8cf2ed71bf3f6b758593c3,2eb62b8016a0a52cb6893d27c1f8cc67,26215,nova iguacu,RJ
ff5731378cb5629a451019021cc4cbbf,f11ee8d88b7eef76bed1aabd3a0fc4d0,79150,maracaju,MS
0a215d233e87a33399e8defc4598588b,47770fce2a0398a1da5ccd4adf5e515b,65071,sao luis,MA
aa72002446dfbac0691304465c1b982d,7302f7368abf7ec6cb2e16fb005c4785,13660,porto ferreira,SP
b7af91e583caf05ac071ad39e1d86700,731ea3afd190908a9cbed04f42aa51e2,11460,guaruja,SP
d95597cf8fd578a1e0e09891c81afbd6,24fd425eecb638b532337c70bfe78be8,13223,varzea paulista,SP
ac1a389528fe61d073b809c5cd02d95a,7d35f5764e668c9deade51c2fd31758a,33130,santa luzia,MG
fc3461ec6d216082b26ec3018c687c1c,42779538173a32e16270a30221b35c74,95690,rolante,RS
3c78bfd891da95dc74a25cdb244f5a46,115002a10fba794231a3efa56dc08266,22280,rio de janeiro,RJ
6996bc5c3cc14dc5f5d3551c72e90b97,bad10d3bc6cc31c18c7609b0ebe6e8e0,20230,rio de janeiro,RJ
353aba3ea1d310ecca8f0e596715a0e2,4df53a5ebdb219d91b23e8b34e976d94,6434,barueri,SP
dda04be43f0a159e1f18f6d2d77f69f3,8ca03587766155bf3937b86430983255,62770,pacoti,CE
301244891b00c0b50ec19d1707ff24f6,667a996d867cb9540de65a0947dc121b,21031,rio de janeiro,RJ
3e7a71c05142242bac01cc51841abb3b,942c87794610b49b670506def94b8f17,6544,santana de parnaiba,SP
c4ed2755f23f173426fcc47decf4ebdc,176fa14df41f3c8f0daf93c00c4f6229,14960,novo horizonte,SP
71882d714a4b6d1302fe9535174a0100,619626cb81d2cbc234f4f19376242625,6162,osasco,SP
4828dec276b8e9249578cab092211e13,f6bfa60df0ab91a27f5b5ee37022653b,87302,campo mourao,PR
1bd7e7f56fdc321a90128087e3e3e220,3dee4ec14c3ac9f45636ac5862ac0e94,91920,porto alegre,RS
7aa6eb6e24f566f4ec744e82bd1118d4,21de770aa4f3a60388b97b416ad38343,88101,sao jose,SC
a9bb25e5e037a48e105498de8c4042d9,c938ef28fbb9211f931fae0931d0f053,82700,curitiba,PR
195bfa760d994681f4db21fc8ed21af5,44fe005d35d016299a6e515c312c292a,16201,birigui,SP
bcbd6cac6872d044a9ad40f105793e57,efef56f940137edddbf599029f31b2cc,35300,caratinga,MG
e2521351e6aa5ab0d7ed5cd7f7880014,7d42b50292256bcfc7943186e4536013,27273,volta redonda,RJ
079bc1808c0fda17593c5642b429bee7,302c1a15f1ada723f22801b30293cde3,38600,paracatu,MG
7f3bd6c94d2daf7b6462d1a894a775b4,4b855cb19adce3763ce1af3acc2aae0b,3122,sao paulo,SP
a8b68ee0362dd1f3db60fd5145d113d1,e63347de8c0d04c8aecc8cb960d0d4d3,40430,salvador,BA
c62fa47ec3288088f819f9d779871d76,7ab3a0a367344e6c8143e3313986ad49,88165,biguacu,SC
0c8fca0ebf003ce1352d04675da28d70,92b254d8ea10b8b91587f05411c648ae,8840,mogi das cruzes,SP
7623c50c3ce45f453c6e25d930dda2e0,3f9bf0cdc9acdfc5d60a8cdbee567cc2,59086,natal,RN
8f0b436a1be5cd29776f9ddb3bef133a,04e9d0d712ca6da77124d0ee12be1d6a,7786,cajamar,SP
4551d3400f68fda36d0062727b26c04b,0845d810b482f4d469d3c88380f4a7d5,69918,rio branco,AC
d44ef3d822f991ab3ccdc429eee4d8c9,2bbb58ae225973d1f65a18140cbf0c4e,90660,porto alegre,RS
37c8cc130d4a1b512227d8c2deab5e59,62b764bfdf898a421ad99ac28b3647c6,37925,piumhii,MG
517ad4abec0310211174507e6a73d4bc,141034fc07a076f73407718673150905,37570,ouro fino,MG
33ebaf9f5391d51bfc9fda523a759620,6dcaa300574e3c686c644a75debb23c4,19814,assis,SP
039e247f51f48db99559485f01600562,6b206dda97662a85a6ed4c94a2906fad,18206,itapetininga,SP
996c2d5bb512735c35e2d04598f77810,39a87369059487368c4429cbd9b75b70,24241,niteroi,RJ
ec497d640a98b2a969869c44163d08e3,770c6c524fc389b4cab878d19703745d,74635,goiania,GO
04c87355ded588f31f753951fd7e4af0,c88c65274af4cadc8b55eedcbc9d9581,4005,sao paulo,SP
f39c003fdebbe5161315afaf4f8639a1,2a375540830e5c1f6834bad1c4f9dd9d,2239,sao paulo,SP
f2f4eb1a9dd538dbe28987f5d42e9857,0032ca69771a7758ce643258bb9e4ac7,2242,sao paulo,SP
23adf3a4eefc7da9cccd2af02ad9f197,229dbc2fc517bbcda07fe730d216de04,29680,joao neiva,ES
5ccf1c712d44f6ffd2698798916e59ee,bc61ef033404c548cdee700321c246d8,89580,fraiburgo,SC
e98b6caaa9a23d78a283f65cec39e73f,c21544a84de178a597642d0a968de1d6,12944,atibaia,SP
ea65ed9eccb0fbc782b22c52d38ec8cf,3c53f54916a46e0c961e0343bea7acb2,5551,sao paulo,SP
73c06209128aca5114406d84b9d9e3eb,d2d3ed262b31f2bb50932fd0b1ab5df7,73025,brasilia,DF
d79dc87e5f7e08edbda3d5a7ee57ff18,3a5ac2fe3fc9ca6bef86d5f761d85978,4135,sao paulo,SP
75c4bb4fe41386400f81e65c63159504,8b1371508a4fe08f6f680705db002f01,28930,arraial do cabo,RJ
1a29814ab6e4206da679cab75575ccaf,c42ab3969c0cb96ddb2a59e979e4f565,51020,recife,PE
8e294610f95b78e8de960a10bea8d515,0736c3512f09264b684b2b291a662689,24421,sao goncalo,RJ
179404687da732e002e33a0ea0f27a57,1c30a9c6d0a6ee3d147c5a6a35c8c24c,36202,barbacena,MG
6d9ded111ea89ad26ed04e6b806de89e,1163721cb0f5178d87f7f7acce41d9a6,17810,mariapolis,SP
d5bb85d2c9324fc7a298992e501ca509,f3a6febe6e4236817f26caf440beea4e,13603,araras,SP
cb07e9c35f7a2f69616e3f98e53b4378,e846010bf9fc991b1283ee2de425fae2,6816,embu das artes,SP
598f0ad85bfe5c15f18b219ad41a2167,ec15af4d797ff5fcedebd6f1e9199fed,20270,rio de janeiro,RJ
9675a538e974ae5f04d201698b7193e7,8e3b34c35575d953f77737fa6a09c166,7600,mairipora,SP
3258445d69ee63eac4af6749b70a0305,dc0654eb4b744b2c238dced422fe1d54,1046,sao paulo,SP
712ca407bde1bb1d03b671d4fb6d23d5,cab619bbefa8cfac0c0953175f8ef190,4042,sao paulo,SP
4c47ecc85fce7602cc1989de3f83fe4a,5da8fed596e0ea9651946c43cea95676,21910,rio de janeiro,RJ
91524308b1a531051d75c3eae41d7594,0ac04692cb471b1db3d5a60959aacd50,90010,porto alegre,RS
6805e3b2ee357e4c1e4f03376a7766d5,220b6837da42337a632eaac808f41a49,18275,tatui,SP
02dd94e5176a4d6b274f8cfc6666d184,10b7d6b1cf97cc6cba1bb7b7e2931cf7,36033,juiz de fora,MG
410416e1364a0c589538c2c856ec97a9,c9b3b24308b1a4587ffa3e60fafc2b1f,11045,santos,SP
8dad9347d1a281ed85a300a7be9d0647,5ad40a36cac888cd479c36960d6cf4ac,7145,guarulhos,SP
034114dc2bf3002b8d1bad87a64e0ade,e1fdb5606314f2f8741f94ea1f294612,40231,salvador,BA
a0ba6852184c70cbee04bed3909bf011,2c92b3c621adddeae929cb98870dd6d2,19911,ourinhos,SP
4441b0bbfe2bd5aa5683e3857f90ed09,ef47bcabca692404454239aced380535,13480,limeira,SP
2758692f01ac5b7613432ef9df04a56f,6d91f649550081a2a1ca1d69a71eec64,11705,praia grande,SP
cccd5136fc9518bcbf7eea735c6c2ae1,9c159cc781864a35bd6148db6e364aab,5849,sao paulo,SP
083f43233953a6a6b3a4fbf9dcf3722a,1dd51f88a76276139db81b45e9ffab98,95780,montenegro,RS
8fdc97e55c060142e1ad8fbf97755403,160adc55ae0fa7fd58951c99b0a78817,83408,colombo,PR
cecbb20844830d963fb3cfb5b2ea39d3,ce8ab3fa29785c6d8e28e5c7d2df927b,67133,ananindeua,PA
6a259f105654c36924187507b16c4a04,a20d1c64e825c4683f3a7436e2dceca4,29060,vitoria,ES
b9d095a7a09c65f3d87e79d02da2afad,17b7474d4ed1decc837c02c2cdb090d2,26261,nova iguacu,RJ
63f4af09fb9173f543e2c340dd9aef85,3c51a15b28ef5a487b6447853a00690f,22790,rio de janeiro,RJ
1084c1659a761ef371671a882a4134b9,0a0775d9f3f8c759cca9198530e6e6dc,35162,ipatinga,MG
41397863e4d52c8b25203f276d95cce4,20e972a041373d571b391a3947b042f8,13211,jundiai,SP
6cd41c3423e017e6eaac4434b629c9fd,fcbb5c1179027d0de9b13be0262f2368,31270,belo horizonte,MG
8ba064a834f4db74dd398b57f56fa40c,13d8632e676f8b29c747ef4aad2063db,17560,vera cruz,SP
5880e46677c68394bda62479fd673340,5dbba6c01268a8ad43f79157bf4454a0,69900,rio branco,AC
0d96bcb52476d4965d0b50080cd9a443,3ecd7605ac791ae065e2ab8512934e5e,44713,quixabeira,BA
c4c4d26a00f19c91e319f41dd10170e9,1fcc793560d2d5f8b2ecf1229b215305,13580,ribeirao bonito,SP
a3d086202fecde35a84df11623affdfc,ca016d7c685486dfa9c45b8838890314,38701,patos de minas,MG
1182014e15085488488a16a15078d230,951a6d4dc50443180d5e4f20f02693ad,2207,sao paulo,SP
ec257db94d9fad7c9c2fd544e2af1649,529bf74eb8101d9dad4b815c060a6f23,8215,sao paulo,SP
c7d332c9700e825231e256419e58df3a,36445bb429c8bb13c3f8cd6794723647,40451,salvador,BA
a0ee08995836546ec96882db7a0f0d26,8664da4ad5b85f32504872e752819e72,88509,lages,SC
9c1b5cf455be52ece5a16beead2e21ea,4e01b8a5fd6c205f64a02d86a894a17d,60325,fortaleza,CE
350285f2b060dd3b8df76551d0c113a4,ca36805a06d8dd07a07a83aaa13f344f,65081,sao luis,MA
db3d228e48b195e4ecb9622a0b0e7807,b6720c884c4f70869b4536cad535a264,84623,santana,PR
b47df8baa34b9880117394560bcb04be,72b1bfd52165e2dc643f54fd3633f9d3,31910,belo horizonte,MG
eb7a157e8da9c488cd4ddc48711f1097,58483a1c055dfb600f57c5b867174542,13216,jundiai,SP
433d2e1477547cc3eec3981cadaade64,cc9e620e6696dce1f29a24c07a0ab5e3,24412,sao goncalo,RJ
f667db04148a1a36897d6d635abaf788,ccb2784b542ff802b2f24f466ff8afe4,82220,curitiba,PR
727d45008fe83848235f2e29d60e29f1,2e9d1a5c6b7469b66b230a6b341229fe,23085,rio de janeiro,RJ
4ffcfe8466141df05466bea2db1389c1,a653cd03835e3c273caeb626d001f79a,44033,feira de santana,BA
5c8d317f3565842d664a1a822d033123,0334ba9c67b6f75abf243ebfcc46de6b,31330,belo horizonte,MG
d5ee339324aa0689199584764bb23cfd,749771e3293b16e25d9cd6b984b5ca77,78600,barra do garcas,MT
30d6a066b7e76c8fd66610d4b36e891d,96230c6da5f5896bb28ee028624c1188,27660,rio das flores,RJ
34d50c815414e1f5a73de0562cf52098,726808815a7330ce414e86f5473a7736,9618,sao bernardo do campo,SP
4b75108e04b3276463ab15e3633d73e0,bcc967b7b6ae5c124298b4a977a45a9f,45570,ipiau,BA
67dbe5defb9537a94eca5964c22b9238,b57adba827f671c3f3f51139ce31f482,35790,curvelo,MG
451a995ba5dc2665a4524890b7962f91,b6551acfa77dba27fb288e08dbe02f84,32042,contagem,MG
4d3d0cd7d346e05a0173d4e6fa0df254,1ce670f2342ab0961580191511d642d4,36401,conselheiro lafaiete,MG
829bef4f2034240ba8baa923960704f5,14fbd0f5e5857af4b2b8f6062d7ca0be,66635,belem,PA
8c2ab5cc22ab03b6c3adaa5f1efd5989,c3b4f1f8771fc010102a81177dd26737,25933,mage,RJ
0db0eb41bc86fb464a6e175e06304992,792147c07e9f17ec90a0f87ad9304438,11730,mongagua,SP
466ca075213145305a2760482ecf8c26,1fe1ebaae0912c827a35e8a93c1c5ce7,24752,sao goncalo,RJ
f27ae830b105fa0c204da2ef6a3ad0de,9869013f22dd1e6b56c991ceeb8118e7,71908,brasilia,DF
41de90cec1dce38ebecc5879294e4041,65cffbc089e4ef996702bdef7aa3bb13,72007,brasilia,DF
f5721b9d1b28be65390235aaf8576a30,0f12bdaf9d46e2e4915c3b24c73f3ac5,80030,curitiba,PR
18e4dd593a3162753b5c6081fb581862,ae5267c7ea681b3b3dee64aeea737d9d,4846,sao paulo,SP
d53782279acdd8fad99e3908be8bbcf1,a50f021eb5aff9d4b0538153eeda36cd,18081,sorocaba,SP
3b24e072e212ab877ec93ab12054d5de,4ef6b9eb7423ee28ddb123620e609a3e,26080,nova iguacu,RJ
97506d4cd017040573666207f7ad537d,c75d06358c25943454ece58c4daad098,2725,sao paulo,SP
5b97cf3a33ee85a30c7dc07f080b52e0,d4ad0dc6e79fc81e70b2f86a746c9b04,71070,brasilia,DF
ce7eca55be37e75d368b4a6d903e5b2a,2cc084570663c90c08e092c92e799a3d,13044,campinas,SP
7a0080167c446b9791171a3d8114cdbb,8e27a1bfaaf4b930a22952c08ec8bbb6,14790,guaira,SP
dbd74dc83297f0301be2f721a409b758,9ba6f0967ff9aede8d95fba7c2ac54ef,11525,cubatao,SP
00da48d824214ffba48ab43f5b1d29a0,1500da334da019c68fda219f942ba38a,95040,caxias do sul,RS
56cd7ff652ff3f4ee1f3753f572c45ba,52a2816c07a51690d6d6ef1e00690075,81330,curitiba,PR
994d1cb2a69ad8faa51355e9f82d87e5,e9adba2f114ab6a760eabee2d1a8b1de,88385,penha,SC
f5b2fb69ba5496f0d6ca030ffebb5281,d107ecb888959e5a03345914792367f7,38401,uberlandia,MG
a022ce2be66d62e89e6e534a29334da3,9c4b23d73e62136763b1c67db3f0ed84,35570,formiga,MG
1142984916495fad0d7693eee6007457,dec589d17a7f806ea3e1512a4b5fe0fd,6124,osasco,SP
afb079080479ab5badeb44fc0cb140c7,ec6ba020d612914fbac92251d0d6b2b5,3521,sao paulo,SP
249e70671556949c5abcfb6fff31af41,2ec42f8d47796dd5c20d9e35a56397d2,4532,sao paulo,SP
4057f6e033d6192837a0a1201e59d3ff,f892194755257a342ee246a22aceb957,4782,sao paulo,SP
d8297abd5bb5a4e26734e8fb3b57a79f,4957fb815bd262b6dc9d790b98ed6546,24342,niteroi,RJ
35c96160ee1db65f1cbf4fbcb6f38826,d3e02f4e753b1f5858aa120c7cd41c09,7051,guarulhos,SP
cb013c379aa9b1ad752096be81a9f605,b7cc3147c575ef92ab9e5871bceeca77,6341,carapicuiba,SP
174cf4e5e95b5a49bac9cee9ef6cef70,69c8631b02984c5ba040a0e2be0fc92a,26130,belford roxo,RJ
30f82c0ee854f242de987b4f2390aa95,7f18fa0c84333e6a2e1e30378b5f3c6c,70702,brasilia,DF
9db4ccd0f8b1b542f5b7069d6bbf27e5,96ce84a0928a2c30822e103a8f4ac5db,4140,sao paulo,SP
7b26720e0d801bebb3cccbc054d0ef55,a8b63082839705d865544076498d86d3,50720,recife,PE
51f2243a8dd72cbaa606deaa06b984b8,3a89a315936b3df814113142920a5127,32671,betim,MG
ef5e98e0d04d6d17a694e2fdacf0a8d8,373d3f34130410953210f0a3b76292d4,35430,ponte nova,MG
65c563b14ed084517de63c0060ae266a,974c7f1adfd3e592212adcbc2f1ded38,13098,campinas,SP
adcb313ceaacab871bf8ff21a49108d6,5a00ad17554a6fe2e8388399a4af97f0,15060,sao jose do rio preto,SP
d03195784405b22ba42a0d473ce01c26,b18bd9a7d20fe6c7bfb2594647c61495,73890,flores de goias,GO
301ba01907a5eb0b500c272f8a7080c7,c5ab2bdaab995f00639c85155a4c86f7,8343,sao paulo,SP
776ff0f0b482f68cf127f48484ab5ed6,742db6181340c9241138cb46365dabaf,18940,sao pedro do turvo,SP
24b168407182b01edc578f21c2dfb981,ff763f6fccce840a04aea139ec04c86c,40415,salvador,BA
75d7d29f5e0fa14362a17bbeac73c073,64315553bb94ab3d096d833a3942b990,5565,sao paulo,SP
8cfb9c9751da0ae0f664b97b2fa0ecc2,0bcb0137639d8010c5fc562d96b4af3c,7600,mairipora,SP
e94ab025529a46247f058102c92b3627,101cdd478ab65cbf3438c8d6f2fb5507,27963,macae,RJ
658061770ce63adfd6a8e86ce54837b4,23416304e6de78b339869b87b91f2d5c,12031,taubate,SP
1579098c5d9e5744b0f81f652b2f3f3b,07c6a18a7a0ed9ae97808d25bbdb38fb,53080,olinda,PE
3ec8cc6d30a0755af39886e37e4a872c,66f4eec9da64df09009a7f397c2a32b1,8410,sao paulo,SP
8db99cc78f0035b7027d4d5da0466cdc,5273b85d23730ed771fe91b0abd9108f,89160,rio do sul,SC
d64904edfd79d4934b8b06ce77c1164d,748cfd1a1ed22cdaf4076d9e3748340f,4842,sao paulo,SP
ce10eba206282d64135a408029e09872,f5810f067e52b2c6e4f472138f3ca3d8,9090,santo andre,SP
dc545d1bf1d2ad26b5cc1c9eb612e6b7,ef2b1180cc02342a99fffb702611249f,29255,marechal floriano,ES
f388da80d7f9a29735dd482be3995dc2,664fe7916cb8709c6b848383c6361dcc,9371,maua,SP
264d02bf55980e2934f42a50c221e97c,2f293b442348c20d12aa4537bd3d7234,18071,sorocaba,SP
f95dec2dd92f1caa88e67cc83927b868,2341f208afff772b029d78c64f1291eb,97670,sao borja,RS
841b2848b570367c3e7f73ff6ce67bb3,6130b2b1b5ad417bf024f4fd8b7e5054,22430,rio de janeiro,RJ
bc7bc166a8bdf0e93d73758882248ba9,821e75291b1ad362e614c0ea79fc95a6,8572,itaquaquecetuba,SP
56c1cf4b6abb00b12bcb6a01ee635acd,3027839115cff7e8835a0321568e1c54,12243,sao jose dos campos,SP
30499bd0b4374d37074cfabc399c9f85,95dfc7f1e187969d960313a3a0964705,32180,contagem,MG
e38f354c82da2d54f3e038bf4f40d5af,71e45e001ce14fce23b14e351de6b273,85903,toledo,PR
011fc4ea8b9a1e857358c71da7dcf852,8c8014185acf983b2beedb0048cf2eff,20091,rio de janeiro,RJ
fe66267e4df233e7c2e72938df4dd8fd,fbcb6055939c32e8772445388c64b37a,90240,porto alegre,RS
819cbd55a98fda9364f7241bc8336a14,daea4b897b74a671f733ba577f52f4ca,12289,cacapava,SP
1d02dd4bbdb7060d7a4936dddd20d492,f3a5b5d545704098461c7a2f2041e351,12942,atibaia,SP
c04e51b398eff4fd75a3e7eb519e5638,80a4ecf33fd05db4826039fb6d55d809,3553,sao paulo,SP
72edfa680cf8f4b104e145cbb2b0ec12,0aa6ab94804bbc055e5bae5afcf5f5bf,30360,belo horizonte,MG
e1c4ffcfe541eafef20ba795b776a613,587a41fe9917aecebf3d0666b417ef3f,3965,sao paulo,SP
0b3a3c105d2d5b981fcf34c111fb18a4,0fbf5878a4372885f8eb1c827b348734,89620,campos novos,SC
169e46bb9d6c7e98ad722850e21e4c4b,cc459e4c17af00c66948ad9d3384369d,36900,manhuacu,MG
3c38c986290171c64d66277d6fbb6be4,70fa87c54218cd99def86e0bb5a80ef0,37795,andradas,MG
3227fb6f17d3a5f8b131c9782516ed07,cad13a8b23f70b1c28436974f7007dae,18020,sorocaba,SP
1fcf3b848f9ca72b14d4ea76b2a4fe17,94e024f6fbb931bf320b49b2827d10f7,52160,recife,PE
7483110df32ada21179477a69cb7b83d,8593b7b117f976dbf2b4c2719c10a32e,3322,sao paulo,SP
905b68aed6177b504cdce690e4e85575,310bb63fcca8d5ef53e67f2497c30dba,8180,sao paulo,SP
4f0b5b05dd181055bb1fa47d9290cb60,e905faeb03e532b0190991b755d0258e,46960,lencois,BA
0d5ad5130aba65dee9bb68e0496c37aa,821e75291b1ad362e614c0ea79fc95a6,8572,itaquaquecetuba,SP
e9a31b63dccb0bf5d0f7eb63679dbc36,d000e5a1b2667359f49641aa1ad6211e,5713,sao paulo,SP
7d33b236218941a7bca694abb998eeda,d0c62583f73531eba6338b2390e7a861,13636,pirassununga,SP
2c09e8cb71e877e5e079fcafb4c75342,fb76aa9f6ec9c8ef364f27d3007fe38f,5006,sao paulo,SP
739ee0b3c55d7509cbf93ba4275199fb,da6484fa560b7925147933b8ca61c3fd,2038,sao paulo,SP
0a44fa60c928c1db607ec5758d406560,10c04a9366e94baf4f2fcc2e3e1a62fc,72231,brasilia,DF
632a782e0ba41230e69216e593be4ef3,4686d4a35766c5c65d309d30cc5e3ebd,5207,sao paulo,SP
4e32ac19f4d82eb93a61b07b37c24eac,340dadff945403735c1e1194312527b8,3659,sao paulo,SP
3ac65bf8cf7bea336ad70d583da199cc,70c7bc295f2ffdd9125c96d2ace32fb4,35700,sete lagoas,MG
30fb3c74c4654ace204011068c8cf1cb,03f73fe651d978936b253769873bc2e9,58430,campina grande,PB
354c6800a77f0d4f3c1d08086499e0dd,6c3d1b81e595aba0254605a410702826,56828,quixada,PE
e93a01a8ad2d943db17fa596e51d93cc,649c3c31116502b2c532c0a4e5a339e9,35010,governador valadares,MG
8882d4731ff6a9c7c6d5680992e456f8,d1ba9324baafae481cd2b6341ba5fc55,60810,fortaleza,CE
894344399c9fdb69219284fad90d6b28,78782ff62e46d81f3b4838ad35183937,13720,sao jose do rio pardo,SP
5e0116ac8f05deda37c92a3ab3788720,aa514cd67b53c21de47c7dc5972555e7,1132,sao paulo,SP
aeaac9ee4a3514cf3da5f8cb07eeec5f,2cf396c9e24e7627ff042cccb209b9e6,18980,irape,SP
2312b7bbf7f097b43ba5e3feb3429f59,ac64c33e439eba6713e1743e070ef50e,2335,sao paulo,SP
2e8baa32dcbd76cc57f3ebc82c29aeb7,6bbed249de21777c6f7d5074e6c469e9,39270,pirapora,MG
5649da471208b18769ef8347746fcac4,b8c3779109a269806c0f1503490eb566,19970,palmital,SP
0df7ed475af4782bbba1363517a9ec16,ad2496612be484d26991e7af767f29bb,82410,curitiba,PR
affa1ae9fc01158bf723814d1dd9d0ce,68662748141dbba8076b5d0e10565c2b,4015,sao paulo,SP
7640e5568c56caebc8e765dd896b6182,8c21dd8c37144807c601f99f2a209dfb,74950,aparecida de goiania,GO
11c191489b5fecd461e9d538280e9c5e,1c874134581bd9cceb6092e5f21ff670,31748,belo horizonte,MG
9dbb563726bbfc01c1ca04df3768e5e8,2b9bd15bf8e54b231c518790c55e5f92,22431,rio de janeiro,RJ
340ca5d6edd1acd5f533cab61ac899f7,29682242915a222580f388e3515672a4,74343,goiania,GO
462c4dacc0634811647e5ca3b058796b,9c68f6365f1de11ca985db5b5d93bc72,51030,recife,PE
6d28f0fa1646cf572c403bae21daea20,ed9729f97eed9d5d163b8af5210651a8,86802,apucarana,PR
195ca01e41b6510dd66cadfd844b5016,b5b2882db888ad0bd26af3bae0873524,9230,santo andre,SP
13c64c249f9bb07ec019303bee51bbe9,23ed2fdf0c304561276031318ba9c759,29703,colatina,ES
2d1abb9c4b05dc849f5fb26c75f3d710,cd08db85448423271724a5a71670bd93,81200,curitiba,PR
018447394d87c7921d8ee1fb40d91d90,c38af0f4805b67b05b7f6687846d139d,95088,caxias do sul,RS
d050ccd8fa4f60813134f7bb409ca04e,ca88da1010f6292296729d4bf59fda42,35300,caratinga,MG
6d4c670ec12bca4a383d5841d79f5952,8d230854cf974179c7ae4e4c81230a1d,3104,sao paulo,SP
909cd887070250934231f0082c96f3c2,55d3ac3d524cf5e994ddd2af1d4d765d,36280,carandai,MG
5132492784e2cb68041fb14b457bfe4b,ed865b778c40d0f61b68bd0dc768049c,2636,sao paulo,SP
f1dc2f2b83bb06c52561643c445ea69d,d4c901e082d2ad0f25ed2b633b1b2322,30130,belo horizonte,MG
1d65236b903e944ca24271c42aa4a221,dc8148886a16779c8e9882d053b10049,13601,araras,SP
209ff5d502f02e97bc3cd9bc444945a4,44c70b000ed410e39649139a47e7450f,85023,guarapuava,PR
699c53363f423420e15ad5b424eb584f,aeab624af1bceb8dfe2bd2f89b1aefa1,78360,campo novo do parecis,MT
24bc8d666b091ed2dc91f10af9987cf9,7bdeacb50dd540648748b0128b799054,31015,belo horizonte,MG
16762c606d8fb8248ef79a8829ced0c4,75f027e404bafee7dc2f144619bdd894,9725,sao bernardo do campo,SP
e3e0534dc37dd14280ac15f24acb0530,fc1076ac48d91abe8fb6ca4753f84b83,25070,duque de caxias,RJ
73969b20fe25029e7ffabb98d15fd650,46ed566acfe7af7f285fc5280bdcc87e,30431,belo horizonte,MG
144b53cd31f35cd3d90944d275d93141,0314c56ec0f115025e4d5cf570370fcf,61932,maracanau,CE
bbf748f4decefc4953e8ef479b2d435a,9bffa0e4138ffa69f88c783bb5a920cd,39404,montes claros,MG
75ff064e942910b72e1ab6ddfabdda46,4b40745dcdd2de6de0af5e206d8ecf8b,14110,bonfim paulista,SP
725482e68df8d999924c84f62c9ee40e,d953a4604f4d7831f6d13a2268dccd9c,3944,sao paulo,SP
6fc895d23c35083f10fe3e3275d11549,af566d588b08330b4b19ee6aaf14d17d,13800,mogi mirim,SP
a8dd0e2a05799a5e36cb68c9192207a9,24f7afe4322b73d532e36cdda9eb7bf6,75908,rio verde,GO
4310e4e2bd5d1b8f38cbb1c3a2136019,7ef0e1ff584b39827ad160bf96de270a,15990,matao,SP
f77559535865a660bd328db79a177749,f06f8aa9b9f71ec418c76b2883526e8a,87023,maringa,PR
3325076d2bbc0b97e626ed18613f0e3b,703afa585e769a0a4f90ba4540b3c80b,4842,sao paulo,SP
eebae414ff03e98fc5c4ecc1b449d6fb,82a62aed54f385f3bcfdc990fceb57fd,9185,santo andre,SP
1b6ea1907f4199b0a0298495bfc9f9dc,eb1d1b20ce10de79fbbc021694fed6b5,44003,feira de santana,BA
a623f9c1f640ca6742364b726e5efda5,d4129cddc2babfee6e14d81e2317d7ae,18022,sorocaba,SP
a2549c5958509a1be730da3ec5098046,2f543dba8a73def583c4cc4a5d19c29d,27213,volta redonda,RJ
dce0f4ec1a81a9f978ce37a460c55fad,81e76bec3ed10f1142ddd6ceec03718a,9070,santo andre,SP
c1ede2501398563c6bc21454355670e6,8acbf87fd228ba29d6de4b8e28665f5b,60840,fortaleza,CE
b809f3ddc7909525d24c851b9582cb47,3269478cf5571a1cd731a9143d623b99,89712,concordia,SC
2f008bc4e4cb2b5e4aaafbe427468c07,b1767ae2e851903267781886bd02f23b,15140,balsamo,SP
c7f920a7b4aed73af416b5fa6f5c5584,9eb98592b8f2aad88bc937c857ea9a35,13033,campinas,SP
39159308231d229f2fec5131e6667329,bc6a0e427b844bfb0f675aee08fbd3e6,35400,ouro preto,MG
157d0e216493fbaacd5ea9175f15076b,171485408014aed36c75286eb7bb0535,54786,camaragibe,PE
75306b74ca7ebe07b42a7e1eec7eca79,6ac62b3b82e135386057da83c9ff44b3,95560,torres,RS
8fed668b3ed411fb360e8763176b2da2,141fffdf62fb23fc7032b530daf292b0,96508,cachoeira do sul,RS
4c7f868f43b5cff577b0becb8c8b7860,b1f51a4e19da3338e51fbcfabefad1bf,23059,rio de janeiro,RJ
cf5c87f52f4f9d68b80bbaaea6afcb67,2849324488a981c60e2d96d714acf617,23520,rio de janeiro,RJ
5eda0d42a89e9e37d951a14bd845dac9,733d314c155dd1575eccc0c40d7d8a8f,75920,santa helena de goias,GO
f06bb0bb030eef32d9ce6d9a4f177605,71cf80748ed347ba6a5fd7e0a0828eea,12239,sao jose dos campos,SP
bd724004d9c0736e3cc2039972928de9,aae6530a7fc9a3cd24a6bb4c40dca541,71694,brasilia,DF
49efae505182bd0c31e9afb8be694cb5,bb2b1ba29d905fb1136a1ef732947e00,25610,petropolis,RJ
8a0db2c14abe657a553f35959fdacbcc,f95da5af1e57f9e4553c8a23cb0a83eb,59162,sao jose de mipibu,RN
c58bac169ebd138ddf0f18ff9a786ef4,bd8483bb4a89a0734108e6d2d979e707,4285,sao paulo,SP
f936ee0917d5d6e40833918f8672ced0,d052fe86655dae0e952c1bacbbb99d7a,12235,sao jose dos campos,SP
ac21bf9bfae1fe0cd4577cfab4dd8f3f,b9b4ef29650e6efa53f6937789c9027e,5885,sao paulo,SP
fbf15dd7058613351fcd0f821a222933,727cb6c3deda85bd0414830fbaf64c06,21371,rio de janeiro,RJ
beb806638e70abe17fbbe9678baa019b,8cd542322e6204e95494dbc887f3f237,27273,volta redonda,RJ
2baf69aa9f7c51867a17a6bb88fb194e,f3583c1f4a492c319e60501645848fef,18603,botucatu,SP
bdf4339fff7a233baab4173fcc20bb8b,b4ddb3749363f9b1548228b1fbfb627f,5311,sao paulo,SP
32c6009661db53f56c198466fab06e9d,c804d7dab083f317eb1d6dcd8f286c7f,27930,macae,RJ
95e3388b5dcbb48857ce7d634e15ead3,bba7d63521ea0c1e114d1afc1f14b7e2,11520,cubatao,SP
42f3222ef4273d065434ed6449442086,ffa4816b72b79e712d015c0a3640716d,15055,sao jose do rio preto,SP
60eb53d519b8d5613ed602528bbf133d,e2ec63bf1526efb39fd5646c69fa8d36,29370,conceicao do castelo,ES
2bdb1510d7fa5e2e324f53d7b0ecb0d8,4d0dc4c53bbab36af36b0b6eba868d42,66085,belem,PA
dcbfb65ae9125d8e25367087650ad49c,e8573cf0c22f146febd2f92fcee5d1c4,4531,sao paulo,SP
a21eb72bd9dbd460dadf15c4e43664eb,78b6303eafdd48fe22a46ccdcf1c7ec7,3759,sao paulo,SP
6d57ec6cb7ed54490d99bf28d64aca94,9f0d0fb71d7bc7118f796cd153025e35,11070,santos,SP
6255375724659cd90a2cefe829af62c8,07b3cc9e278b9c22d79ba277ffbd3ef8,29109,vila velha,ES
98a1b4f80dd0ccb7d1ae5a75ba5c904e,bf5ed75fca98e8f79c49e9a5bf7690e1,13480,limeira,SP
a3291b519a23943f436aa7f0b31d5614,b6aa5a87f6c08e2510324edca009810f,83403,colombo,PR
cdfcb5ee3d47d7bb53ff911358182913,c568fbde817b078e3ac6cc9d082b5338,97543,alegrete,RS
9416442098a63db64793060ee56cc87f,6b33d9914861774e1f9ea1aa9c14382f,37508,piranguinho,MG
5184df07acf834cd8a00cda25c376ebd,d15efa6fcfd5909767d5c9de1608af29,1313,sao paulo,SP
6eb2a1fc81674d4d2877d51a498375e1,19637bd7c7c8c0b7023d9f668928e761,2110,sao paulo,SP
4b62d0cad63bc44821375623cddc2835,7c831b62c10b4b9699d30272100f9d04,6470,barueri,SP
365686a7c86e75148a456893fc8c2708,8e2e1d4e6eb761a382c637ac69e70f74,12951,atibaia,SP
023a2dda10505c5b757b7f9887f5c41f,7cab13ac15c283902976af92cc304a08,68665,garrafao do norte,PA
f87b752f04715b171d9fae7d337ac078,6798aed3617b733ee53f5114ec826395,79032,campo grande,MS
3bfd6087dc6d9b4982748af54b599117,adc4db687c16e09845f414d822e96849,13172,sumare,SP
ee94754cc685fccc80e5f9ced9ca9a8a,38e7d9937ed558d12c1192b6aece21a6,38200,frutal,MG
fd8a9ce7e554b0a3b083521837d0f7c0,201b506ed6f89c9de7c4fbfeea94ab59,48120,pojuca,BA
4e46d204fdc870530157b2c4923e3312,5b330dc133af4fb8bd0a89521d54bf87,22775,rio de janeiro,RJ
ac583d1c408be7cac515ad79d5e4c97a,c661cbb0bcb6167c706cf76253911680,48020,alagoinhas,BA
e732d2301beacd7362fe3091cee0b9a3,e73f8b6ff66dfa270cabe1db280ee751,5374,sao paulo,SP
febc8698a75e85a4ddf0e78926c1119c,5e065c2ae315b9c4549a30b40277d6ad,28920,cabo frio,RJ
c010182097ba1abb7169f7ad63cc1b67,64bde37d045cf085cb670c5fe23f62e7,24210,niteroi,RJ
f96d1e884731f2c5327d02bf12c8d451,08bfcb6437da0562a0b6d9f4cc5c7d2b,35767,jequitiba,MG
9c0b57c0b36a9d3ad9eef00e104a174a,9fa87261e8ee721c46b398362db72a5e,87013,maringa,PR
b2a6a6ad7cd201aee13e057cc1145abf,0a6b7f0adaf1e1752925599e902a0713,88475,anitapolis,SC
ed31032d177b2192f391ea291d349b35,3f1d63ca0cb4dbfbf42f0ceed7d82053,1223,sao paulo,SP
0d3fdbd4697ff7426b3d0fbebafa60c1,a1f8914dd5e82283e1a68e7b29935434,35290,mantena,MG
d204659d7a7e5e8d95820be143be3acc,4db3433d4120d35d83d6947cc2c78c82,60160,fortaleza,CE
b9cac70fb717faca4acaca1b59ba4e44,1c82e048ed0403e0651365bc7fcaa7e7,7097,guarulhos,SP
65d9c386ee0eb43e165aded25bff79d7,1f3134e247f3bb66b9aaecd65382c587,37408,sao thome das letras,MG
2060e318ca3331cd5a8b03eafa04f813,59d3f18e424c9023f54b7b82829887c6,37556,pouso alegre,MG
980eeb25c7a6c02bd16f50f698223c33,f1d291e8e626199bbda0b9ce8414cbdc,13255,itatiba,SP
919570a26efbd068d6a0f66d5c5072a3,141e824b8e0df709e3fcf6d982225a8e,71940,brasilia,DF
fd65e5fe0237e5d9d5a346ed57652831,32a86b4104156ff372232e52478e7f86,38400,uberlandia,MG
4ba2b0197b5e437ae42e625a89ebaf41,2d82802eb43a9c6bcdb057573f8e0b19,38300,ituiutaba,MG
453b036c1075f7deb830bb6205468b94,c1c17398c133e0b88ab63b2e29dbb2bf,30140,belo horizonte,MG
97fc40739ff80bf9082ed3030f73be26,ab8855d757bc65779b23dfca9dbbca82,39650,minas novas,MG
6c600072d9cb0bfcf713667cec62f67e,e15b7e0a598ec5c1a4e156d656b01d80,65632,timon,MA
1d93c38087f43927ad29cdbd73a1a01b,14691264ea396cd3bd71ebbe36bc6771,29278,arace,ES
b5def42592240bfc33d93b7ccba361c1,283679dabf3a833a41bec4d865c29efb,99150,marau,RS
a53aad9dffb6d554e7f8356c2017baa4,4d64fae536cbb332a2a84c3ee7a8f3c5,4619,sao paulo,SP
a83d4e5635b476c1191ec35b5fb941f0,89ebb2b6c9f4025084ba5af116d2b5f2,81630,curitiba,PR
219d016b257f7847b1490eb159c79036,cfb1ca16da5d5fa11e2135a30bf84e99,15775,santa fe do sul,SP
973d4d86f73cebd0e362b5e7b1ff21b6,5e8da91e476f88a5793468512a8c4ea0,67030,ananindeua,PA
68fe35f2befb496c88c469dd4120dace,9feb173c01e083d641d2a5ec10b304e5,83900,sao mateus do sul,PR
986c90c93b95ce4d823f9396c9a25751,9c2922aa6d178bbf7050f821c3a3c62c,45600,itabuna,BA
23c9a4af50b6e7ca6d5843acb4632f71,3e3a2579dd1f91141d907f3355ae466c,80630,curitiba,PR
ce40914475f12c24e87e57bca904be45,b46ace6f12b26ad64443c557953aee62,75071,anapolis,GO
a45ca5e6fc32bfa5bfae981107d3ef27,397b44d5bb99eabf54ea9c2b41ebb905,24230,niteroi,RJ
38b0f50e9a57a11d7a4af9a6fe006ea9,1d3cb99af6d55611ecd7b383b7a5a2e8,5586,sao paulo,SP
525fe4903a5cea320f17dcf74c2a1534,d65921a138c59000aff343f8c991b896,76265,santa fe de goias,GO
e7bcaff19f8b12cf07de86e2796652d3,d445cab50a0ecac66c15aaec2ef588d9,22230,rio de janeiro,RJ
89d8f6feb5a9c81286b5d34fdfe8042c,3f4d74971a1f73785bb68e45c911e623,41925,salvador,BA
516d80acf7e949f9cbd5839faf326a19,2dbcd4c0ba2dd95f30e19cc91bd07a02,39330,brasilia de minas,MG
2f78ef832d692748084dce34b2386d99,f362df122b464975105a55a9ec62c241,60861,fortaleza,CE
043563b734e56fc7efa52c47e58d339f,52b8c13c04ff89a74189469d6261a450,14730,monte azul paulista,SP
739a14488c57aa6fce0cf4d30a0c364d,b1ae3f6fa918f097fbada5ea2c8d917d,15880,tabapua,SP
d8623801d61ed78b96506a12868d09f7,e9157eb28b76aa9231f1097a4b3d2161,19061,presidente prudente,SP
66c7d377394b98ffbf45ede7f96d5c07,41cdb26d1a0145f92b2fa8ea92b9cd0b,57010,maceio,AL
46f57e51eb456cbaaaf90c702d03ea3b,3bb7cc89fe4584b9d1a88c01bc5f3f81,29052,vitoria,ES
f3f93e06f8036714b1cd0fccdf2d059f,2c5b5819a1ae0b137f61daff8dfe2b69,18134,sao roque,SP
e8f66ba37c741a51f2b840dab001bcef,7433db75d02854959c32b171450463d1,66617,belem,PA
ef7e64330764ee3f5cdaff632d5f514b,c0240a9d8bb6be66236d8b8cb7895603,71938,brasilia,DF
18c577b56738bbba9d9f464eca7dd287,93ea15b9ed1828b3ef8f6c917f143709,61650,caucaia,CE
e26c19c5ccc698f3612f11874d3b07cf,ab243cd9e788d689cc822380f59616e1,13098,campinas,SP
0f7efdb333a017bc95a8e3c0a930a432,b03155da610163a1626f1b99d4787774,43805,candeias,BA
91e482f8c3164d3ccca546c08023e115,506757f1ee920b708b4d8820c28c4269,58064,joao pessoa,PB
95682accaa4aa7184a16bc3ee1392129,dbee61fe4cfddbd7e442db7b42e80ec6,4756,sao paulo,SP
c5cf24cd094521d9270ff310c36fff9f,56550de806540216e8a5fd85d5597678,9696,sao bernardo do campo,SP
eab9c552374be06ed15923016dc9e588,2ada69d1c5528233e3d9aa3f1d8da1b1,38304,ituiutaba,MG
b12a07131fc3b2e84833273255ed7f98,7ac70e85ee5c115fca1147ee0f59616e,84015,ponta grossa,PR
418e9412b396846b861a8c5cb59ba65b,6ab21d4e4c53e3189aa5f0756f477dd1,26545,nilopolis,RJ
485ae36cb82a351de4f4c2a099ff3606,9931e8eaf4e334645657eb529b1272a7,39623,tuparece,MG
61109e00cae8fa7f8ae8011b45f06b0c,17f8a6668a4bc8885fdea93ede73ab13,38600,paracatu,MG
c72587dc6e065173c3996a7dd71a1bb7,75bcb59247dabf8b37a64b22dee219ca,4524,sao paulo,SP
a21b05fbdea952c180d45e5f725856d7,8bf8355778380e45e5d9f5e7fa602d1b,89027,blumenau,SC
9b9c07a0eaadb3eed67732a6fc954e4f,a93ded3225b94e83aba36406dda9dd6f,62320,tiangua,CE
85fa08abb6d9f3bdec5bc578ee0a1b39,776970bb01d9a481a0a09d0db9453d5f,5343,sao paulo,SP
228da462edabbbc68e6d265087499705,be5be2dbad1352c6b4966664a5bb4fe9,27930,macae,RJ
f44729d81505dfc0b3e20396543f15f1,9a7d312ae2eee37656e65017b1974fc5,14887,jaboticabal,SP
a2dec8f3303859110de7fa39ea593b45,d1dec495287c9d8611b5fc1938a07acf,29101,vila velha,ES
daab4685358496bbfd69f4c8f515f653,b6f09a3b6557417c9175e038a17e6bca,21073,rio de janeiro,RJ
df72728563c0a348eed0e450e9e8c2b7,ffeefd086fc667aaf6595c8fe3d22d54,26445,japeri,RJ
884bd418dcc0f0dc117f7800e752acfe,9371ed37481e44740a1e32eb40876f96,6530,santana de parnaiba,SP
54bec33d5e42b3d9f9aaae70bbc2f441,6332ca114f87dfefe3a7f3cdc65e66b5,17780,lucelia,SP
25a7aac1dd876892549320c943a19160,dbdf835d7807129fb5cb917e11b1a933,18057,sorocaba,SP
d585ba9998251ba8cc0ee6ed21683b0d,94ab38525c16d9d5ce977b3fe3405ab8,57036,maceio,AL
50120b2e9525017c97134c87a2e04967,29fa253f2dcf257608c1d2296560d60d,75813,cacu,GO
ef2632671769cd78a10d1deeca649078,457e9f62de8a217e79f81b41ddc6c7e5,75907,rio verde,GO
7c6650dbe201ce4be3cb25392966dc3b,065db70d867514639c1889ea5f6b8ae2,5397,sao paulo,SP
a7822dc752d3f4130c061c077d15d5e4,175be4309449118e7767d1560a0465fe,21831,rio de janeiro,RJ
d98d984f06ada593e263ff7cb810d798,793000c4be1a654272437ec6676b78ff,75400,inhumas,GO
e3873c79ae4773d74c44609750deb7c7,a1e50a2c8d3e3c992dea295251416443,13218,jundiai,SP
77aee2eb8ffa237d57591d6dda952a8e,21effa61d72771ba8315ab56ce7fb7ac,3807,sao paulo,SP
8843bb636edd3fc66fe18b063773cf4e,3ddf3a844281361d1b333943de3c611c,38441,araguari,MG
0d9406fc091e557580d0d2171f268d88,8beb6684c9cdfea633ec7f48e16f1a84,38400,uberlandia,MG
9e2edef7aeef3c2fef91128e16df141d,6388880e94b5614c9ef2fa8b975b80ff,71909,brasilia,DF
5fad1aa86a421b1f437e75c419d9c5e8,a9747f09bceb60a3a8e0414f1424205d,18706,avare,SP
7a7d6b506791478fbec785458412fd17,29d56ba9603f96d29d2a776a5b321635,2866,sao paulo,SP
1977c51e28ceb34090390b2363042d8c,5175532eb0462d3fd296a35cf5e9d217,45375,planaltino,BA
5e6217cb6898af1f8671a3d8c170cf75,9f5bd219e2bd5d38cf6da673e95bcfb5,13905,amparo,SP
3a5c33915bd8a049355d05d61e6c4650,6739f82be7fe556dedf82e16f0566ea6,29101,vila velha,ES
4312276d4e4b3007a437693e5a39887d,79cf56dffbb0db446fd33876c53cd181,1232,sao paulo,SP
f83b48b7214d442aec1d4dbe429a31b9,90d8fce10381449eb722d1e96e686e2b,22260,rio de janeiro,RJ
19710590c8b046f5ca763e0b60894865,436bdea71aa73a707c7b5d5900fedccf,30150,belo horizonte,MG
f3a1fdd0863c859cc6f71a1b4b935e51,24eaa8018a2a4bbaac9fe3fe5973033a,2071,sao paulo,SP
249e03e6bd09c9043273de4e6532aa76,a908688302c2488eb2b24d6ab2c4d7d5,7810,franco da rocha,SP
91aed284ce3e18b2be4cb2dafc798b51,8c7a12d87bfd2f5ad0a1f5c573f0d960,86600,rolandia,PR
d8df48f69b225702b91075434cebbf5c,c7c19110042036e6266adc998cbf1289,62580,acarau,CE
9f5248d1ba1badb231a1da9217f77f78,e2d2fd467eaa61409bce83b07c9eac2b,82630,curitiba,PR
38488c59ca50203c33c42971cb795edb,82cc038f19c1db3817885aac7fff71e2,65053,sao luis,MA
d67b2efa31becbe2013bb1991eaf65cf,5b61931b2b19276cef3e503bc3a571c5,52020,recife,PE
ac5fce3f511bfbc2099eeed240a1194d,85333adc71614d177d3ac54662b036b2,18044,sorocaba,SP
d78c7834a65d4a9d5625d2d60495848f,6702ef98fc8c080a9f6d2d5725cf33bd,13343,indaiatuba,SP
a19293d28c4d1e19c47d0ff5dc906a43,23ce1427ade95620c2adb431e7282e88,2308,sao paulo,SP
85f3d9a16a36cae43f37c9119046df4b,ad2d839d70aba51610dca293d0edb01d,8235,sao paulo,SP
55ca0a4d904df9708853ea6231f68a26,ef716fe11fe395b90844c72d0cfc391d,12225,sao jose dos campos,SP
540acbc48a5a5ef158b6656461288337,eb4a893ea8b36a4d88daeb9c433103d7,36080,juiz de fora,MG
186471b7d8aa716be1efeb6753759d30,e6b6a6ad96190dd5375b869b9bbe63d6,20241,rio de janeiro,RJ
744472d5342f14d99da7aac037d88721,2651a8c53300ca8a4eb04de1ae64ea93,20910,rio de janeiro,RJ
e198d9344eb2d92c850249a49d874dbb,b21420e415588331cf9797592a3d9456,72238,brasilia,DF
d39cf4eab90c8ae5d853c5111bdaf0d7,28f4dbd2d06f8f1034691a1173d380e7,36047,juiz de fora,MG
bb4f37452ca6a6d24da2acd8ed4dd726,2fcb9194bf02e8181be3ae0fa37feabd,12010,taubate,SP
709cc21d90b1c1afba62d1bec7d2761b,781c0058b37938ec11af4bb5cc30eae6,25675,petropolis,RJ
f027649d8f2a7b182522d5da3cd4f010,1564ee39948417bc23c6d956bd61f397,5574,sao paulo,SP
fc3fe781283a400950dd7702b8a4dc28,be726f6a4880c09f6f0b2253103ce6e7,78635,agua boa,MT
ce40bdf89725ab732c923660e1e3c932,e6705943467b395bfe2005f4b7128a51,14406,franca,SP
931e89887633d3e4f088f8de9315292a,8462f95e5984b754eeb6bed72822ddff,53220,olinda,PE
f5785e549589eeb67c8b89fd0702e09b,33ae340b3747919723bf7f1163dbc21a,2406,sao paulo,SP
39623b729aa1b91a230f0390b610271d,6f884c366e43f1675025265af19b7612,4567,sao paulo,SP
0d801865cd313be33b1ffdfac6b41936,80cf7e81465582a9819c70287e1e7ac7,29260,domingos martins,ES
e5c572f3eee5a867a24d9e70b1f45c05,88649e41fbe394406a26172086142a12,72450,brasilia,DF
f22f55c1afef276c1c7ae29219972692,75c7cb4037146f5c8e95ade4214396c5,3809,sao paulo,SP
6036479ceafa4aab3dc585f1a05772e8,a72dedb6e6e4b341fb3517746878a04f,30270,belo horizonte,MG
26f58d252e67e195ac5c4cda3c7c065f,d37d40917018692928253d2f015ad566,26193,belford roxo,RJ
b262251b73679ebd943908bf6d76649d,68e46eb59eb4ac2211464bbaa757cdea,5311,sao paulo,SP
79bcc2daa707ab5534f2dde14f6491d0,27ef96372042804a66039f87fcb7aa92,4829,sao paulo,SP
b533bfd5e9b9ae57a20ba6fc4bece106,194a20432d8509f2fd3d6056cc2dce4c,22720,rio de janeiro,RJ
49ceea8899f3a3c0198faa2485ca942c,90b7c47e96fda16de4d167039ebd2a9b,39814,pavao,MG
2b00846182b41fda871e547a527e5a53,d51e51bc242558e707476b648a5b14c8,5085,sao paulo,SP
b2d679dd685c9580d766ac171cbc1e2b,010a81611c87c7e19c18f303e39973b2,13083,campinas,SP
da874d805c9bee954668d8a5da986933,d7f6e09c024c6e524d8db719622b7446,88495,garopaba,SC
7ae471bc92b0ecb06c812292ffef849b,84d49ffbe4b3250a76fcde3bd9a12abe,37048,varginha,MG
5b89802df153a87a24a6f52d70b239fa,e4c8df04e1dec6ac80207fcc656479de,72145,brasilia,DF
d8fb8c9aa1bcbcbb0b883be6c45f2ea1,65f95ff8f1b2f2a617b558f0917da27c,9241,santo andre,SP
3e9e084c1857e375aaaf16a24b3afd17,f4211edf9653fc1ac4e95471e8478c12,80330,curitiba,PR
782f2405f1685183416ae504fabdc09b,8fe5c792667c648a71624f6ecbb174e2,4734,sao paulo,SP
e117eacf032d0011156eea7df55e6b2c,a4eb9dbf808182ac97ea9191d6ffebc6,38082,uberaba,MG
fbeb150ba4aab5ae80d426ce53e71fa4,374eb598aeea3454742b4f49198f4e90,37660,paraisopolis,MG
1d0ded2f48df2b2bccec7f7cd8d2d17c,9a7e25080c07e847ea2cfcf2e0cf5d53,55813,carpina,PE
cec58a230b3feb0e56a802540eb8b28d,345d82427f12013241a1b2ef4062c28b,5445,sao paulo,SP
99a24036cf2d3673ae33a0c9399d4834,317b51d30ebbeaaf74e32475019b0178,66823,belem,PA
48c6a2ca13657875d84b5c3b2271fdba,a0d58c3abf0bc947e39f72976db72428,99700,erechim,RS
baf4e2432cbc16712f26928d45e69c9c,e06421c4ca77d6a60b3b48a12b8540a6,6543,santana de parnaiba,SP
ed08de22529bac3adf7d5fd900b5c20f,29c9f44d12aaaf0afc94431a03adb873,13483,limeira,SP
39747a75c12f4c803a205a1625fdf7ef,b56105b59a417275e17fde4a8176f3c3,13312,itu,SP
fd650b09ca50cbec651acc566907b2b4,5c592a4a6e10497444ac1f7c46d8c51f,62910,palhano,CE
d50dcc264b92c899c1a4f0f1c99cb67c,87bbba8720d775549bec72aaec36ff19,58074,joao pessoa,PB
4d250c75cc0d2a9babd43a689f66f86d,5ffe324c5b40f2909ff8f55303a23f2c,26430,japeri,RJ
94d084a49f9651e3289193e6871094c6,44114e8df21af4b4a624bee3235bbd6c,7745,caieiras,SP
10f1f9be58b2f03349c40a280166de70,c5404efaf3af6f9c0e2746421c91ed22,7181,guarulhos,SP
8c52d6913768a05524e8eacbe70a2808,60411c8b17b1d71f68d288c9df2cdc8f,71880,brasilia,DF
029c5f9144457c97ecaa33bc4ac7f0a9,8291d4aab64066a39623b1ddaa2a6472,13300,itu,SP
681f23b304c48adf5e555dbc0650d7e7,c840f9f9c5d330ff128d68d8fd543ed0,4304,sao paulo,SP
798741b4332a186edf3fd721754e23dc,82d9f1ce8abc42103db9346fad55301f,58115,puxinana,PB
6a995457b886564201d3e6016b9bbbbe,20914a8b341d905207e3de6ed4caa09f,31035,belo horizonte,MG
c4b4a528ae36f2f533406dd55b9858f9,43a6d7e5aed213a63c3835b81b803edc,13279,valinhos,SP
6b635dc10f8b7e1032cc13ff619f52c9,76b656dd5912b7792c709003c19c6d32,85935,assis chateaubriand,PR
b3f223f6d6a12d794c2ed30c717998cc,46be49cfce3fbd2167700e357f23ef29,84940,siqueira campos,PR
e4447a5ba83bd803a92ff42706b70816,e6fd45b1eab3940e2bfc5ed749f653fa,6768,taboao da serra,SP
3dad10fa91656a1d27cf3bd2514c881b,c094356d22bb5d9162e117869565492e,88508,lages,SC
26b4fba1498f6b818ce6074cd08b586a,45afd57c6d54e4ed051848bca25ea414,90540,porto alegre,RS
43f44585945297e024c2f5814c7b408f,89db030df6067a12d5b7d2ef66f9ba98,23080,rio de janeiro,RJ
aa0533eb31ed3be79086f11bb2bec430,a490d5875edefe9bb8f5101ec2f6b56f,13870,sao joao da boa vista,SP
c590bde02b403025bd56faa049638968,1ee910b8be2fb6a731b54edf304e1b6f,5849,sao paulo,SP
2842a713be186f048490153c66d876ae,0784b838b1830d590aff9b93bbb41f24,18071,sorocaba,SP
7033600dee5ca5748733e816de91d495,e0b26b14a6b4c1b0ef2b31449a795edc,53525,abreu e lima,PE
d21146bb7e87bd17fcaccaabea993de7,6051bd75e560b584cb6d3673d92f3c31,82970,curitiba,PR
de109e69fadb52d5b40c1fc211fab539,496dd627bbc643554f2c2a4df0173084,89012,blumenau,SC
66a6706f055fab5821f25b0cb8b02c15,2d8d007ba29794525719f70b785480d4,97043,santa maria,RS
2a5050a15ba0fe3b15ce7e7add83e818,a410c0f1153135827374d41b1727ef40,4635,sao paulo,SP
26bc070c7700855f66d4539446779a16,d9dde224b82fcf32f980e1cc2c6bacb3,35460,brumadinho,MG
bb57625bfea720d058af92852a0bb303,da85270334149dc7eb819b4604b5682b,25953,teresopolis,RJ
7536b44a83b05083df3c3834d161b373,34e183eaeaed3c11d190177a1efd96d1,1258,sao paulo,SP
b5e852d38cb35637d6e92026a54bc952,a4ac3300d35270a6f46218702e1a36ba,20735,rio de janeiro,RJ
76525f0c94f889d91e4335fae56eaaaf,02e9109b7e0a985108b43e573b6afb23,4902,sao paulo,SP
2ece872ba55850fa34315a05b358ef65,b3f1e744626cf615d11db438a23bb2dc,56000,salgueiro,PE
c4da03f92024bc6f58a152fc2160242f,cd44c00da418c17f52ffc4fd14c0495e,25685,petropolis,RJ
8c20d9bfbc96c5d39025d77a3ba83d7f,eae0a83d752b1dd32697e0e7b4221656,48410,cicero dantas,BA
98235737c9dddb3db5fe5a9b1af8918b,ddcbd9c87bce192fc14812129a7894da,3268,sao paulo,SP
404625763e1fb3d80a8f2b984a19b1eb,d5a09a021051dfe78b3d21653852e43f,74893,goiania,GO
2037fabeb61ec611127657814c6a8a00,cb2d0feeee92a4f519b0c74f336dbc5e,4849,sao paulo,SP
046ba797126ef91632351367c0845f9a,afb52dda5fa21ced63c86f5f05ffb3f5,48430,paripiranga,BA
5bb2321bf6c692d7f92ec6d97d5842e4,f9e6d4a90f55c42ee1bd337bd09c852b,12327,jacarei,SP
5cd7f8dd7264dd47db8a1e4b858da412,5cc037ad2e2050e7b27fa7252c09c4ee,22420,rio de janeiro,RJ
543bd86dd06751b88b98c285e6f74189,86aa146a92e4e5bb0a9e13aff0b8a6f4,18090,sorocaba,SP
805d3866943c88ce53b6a4e112e4fdbf,6c0ffe8dd6009590444facb799fe21ae,4006,sao paulo,SP
1cf10cb5031fd32d69fa19e7a98168a3,d6e1eed2622aad86ad46108ab7436606,17523,marilia,SP
9a4bab346d564c0b0afe5f7f5b9854f6,ff3f73a459eaabfa22e12955b7415112,89052,blumenau,SC
3c9a270080ee810c3d766c0ef3868bd9,597f21c53c7411de4ca56b39542ca715,25241,duque de caxias,RJ
cd315df8696253c1319ad425de037e8d,102059267b4ebc0e688b548d7dce5da7,95020,caxias do sul,RS
616833eaef04d25b67207119cd6936dc,6d443b75cff956bb73dce7385033e266,13215,jundiai,SP
0c449d43caee651308a153c58e09c9f7,50208f415cd5914be95dd2c42a3041a6,5713,sao paulo,SP
03d9a01006461e5674fb618206c83526,f3bf3bed9936aecd7792e6c49779dedc,11065,santos,SP
b39cc591b3abb3b29b880bb174b10d65,f53f4854a86a267104496432c29710e2,13052,campinas,SP
94c83c89df9c4e9fd402f2b6a4316391,e43ef1f367067fb817d8b34f618f44b0,78290,figueiropolis d'oeste,MT
ab4764e19b0376c21427606045dc6ca9,3c548f8815ccc730a538bd754b555dfb,84430,imbituva,PR
0ea8cb0fd92fb311cd7cac1299c91589,3ba31655c5f4e503b6b896c0e6952ed7,14701,bebedouro,SP
78e21576614d5285cbd63410d6c0efaa,e4bc67fef955cd2e58924e664a6dfeab,89560,videira,SC
0f5cc28675a4f25a4b16f148a428c111,5ab466471eb1cf70568c17f1c3bb2702,70750,brasilia,DF
8e54a1f4e992629b3c41f7905d6b46c3,967d07493b6792043f97262a0a4b15f8,8210,sao paulo,SP
e36b2be26fcc8f7f0f5e79f01122ddd2,95e3f46e6735179a04550904b29c9696,17502,marilia,SP
c71aa5eeaeb9279b09bb725f6a2c8cd3,f63a0f959d85c7a60d96968bd9e47fe2,71015,brasilia,DF
f0e79a1f29a02c9c0af513d340f48e1b,6a173492eb808e4654fba73da730a5d3,95900,lajeado,RS
0c34c39c897304ff49eeade3059c4c60,095ffc730d9d2da2f12a0bec18722aae,5711,sao paulo,SP
a5f1df8a1b669439f95c254410b208c4,a4e3479d9ab687f7d65404a6926c9dd4,39165,serra azul de minas,MG
c90789e9dd14b036d46efe4a4b830f75,96303be86b30701848ea7bb68066ecf5,2323,sao paulo,SP
f1dd969025776935e2b9dd2a17ec87c2,9a929d2c704fcfc61537b117d73343c9,55297,garanhuns,PE
e7e307a443d773d59d8e248b750589f1,6e046d0e0bd13182d806b215c1db4b78,39270,pirapora,MG
43052296c9ba662bc8628ebf9661a86d,9e59404a9868b5fdfe293667404c9a40,2422,sao paulo,SP
385eb3be53ed064c17035d8c92a36d16,148f0537f63e001d16394c0327384588,11700,praia grande,SP
aa601b3c45980c0918042d5ca7a25054,1006daf2f4f3b40848bdb64d356b4b39,6665,itapevi,SP
2814ddad2bdc3682d9f32b3f4c86dd7e,8a8a31d188c3cf9dea0126d1b1049c18,13400,piracicaba,SP
da90bbab988fd15a113fd67237e1f933,5a56dd0cf6c8cc75c84588c2536cd52e,70658,brasilia,DF
f474e4ad031e0c93db5b6c0f64da1659,d779ad887927d1ccaf9ea59237b7a738,62800,aracati,CE
6d97521e6f45280a193f48c4b7cd5ee0,befbeab8f1517ed8323e81acd8d4d289,5143,sao paulo,SP
886b49d12074e82e2587e7e09fd1f7d0,407fa16a7b4705356b6b3ad62721dad7,77783,bandeirantes do tocantins,TO
d2a2f7b5bb7f3843a5ca837a7c81cb41,eba0f046d4741c9b156cd00ce1360fca,9810,sao bernardo do campo,SP
dc20dedafe13e7115406d0761505b778,97815a7fb6efce9322ee1a17afeb1b96,18708,avare,SP
7e8df4633a3d714d6f33e277b12bb4e4,7c1881c1e7fcd694d895da56a17884cd,12942,atibaia,SP
206eede398a0e68dbba3f1465e45c58e,d3f0b40fc017be977fd4b1d478070de9,3374,sao paulo,SP
a2b2a36f8fc933744ce13a81e2a28291,d0ed132463a9628efc1f089d52414d84,80310,curitiba,PR
0c95f1404cdef95cb34818ac3c9bf02e,d599a7e610bea611bef41f645fafca0a,29100,vila velha,ES
b3889ade4bf0e6c042b319f1618aed66,e5dff8b747d77ad44d4c48238837036f,23071,rio de janeiro,RJ
76cff9a9995b25f21d51697f49f87652,8e0b3f06cbb3a040d8861e8e74627c33,4894,sao paulo,SP
dde349ab91bfc0a8136adadc4d994d5c,0a4a27582bac544f8c49b08bb4da0207,56163,parnamirim,PE
3d4c473f325542281c88efce5ae91375,cd13689db46ae3b167ccb071ebbc0e86,25957,teresopolis,RJ
5c5932c767b1eea17f6374dab31c76ec,35d5991f246b8b9c4e1b4b1a927b1465,12031,taubate,SP
eb4e1a00320b05de70f104ef47d3f20e,a85a70ec0d3469c8078c2b4064dc9d37,4583,sao paulo,SP
0ea1ae45d45f7ee83bb2d6eb0c1fd03c,b32036d75e266739a69fbb4f0c7481cb,74705,goiania,GO
3c4080981138bdcb28c729effeb9b682,f310870c0f40daadb81e3a81ea65ee2a,32071,contagem,MG
cf5d2bf978920481642239c79555b3db,fd912cefbf591d50e0da4d53d225ae1f,37136,alfenas,MG
3a80ca7483f8a0ac22a0e77a05973835,16e05efcf67a32b7c2d15d63c6893f53,1307,sao paulo,SP
413632dd561a196650dfc76f1157889e,24843ad7acdb7b6189ebc7270695cda4,27123,barra do pirai,RJ
fba329d7c026661be9487ed474865365,bb0aea12660bf8bd536b39fddbc336ee,71665,brasilia,DF
4cd906a5d8555340aee749b3a3a3b5d5,58790adb0ca943f930617048cc707ce3,37137,alfenas,MG
06021ac4f1fd77a98585c3b7eefbb379,9ff582cf8695a03e26caf77bb3cee96a,18150,ibiuna,SP
3207464ad453b7068d8668810eca055b,ac61313799cbdcce7029bae4717d08e2,32235,contagem,MG
a5625176ab429bebff8b164653f2ff02,3b5c0c0557b26f17f063c7ac8c3f8c3c,85812,cascavel,PR
a02b819fdeb1a2e7c894b46763b47f44,33b9dba81a2e17209bce55d2f9969273,30350,belo horizonte,MG
ab73bc2a2fc1188712c1c764be830d08,f25c82f041560f45f4a408157ff3a5de,12954,atibaia,SP
cfd87c1d660bf2efc5ce870c62ca3f78,544f992354ec97103e10369945fc11c2,75803,jatai,GO
d9709eaebf11e70a175f179d55b42bae,2035b89e9bda1fc115c9c305613d00ab,4030,sao paulo,SP
5cb13b406da4e875e123570d6ccb39d2,255c0e6b31679d69ad8f5e78dcc1636a,13484,limeira,SP
f0bc088c671f31458f73cc1a6a347842,0a0c4bf0b7fcb55a0d43abff1ea4569f,3150,sao paulo,SP
9b346222f99aa5a395b40a266e38a0c5,417231f77913628ff188d489d6b5f9ad,6700,cotia,SP
a28774056a751c7e8affbaff81fcd933,52ba13556336e0643d5af3b1a94ea82b,1309,sao paulo,SP
0808e1fd27de920368bc1c0b7bfc116d,4fb7466a20c5587f2b4d6716ee6cab92,1434,sao paulo,SP
c8d008cabef5ece4d46688391a2f639e,2b5471b78893ad2655a0fd86a095a80e,11075,santos,SP
96fd06edf4a19ef74e5316052553b842,b74721ba5a1ebdadc2c934e21b7e208f,22793,rio de janeiro,RJ
e81a9f176936e3124dfd90c483bf3289,823c47d4abda1f8ce7568145f76c2b85,13175,sumare,SP
8dc30f947f34a278c965a36c649a218c,4982a64e04ef50e81a9ee1c936431193,22411,rio de janeiro,RJ
768d73a87af63f0ecc15c2095bb55fcc,eebd732c43d0ef4127e5abe2cc7438fd,1239,sao paulo,SP
cee03fd42fb674365f5af3e609f206d9,b1638e7927b982cfe4f93d38a30e6700,73900,posse,GO
85aa7dc7ea24c96b5ac7864f13922495,22be41ad7d58c7774c6e036348a042d0,99470,nao-me-toque,RS
28a204eb0f0f081ece6295f4ce42a1cf,d2787622df9fd933c164f7cf696a4e2a,77405,gurupi,TO
ce7415c21823c7a96d8f00f437557106,ff9a8f06a79108c039694913b23e4393,9710,sao bernardo do campo,SP
a89cadca9c9e913ed236af9991cfd22d,ff11b38f483df431276354a0215d0435,85010,guarapuava,PR
7cceb5f2b585e4346bea1666d6c88c63,5d0ec024dbf94abb8f9bd5081b9898b2,20940,rio de janeiro,RJ
f70db3370240ee4cf3dc237b7527a1bd,426d44d7c495e41dda1d9147a84128bb,13142,paulinia,SP
bb5b0eba859f1f33921bd0336173c933,dda1ca2a846869452e5a16e205d1fc5f,35230,resplendor,MG
ea1bd589cf74abf3eb075a399bad0b95,fe36ffe7c25e22b2276fd6e9f0056e24,37580,monte siao,MG
bbe35ecb54adfb96b16d95c719c756c6,3184d07c9bb680de9f812e750965cfa2,60165,fortaleza,CE
c85c132e580214d746e0ed80283975ee,e7b620536e34471bf52a3402cd4f4b7b,28625,nova friburgo,RJ
1486be6e2635c0fc6343893dab2f560a,3459587d5d264e1b4ff91ec9d39507e0,22790,rio de janeiro,RJ
b6d61a3a2355b4681cb37e28178f7f81,8cd9e7d93e2b21189051bbb681dc73e9,13214,jundiai,SP
a69fbad70edba5ff322f07ffe0529850,027f1c8ff06b9e07a71f720fcb918531,86015,londrina,PR
a871b1ff77cfbc257daf33b34db71c76,5081e3d11879158d4b56df368e9a4ae4,65940,grajau,MA
1442d92ced8acf903c78285fdfd5b368,145a316891ceab7e8963f984f22a792f,13339,indaiatuba,SP
166d8a3eebbd35ac3c6013d0226d7e6b,8c08102fd27c24adbc8c3a9995fa8d77,88047,florianopolis,SC
d3195197238054c36312c802372c387d,3f9f72d774b3bed3ea342333dee1ea64,88780,imbituba,SC
48917c6bc62665546306ddf9da1170f4,5f6549c5d0a8d5d6e86dafeac7357d30,2078,sao paulo,SP
0d57495768b1e3e56d813d71b24fbc4d,6e8dab044fed54dbac55f98c27c23cf4,62595,cruz,CE
4b6204272cd5f2e9c0b13cdb47fd3c8e,ae747f0645998238d4c68d5f362a3e89,83560,itaperucu,PR
5d198c71f07ca2f27163c5f04205e1fd,38ffcf9d0335fcd271b71de0238ab312,3804,sao paulo,SP
c04eb50c0972e84c3c4f3bbe3e8e4205,d197ce1255a1bae6e7f97a475f3a0e99,22793,rio de janeiro,RJ
a54a00bb6ed9d6da10607809516554d1,1ea7480606f35969c5841241e8992a68,33200,vespasiano,MG
2bda60edb6f8c6f0c33e334cae94a3d9,1d14cb6d2345b213a6c066aea89ac8a1,32675,betim,MG
79325a5900413d28fb63c05bfbd39e5c,19f8fcd23ed70e29220a6a2f13ecd911,1517,sao paulo,SP
3068255d75f415c21b115399dc51f7ea,39979cc184bf93727d4bdfb4714acd40,83709,araucaria,PR
3955e9bd50f72fbd4168cae28cbe8a28,c2f003b20b6c9473154ef8c7bdced5d2,28400,sao fidelis,RJ
b659e27b20373321f446da16aea776ce,34b13bcee3cb9ac4e27cd273ea060469,85504,pato branco,PR
dad1e2ee878086780ede43f04ff07a53,faa9b3f294b9363727a76d0f75781b14,3982,sao paulo,SP
20704243c0427b370d6def78ecfca2da,a46f69888dc50e40895d89767c270eeb,35501,divinopolis,MG
d45d9822b7a7caa83d425d780535f084,b2a9eda94208798a053e11dc3b9b4568,9080,santo andre,SP
0c6402878bcf4a5a361d9008210101d4,94093e4a8945e283282180e6aaae4fc3,32015,contagem,MG
9457de49ae6cdad8a4be1c7d37c118f9,2a7bbfa4d21e5b0f802fe5312c1cc4da,15570,cardoso,SP
22e295fa2af8d7eed44d5821a7a76dee,deb71d84454ad73ea2920c212bc0c121,60135,fortaleza,CE
42f395e1f35d1a041bafea4dd0875e08,846842ddffacb140a0ca1ef4daa033cc,65076,sao luis,MA
4b8aa85bd0844a2cfa46261b1afd9386,5845b9ba0fc652731bc389c5600302e0,52165,recife,PE
ec55b85b43b1ea0b5488736283c05e78,93e3888093274e8abcf2b46c370fb3d5,6038,osasco,SP
18e8c826c91f467ecc07f9e1447b8860,ab736d55394003ef6b944de2cfd3de13,83045,sao jose dos pinhais,PR
24041cfc56158275932c943208731828,1a8c07c90b1ec79904f79c4c42562bde,70863,brasilia,DF
638be9d39246650868db07d10456527c,cd020f72b3994d3dda2f464efe9aa99b,11060,santos,SP
3b5b6699a87f8039d1e602b8e04cffde,21611dfeeecee2c4646828b01d61cd38,4816,sao paulo,SP
1a3fcb72ec1f37b5385e08237a40409e,982f532d3e8e8177c57361a39d1b1492,41181,salvador,BA
70a1cb84ba0314b09ca80c68b95da988,dea4222283cafa20e8037dfceb7e960e,17340,barra bonita,SP
477f523d95439da10291dd5659e120a4,68c79d928c15c0794a475a3947e61ce0,21750,rio de janeiro,RJ
36298473367cf09c2706b2372508079c,0d0f1e31059493a20be4ca95d218c6a4,30110,belo horizonte,MG
e9fd1771e8a7e1f2e502b27b061b15b8,388faf71183c52b5862abbedfd00259d,1454,sao paulo,SP
395109240d37ac26c624df336fb780c9,bee6d7eab49c4bce97c3baf1cd09be60,24130,niteroi,RJ
48eca07f2ff174b2796c11ee75f1b4b8,d884eb46ac77751d58852ba941fbe4ba,74884,goiania,GO
8e3e478dd90b21a99470ef5973db83e8,9c9618998fec39806c4beb9386a2fd49,2846,sao paulo,SP
427d898b8a06d03e1e805f09d82f250b,ed6a4793620d46099bce82f61611c6f9,77021,palmas,TO
24f9d86fe662411f563ed4cfd6361b1b,ef6d1a9c7ec71b2ad0b9db9feae55478,85845,vera cruz do oeste,PR
da0f1d8609882eb8e79a55c7ca567834,7db0eba759379d3a68e2922bb970c48c,24230,niteroi,RJ
8d17dadd38588a5614269486646477dd,cd12bc85f94b8c070851c8f81d172be5,13401,piracicaba,SP
a376b08483daafb5a7c16988d7123cc0,86f4a61f8fac09b4a7f94ab3c5b6ae47,9720,sao bernardo do campo,SP
3441d1ccfaa627cd4ab94b3c799cf663,192480a06cf2860791cfbc767e1b718b,40325,salvador,BA
4ec69c7b800374eb21ae088ad7d707ff,bb21eb7a7de7d4886dfa152f60505863,4716,sao paulo,SP
4e26ab9c4d5ac920bde76fe5979962e2,208ed8bf578938c97d49b3429358a424,5145,sao paulo,SP
3d65e1ccf1a3b05e204ed59e8e14af82,5155682f49f6fbfd4591325435282eb3,78200,caceres,MT
550200ca7a0ed2fd23b951edf86a884c,02220c4df207c6277c269f0b3a05c7cd,3651,sao paulo,SP
d78d9586e8895b302072d5438ae4fbf3,a130e5a33d993cc5ef3fd6fbfb539406,5642,sao paulo,SP
3e337c99e0f5ff7ba9a4b98fbf7412fd,43da534e5e6c052df9993df486f342b6,30570,belo horizonte,MG
3e4ebed68177e081dd84a416c4718ad8,3a14c9322928ad049cec3d377a3b8394,81810,curitiba,PR
87730f978647280a4f4c7a9468f38462,dc71733fc0d7d609f39f9c1d4af631ca,11085,santos,SP
61dba1fa1816dba818bf2e583ef11c34,cac60261ee6b78d4c926d9e3b525c710,23090,rio de janeiro,RJ
258d6e98cdbae7ca4da08233d45cd8b6,0994ff158bd7077768218cb0cc7aa315,13880,vargem grande do sul,SP
29397baa14b34d03bb0491d3a99564ca,46ab1191da6a216e86ad5a3c0a5d770e,29290,rio novo do sul,ES
3026909b7b21888a53f87fbc65ae6e5f,9edaf57220c299ea3dbc4738889076ad,30441,belo horizonte,MG
79de7628f4e126069110cd01e0cafa0b,1674dc345a3197c7f6ec07b4fb3eb878,20071,rio de janeiro,RJ
00a860aeb15fb205efdb0c689d8f9c6a,ca7e51a36f9ace4d07d6548599785bab,9821,sao bernardo do campo,SP
0ab3070066ef0b76972bc47348cc9163,5d5acf765f149414a3dc780bdade1ca3,27940,macae,RJ
46436350740768631c62ace7aa320f98,b47eca05c669e575e9451ef1831f6d75,35530,claudio,MG
0f7e05d305b397dd18acb5dbc69a39f1,968c2ebf038fd9f685ca4b227416b55c,9750,sao bernardo do campo,SP
a44362a019fe8b1358893deb2ebdaffd,af4fa1cf57ef7ad8c28fdb80f86258d0,87200,cianorte,PR
dd92455fa493b7eeaa6a3369589cc4ae,dd5dcd97a1011374351bc9a6bbad4a13,82620,curitiba,PR
eed8fa5607d71228491abf287184146e,1fb06669c6567f0824c37a2c8a142361,65054,sao luis,MA
00949af96107ff1f55bc0f09e913686d,3cc4acd6cfe6acb5f129a560961f2ef6,5335,sao paulo,SP
a85c4ce1598da0a210287d8af78326f8,7b086205e0980572490b511b015d82b7,9581,sao caetano do sul,SP
f36896ee9f1173ab26a7fb902080e060,33148783cb4ba7e758a40eb869bd7250,21031,rio de janeiro,RJ
9fca88a9940dd40e6cd7bcb5f2e48996,593f302f87ef546ea433ee6dc2a90026,18020,sorocaba,SP
931c6a6d642ffe492b4992e2f7f03e12,a03d515e10d0d239200d63d7954d5d3b,24110,niteroi,RJ
ef2bb412da650379df8e40b023a38f93,e81148f482d280041c8e5111975e5202,99900,getulio vargas,RS
e2a24090f81ea85d218b542924f6b753,c9078918b2b196cb006c38e256c0ebd7,4581,sao paulo,SP
51260b6df0b2fecdf113e4d05a199266,d2849832d839524a7d36a391434ac16e,68627,paragominas,PA
3b0df9e78918d3dfcfd312ce0bccf312,204d69d0bd4871eef08a4bfe6831a518,13036,campinas,SP
503d0a7d55227b38ccce96ec23251f5a,b2639226e3ba85c1e40abf59a40d5b66,29154,cariacica,ES
6104cde8d419deae69db335b70f5bf12,e8bad4c2a79ddccbbf052b65d48095b9,13148,paulinia,SP
a7d2a3c4d297b45634f361190c8ec7f8,143b3bef03194ac68037506e6fac66a4,74810,goiania,GO
7ee20476c82bf1b2f0e35cffe4cb474d,016feebfaba953a2456d3a063b8eb8ef,12120,tremembe,SP
9adf38dde72b3e6f74335f97b2680f11,6971ee5006902524460371fdbd952cbf,64049,teresina,PI
53f6dc92ef4059ea6cd863b0f69f0923,6705554fcc2578a2b76b6b1b65df2a75,3504,sao paulo,SP
6c4746775f7e66bf1e3e44bc3e9065fa,807ab49bc4a433c60d396c7074359889,11534,cubatao,SP
43553a559f05e8a6a4b306a55b2a1de3,c9e24d1044102ec9b590df097e3dcdc0,68908,macapa,AP
87e46a17040d87c365304152769daec1,2b3c8edb70d2a928165d853add3ee4b3,5172,sao paulo,SP
b405716abc33037f3150858d83ce47b9,563dc9dc9f253c5c77566643c8e4ea4c,83260,matinhos,PR
66a3f3356033193e40383a4f9888934d,3157466613dad6ff9a7a98af3ba288f2,6756,taboao da serra,SP
c4a29c4b38dac6d1a9fc6f7047dad063,b7e7dd5730e71d0c75f9ff3eacc80597,11700,praia grande,SP
8a4f9a65cf1e6a64ebaba3578c868d1d,6d3db38fba37e90265c4c641fdcf8228,13173,sumare,SP
acc6b1746ac423c89f40ef3c0cd1a25b,dae253d425eb043c0ad5fb89c55b8e91,1322,sao paulo,SP
1ec4d89bd3b69465a248650104088c4b,0050dcff37f8b9ff611d245e30572b46,97700,santiago,RS
4421d1d5eba4e0a40327d89c54e0ee1a,2e1bf660b0cffaebcac0e951afa2c12d,8450,sao paulo,SP
83564e084d6459291605b2d7fd3ef239,e15fd1c0e29b847f07fc1b54f54d435d,88703,tubarao,SC
b46989bc8ae3f4c80f08e9117a3f3d5b,b8d9b1b15ca56677760055d06f10a796,15015,sao jose do rio preto,SP
4eb59d57e9c25a5d668bcea2100316a0,abf227dc917e1dd81b8149735d755b65,6455,barueri,SP
020a406d49fb26441c5cab66fb8309bb,ee62d5fbe74028c95e30c8b3ba740c62,12950,atibaia,SP
e4a55eed69fa7e98992be7fdc783a67d,8c339a37cefe5212f730a44ec8e81767,66085,belem,PA
e479ecf0b485cfa096b3a7f1bb4cd99d,d43e65a5517eba2373cb75a76b151796,22740,rio de janeiro,RJ
d8e1b13f6c0d485a4ee8214b8be92c6d,8eba7f981984b27d5e395291027daa46,4704,sao paulo,SP
ce53e3d7a4a60276824c5462d17a34f2,93a06564406b8c6cab5af6de487a31df,22291,rio de janeiro,RJ
776d24c2bd8c17b3c32f753308c0a8be,7d2f9a6c5762a7ecee64eebfab2644d1,82300,curitiba,PR
9538a496551125bb56e2f3be77b9a45a,e595d377ce75eb89b36fb39ec3785780,29160,serra,ES
de4c540fcac301e3bf0dd6a9ffcfaa8a,96681aa4276748a9133ab6c0cb7f2111,86300,cornelio procopio,PR
5ed20df302ec69a4b9e25c4fa2d2d54e,60fb7acefe26eb4ea30d3768f75dc13a,95200,vacaria,RS
22dfcdfd291a3504e0bb5708058ef999,324c63d7118a7c4b09001600625438fd,4630,sao paulo,SP
1b4aa4d4bbcb6406462f503df14847a0,8ed8e1690ff8407ece677c5fadd79f22,20520,rio de janeiro,RJ
a04fd07fb2796275f40eed69b7c99865,5040991d70fe8053dc6182340d0bfd06,73900,posse,GO
7e3ab6709f035a498a17cb5a9e9e0b93,e6cb7eb6004ab4a83eb100f264a35159,45603,itabuna,BA
df36c3d696e5167eaf8dad13008e5f3c,a0f575c70c2eb6e4ba6843930b50f8f5,18250,guarei,SP
31ab6a796d6f50e7984aba374f115b28,1aaef6b67bca8840918dae624f7abe86,24360,niteroi,RJ
88d9941d5993f28e7017bc9d2f540a24,6da4e04d67ebb3ec08bebfa3b03158ac,13145,paulinia,SP
906cf240823209f74c44d6b0663309a8,585571803ee0d17edb94bdf3569db9cd,30310,belo horizonte,MG
ae40a9366981463c2e921d2ff3527591,d7cc9c9dfe42b7b3ce81e5ce98dfa735,2965,sao paulo,SP
1373bf3289262687cf4e388a8318d8d5,5d9a935069dbcca38415cb23b8cc4ef4,4195,sao paulo,SP
b794de71e3798cfb1daf6aae21548bfa,633ade40fc9909e909c9f941b7072d8d,22230,rio de janeiro,RJ
e8ed7572e721227ba8633a723b2562d2,7713212dfe73f9d229ce336e0e67edc9,65060,sao luis,MA
a6f13157245571c035876037e4cc3ca1,16831d934dc0ec602c64da2fb8899cf7,28893,rio das ostras,RJ
d3026f8e45f46142dc55f6801ae02a47,7852e5c820eb70532882e6975a66f94d,12220,sao jose dos campos,SP
940f2ce7cb288f723f854cdbf763b43a,3316da424a95053075ff436157c0f931,2804,sao paulo,SP
c2a2fca81f9fa31bede9b92c5606bc7b,2f9befbaaacc47daa28fab1e8fc66812,18706,avare,SP
8ca4dd796c8520fe17dcb78c568685ca,55f9cc0d647cdf920b02786fd25437db,25665,petropolis,RJ
e66a30c180b39bc69be9b943afcd94e6,cf36822585430590c8a9b7455537e951,13505,rio claro,SP
c42f73ace92c8109fb462219dc06a400,e06c6e8044a306c2d1eac42777b8c626,3555,sao paulo,SP
598906e581679bc9af2e1f1ebaca663c,cec1e2609b0eb4dbc9b556a9a3a104d3,58125,alagoa nova,PB
0977ccd98cf666f24223669c1aae0180,cc600bdf917663330ad986092b9cb8f5,6765,taboao da serra,SP
deece27ba0aadf232c43fb1f379174e3,d8fdb98e13195529e2de1acdfa129e74,89287,sao bento do sul,SC
4e543e0fc704f5ade7b8bdd49d2b6638,741529ab1765243f00ba06716e3fb538,99150,marau,RS
c0ee2597fcfedfe7a39872e74ca75f73,3c38645e45e10d29cba2897019948d4e,74913,aparecida de goiania,GO
fc5e4bfe03533eeea603a12179af3388,582f16f6e7c44c004033eea0aeaf9b69,39100,diamantina,MG
547d4b9a978e29af787701d11e358b23,2d9ae6ebe362571a896458850d5d6ec4,57044,maceio,AL
57881a5d221c6786c46880c5358abb30,f1acddb13b0339763b3af4497f769ac4,13211,jundiai,SP
8bba7817c19c5fa590c8857669ade46a,b3989aaea8a136281b3ba11272c93cc4,9270,santo andre,SP
1201779af32273e7d0a14ab05164ab0b,8f29552df9b476c07d4e156dc53d38ce,86420,carlopolis,PR
abdf6cc37ffadac78377e096c2d298f0,a02e04835582ffd73a04417c2f7fd58b,37590,jacutinga,MG
bebae093f4094a228504a731abe54904,39b7630b1953fd58c8a23a56a3b9d081,38408,uberlandia,MG
17b6b7850070f21ce0cb8288fb80a606,b888d4e8f85e9d3de8e234db65a87cd8,29168,serra,ES
f680ea76654a400d48f8ca6d16a20442,916264d8ad4f14f096a33c663343178c,11630,ilhabela,SP
6789ff94f33ec35c9ce0eccb2513fa52,a97fee335dc5ba79f2d8215523610793,9951,diadema,SP
d1b7642a6ea8e5dd0f5c4e9f6e147bd4,eac9622db32c4a168fe64406bd4070f4,2920,sao paulo,SP
366b4b63cda57be7ca46ecb33ee71f4e,471198d28ccac06a1448f8928c8681e2,28897,rio das ostras,RJ
a43434ddd74de3fb686800674a4f1af6,382f218d24aace0e7a0bbfb045399cf9,37795,andradas,MG
e665ff378c7fbc9320f3a9507cd7bfd7,093d2dbaa3ef0b3cd2ab570259244104,89500,cacador,SC
4511ae99b6e4a71562a8fff52835d251,38cabae7509aad03c0fa8179a2a8b090,17480,cabralia paulista,SP
8ae262d281173e7b36840e20cd8dc9d8,59598d0c1ae5d4735b823b8754f3f7fe,4613,sao paulo,SP
07dc52724b55fe329c0f84c458f48505,ba51a12e1c5dadd8f3807b3f57a9437f,31130,belo horizonte,MG
fc105fb8764574f55866fa877934c978,c8f08a0e0d8bd51f9cd27119ee77e58f,13184,hortolandia,SP
a7bae4e3c00ecd65443abee9eacf6614,456355e616b6b9460c8fc10a904abdf0,4166,sao paulo,SP
42ed17dd9dd112b5f482da819af01e08,79d8d400234c267b1a0b780e5ab24068,5639,sao paulo,SP
7936eb4ddff395a867c29f51b6c25ee1,25f3cf83109f636d52d288fa4e797111,21620,rio de janeiro,RJ
731a2e445bb92b757cb2fc658826d80f,34162c178a6f582b39adafe7cf883251,60530,fortaleza,CE
d7e3800d834c7a104b669979e90b12d6,63b0f8b7cd9f21af858dd7e6094efeec,2022,sao paulo,SP
d401d40e203390378e43c27046395eb5,d946e4705169903dd9058aa3c945108b,23075,rio de janeiro,RJ
6519f59a7687a4661f7c8a7e24f28f94,324ce23e08a1768007118a11836ea7d3,1037,sao paulo,SP
ded39065fc8497451c408fb756c65a4c,e5251b631fb7541f6f8e69bdf2258185,29010,vitoria,ES
4b7395d051260eca36885f07f32b5f73,ccdc2cd25c64913a68fe4d44e43c7402,17410,alvaro de carvalho,SP
cb51b2fbaabd9799feab4820422b270a,17bd7fdb73ba6e0c5b23ae0cea63ad51,20540,rio de janeiro,RJ
9a6e18e7ee795e46395603eb78abf0a8,3d851653ff7a4c5393e62039bf02cfdd,23071,rio de janeiro,RJ
cb831c015f5b26cae7cda73671c7510f,10b9f2531b9808ef879b829d86792a9f,7131,guarulhos,SP
28991726082135ea6a75457c41995705,04e7254d921632586b4dc9a67a3a04d3,8081,sao paulo,SP
6ec20bc88d916200c9dd90203f08a483,30f4732f9ef9751b2ceb5bffc24f33f4,22440,rio de janeiro,RJ
a667da129180ee7f49d7ca633ffce577,479d8ad9a1e3416a7bc7d21c840c60d5,4317,sao paulo,SP
dfb7c2c626c94a2991089835ed7c2da7,63a5753519e3e9bceddc74685ee16961,9220,santo andre,SP
a1d3d78e83da30d70783ff40f8c9067e,5f0358c04b9617e30c47c374c476fef1,14091,ribeirao preto,SP
60d3853e031617a4500f0d196b429bf9,58c59e12a9aa68ceb0a0e6ee51abd087,6310,carapicuiba,SP
2f32cc670061125271017f98f73addde,66ffab11964dda54f46a826323635120,8773,mogi das cruzes,SP
82e75091956ca96dc8d1325295733386,30b782a79466007756f170cb5bd6bbd8,5872,sao paulo,SP
2500d872cf428ae97a335ac039d9ec00,4d5df98878884c8e4fc796e8d0c79c83,81550,curitiba,PR
aa669113d84e54772dcff82d3dd74177,86668a08223242da3553a085d47a2cb8,29102,vila velha,ES
f67d9e12ea311010186ea6dd5b1748f7,24c704dfd167ece65ae4b61b2685ed1d,6172,osasco,SP
c2f181778a12039532d79460d4ba59e2,3679353f5259c7a09ca6247f55cb4f7e,76806,porto velho,RO
ea27eeb8eb04badc2dbfe54cb1e54f74,1c03d4ffa32383cb2b295db7737aa02a,6395,carapicuiba,SP
b3eadd54a158b3e179e37ffcd09a97a4,232276aa4684c636f797f7990389f660,12955,bom jesus dos perdoes,SP
b0e3cb6a4f179d4ac6adc91841a16b9e,7abad1d4c0e8640412e8d2073741aa50,5726,sao paulo,SP
f1d3bd4e6b8c7df24fef98121bd8710d,04601940a8e4d9e3290ed0b82f3e318e,6050,osasco,SP
875858cb4fa77eb349a94cb42d3303ad,c1ec8a554c30f17eb209bd09df0d98e7,36026,juiz de fora,MG
911ddd6a22200fb5be95414c01dbab72,243b20ebf709615111e1151da9995cfc,97250,nova palma,RS
9ec3bc2615120af90c75c1cc7bc4fa81,18fa322e53ceade98155520fdb944c47,49900,propria,SE
42eb20c7af6139c9b3c52be6d46a46a5,f141ef7130804c5422f2d1bb58115292,35657,leandro ferreira,MG
ef61483f84cb06e6510dec2103d4e789,e888fbcda6edaa417d655ffb6d6e5200,12061,taubate,SP
1e09987320988d8b3261d401a5d2c2f8,cd78998a823aed40ab25f6044aad6ed4,36570,vicosa,MG
ed9d67265a581b5d39c4bbcf337f6a51,cdbe9e6dda65875d53fa13065d5a4ee9,37501,itajuba,MG
90154c4758ec68d50d74a971c4073314,a041d8d6e9d59f65f9c042ef630c2193,88036,florianopolis,SC
6e4240128fc3c9e110f429b72a92822f,6d1169485cdd4e5d84501d6f6241bdea,2317,sao paulo,SP
918682ce20388377743df77dd23645ef,ad39475d18fc97e31bb5fc35b033946d,1321,sao paulo,SP
a16696afb36b4eb70a718a4932c0db09,fc0749f31ad83e47f68714daa6034e96,81580,curitiba,PR
e05514718390ea5c5de170c243b30fad,af7854a3570a864baa19f099c67d3e07,4632,sao paulo,SP
f2671ad58a644c3de291f370489f2805,c4aa8d1c0d2671cc3fc06775ed039d25,5434,sao paulo,SP
d707f0c570bead47049c3a517b657b95,abb248e062ac0172f20687bc019bed89,22420,rio de janeiro,RJ
37750266450eef3226b92346f056b786,64f74dd56b328dc02d0492da5f0cce31,40391,salvador,BA
892f0b2349a54be7359c83c18fb5c241,ea377f7ce3cef6d25691cc1f2e66ef85,97800,sao luiz gonzaga,RS
ac9003f42265dbb7e2062aae6911d535,91c0ed5fde94a56b99e4ce6d43d0d6be,6765,taboao da serra,SP
040eba6a84cd4b4eb4ec87a825439c72,556b0c9c0dcaf1aa2fc8f93c6dea284f,66073,belem,PA
39d1b3f6e70944054f15906756f6f6c9,1deeb2af44be649d0a8d3660bc7afb8b,89130,indaial,SC
f3084e580643e82bf08226815a75608b,d1170e97d8d0a3bc3adf9cea53d6f385,59902,francisco dantas,RN
4cff4ccf3368309cf771eecd63eed6da,0549d7b9494ed2ddff7ff9dee3cf3f5c,96810,santa cruz do sul,RS
4cd82bbc6e8b838a998e3049fe862493,e79bdfb1975088838e230df4d810ca45,64025,teresina,PI
23b8d8f0b764cd3b1b8791a64cf2e79c,3476f88b6c1982086dda29ac29cd345e,14050,ribeirao preto,SP
ccdcf5a3241fa4143b5e8e92199a5c4a,75a1e841d43d58d357c11ad4d35dc70f,3045,sao paulo,SP
56db056a50c2c0e00ecb1a9f15d92ce0,434825743a3426c100c479f571816a81,13800,mogi mirim,SP
e311c5cf7650f781ee140f998ebd8ae7,db73a3f1ef7a87b89e1aeec92f2a7e38,88410,atalanta,SC
624dd44e174c96c79397a7f030f08e8d,cb393dbdd89179066ba265209256debe,64600,picos,PI
4c0db677ace7cfb1bc3b297422510dea,cba22aad59713df65fb10fbf657eacf8,99052,passo fundo,RS
4eadcffca4cbd545ee337b830acd0b6d,e98bdc1c38e484a648ab98880a509aa6,5633,sao paulo,SP
9fdf053062b1f535917981029e490fa8,5f55955ddaecbb08c84de1fabef864f1,94850,alvorada,RS
dd502b57abd7ac93f33959fd9cc88348,0895c61a77b305efdfad13596c749c60,13088,campinas,SP
b48a7fbccbe678a096c4639b103a9af9,e75759502bead797744232e0ced3c0d4,13304,itu,SP
e00cd6b2b1b0bd04a6813359a2698380,f0f09b122ea2b058f74e1e1b6d16554a,14050,ribeirao preto,SP
2a7538a3a9b5de992de6fda7e4338624,5a868d74b4b972b5a132c20e67bc4cee,68633,dom eliseu,PA
3839f89127a69207ac46a8c0f3269ac7,7212270aeba658bd917f5e1ff62358d7,44076,feira de santana,BA
bddabc9e266194149ea15a62de9e55a8,64d2e33a3fe2eedf9cbe7a33ebf00270,13280,vinhedo,SP
92630c29ae3735ed24891feef3e66906,f596242db91986b554f25768577cd5be,35790,curvelo,MG
ed55ec2e2dfb8c29e07a1bf61cf889e5,7a2201aa8cc595430b8e83b8da2639b0,8225,sao paulo,SP
10b6ca8551febff6407d7331aa0c95e8,b3446540ddd2f45621cc3b34b6b1b5f5,89010,blumenau,SC
fa5bc8f480c2de2027c6f8f1e0e7c392,6b9f0ab331a35b7d166e719ff0df0cac,37730,campestre,MG
01fba1cb73bbc4533bde8318035fa9e7,4080c1ebb0a347ae1cdc497e54b2e886,20081,rio de janeiro,RJ
12f00aefcd1d137844bb0b139527ffc5,36445bb429c8bb13c3f8cd6794723647,40451,salvador,BA
9c80a6e1fb3ca98a63dbde1cd2557985,74cb1ad7e6d5674325c1f99b5ea30d82,4363,sao paulo,SP
6feec19ac422bb1f5fcb89ee26922aaa,7000ba8464b01158048ff60510bc5c57,27936,macae,RJ
0ae2c954e68238f2a8f8ff8b24766bc7,aebd3b22b156e507f0c7ecfcbb567a3d,13820,jaguariuna,SP
1156e7c99b96d2222ef03da9831eb266,336a8c5ed580bb95103d60b140da906c,39210,santo hipolito,MG
258539509521d87f8837ae036369880a,eee84770865fb83f6e209e8423ced454,6435,barueri,SP
d157955b6be3a7ee41fa6f4b23739472,43105c70403a6453a47c59cc6460962e,18440,itabera,SP
a6e927129ccc2bfc77279fb42c178858,68549c5460dc3dac8e4f0e6f84f7b722,15105,potirendaba,SP
236164dd0ff42848fca581b887c1f6c9,6b21e189551050368fc9b93602f749e2,75084,anapolis,GO
af6f22c83206abe82bea28ddb4769513,c08a021fcc80119586d4349986adc75e,88735,gravatal,SC
893c3461da11001c1a1d9bf9afd13aa5,d56879f3551bb3b35caa7950ef7e7dd1,85170,pinhao,PR
f1f2220be2d7765501bfd00eb025fa3e,757741b13845d5860e563a10310ae445,13070,campinas,SP
2bcb866f83a922fe129eee30d6657290,cfefb679a146c112056e223b1099b591,18285,cesario lange,SP
654111c54075858e34bbabeeb1a1273d,dc9d7738c8da323923a5205895d5b398,7124,guarulhos,SP
30e20b600c72408514e38306ffc7138b,b00ea1e069481794abd873a9342fbf58,2754,sao paulo,SP
9129cf8276a56e1c8b1b61ed8cacf484,caa344694fab590ff3748dd831fb78d8,9720,sao bernardo do campo,SP
5a5bee06f22d5f03e2d648c82571b4ba,59bb10015afb7afabc67252dbbf21985,26285,nova iguacu,RJ
b11e250946825112922c4a12a013b858,ee68a25b07d4c5813cc293bb22da79fb,13034,campinas,SP
2129cc3d2764d1f9c4618f6c06f40f65,f984282dbc5ed83718ccdb6bebcb14bc,23895,seropedica,RJ
8eb15ee1040f1c807ba88990089004ad,1bf8b36d725e5d083cdf35b40bf69a36,88040,florianopolis,SC
b4d1a3ed75c14a0a67cf515cdad1ff79,50dc9d7cd9605711900b16a717908eb6,44470,vera cruz,BA
4ac6bbe5dcaf264863bff08692d00578,b88f3063be88d1ecc23e44d000d5f639,35703,sete lagoas,MG
522b39c82a9a0eeed9fca23de766cbc8,ff095a5f37e0c0199dfd3f2359ecf6b8,58801,sousa,PB
33e568bedf5661ed4fa55e229874c071,395be88d52df2344608c367527f125fc,22720,rio de janeiro,RJ
fbe72cfa6ea0eedd96381d0a68eff8af,4d14ab62feba00916e402c16851cc02c,4564,sao paulo,SP
e4c5593923a15e857d120fab87609318,8f5c7b4a8c8d553a261e435fcd2d1863,39600,aracuai,MG
c4a2da69a354a249cb1c07d703552053,f3cc15d4f36871d4e330ead99799f2ac,65292,boa vista do gurupi,MA
d3d7dd13a66c2d1362de5251fdbebef2,9edff4c2e973f86cb82c45cc33485a75,88330,balneario camboriu,SC
bf814c71e0db62efbaa06968cc9c6763,b533f9ea6bc2a0fa5ed31e37155a3ea1,84400,prudentopolis,PR
36a95299dcc99992ac71defa090dc4c4,3d8de2ffff62ece629f9783044fa5f9b,12414,pindamonhangaba,SP
989d0306f46bfd75ab52c21c9d307679,c37b132f9c63622c1305a629a6fc1976,22430,rio de janeiro,RJ
3ba4c54a45fcf215d16b7c5fd916deaf,4e2921718ee14388ff9d798ba49528a5,78556,sinop,MT
f54ff0ff6dbdfcac2b593b3154f207f1,04dd576f551d493e80d2d3a5fad5834b,18620,anhembi,SP
8310ed73d01e240966ac0b8127bc68b9,dbbeccb05223aeb715c459c496258f4e,45848,itabela,BA
419dcee16dfb4b82102d0f441fa3397c,0a519a9a9077d42f8ac242825fc99a48,29047,vitoria,ES
76f07d247039cd77e1cc89cebcf82aa5,fbe1e766ced2315c4ce44b68d37ddbe5,82940,curitiba,PR
81d496ec70b5cbfdd088b86d39d9f078,d8008fc6c5da802385f96e7a5e292f0c,90830,porto alegre,RS
4212cb0b515edd1723eb5dade9852916,bb8486cad0e431659227f6fb18fc6a72,29090,vitoria,ES
f0bafcc4e19c8efd9aef04d2d4bc1527,0505ce8a161975b0e8e7c16530c56015,6816,embu das artes,SP
be2be648d9b138656b913d423ed0ae19,ad4c1b32e96f691cd015c5aaee9d252e,9111,santo andre,SP
606d6f66e1df8bdb3a58d9a1b3f2894d,3999dd968ff424c2a706b887255f7ecd,2264,sao paulo,SP
13e4f3eb0b0869583f720c992376bf08,4ed413aee1c65e98a025d2ee754aa687,35450,itabirito,MG
2d8610587725959ffe9ff9e9696f6c86,3db70423f1e5cf9d8aba8a2d460f1700,20261,rio de janeiro,RJ
791adb0cb24efdbc7bca8035528f4446,ed271e3b9d6f49efda026f88ef06dcf6,64052,teresina,PI
0058153a752ee674162564afb1191d25,da6c70612a3d7484427e8442ff96056c,13214,jundiai,SP
7a488fa8ab38cf1c5fc2a7d95a1c84f0,e4b98eebb8983cade8610c0def59f705,22630,rio de janeiro,RJ
2d691a5872478b245f5c80c7077b8901,46f8480c92b05fd97e37974a582df787,56260,ipubi,PE
a43feec22398d94452ebb06dba1ff80d,f309ce8ec5099fbffad31a343a143e28,17560,vera cruz,SP
6f8fabdb68a6ad9c7f5d49413e65f46d,dd77997918b0718d20f610f97175a507,42703,lauro de freitas,BA
f39a5467ddf0e94e79e09672905b50d0,b31e2af882f59c495163fd60c09cc9a6,13565,sao carlos,SP
b07e3d2770a8635837a1a1542b0d54f5,a8782b0257ca3ed5cd665f5e7a0bb0c2,39400,montes claros,MG
c86ba1fc25ab18f3109aeecf55e497d3,ced0da108c30beadd4b01f58b4ed3075,18090,sorocaba,SP
5d36976ccb4dfefc743eede038a851b5,c318a0566b2a3b77d1f05bac5e8b4bea,31030,belo horizonte,MG
90e3a45b81c14374795f25a8fea67c8e,f2981021fc462c200e6345130c216f1b,66812,belem,PA
33b04ed3a65920372c212f95cb9fa5ca,39a67a9d203abf027ebac4a1ffeeb663,35560,santo antonio do monte,MG
c031cf438eaa6c40ffc3b376e05857d1,706f24c3298b64f1af2f8b4ff541866a,6765,taboao da serra,SP
b995dc022350b92b96dc3d1678368e41,1e380d8c09047dccbb10a27ae8dfede6,86380,andira,PR
0fb55518436111358f550b10bfe4e180,70cfa73f84331fd808c8e1bf10f6213d,36307,sao joao del rei,MG
1c3d7a65ccd05610b467567d6879a2f2,4b599442ff4a54a2bd46ec60a441afd5,74140,goiania,GO
9938dc00ee7b2a4e7843c807deb29ba7,049aed8b06122c6c6733dfeec2de5192,38610,unai,MG
36280de836e519ab5004690b9219df9b,a0872c0aa5ed3ec37de9002123a9ec7a,74366,goiania,GO
29ab23f8178580030437fa4cf68111c0,1e7f3aa3342ec8a73253416133167cd1,90040,porto alegre,RS
1a760c39f66b1b47fe6812876b945e48,1f158aaee60e88bec053b05d2224cda4,20271,rio de janeiro,RJ
ce5c8c732842b0d9dd8b950e9d70358e,c8eb59dff82e9e69cadf70af7e4b6b13,89600,joacaba,SC
d2241057a10028bdde6bf118ec74e49b,e8406effccc04eefb8fd8279da2fd4dd,21341,rio de janeiro,RJ
425885462bb30dcb05866866aa6ff81a,a5101a8d43822077372c0f81596b6bf5,4826,sao paulo,SP
78449129b97eb41e46418a648050d958,9bbc240a0727f809394641071728abb4,13466,americana,SP
ae22e15aa05dbb05e754b9cd2c4846ac,b2cd70357cb75d39afecd27847a5d384,2650,sao paulo,SP
38a8eed82f0a23ea6ffa40bb72ba9ee6,32b592fcce028e451c41aa6b5fe60add,37502,itajuba,MG
5d94eb3a651e44419266ec8fddbd57be,a611c80155435e6a86012d159d9e5007,71741,brasilia,DF
1b6aceac84d043da5b7a09d1baa8a40d,e062c41b8304538628803186b66c9c97,13255,itatiba,SP
428e2a922b73a9f9fd3f463f767159ab,511bc51a4cf7afbd09401ff8f0b6273d,24724,sao goncalo,RJ
d95eb0e957edfbca43feb2f292484de4,f4af0b3f627879bf6801db96949b1e71,6773,taboao da serra,SP
fba7127c5408d58b69e6a5502865a4ce,69021c0f14d956106e47a18dad381b01,2217,sao paulo,SP
82239de58e13a902a1dd2ac7ceccddf8,2593559c787f18123388ffc746ea2857,5842,sao paulo,SP
0fe5a97d856c6e12e88270cd49d08b2a,565bb6799d52aa72690c24fe85231598,23550,rio de janeiro,RJ
43ab53dd49eed1db9a84112751175d74,7fa722be514d2a1c2fdcce8247a2818b,81270,curitiba,PR
5d82da996297b353588bc2f1da9b9b9e,54a8d7fd6560282ec857e292ae3e7036,24734,sao goncalo,RJ
e4f8c2a561051049fd962589006c062e,9b8dc9c0ff0542d021d0285e99697875,88341,camboriu,SC
0f0954bf97e454075ed89d562f01d8dd,ef6baab963aed837576218d1bc1db735,20240,rio de janeiro,RJ
e3b25a8708f4f6e2f7b6fb5caa2eefe9,30a9badf47aee5400aa486856cc18cfa,5020,sao paulo,SP
b2f66716339acf3fd29df8cb5ad63158,d2185da6e80942141ffc1dfe5ebbe716,20765,rio de janeiro,RJ
e5c49220ea97eddff8b1fbb594913a43,539a46fd0fe17b457ea27dacf709c406,20521,rio de janeiro,RJ
fc788d5e3648d52793588cb90a77b5a1,4e0e2c55be4484ff485141aa1ae03bdd,73801,formosa,GO
e8d28d2771d39b2a5969232737233e9a,455021c1d511b64eab0b98e017b258d0,23026,rio de janeiro,RJ
07eb1b14bb3ad0b4c5b5a5412d13eea1,ef2c47598d52e611979177d7d03bcc7d,13632,pirassununga,SP
642ca6837fc987be7fb4c37628647b46,f3ddbf26e38c05a810f73a77f2bc06f1,22071,rio de janeiro,RJ
7b514dbab8ef621b561b03831b31f9e6,bf1241eb66a008f5229590a2d9042f72,3164,sao paulo,SP
fbafa37ca426d853ba6afe1c796f8c37,12817b9f1da8db0d01221bce0ce5cf62,9111,santo andre,SP
945de19aa8e05f7328c1de8f7a7a048b,a83eb530aa080e7d3d2ba962e9b3e4a5,95990,ilopolis,RS
510781317f5881c0ce1d4506cb1185f9,2d49867bd13a372bea98277eb9c575b1,74020,goiania,GO
aba117622ed5ebbbf12cec54e77ea66e,1062922ff74853417e6f85ad68833a56,88540,otacilio costa,SC
8c615e8041af01e1fb4e74907d70a478,ce57886c45ed2f903d3b45b0283f507e,86200,ibipora,PR
9cc508ab838e2303299fe5c9d97a2704,e4787ce91345e0da5002acfe07c0a8f3,15880,tabapua,SP
29be48f5de0efaa0edc2d8741bd6a218,b48287e135b544e8cda94aa7bd4cb343,74645,goiania,GO
bf3ce642700f48af4eac23622e9ca327,714734aa97dfc3344edec798c6be7083,5014,sao paulo,SP
ff3aa468b3a7f789f855f858cc6a2438,19a4c35463da4ec8db87a8e2222f5911,5012,sao paulo,SP
2951177dd2ff5f7fb550f854733d1fa9,f10dcb527dc33835e4762d61d618c96e,13185,hortolandia,SP
139b6cd4eb1c268bb89af031d62b7000,e6bdbdf539c53839b7d4f4a6a2b6984f,9960,diadema,SP
29d896af6952f87f4e4416e976985555,ed1cad5e10122c2c5dd56f8bf6a18576,79332,corumba,MS
a181c725fbac1e1d13348c71d7c5c9f9,b3a842ea215dc63f6094842e817f9bdb,3251,sao paulo,SP
278c63ede99698eb4838f0df378d9adf,deea7416e5baacd083b67f25fe2cd142,70862,brasilia,DF
6f73cd5eba805d0532ea9099393deed1,053e4f362dde6cbd1493b735fd3282ec,27277,volta redonda,RJ
e1c409b2499704247a1dbb5b7f96d78f,a59fb29abf279cac3c8777a5e7d3da24,15080,sao jose do rio preto,SP
c2da3910c101b8a7c4e270ae4ef4e5c0,8a5ec8d40544bd13f6e090182ba60008,13457,santa barbara d'oeste,SP
0fe123899f3b5e1552eb5dea4d9d2283,cd40521579e1a188a7fd1cae72b386b7,85950,palotina,PR
6108edce175bb2a5d603884594fae1d5,b8013f255b89f49e84da9464917defbf,30240,belo horizonte,MG
899d314e0ceb5d259c42293077eb5102,77814a553d6764c4ef1e5b91ff0b4832,11320,sao vicente,SP
659b21e93a6fdd45d2cb906223618cbe,f92b108c8aedfb5e8ad69a540a689209,24210,niteroi,RJ
e4831d382b78bb2bba00e6c02b9562a9,1d7762ea2b16037b70804841d539021e,8530,ferraz de vasconcelos,SP
c35d3d5d1356c183c2742edd2f8ccbef,12d0a27ae3bb0fb70edc1d9278d869b9,5311,sao paulo,SP
91f62d1acc70de76856fe56e6fa04a32,840c2c21ed8379b8aaba2e5f6479b0c0,4432,sao paulo,SP
2d0a0a0cf5486b4ba0c20331304305e6,271b658b36e1a35a76700798c7b88c9f,35960,santa barbara,MG
fb7481b0cc9f7ef408c625a696cf3e51,ff1828e89db7cbba99c1cd0760f3d89b,88815,criciuma,SC
d716708080665af336cd4bc2aa0f4ba8,80309c345159c6d95a16fccf3ee25f60,24452,sao goncalo,RJ
d7837537f0fbe29cade1ee024539bbbc,c177749709d397d0804955f17d05f494,15061,sao jose do rio preto,SP
ed17f7cfab06ad5010c569513a1093d4,544d24409f1ea525dfd74b6d0bc7d633,4216,sao paulo,SP
8c36552c8308b0ba88cd19ba9fa14597,68b47ae4390052f8d60dd4f4a0c45102,9551,sao caetano do sul,SP
eb6e86744bdbcb48c0f9129bc8cfb9c5,f8220d8a739cf896eb351765da7daca1,8737,mogi das cruzes,SP
f7302cd809752f03603a30e3ee06696a,c7879cce05a7329b9ca86568186406b6,13990,espirito santo do pinhal,SP
11606ae54baae4efda562f7c8c14b46d,7d86feb80a0843ed43aef438f8c028b1,74823,goiania,GO
ad3251051c6981b78a714268f03e4e4a,7f5bd6794737ef7e317f7c297c687ebd,95700,bento goncalves,RS
64a8756f577e219a3752509a837ce067,e2ddff1bf91c0d4071fa08a29cf9a058,5364,sao paulo,SP
c0fd6186a94fc6fe13f085e45a2b5045,5b4270eb80fe2d60cde8289dc6a20fe4,64078,teresina,PI
f24d7a432c684bf4e571600c1a8c313a,2625152aff7b3ef5f24a0bf36bfd59cf,22740,rio de janeiro,RJ
7fc7c15105f0df0bf815b5b149eb04e6,241c823bc40b844874ac22c62238e740,20771,rio de janeiro,RJ
bee38172e88b59389711a1147ac7521a,62b577bd271ab007b66862f5126f9fde,17514,marilia,SP
1f843b666464a2b8e2f0c82b1f4ef82b,63c78253a65d7ae0ade8cf3282a2b190,23047,rio de janeiro,RJ
31ad7bf4a4090e22e0c5d22acaf04f9e,339144ac12bd46326218a890a0ce45d1,35670,mateus leme,MG
607351e2b45eca84823f158f10387775,012ba82b3ff6ea994a4ecc6c848a4782,13050,campinas,SP
68f692d1f39843a16d9319a7306b6b10,0bec90ebca9ff4b2b830950bb052e52d,19160,alvares machado,SP
bc44c4c170767755c0321dc6aa1aa05b,5053321e149637b00e40aa4be14fd6a4,6715,cotia,SP
5a978956f6539e2e344d24647d784562,9f883238e9f52a59655aad680f1e444a,18540,porto feliz,SP
feb218d83fec5edd15652761eecdabcc,ec1a46ef8409aca3b3f94b01e02d6582,1310,sao paulo,SP
9fa0823c5a0aa74a619092da448119c4,dc7834a96c0a7d00791c270c6429286a,35720,matozinhos,MG
86c74e1a7c642fe8eb9e3c57c6b95c8d,c17b4437a8b1390e7dc159ae02ed7317,85580,itapejara d'oeste,PR
fdd9327630579a54d51465e9cae41a9a,19a1aaf98489ddf00c16ada82447e21e,9855,sao bernardo do campo,SP
95149169752f33705244ee124d213204,f90991a5af30ace5666c873abc3fbf10,12610,lorena,SP
34aeda2e58cb0b208099004f55062cb3,5d178585546c32b8cb377447e1b33083,44052,feira de santana,BA
3525876b026b30927d11863412612b13,a6407548a234d06bd4065eba0ff6e99c,7025,guarulhos,SP
3e0483e69ad990a67229dcaee3b37cf4,9a267bc97bca41367c6451fc3134c392,5056,sao paulo,SP
1736819d6eaaf025234364660469b714,bc4947fdaf6455266a46dde6d54228e6,12243,sao jose dos campos,SP
97b2b6460d59f786baf7f4b2b3ba64d6,6b6692920f9589e0eb5e9e6c6a377ad3,47800,barreiras,BA
abbbbf3b358a480884af84bee14b9102,0b66097f4f6d693632a2262ea6044ab7,66610,belem,PA
732b3392e5516cb60017547792c7e141,a8df31b568556605935ad291fa8cc166,51030,recife,PE
1fca14ff2861355f6e5f14306ff977a7,da62f9e57a76d978d02ab5362c509660,11722,praia grande,SP
fb082762e5a4e41cedcf439f6f7b32c0,65ef1047a04dea7c4ac6c24cb960977e,8253,sao paulo,SP
62b59a64eb786a96516229b7f3612c72,921fa6982e780da7d9e0bb6ca11b380c,93010,sao leopoldo,RS
b97c2a086648b68159e6ffb52f7ac452,c5e1c6a32df27a1bf0beef66d325bc74,64078,teresina,PI
7f34b9bf56cacd4cb15a9c221c7d31da,75fe3566fc68605bd961efb66c628efb,37200,lavras,MG
1b05ddbf77423faacb813310e762586d,c86634a25d72ddc721d6389f969180c2,29055,vitoria,ES
687223424c00a708c168301ebb8d16ef,83e1722d7fa45e1393a1226cd68c46b1,87501,umuarama,PR
cfebfc0e3c40c12fa6153e1e76d2685c,6ae98e2bdf8d09e86cd16479fa511f9e,59108,natal,RN
de0c4d984792eb5cc97509c7e1d6cb5d,12aca1d9ee22b8cfba425249b45b07bd,22410,rio de janeiro,RJ
4f61f8c61f079aa7d12dc2b21087507c,3ff2c5fbda0952d5b0a7f32aa0437e8e,6460,barueri,SP
b6ff5a99f18bc4da7753ab8659c829df,5f9acccf19a533ac36c79bc80309893a,89066,blumenau,SC
3982c2958292950bf13e6df79c25aa3f,ede1ea2289df1d00cd59334762b0bd43,29065,vitoria,ES
e01d4d0c98a1f1e998f3b78aa5c48874,02a3fc88421c4bb19b14420b7d1b6bd3,3451,sao paulo,SP
5df01440460ae5cac2f74aba93f8e946,43aaa510c68e6d1f0355352c99c06e1b,20031,rio de janeiro,RJ
7df0b431d81325e82cfc663f2c43efef,0cd486dbca272abc9253e609b2052d1a,71680,brasilia,DF
dbdac9ead3187fed68b68fd81a5321da,94b7e216737623dc935a685037d1eb21,89227,joinville,SC
2667bc80c6ede888b1ab84093e1e1a14,c8e3b021db795adc6f3b09a44345b18e,9132,santo andre,SP
9e3fe122c953e6f616a2d6bb78307741,c94edc4af5621bb5f8c914b3aae0d428,6213,osasco,SP
1ddcc619647ca008fdc24f8302c8573f,9aa679326b151fc564c2a238f361aa7d,5678,sao paulo,SP
b796e0c31028cfd17967cb1cb6b5dfc9,46ccb0012f64c53a1ed1e87bb8ae60ed,8616,suzano,SP
1dec5968d57ad73965f305ba85654eda,a95637272721257c61a75e2ec767eb3f,69050,manaus,AM
0e63a54cb887ce4ed340ebf5e8cececa,4c34d2ee146ada6cab4004100f065fd7,35160,ipatinga,MG
06e663beae776e2f679ae6d7ccfd222e,894deb85f65143798b77055b57293c3c,60110,fortaleza,CE
51ec9c71b8a1fa7cfbdcd29bcbdeea39,346fce1712054d4339be023a27c38f13,77470,formoso do araguaia,TO
3e30a714244b6788f9fe5637911da9b2,df025c7a7a38c96f62ca9e718eff51ce,1512,sao paulo,SP
001c7f05398c45b42eee0d5a77783bca,ba7ae7b528a2b8359ff63e3014da964c,6719,cotia,SP
d022bd4e48a3db0ddca17f5204dff2a1,afed5a21e94b4e3e5fbe6c7e4bc92f4c,13321,salto,SP
98320c18e7b0f0ad33ae1283f6482237,c4912bc35e8078d9238b56975dfdf104,36400,conselheiro lafaiete,MG
883fad5fe34ba612be8d2047895ff139,4d3d7eafae2022b086733db28814cad3,25710,petropolis,RJ
3ff46fd67dbe9f158238070d47821cf4,643dd0536b1899e5f075f41751f1c832,4794,sao paulo,SP
b7e148738c004d326ccc987bf4d78372,11dd6fa936085680ee67fecd8e8d05f1,33825,ribeirao das neves,MG
868ca3c0616bfa1724d5dee470e33565,fa8661e9f48b1bf1b6cf827059db20b0,20520,rio de janeiro,RJ
eb8785624bbc5262c11b11518c6b9c33,7878d477fdfe4911ac5543b953fb4162,89650,treze tilias,SC
399cb3db1d7a4c442e4833b5f57a4429,f0cd91b4062c68c65d115f48f368718f,96810,santa cruz do sul,RS
3f9d223f86d2f243dd5a85fdc286c62a,93b592cbb89abbda7dc554c39add344e,13848,mogi-guacu,SP
3bb6fe6b4eb747875fd4976d6b37e8cc,9d730871939ca4de00608749fdb43051,11050,santos,SP
3a28a125ae8571da188c2152082fabf5,288dc753b26fe353e5e4d69c5de5ed45,28180,cardoso moreira,RJ
4f1e6c4e24277aeb870b2314b86224d9,37e388e4c186feb07a22d17f9a4d56f3,7241,guarulhos,SP
e2eed9d273e12f782167ef6b5a5a1bce,95503ba2ecf3a1e14d68c6599601b9ab,73080,brasilia,DF
6e36e65ac8a2d6648fe31c13aa4e7b42,1b359b38c83520c3d4a8518ae0a7e304,22260,rio de janeiro,RJ
a65c7113cc2483029fc52ce8c6af46cf,9ee52cce6e29ded06c7e6e1d65b238e9,20081,rio de janeiro,RJ
ce976f549c104536bfe1468454154b35,676dba30d784260b87b27020532a4627,28470,santo antonio de padua,RJ
dd0ec9c1e70785cba65418e8c44ef00e,304b16ed53cb5255cdcaf9c4087f86da,41100,salvador,BA
d8a9d769f268e4800b019a0d8c2328ae,e10193dae6c90d2807b69286e1207208,93544,novo hamburgo,RS
cd8c7feb6e5a1f734ef52ffcf4a25c6a,080a538ba865739bd97c3ffd9e71bcf0,11712,praia grande,SP
291d6844b59e2c397d3c5003a8bd709b,66efda21323af0cafdc4490864d3ad68,2545,sao paulo,SP
5425974ca1091055b0c05604f43f711e,940479e512430562ff270c006915e19d,27343,barra mansa,RJ
4653d9549c8d0bcfa57b462d36fa1b79,a85677c3fcb55f51f42a55258da6080f,8630,suzano,SP
513f69cbf70fa1089df98c833bbfd6bc,13bf0b4120921402dff563cda4383ff6,21320,rio de janeiro,RJ
1267bc0a6f110e3e057dd92eb0163c61,55ce1aaa65b4081195ba9db510eb86cb,19905,ourinhos,SP
dcf9da02825b471237d9f83bd0c39fe6,02168ea18740a0fdaaa15f11bebba5db,97015,santa maria,RS
64d1999fccf860c8164fc0374209625c,fa50e9e49f5d91746a823b1c0577318c,3220,sao paulo,SP
b31700129fac4f7d452b4b5216fde4d6,9e88e74bfee837681103e3a79384a1e3,44590,santa teresinha,BA
fb5adcc8d11e1000f05d9e6b683a0700,910049a37deee265cbf313d8fc77df7c,41730,salvador,BA
32e84e30a72593d42adf2608dcdc3921,25d35c284f65db164db0ad78763aa16b,11530,cubatao,SP
df5e4aab3ffa6952f744401391b14066,4d3dcf327588c638dec11f14126f165f,22071,rio de janeiro,RJ
7aa5c798faaf42173981b921aaaacae3,ace4b37d585102eb36b5371cf9b5ecc3,75635,crominia,GO
d27a0560b2900260662c7cf680c21ee2,b1629061283eee06c60d9b9a35b01c4e,85275,laranjal,PR
34762c7ffa1e30effc6e33fc31c3742f,869be6f00b4c49e72f9a1e2033baa9f0,29785,vila valerio,ES
2941159daf7b19262ea372b0c1faca2c,afdd435c0fadb4503a40395b3af9c5bb,6763,taboao da serra,SP
683ee50297d69c35e07eb2fbcdc95737,0165dc4e0c64d7c1e17757ab8676f213,6036,osasco,SP
f83edc56f1e9954573e8e33d640d9707,ee9acb80d01d42bd5d2a4d850c1c606e,35930,joao monlevade,MG
c39ecfa4a990491a861ff5cbe6b80ec2,88388502f20df20b31ccd1a4aca9e898,13076,campinas,SP
f084c9358e93908e58e42c0e3f7fed69,633cde82da54389c1018461f59427a42,5761,sao paulo,SP
6ff9a4347bfa57f715794620807ff551,456aa9b8ae47963b150bdf28ce6a0926,36844,tombos,MG
bbb6209ec81e15add72706f298fe88e2,cf9261e46505738c6353cd1713c23339,76530,mundo novo,GO
a862553fffca102946274396683cbd39,4e2d666f4bbc94a8ded712172a433d65,21310,rio de janeiro,RJ
0037d14e53af1d555a582504a4058f4c,442bdd695caba6183fc44d6cfdd4f094,5857,sao paulo,SP
5444e5d0250fbbda0955d66d99aeea3d,959d38196f996be3c582250e33f52611,4709,sao paulo,SP
f3f5f2c750c64c3bb2a8d10e7c511d46,d6bb6368cab327143f1b8976431bea2a,28400,sao fidelis,RJ
51def764e5bbf0192ed1d8130cfce208,18310cb961d1f20bbaf428b22dc0e92d,20031,rio de janeiro,RJ
f176e43ae87e9456af2f9bed9243b93d,f705356badc4534489e2e7ea9c02c16c,26032,nova iguacu,RJ
d4914fdce3947bbb342bda7ff7333042,78c86fc0cb01e149e6b74d54363539e6,5043,sao paulo,SP
03484d8666a3cecf775ab6eeca4576ec,563e700163aa2df323b1251adb24f789,36570,vicosa,MG
397763187b4a29697d71cacaecef05d8,f576f26e673b249c12fc66b9019eecfe,86690,colorado,PR
9684024aad1f7f862ec6291eb751c50e,0fc39c6d54669f7a3420183cfa27902a,17501,marilia,SP
a5ae10c4cf5d68123ae82de71e884f24,4ac3f009806f721ded4a1d38286dc86a,8750,mogi das cruzes,SP
e10711e2c6acbe40d4fa6ad9a5bf647c,f47665989ba7311aa9c98a201d4c29ed,5017,sao paulo,SP
586af8a2b104ecb53497149f1fb0cc51,bbb35e0ef05cc5c8cfbf3a2b2dc94256,26291,nova iguacu,RJ
e672223579b2241f67b57c34d7aad49d,db3f7696bd3e4d37154c016633fe1779,18053,sorocaba,SP
5dc9d4245de8364e6dd879734ea905e7,a62d2ca7ae7396cf26c0593a7629b341,28909,cabo frio,RJ
02d90fa9d123cbc2535acd3871b10acb,79c3ef46b89f10777f5604a5e1ee22b5,22260,rio de janeiro,RJ
3a0557c5236d866291795f7a4ee3c2c7,abcc1acad252e7151488e83f2da0ab20,13172,sumare,SP
ed3fe46fbc557470fab546231b8b44dd,399c968e41d02763022929d9c8088052,59930,coronel joao pessoa,RN
06be66243346e59b86a04d25496b19e3,6ba32acdf26ca5cdabce839d791b634f,16050,aracatuba,SP
ab8f9b7ac7fd6927c569c0233a6f0633,5b7c8326f4b959b9d18be1c669b3e620,13215,jundiai,SP
ee76d186862db08ec487d67f0e5c7bc4,03b2cffef7bf1140a4dc136a673d6b11,14403,franca,SP
4498e0fa4951df931bc990d233493cf1,f1ad6ed9c2b85ec8b9a8f9ad71d074c9,18300,capao bonito,SP
4f431dee2efccd72a2b5707929dc85bf,59a2c18c257098c550b92d28d79d7e36,59054,natal,RN
ca1acfe5e122fab31e4609bbfd711b67,d366cfc097d250c153a712cebfc7d94a,88135,palhoca,SC
d8ab5b41d7a5762f09f5327d552dda1c,de0cba3ac0b8144674abc175388c47d8,3040,sao paulo,SP
42da46ef0cdd769b68cea0d88b6bc5ec,ef057d5e1e98631079064c5b892de94c,23510,rio de janeiro,RJ
4e99533d9f44d1f5a66cae1bb9e42ba4,284c24639d06fd022ad9105c46f7f923,28950,armacao dos buzios,RJ
c6b80a2b1b90507f8a4d42ec211ba949,82dfa15e138ccec1896ca84a3151248d,8529,ferraz de vasconcelos,SP
683ea4e05524b7d01d01a91b7bdb3ac0,7898c23696ea1ebb4d1a7d62ffacce33,8255,sao paulo,SP
5079d74c713c4f881925b51705857054,8be86c3fec7d014912cb7a747de3a15c,46810,utinga,BA
f1295cf50f85831a3c9e37651cba8792,dae89ff4574b8811d0698010c326665a,59570,ceara-mirim,RN
64642aa123af222fbb120c610625f2ae,0edd1ca451a7eba6600829962d4a3699,15050,sao jose do rio preto,SP
1fc6b9b7c6e90a06ae0df125df34e37c,94bc9e8dc873485f4b5bf6c9dc43244e,47640,santa maria da vitoria,BA
0e1169a273c00760595751dbbc636efe,64101517e6876344e5e22a964b2c5e11,5005,sao paulo,SP
2bfdfc487c9342cc6ceac940adb36c11,600d5de3a11b76cad6cd46f9e57a9f92,35519,nova serrana,MG
93a449c8c999a89f29461ea0d7dcef4b,3982801e677454880784b1344f467fd1,6243,osasco,SP
56e7899b07b9a515442d8855a6e049b3,01d8df79b0fe245a03928d53fc25c223,18130,sao roque,SP
9abc3d571a784146d4f60c6a45ca1cee,bce11bb3c53f9d7c5d4196a88e27937a,36830,espera feliz,MG
33e9f4b9cf16be89234b0eac5a37173c,e32aa4e5230e4f78cd989b979fc4279b,87203,cianorte,PR
6fc99700f57ca48100655dc291a083ea,098e17d731e1f0966dc7b478db419825,5634,sao paulo,SP
bb0035159eb7f8b3caa5285dfd1eb1a5,4f983b76182eb91c0ca32b3b8752650c,65395,bom jesus das selvas,MA
a98102f934d6566ffecc597e6f762e90,e781248e2958c16c4d1916598ca6c11c,3222,sao paulo,SP
55c72a24117236fa6e1e89bb2b4a02e0,8be62615a1d342d4113d8d30cf30cf55,13289,vinhedo,SP
649bbe04de822b1a2a9bd8cf6e4a7435,51a286b2f4b587dbe8657ccc005b3ddd,13457,santa barbara d'oeste,SP
6e65c443e6d67127d9b1f0d14be75617,17b02657b33d70c10696d941d13080ad,2450,sao paulo,SP
8e5d0adde31e653546790a303a88efbd,b9ee98eca43a42742a634f6bb82f10cb,79190,terenos,MS
4515fac76cbb11d7c0c69afeb93c49fc,a282511ce18d1873c639c926d1d8c3a1,65110,sao jose de ribamar,MA
4c617161230211252e057caafba04bbb,911b520cf35d40681ad7fe3a5802ae3a,24230,niteroi,RJ
111997ec0859f110522368071ef7c63b,60b5c68fe249f766dc01e11e7c7fd677,8580,itaquaquecetuba,SP
893f9d0672c5190ed0d36e777d769a3c,46c21d0f3e1d250a9f04e3fa064e8fef,3211,sao paulo,SP
8fbab2ff4df1a7cc9531b14a686bb3ce,e3299196e1482e1ae1320fcb594bc23e,9580,sao caetano do sul,SP
e9859fbdff7d26c36c228cf60796e844,7814db11654d2bf3b43bae828b6eee05,3946,sao paulo,SP
3d86c7409e155bf2b6490a0a3384a48c,a94dd925716ba578d23a771b20b90da0,99200,guapore,RS
421c30a5daa9f8c2529a73e1f9152a71,ccbbfaa6928d3c906af6f68e393dd463,9020,santo andre,SP
b26f48357d67172f0343e920a2c64f15,6862d03f05e92945f47da75b216cd955,13506,rio claro,SP
338fad4bbe7bbf239e0077d785f8ca18,6421809fd24d27fe4d2f9b0de0e3dd0c,45936,itabatan,BA
69f17a4b73fc71cfe47dca090919130f,710f38025cf5de52702ee2e4da7a71a7,4117,sao paulo,SP
ba1b4a0f287cf0364816c7376ac2b141,d1bd7e8ef014e3ed04b318cd138c0dc0,12605,lorena,SP
addc91fdf9c2b3045497b57fc710e820,bc5e25094a7d51b6aee35236572e64f4,35660,para de minas,MG
a718a6a2ef929d33b05173db47e11080,01835b7ef446c78d0c37077894aa068d,35930,joao monlevade,MG
96d2f53797a8297aa57abd73dc80e96d,4050d7329dec5a860319b7cabc183827,22070,rio de janeiro,RJ
b98dce52f7623552b8acdb382bfb202b,f1fa0c59f0c5accd9f1da53a846c5a36,3105,sao paulo,SP
1c117dc3ec342ed88164b572f61fdd33,71929a0b6f50f889c540808d261de832,36083,juiz de fora,MG
3205756d1ec1fd148f6b6f000e9ae144,083f2bb9b4d2b79d82095cda873e31b0,15801,catanduva,SP
e9f07e374acd86b8bebe0c0f2971ff08,288d018d879c9750a961ee376fffe6c5,74357,goiania,GO
1cea141062333aa5ee8a5f68c85e69a0,19180f668d5586d5d54b009ceb4e5c23,89580,fraiburgo,SC
81840cabffc6c79f0f88fdbac5853531,d4488cd2c52e84be85b9459b13a1682a,3923,sao paulo,SP
8cba10915b6907ea55528a24f72a3099,36d8796364d2cc08dd3b2c0f43bee733,18705,avare,SP
ba0660bf3fffe505ee892e153a2fbd49,cd2624b9b75d83efb640f7204232511e,4753,sao paulo,SP
c21ad342c0ece538a14ad12f2fa17fc7,31110c0abf469026d27a9f6b5f4fb364,39440,janauba,MG
d35ff00f29959bf609fd6f1aac62d164,307822a88639f2e78929df9a683186cc,40150,salvador,BA
b12fc3e268a2f8d419cebb6e35851425,38e527a4bed86a228450e676f6713f2b,33030,santa luzia,MG
9b44dad6f8b4374f3635844250e12cc5,8748bfe42a49ec1d8ed9108d0ad0a2a1,5268,sao paulo,SP
178e83d7625fed7f8544c81e7f61f85d,b10ad793f6d2cc31b08a3b8366f3d251,44004,feira de santana,BA
1b3a5726a67f0222890dc9c922f19809,6e576eaae1a8076ef24c487f08cd1bda,11701,praia grande,SP
f758f5ae570f1a7311b5a2e93d5c9a31,d35fe16cba55d912ea21e552df60681c,75610,joviania,GO
8bc6fbf4d57f4c3dda3f16447e74f375,aa0a6b3d2eb6371b59116015055f41ec,1506,sao paulo,SP
bcd1cf06eec92b0c218d121f562de5df,f491087d01a37428ba96de3897bf6814,88820,icara,SC
62aaae3eaf6f655d97919594b388feaa,057e56752630652c673205286270e5a3,69915,rio branco,AC
6d0e46867a3f2b90a1e26bda0b1af118,248669a947931e373ece1b933e8f519e,19450,caiua,SP
3b4509c643e02e104700ed7e0d1da174,5561fe052540173dc2c13fd44f586b0f,65636,timon,MA
c3d91bb352bcaec67b7d2fdb1e2cf98a,241ad6bed19ddf512d166738618dfcc7,28770,santa maria madalena,RJ
d036487ffd91aa5b2f21e17f2bb83543,9585898e80f9de26178eb04cd600b6f5,6434,barueri,SP
d3e38ace62dce86e66465738be3bbe6a,a20c99d87ed3c7546edc415f8d45e59f,28860,casimiro de abreu,RJ
e09ccd04cb9679cb5033871d086afd62,fd09c64a101e3eff4adbca1b28552514,8070,sao paulo,SP
8237cee61c92196c2722acf5ed10368d,f7d9050d60fb901a187d28e121627b84,4015,sao paulo,SP
64442a75bdbdbf3986d94b901539bcf5,aaaeb3040c346c01293d5cb509c06584,72876,valparaiso de goias,GO
66b1555c5aaf32eda9799f8c6af3a884,9d85f9ce22312bcc36d6d8634ecc1e9b,13370,rafard,SP
7f1bc009fe19bd5da0750c9161fe70d2,24049181c10b33c43c2ea12202542690,1510,sao paulo,SP
f50ad8aad42ad296a4604a07de96b236,e0bfebe882e90e821daffcf74257b046,6710,cotia,SP
018445b488e6156c2fbdf926808d7228,61baa5b648de033dc4fb874199efc3a3,1523,sao paulo,SP
6792b0ebecf141d45746d320bed0d951,dac404dd8c3d5be7de58c20a8f9bcf4a,4619,sao paulo,SP
e2cbf3aa452a25609a3dd8aba84071a6,52aab659d461564a0d0a0d28d2374e72,45730,itaju do colonia,BA
f720495cf4e467694ff915bbec4959c7,e0b951c0560a39ff0d553796fa315370,32240,contagem,MG
5dc17bbd94322aabc8b47adab7db1f90,ddffdfc1fdb12708fb60a4e62796a778,13457,santa barbara d'oeste,SP
614fe1c6546241092e71ac4d9017cb0b,901958bfdcc5d716ad357c6cdba5244a,13327,salto,SP
04c81659bc6756aec0dea8a3fe320d7b,ec7ff0c5e0b5495ed3c49c6bfd6d9ca1,38184,araxa,MG
0a30e5974eb5b071a0b36cfe55704138,899e8b1252236f5fac662bb92f8d05ea,20766,rio de janeiro,RJ
14eb49caaf14d8168944777b97b48499,7cab4e7f573b9a8884cfd1c325b38067,24310,niteroi,RJ
2ecbf75689a0fe7bcaefdcda5ca1cbf0,2dfbdb080da536f85675b1563716cc22,89500,cacador,SC
60c06a57fc591a04007cc99b992309d6,d4f07c44f2d2915be7838ea8c751bcbb,65075,sao luis,MA
dcde62303950a15fc5b2aea31c11f5a8,ebae6aad9c8140364bfdb8625127aba8,27215,volta redonda,RJ
9c6bf855fea8ceee89c3a2f9073e65de,151c7a254677ee4c823935f5cd076d11,75690,caldas novas,GO
3e089f738aef695bac3734a9bce1ed20,4c9d7a522155c04c8a1ef4c76ea68998,2242,sao paulo,SP
cab14a7a1312ca00956056f08c16ce46,9a5b1b6e913b46bd1ff1561dc5aa6c7c,38701,patos de minas,MG
e9ca03844b49d3306a4ae7ecb5ea3e52,cbe85801230c6d514f21dc940dcbbb78,13847,mogi-guacu,SP
489d6e5705b34ec43cbe7cc16344a45d,12c618501e009d459cc177de818798d0,28860,casimiro de abreu,RJ
7494240f5d789b28dd2814f66140f069,a69a172b9d0fab18b0cb9d2468cc347e,88135,palhoca,SC
403d6dc4a2ce0ab3c7c8ed1267e7b989,f916b6ce40b99539ddaae3b6140decc7,35685,itatiaiucu,MG
f3aba96f3eceba3cdf6bd72d2bccb867,4d76635686d810162916423d8c83716f,16050,aracatuba,SP
dad5e5f178c09543d12acb58bbf2f82a,fdaba31869fae7c936bc86d88cb794fb,84435,guamiranga,PR
14949512ee391d8c8ce42c0682f2cdee,8171af51c2a8d4d1e98dab0f260c57d9,26031,nova iguacu,RJ
bfab01097454f7cf7d2ba80d7af6125f,c5d371601018aa18e6c3a30b5678fb1e,60355,fortaleza,CE
4401cb686f98e0903686c15230e9e14f,fa7117ccb301c5c9b792edf911c0b658,24210,niteroi,RJ
3428aeaf91a64e697144aee8178f8cb9,8094028cc1d2fb8265b6ce3c2a9b81ad,46430,guanambi,BA
77ed68c1f51e428898c4d4ae3eb5f23d,9f5d7d7bf669bf94d19839aa0c1c2eae,79570,aparecida do taboado,MS
84d9b83baeed8f137f8036a5ffcde343,af64f8f7745ebda82e9f949f35d1a893,45005,vitoria da conquista,BA
3a40eddce1165895c36fd061a525e443,d3dd62325aba093e0b22d76dcbd9717a,3164,sao paulo,SP
de406673d1ebab073424c7375cb0841f,6d83f30c80095bf7c08b1cf438f9fb74,12246,sao jose dos campos,SP
66066f1de2d64e810cbaf862570d95f0,53964e2bab5434850bf7c850f67556d9,80250,curitiba,PR
357e87b35149a16a798b9fc374d3a22b,11c551198de8f2598a490db02304cdbe,29927,sooretama,ES
a0f02065ac39fbe6cc97d33e2ab47e17,d4ccf9a36a7c79088ece6465c6d1b1b2,46400,caetite,BA
0ccf50bf1017b1678f3a155fe83dc634,f70881da54ccd70530924c5ebe0ee450,26050,nova iguacu,RJ
b24013868be3e363721503d466163c0d,3a5e187267ab22976608fffc86276c44,31170,belo horizonte,MG
790ad3b525f86ceafdcda488ba45fbb7,c4374c19c4c846193b97f07a1b051a50,29135,viana,ES
fcc90a4fa7060b81815bca0f9cd77f15,ed44769ec8dd9c02feb18d27e3eb25db,22041,rio de janeiro,RJ
48785398e9e99d0d61c7e1e48ebca342,bd5f7d1bdbd1a6233877b21fd66dfba9,88331,balneario camboriu,SC
f8c3c173f3aebb9dc59a19669b25dddc,71b9eef1ec1e4ea4eb8f5db6307156f0,11680,ubatuba,SP
2a2ed8a860ff9b8c1da194b013ded085,0fa5c2e0bbef2c74251ed448e9ca5b82,27274,volta redonda,RJ
7badbcce7da90b7920997ddbac3187b5,ecac07aedaa3221150cc28e6fa2e99db,25935,mage,RJ
5df9d74d1d062721c63f353c1fa4eec0,bbf7aecb4272f755e7ac76ecbe556345,71510,brasilia,DF
c3b95e06aec930357964374b1a004941,a30af9d68fbfcafb8451854c528587f5,2013,sao paulo,SP
307adfea8ecb1ca5a1961e628afc8358,7afc250f9d980ea3ee0ce3b0245f1b04,28930,arraial do cabo,RJ
c6120aa7dc24c885d3aa523a74de5fa3,56d4dcda06a9c8f05cd894af56c7f423,13572,sao carlos,SP
f6e5bb7a5ec165378bdded4b7e7543ec,ef0584254046c041a66ea3e5e36984bc,4173,sao paulo,SP
778cff46897ef1ea3369ce789960b2c3,47fff67d165b79e36024db4b82d041c6,33600,pedro leopoldo,MG
3cf843218f85922e5fe972904be4322f,47a393022261e86f676ce7f05efd0bc0,68464,hidreletrica tucurui,PA
a0046dd51e43cf0c76c5acbe045d423f,73fd87bc61d72aaea6291c1fb03108b9,13500,rio claro,SP
5ce19e6c79a4a3d9de36c5cccf0eea3a,a87f3307c1b45456352b4d70632ecb05,65072,sao luis,MA
737e7f52d173df59ee17f5f0c6e86db2,6b1549c509ef8c31aa1eaa92f318e5b8,13478,americana,SP
3bc03463644a6c233b170519b1b203a7,26b75aa0193a68d5ff0f07dddbd6789a,95020,caxias do sul,RS
d35a891df4b2a8cca3a334a3435ecaa5,23d9d9b79db36044970fbba2b6a6236f,4846,sao paulo,SP
651a87f08ddd0eedab64dfef58563366,ae718e81b6c13a792883da5aa18bdecc,24715,sao goncalo,RJ
ecdf8a367907e779938b1b6410c45824,6308a418f1e77aef98f6b0050cb139fa,80440,curitiba,PR
38e7616c61cbacf4cdece5605db687c1,7eb999fc8127f6ce499a7adb44ef1b74,9061,santo andre,SP
900a671e292964b344e101ca2e529adb,383da4541bbbd36ab41d752ffe5e0309,40210,salvador,BA
c622b892a190735ef81c0087973fa16d,439ced9aafa171a1ac88efa951c7db0a,85618,flor da serra do sul,PR
3936a4ba8bf001770c912e8cac8fe8e7,3ff840376bfe78bf6a9e6e01ae0b9ead,22230,rio de janeiro,RJ
3852c9b2aa7cc61aad3e90a9ff12e898,c4d7b4c9565fdd26ff0a5b70880a9401,21557,rio de janeiro,RJ
e8856f4e0d925e70df96824c0f1e0c23,93ff1fe457e3f7401765b02a1d2b7758,89287,sao bento do sul,SC
cfa7b404a200ed9ca8df16515b5ac0b6,c450d45f5d533d91e3dd695b08b55a36,17514,marilia,SP
0e8aaa6517ca0b989a2df53396f879a3,e5203612ca86f5cf6e916ed0dacf45b9,65606,caxias,MA
69174d2ab6401c71be802bf71f111b93,4e5ba538a1c994044e7a23861908ea0b,2802,sao paulo,SP
6ca5c385d8c155c371d98c756966498f,cb56f3faa02f8578c80f7c8404341221,5223,sao paulo,SP
2110656d0356c5d1d3c7f1c7bce0e319,1545f2408959aa8478cb267d8429e642,41830,salvador,BA
2d7932246f97f6a45b82a77fb4c72d4a,ea7ef5bb16a8ba2a4756e74032b737b7,5889,sao paulo,SP
72780e9a805ea5c484a91e4a440201a6,12d932c6fba8d8afac3c06e8e6d494c9,37520,pedralva,MG
3c6484a7438cd35dcc54f53f4b945829,7c6157bc4c2bae550d37b6fc445db0d5,13061,campinas,SP
6e9bb38cd7ee75a5b41591bae25ed17d,cd3108e699a1ee39df272dfe7e2410dc,35560,santo antonio do monte,MG
5164e21ce84142db5439f4ae25f579a5,892359f4ba99a24f1addac26ba108a90,11040,santos,SP
b69f71499d18371756e7a6d31a9ac0dc,76a667726ee3009489d90d856bd8361c,64049,teresina,PI
7a55476a19361dd97c46e26658ba5885,db13c9627403db90fdb0ae7c14909394,6447,barueri,SP
7f13d5d564ad95b4a74ba05c15432481,aeeb922d8373ded061e1cb706cb935a5,1520,sao paulo,SP
4ff01dfee89511e08ce1605b08142cb8,57e94a1301e8af8e7c6f26165191c9d6,4863,sao paulo,SP
6746ee7b44577373241b9a9d933cbea6,173ad75d7ffd8702409e735638343ff7,85930,nova santa rosa,PR
4e925410d560e1beb3420e0dc2424526,862bcdd9344546914b93a16397a78791,36025,juiz de fora,MG
a48ba60be28864ede4421c52ae28761b,4c962d666bca4ac3351d79473581a633,20751,rio de janeiro,RJ
c53c0706d9dfc081b79e3f57c6ce7165,766b2fbc375283ac0ed5324c091eacc8,18275,tatui,SP
af87edd0d77cb8dea68315b87475004e,d2639f68ef1904a7a524806cd79680c7,8440,sao paulo,SP
32c002400131fb12bb89799af9afebcc,b8bd53ba44a9c43331d54b37c09c8951,41150,salvador,BA
ea0b4bff98df39909d0bab62c60e0725,1b81fbd932b177315dc75c08b7c03c65,9860,sao bernardo do campo,SP
d27ab6c5d811cf06526972c02529c67d,35486a073faf4205c97ee32c8dbf7d31,9940,diadema,SP
f773ad68c6d12ab39621c0c4ee7085ac,1ea1838176ad1d3fade10cc835297e85,70276,brasilia,DF
4282ae54c83a5c20bc9b0c199964be41,60a0f9402ae738b57554538616ee338b,44007,feira de santana,BA
0660653f7367d760f49c8430de9c6263,f8c7bdb2c23d2bc05cf1594ef8dfcde8,22783,rio de janeiro,RJ
ad70f138775d968ee261c7dfec755835,a03bed47efff02de7b59d0da789f0dcf,22251,rio de janeiro,RJ
96215fbe32b8d5475f7ba7c4e9593dce,197df65a4abaf80e1db63bcd10d81eb3,2314,sao paulo,SP
50103da61c9fee9d507ce240a118460a,0665dfc7cfced30881762973ab80a4a0,88509,lages,SC
ac4d7ea25bf1458ad9bc7ae8dc831697,1315c7d9c8d3a0f451cf5c84b046aaf7,4920,sao paulo,SP
a298546d62e795b9cbe36b4aa04fa18d,a286aeced7b21e444987a4ff818452a9,40300,salvador,BA
0e2e50595cfab0a0b7c2482dba5960ff,5a6cda86d79e1ed11d38881398f56c59,31130,belo horizonte,MG
2e845e9a6ddbbaad0133e952fdc8ef2c,4a64e946d6867537f422531feec7d966,9913,diadema,SP
334d2f3da18803bd68cdf58a72f93d65,96d273145120d7121dcce519e400baf9,45400,valenca,BA
0214d81e1cb90cf47f40f5345a1a6c08,3eb2432c10c27f0444e15779fb248c88,11055,santos,SP
e8ae3b3d200846af695118ba15688352,8c992e6f976420c20d8f8052074ca509,76450,minacu,GO
1222383916b5fb69b50cdfc3cdae8d7e,d22c371365b88420a4d188f3f0cdb719,30520,belo horizonte,MG
925ddf3482c150d9e469c4b47d52e1c2,10949d619a29c56e7e370997a2603555,55004,caruaru,PE
15fbd33f76e4ccb6d4a8cf129f863e76,d11a1a2267a704b739a4273bd6260df3,9121,santo andre,SP
ee92050607377372efa97d9dba75af38,0d5486df079f25b7e13c0d6b771d6574,15035,sao jose do rio preto,SP
4a6c652e42562190c75405da10f1fdf2,2981d1943e024c9f88dbd736653225bb,90660,porto alegre,RS
e02b0a31345a94677bcc33aa9bc0909a,a00d5d4dd6ab21a6574716d73ed42e2d,89580,fraiburgo,SC
67488e8cd4c4cd4b21118b03fc4bf6f6,1c38e0a7b38824c8d6f1371063a62783,79150,maracaju,MS
c83cfa71a2ded601be5ef7d16115dbd7,c3d6b1b5c833c43cfb3b153c507820a8,13092,campinas,SP
42b174e403eafb280aa18324cf21ca5e,3f28cbc63a1569c51f2fcb7a691b03f5,12450,santo antonio do pinhal,SP
015c9c9ba7524dcb69a8a6d2f383db8c,51855c3f2ea880a51f27afc4b49f660a,13360,capivari,SP
942e958857fd86d6a3ee59668ea1cdf8,3b102dbfc43b46f6ae984015e972e28d,14406,franca,SP
a77fbe2826d37bc0d1c1965291a08956,e8642823d86fdb537514407411c2b8cc,12410,pindamonhangaba,SP
dd5ccf4e1213506430d89b556e2b9d3b,7dc1a6dc9f0b89a13f777d59f942fdb1,21615,rio de janeiro,RJ
955d4456e83263262d6b8d14526abf92,19d60f65f9b28f44ae44c38a4c8cbd8b,9932,diadema,SP
ffe642291d0c94528389d64c07ec8341,f3cb4bf78563e8f29fb8df63f3ae2748,54510,cabo de santo agostinho,PE
8f7c043d717386cdc50669c78a43f85a,dddcc50cec9aabfe44b26c136236db0a,8090,sao paulo,SP
32fdc4fcee9bccaf828edad48942dd0c,20b5415badf4a5750eb554cd9e9e2307,8635,suzano,SP
e7d6719126634a58d3dd17ffd14311fa,839d684562d990a00a7d52eb93b3c02f,65292,boa vista do gurupi,MA
86212139fb99b709e78667fb42c939fd,f27d584311a18ce82b2ead2bd8a63366,56000,salgueiro,PE
c9e25c0ca23edc17c193b970556e84f9,a599545b263c14c7aa2b7490d454fa73,83255,pontal do parana,PR
d652330fde451d2476a123ad0650bd20,a8139977dfa54f997c0fa51a87b4be79,22280,rio de janeiro,RJ
f4bf6d85408fc27f31b125cd16da9e75,712a6037ba2faaf9c99cadcd3bcc3d9d,13232,campo limpo paulista,SP
51154f38c84e78ea286ae12b3815b74e,23f96accb30941942f28b43abe179046,13569,sao carlos,SP
5209b05b5563ed01606cc30cadd672d2,fe0020317bc13c518a6f5bf52c80d31d,28660,bom jardim,RJ
0400b2f1a68d9a8cae29fe11727ceebe,4ef36808638d570c5fb593b3f111e993,6516,santana de parnaiba,SP
2e6ae98da5c04efadf7992e149fd1155,f4675c844b105eb17c3dfa1d50ed0c52,2342,sao paulo,SP
fb8d76cc917e3fc3c6ac3a9beb0d6831,2096056b14a7360e261fa10b778563bf,35450,itabirito,MG
3e661a73488109b0bc5c9e71427d9939,ed54434e600602d26905e55f0cc61a50,38022,uberaba,MG
9632189e7c39675d6984fda2932d81d2,4488b467710402ee5ae26b004c68b53c,1451,sao paulo,SP
1f0e5627ab7f200afcc77b408b918ad0,cf9f044b6cf63c5894b9b5e8406fa559,82410,curitiba,PR
5a2e937ebdd78eaa8cac5dc67b8b3a42,3c804874d3b953065aa6ce41afece80e,60761,fortaleza,CE
041cb229c816ff7ddc6e6bd21df556b7,8def2fed2130bb3f799d89f4d6a334e0,45465,teolandia,BA
945ff008560255cc327d509beeefb54f,6803a8540886d35893fd54f75609fd98,77002,palmas,TO
90b029e906f07221faaa229502f58f17,65c93574b95092f262cd6ad6de8376db,2931,sao paulo,SP
c089255b3acfc822d731d4319a443d95,6cb8df9c62d9348289dc83231d60d294,4054,sao paulo,SP
51a4c0fe0a21d5eeba0b60a0de272051,641aa00f6d28b7d376baa691cff07937,14060,ribeirao preto,SP
c68ef50ab50bcd3641328ffe3f745771,e6201b5a6b3a2e42a4d3c295e7cb1d5b,5894,sao paulo,SP
ea1817afaad169786d259346fdf888cf,aa1228340b6d43ebc5f294f508c4a164,84010,ponta grossa,PR
693183c6c2250fb4f5114820f86791a0,97b2d5bb4efa38e719b68769a462aa9d,18520,cerquilho,SP
9eff8e3689527dcf3f62c2eacb357dde,98b8cd94ba804e4149768255cdd5238e,13340,indaiatuba,SP
17b7724e770d6c20971072aa6e672734,3d86efb31ed14a05d994860891ac529c,4707,sao paulo,SP
494581655b5393bdb9195817e1314b43,26b10452a17da7c4a3f0c0ee7e975601,6890,sao lourenco da serra,SP
97d14673ff6d319aa5548768e577ce0b,45ea36c7ee518a24e962cb202fcd9779,5868,sao paulo,SP
98556837f8c2cd03d6704cd641ec8e65,9cdb35f4f2f70baa06f48f639aed100e,44715,varzea do poco,BA
5855110e604705924d9b962fbbf732d0,46ac99709b2497c52b0b8ec5301982ee,6437,barueri,SP
c14a7f74602050fc8e33fe5820a9089e,d948754ee35966f776d3f64b226cc476,28910,cabo frio,RJ
2be14928b31b20bf6788d731a1bae71f,645a04fe8ffc2dc4ad44f194a455cfdf,22780,rio de janeiro,RJ
d80e4ee14e2b5400fd2ea5a2ea821be1,900effdcb9f6a5134421cdc91dd321e9,78053,cuiaba,MT
b84ee32cfcdb1695b4638a90864e9f96,e579984b1fa040b79e91c2812c918b3c,96640,rio pardo,RS
44e721751303c6afc04f9b9c61aeed75,0fa813b6007d61f3632f87a693f26111,45654,ilheus,BA
bce6c0027c2efdbfcb8ffe58e2c5abc7,79eb97e18e448f1fdacc721658ff6eaa,13015,campinas,SP
edac42fb2321d66c4fe98b9bde2d97b3,78e458f208939f5da58d76326532847c,82640,curitiba,PR
84cad6a5d13b2a45316812384327e16f,a14097347c4af120bca0ec1c6c7d5577,13348,indaiatuba,SP
ccc2a5577a251f98fb39d90e7fca0c78,b8624f5635e1f66fa1910d775aab0055,25954,teresopolis,RJ
186da0669cec6692e20f9bb2f1985aba,c514e06f93d163750257e727d01edab4,6865,itapecerica da serra,SP
a3e5361f7c25968ead0d78b66da9d20a,ad766430832b4c11e38df28f91eaeafa,20540,rio de janeiro,RJ
ec45a475aab53b94988fa324117b87bf,bd88236f2cd9a0b0183c20d1772d2746,20261,rio de janeiro,RJ
4877c8bc9b7438703b2e63ee5396335e,c82fcd6d4d15d0b52c8dad81603e46f8,89650,treze tilias,SC
b7d75a382d48af7918464a319d6b5587,8b0bdb01faf4513bac3e56c26065fbfb,37590,jacutinga,MG
60737004a5ba9b76bd54988608ff46fe,b3e083eb6806d247a110d2564ba33164,29163,serra,ES
8697c05aef3093605f0667354b8c7769,014fa2f37ee690774a7505252a28daf3,21341,rio de janeiro,RJ
b1d84e2aa801586af3b21ed91bb9ae6f,d44c64edb94501e10f0fdca21c26fb64,13909,amparo,SP
c6d90ccb4260e1d4ec587ab1463752c2,aedcd7bb3292c0baeae60ea9e84a21e6,90240,porto alegre,RS
920ec9381aa6721f9e3928edcd0f9ff1,71a9809c493b704fa3c200fbbf98aeda,5515,sao paulo,SP
13bbb5ef6f8db9469c6bbc69d9542872,3a41ac64aa715256d81e129f02b451bf,11702,praia grande,SP
db4ed23635ef5d8105c78ecc17fc34a9,0d1b072f720c3e2778a1b93b937ec8ac,2422,sao paulo,SP
91c66f98e2690e4f7957e24809a03266,325f60d5e465e5ba4983bfd1ea216f37,37145,alterosa,MG
138c289139c20975e732feabd97f3983,6fcc1fbcfb53492479620eced99b191c,79002,campo grande,MS
fab2ba3e5e0d2c6d3f95578a423696c4,71a0fae4064662f2c70190ac39622eae,64000,teresina,PI
4d91a0aeb419c5f2629c4a2a00c08dac,da26c8a88b689a477e09c8192a7ee0d6,7273,guarulhos,SP
58ee086556a160d66dc3f6d43b4efcc3,3ba7980dfa14cd3508fa58c4198ce202,27600,valenca,RJ
cbf6862136b197affc013850088fbfb9,95baecb5aa54613f5f12d62b712e4ca1,11630,ilhabela,SP
75b825be7ed48b117b651c8f0346ab4b,fe43684c93772b6d8b8c68fb6343a676,75830,mineiros,GO
4a431d029dddd37ca7cdc62e65e15c89,bcb745c59d24efb6a0da4d264a596996,36401,conselheiro lafaiete,MG
4abef4291b0857a104890ffc7b63456c,5024dc7850ba072734b2c559e377bcff,38304,ituiutaba,MG
60e922d8d5872b195f60949cf1ccd836,473741c358b796cea08b4626d15d5870,4071,sao paulo,SP
245218ed5faf26b2117f4edfb033ec80,59775d57770e03aa8ad34d4c54528994,1257,sao paulo,SP
3c29fd050b0f03c8edd4954ff0630eb7,ed2a8c08257f47ebe412b0bd756f2912,3084,sao paulo,SP
df90101175bba909f4966543a9c2036d,9ef7342827bf423b936bb90a23a12bb9,6150,osasco,SP
25bd150ede65776445aa57a87edeb980,19e5b71b7be85c9d54c418dfb4088614,93990,morro reuter,RS
c9f679a703814e76c1bb7636d2cbec9e,bbd9d599f9f9fc8f4d85b4f71f24d45b,6730,vargem grande paulista,SP
cbfa8d4b6563cb9f871f7f5412ebf9d9,4a0c5eba97122b2804885af83c16cdcc,72427,brasilia,DF
dd4f2d0c1912aff03fd6980ddb32a214,9a85c258755b5140a2f7568e32206456,37200,lavras,MG
88782b2c9e75029d37432e25fdd9839c,abb2f3f74fa28b45a75820a83aea2811,95500,santo antonio da patrulha,RS
9f5d14a3c0a1ca30fb65b984c3123b69,e7ab1ac63cd7d365acdc426c14f4c84f,41342,salvador,BA
774a93f58af283167817a7a186680553,d941a608aa14794954f62d8c3da2b9dd,66095,belem,PA
c9fb84a1ae7d2d55786603bff29808b8,d447fcbee131a9fe4955aae76005a7ae,88715,jaguaruna,SC
a8d9f64aec9cce8f0dee0b9f449e5dbf,1240e81664155a7ac071b0cc6be04f45,6190,osasco,SP
64db84b65ce929e0a68373aece3e6acd,0e89380610546ea4278427f16f0412e3,9041,santo andre,SP
de017a7470c1080fb969cf1241087883,2bdf174cea1c333018d52cd105ef9782,37140,areado,MG
789adfc01cc490cc19d0ea1d0fa0b420,9570508b7d8259b85a92c83eb47763fd,36570,vicosa,MG
00788705370da606e9f8390258b9e977,11a58793327e4f480717491484f4372a,29060,vitoria,ES
3ededc1f808f7482c3a034e1aa27e494,9d2b062dc07734a1d7053478a7e83280,11020,santos,SP
69d3af0bc26ccffc1d256f41a27c469f,a3d3623746bf0de553ad994a4e7d717a,74093,goiania,GO
af034e4bf00b0ddf9941a93f2c0710ed,ea652b60593a6fe8fe94633ddafa81e0,8070,sao paulo,SP
98f2de76457ee90e5d8b763c25c734de,10276d60d5486cb3e368bfa68c5351d3,79560,chapadao do sul,MS
7f325bbd4217f2000e4849f386371550,74c96c31328cf7c44203fa3308421aef,45820,eunapolis,BA
f1b716fda069da883eeba66adca9a5d0,472b4749ae32cece39b31bea32014875,4717,sao paulo,SP
bb62bffe600f9e09d2a97b8c261ed5b6,6d8cd8bfef6b8ee15b18528ab68b9531,98600,tres passos,RS
3c0c28d9a92d94fbbb14beab19df2b40,14b177bc58e0058435adf083f24ad695,80010,curitiba,PR
f962bd6ee98fa707c3e2eb532bab37b0,0e52335ca066271c324be8289cae3251,26298,nova iguacu,RJ
b0b27c44f7e3d2c6e45d506cbd4a5627,2c724eb337b9f040e3a65208e3280b8d,87900,loanda,PR
27f95d7b4a63f96982ee5301a310333d,65ba82fb5dcc72c5c6fc38343a915798,90440,porto alegre,RS
2ea0297a0f76054d2857c4859220b1c2,8959d4251989df68934d67c1d32c5718,39390,bocaiuva,MG
8cf15db55b7c5e0fc1a421e69dbcd094,37cb4d2c33f8e5e651073b85dbff10f5,31640,belo horizonte,MG
ae949beb91846815154c3fdff84351a0,9ecf2912d2b7eb8a98c633504c643767,13097,campinas,SP
a75f323cd574822489845798a046a6ce,19f79a2e7708ffa5d3cc9ca72b416533,11065,santos,SP
2d4e9c0e42af45f4b002376d45f7d46c,8af0ae9ae94a8d326b96941814a51ce6,7862,franco da rocha,SP
112bade7b7b461df9734fb6fa2ec6b2e,9e137e66bb4189d9537ed86be226200c,4141,sao paulo,SP
dbcdae75dc4490db8007ce62565d512c,bb3d6a451634de7b6d913793e4f7520c,25911,mage,RJ
810c7f3d2980da39feb31e235cc6875b,922c1c5eb059cd3049ea55e5b03d33b5,65025,sao luis,MA
511f8f1b15ae846f219dde14f0fbfd5f,62e037b825d1704b51c0e38c70d38623,23033,rio de janeiro,RJ
b81c6fd25c64143c04f4d107c6f8457a,621db6aadfa072da5fe9638dfed1b5d3,18119,votorantim,SP
c6306ac21fb4ae74e7c95593dd0ba5c3,f45b805b1e9d0185eef2d7ea730adec3,21550,rio de janeiro,RJ
981dc5e9b0855c9d17f0819bb3c4f27e,ff38610e865f6ffec5b6fb8725be1f7d,13385,nova odessa,SP
b073fa2486ffea654bcd31968d03d8a1,39aa99192278d43812a46c69c1f2443e,13272,valinhos,SP
26bc7a790e0b09e634990bd957f09ef4,c9f234d14729af446be2fbb4cadfc2fc,79032,campo grande,MS
e787ddf38676914ffe9704e1766096ab,5e0e18fbc2af5e1582f7c30d03df2cfd,98870,girua,RS
1c7a9b908094192a2dfae2819eef249d,4c538b33d3406cba58b48c10dc66ac2d,68145,medicilandia,PA
df2d5ce0cccedc3f1794852cc8d2b452,acd09dc03842cb2b363263b562bad5fb,1418,sao paulo,SP
7b473d4b33fa91ab7671f794ce54194b,caa1dee6e3e85ee1003cb6d78ffc38af,14610,ipua,SP
11fed1c811bad9120464349fe781821a,71511cfecc25f72fa3b05fd5795a3cd2,88058,florianopolis,SC
25e7f8bd0e19c0c112b944f4c0ab9c9f,4ecd475fa895384081540b4322e94b65,20550,rio de janeiro,RJ
9eae8b1b98146633c65773c08c98835b,7a96cd5ea79c99d72de972e98bd4f82a,85877,sao miguel do iguacu,PR
64cbaee24bb0f4adad82390b520efc72,f47271b97e3c762367285b497686a3b8,13418,piracicaba,SP
86911781ab615c91b809029803289020,21d79f33f0f89549bfa6ca9cb4e9a200,6852,itapecerica da serra,SP
b0c1aafff555304981f80c9447e70fda,4108cc12676e361235c5fedddffb87cc,9080,santo andre,SP
79e35a8cf48a05893167fd04dbd226a8,9469cba934075437bf33275412b11eb6,36570,vicosa,MG
65a2ba24925de9690a89ab47d1ef8448,389f5b81fb73b0acd55d2017efe502e8,29200,guarapari,ES
4df4e1475d8002888804dbefbf86a891,e449c14aecc01f567a24a2f9964561da,8561,poa,SP
afd2cfeecb6e905d2014a7483d9adc79,aa25fcd6be752ea195b72ae4ed61718b,29056,vitoria,ES
e995d6e83758ed9aa3ed2127fd24cc66,f0daa3250956b58742e72b3aa7003d33,39804,teofilo otoni,MG
38c07e7e9ae35da412133b052d05edaa,41ef6bfcee3f50fe3d886cf23a0e2481,64690,fronteiras,PI
3c1b792ee531dc8feec4424412320fc2,66aea8261555b403a4b89bf951957c30,4513,sao paulo,SP
823ad0d5432f4992ce749eac3ed94b52,a7e5802a8d0e82cde29de6c7833dac22,88220,itapema,SC
84d24bedfabf04b1cb2a9214a7dffc72,1834e23915d9816085a29efd2240c6f5,35400,ouro preto,MG
00e20d0af2000bc5415d945981b3bd31,75f5549d76d4a3f24e15e81d76ae78f5,36520,visconde do rio branco,MG
75348460d695e3d699f56ecaeffc36fe,b11ed526f7f6681196d0a59cc7ea7f71,3645,sao paulo,SP
239237f358786f3f58304735a5ce87c0,ee1e7b4d5b977159eb061732c1a1b1a3,12307,jacarei,SP
d596df272d1e83e4d3c20de772fc36e3,0525d7f8ac42182d183a79b98be25e8b,88730,sao ludgero,SC
c4f47317fc0d0ad7ed8924267314064f,acfa08f7326c2ec19985eab0ae92054a,35290,mantena,MG
8b44866d1a919a20080812529e2a49d1,50d47134f70081bd0bcb33783acb337a,4255,sao paulo,SP
814eb5af9d95d35f13f1e6e77847aaee,f3da9b68d1719c69ae16534c80a71d83,1314,sao paulo,SP
a9221830e2e582026c45c252842c7504,e0bc92daae508d181c7a43fb885e0f4a,36420,ouro branco,MG
9425138786a500f53870c673b2000da1,ff69760e24ee8cd6a88ff1e0110f0701,42803,camacari,BA
fcc7b1caafe3b77fd587bab964c4d1fb,c860357db400d72a2497064f8376fba9,37200,lavras,MG
9352054a03d9a32bc49b1df0947efb0a,cf8a1d0bac2b301015b7fe124fb8869c,89107,pomerode,SC
d555b8d70c02be78fe7f6f59377a8ada,ca454b629675ec3d8b7f597a0c06ce02,4852,sao paulo,SP
f6bc6021896699b56240be47d1ae3e8b,13d7f4ae8ba7b8dcb8ebb7fcf381d841,2022,sao paulo,SP
753bd08248a5fa2c21da47c01cfd83a3,45677f94e9a07652cc2eb351dd542476,11065,santos,SP
a8875912e02ab70af811cd153eaee987,a71dfeb2a3807efc5ebc7532c82ec839,36570,vicosa,MG
adaf88d3b2dd17497e88d690060fe409,c2c71d0cb91780737b1ac2a93fea7d12,66095,belem,PA
1aef2277225c3bef344c77bc28a13efb,dda11c4c2b7fb7b4b2dc9e33fc4d9f7f,30190,belo horizonte,MG
d691e507881083888d101b80911604bf,8f27be984f3f629801e5135210e0b54e,11436,guaruja,SP
3956d1e55818b7dc872d5a1de09e4ddc,f80c7e4cf2fa8ff3532323f19bf603ba,1422,sao paulo,SP
8b1f18c2f22e45482d3a3ad8e68090ed,9bb6328bfab33dab1234db560571fb3b,47802,barreiras,BA
45a44ce03647965a1233ac3ffff76022,ae7d2a671e555c475ecfc497398ee52b,82800,curitiba,PR
d3ab89d9a1a9f356e6da0f519d0bf68e,213b36024bb0b8261de0ffbd652ebc34,13348,indaiatuba,SP
8e37466ad86944a7a42628b170a417c3,b85e213f9db37110648ee929f5c5b19a,35700,sete lagoas,MG
b31f9f275c6f4ab74a60d0bebb303f0b,fb16d95d709fca0485dec8f7a6781ce0,27541,resende,RJ
b3869e23f4d2aad91f558a1e535577d3,00970787f181925ba33bd32b3817f742,20530,rio de janeiro,RJ
10dcfefeeb0f0dfe99880248167259f0,4c1e42858be8d86c2c2b40715f28f343,29090,vitoria,ES
996e0d7f08d29b4301784932a81f2132,690a774843b58b05642f0968f0299521,5351,sao paulo,SP
12fa69008936520da2920cb3a44a3d17,919decef1f13a9b93ed6cca4af6a8c2f,24751,sao goncalo,RJ
101c3552bad05b03c7b05aa77000931e,95ade6db862a026a6d6196b74b2cdd3c,36889,muriae,MG
6f33091955b66227318d0e051265e9fa,b9094a80af5d0e072d9ca833ce36c90e,1107,sao paulo,SP
437bbefd8040aaa7dcde638396f63c1f,76402ad8aa006cad07e87ea36a663560,27700,vassouras,RJ
50132e9321ecf2c2c284e87fdedf1f72,2c98316ef32eba5280f5d4cf2a505d0f,23575,rio de janeiro,RJ
b1b26cc44465736250c7795b7f0b18b8,16eba06701fe8ee432b6c6e4e6d1f5ca,29905,linhares,ES
4c4cd07e2f89dea5a2c798712dfd3b9f,8e71966de84d38d80fafa00a3916856b,81720,curitiba,PR
3ca7e43debc8bd63b6b3dfae174f2147,7462a753a77ed093330660f7003064c7,3115,sao paulo,SP
b61c656c330cd99a4d2cd8e90a498c84,92e6b1a7f2ce6a0d8cc6ceb129d1bc34,55642,gravata,PE
845eeb91509cf49e43a6730a4edeed0a,1ca96d59cd20f495506f7e26932e5ca7,39398,olhos d'agua,MG
926b6a6fb8b6081e00b335edaf578d35,edf81e1f3070b9dac83ec83dacdbb9bc,72322,brasilia,DF
79d2e12ed1aad80999c0e06020a54959,521fd2b54e467c35feba992b774285b0,90660,porto alegre,RS
be3989ffce9034d2e139160793f1db99,cf83b282f8879e44e94c917f2b2b4f8e,4851,sao paulo,SP
d84789ac57945e39f324f63e2059b36f,8f6c69eafe6e7cb3f50fe7517366902f,24937,marica,RJ
d950a3cf4d3d4765ff33d20db0e0e6e3,13d814211325cdd62bad9837a797b089,6850,itapecerica da serra,SP
87976cbdc669a9bb8ebf166b3c2175b6,3363a65aa1c38fd0e1f4fbb7e50f1fdf,9426,ribeirao pires,SP
2e6d201b0cf5ee860e16f58c0c55cfd5,9c68d1eb4ce88ffe6d6fafe96b47a6be,17039,bauru,SP
2f1be06e5cfe062d929943f22a44e816,8038505867c69488c5dbba1ebf144739,3387,sao paulo,SP
6cc5df4c5ba75812a9c847c4f56d0af8,3045171a203def130088307b600401f8,30494,belo horizonte,MG
01a1579cd07b292799675eeef1e9561c,8d6097a076567b93aead8d628a814b2f,35440,dom silverio,MG
8420c67c3e79c468234b1d79a15c4d6d,720d84aae6eca7bf195d5fdadf69f88c,55820,lagoa do carro,PE
b0cdc7ec79e9ddd066fd35f00add602b,25c69d0f4bff4ad0b1ef59a2c17e4d88,18540,porto feliz,SP
5a3342f212d4ac404bd2f450632d1cf4,944b22cacb5776c2bfbceeb0c1114028,32040,contagem,MG
14c726663ad6885d4bd8fc9cb2ce8393,2168fa43345b9afaa92ec4064093df0d,31950,belo horizonte,MG
e50e1d62ee7e61dc8bc6fc13a772acb0,2cdefbdec98ffa1324d5e066c8e190d0,84240,pirai do sul,PR
796d054417f0f7134531b6af32578643,17c8adc49cb3aef4a23cf79fe88e2f48,3712,sao paulo,SP
daee6b701a5a602c82bc88c89b25e03b,262f884f74980c0ad26fcaab579a3294,7183,guarulhos,SP
48c3e8e784086fd4b26b9929625373d6,1abc36c4380241b8d24c8191195fdcd7,32187,contagem,MG
ca8c954d9a1f49a7c8677a4c033fc913,f4a43aed10040450d0bde1c43026befe,29020,vitoria,ES
bf7ccf3f1fb5ff1cc9130f8f2985017e,c3984f4e489785965fc2397f9fed8dd3,5012,sao paulo,SP
9b393f101c2a58389bc8c804e560b284,8b658cda92ee9a3972c756bd9069ef24,49480,simao dias,SE
7bd91fc37caa0e8981ede1e43b09bb3b,8dc8e61003ca132fb2b9800293e9cbb8,21725,rio de janeiro,RJ
b6ab7cabd5b094d098e1a1557a6d3f0d,a2325193ac2e95b805642e3100f80af3,11630,ilhabela,SP
6fb4f2354f36e554ac80141e9128f528,3cc6f2e1b9199837fabb35ff4bf24884,99043,passo fundo,RS
f255d679c7c86c24ef4861320d5b7675,d111b06b6f3a2add0d2241325f65b5ca,13500,rio claro,SP
