product_id,product_category_name,product_name_lenght,product_description_lenght,product_photos_qty,product_weight_g,product_length_cm,product_height_cm,product_width_cm
1eba879220bd0981a0e2fbab499ed4e1,moveis_escritorio,57.0,476.0,1.0,8950.0,52.0,51.0,17.0
5f504b3a1c75b73d6151be81eb05bdc9,cool_stuff,38.0,1176.0,3.0,15350.0,47.0,40.0,47.0
b5cfb1d3c5e435a7a52227e08f220ee7,cool_stuff,55.0,410.0,2.0,1300.0,36.0,16.0,24.0
be1be330cf34043d1c40d6114cbd11b5,relogios_presentes,51.0,484.0,1.0,317.0,19.0,13.0,16.0
55ec10b39713ee81ee2c5bcb558cf866,fashion_bolsas_e_acessorios,53.0,1398.0,1.0,300.0,16.0,2.0,11.0
f9471562478eba8761bc985b968a0092,utilidades_domesticas,38.0,390.0,1.0,850.0,18.0,21.0,15.0
ed46d1fbd7bf78ce79910c09fb892abb,esporte_lazer,52.0,406.0,1.0,800.0,20.0,25.0,25.0
4473f3e5c65952b074ef987fa5c24662,telefonia,59.0,776.0,6.0,350.0,17.0,4.0,12.0
5e21d5cab5d33e770d8150a4ee6117db,relogios_presentes,60.0,312.0,4.0,200.0,16.0,2.0,11.0
bbaef2eadf31fe3ea6702077398be06c,perfumaria,45.0,1003.0,2.0,400.0,18.0,11.0,11.0
d1fbb5683c8e93f314d0f2bf40d07761,cama_mesa_banho,53.0,155.0,2.0,1500.0,39.0,12.0,25.0
0e40b1ed4cfd3da1962ec91913e54ba8,eletronicos,52.0,424.0,1.0,175.0,22.0,11.0,15.0
e2c3ed9aaddfd2312a6a5fe9b3ddadd3,brinquedos,53.0,579.0,1.0,675.0,22.0,24.0,21.0
c6336fa91fbd87c359e44f5dca5a90ed,esporte_lazer,39.0,772.0,1.0,150.0,16.0,16.0,11.0
2029248294c186017ecfc48cecd47bbd,ferramentas_jardim,44.0,586.0,3.0,3250.0,32.0,14.0,22.0
e8f22df5fa5b454907286aa61d6216a8,fashion_calcados,57.0,404.0,2.0,1500.0,22.0,12.0,33.0
ce130b350f529a1d6288f927da7404ea,cama_mesa_banho,50.0,171.0,1.0,1450.0,45.0,10.0,15.0
d0877f0094337c414d23f5a3c7bad20c,moveis_escritorio,48.0,489.0,2.0,30000.0,50.0,50.0,30.0
4ed86bcb86407328452ac1c5b3b89d67,bebes,59.0,255.0,2.0,500.0,30.0,8.0,35.0
457c5f8a59156ce6315753d8d788a16a,relogios_presentes,60.0,460.0,4.0,200.0,16.0,2.0,11.0
e24f73b7631ee3fbb2ab700a9acaa258,fashion_bolsas_e_acessorios,60.0,1118.0,6.0,2250.0,22.0,15.0,20.0
0bb7cb61f1957f79dac582ab66ccdc1f,utilidades_domesticas,45.0,561.0,2.0,553.0,18.0,9.0,15.0
ad19bca6e0f1919433d7e21d534ddb50,livros_interesse_geral,42.0,1109.0,1.0,900.0,18.0,25.0,16.0
334995514673fb6bae67885458b52984,utilidades_domesticas,37.0,261.0,2.0,250.0,25.0,25.0,25.0
2068e3435a38f6a3cc95ba89a96378ab,automotivo,58.0,894.0,1.0,3300.0,35.0,20.0,20.0
068ceaa8a3d9d385cbf53d5335f89f80,utilidades_domesticas,42.0,395.0,1.0,1200.0,27.0,18.0,23.0
62224b433a431310bf27129938ad9f64,esporte_lazer,28.0,733.0,6.0,700.0,49.0,12.0,27.0
ac1290e4432c1f2662b71ac47da47691,telefonia,43.0,533.0,2.0,125.0,19.0,3.0,11.0
ce8a29973a1fed3f8d22ea5514d9ea07,eletronicos,56.0,505.0,2.0,200.0,20.0,20.0,20.0
f3dadecca4b876a315481c79b8adcf16,pet_shop,50.0,365.0,3.0,300.0,24.0,12.0,12.0
bcb815bba008d89458e428078c0b9211,,,,,150.0,16.0,2.0,11.0
52a646aa308987e28c375b41081de428,sinalizacao_e_seguranca,53.0,512.0,1.0,325.0,17.0,17.0,17.0
d806210810eb8942d0ea5b17967bb1c4,cool_stuff,59.0,988.0,1.0,1635.0,23.0,30.0,17.0
44d958961868395bfe852e70d48081f4,brinquedos,31.0,254.0,1.0,200.0,16.0,10.0,11.0
5ec9cc4e1217d387b9fedfa362b7bc24,automotivo,56.0,1310.0,1.0,3750.0,42.0,19.0,25.0
593236d0ff46b4299b4787fb8d43f7f0,industria_comercio_e_negocios,44.0,1396.0,2.0,7225.0,16.0,103.0,25.0
2a27bdf5d36c733df107a86e44370254,beleza_saude,52.0,1976.0,3.0,425.0,20.0,9.0,18.0
43267ceb81c34b7d49decd624671ccfa,ferramentas_jardim,54.0,2155.0,1.0,509.0,17.0,13.0,13.0
0a2fff0d95ef3bbb7dffc618f9542ba9,relogios_presentes,26.0,567.0,1.0,283.0,18.0,12.0,13.0
44e8945e17aef03daaecbc4bbab7f730,,,,,200.0,16.0,2.0,11.0
da86f2cc2faf840b7b86390726b88905,perfumaria,37.0,107.0,2.0,200.0,22.0,3.0,11.0
e9f4a2b16f44a27e454037659cceb20f,automotivo,47.0,84.0,2.0,200.0,32.0,8.0,26.0
f7740e5b4337a3cc4a8a204553101a85,beleza_saude,43.0,876.0,2.0,543.0,30.0,12.0,16.0
0776155007ad20447a0b0f91d4aad644,alimentos_bebidas,42.0,2263.0,6.0,1000.0,28.0,13.0,13.0
1c12e2e95f36322f3a5ab8153a76bd73,utilidades_domesticas,52.0,303.0,2.0,9900.0,61.0,31.0,31.0
53b36df67ebb7c41585e8d54d6772e08,relogios_presentes,33.0,523.0,3.0,584.0,16.0,11.0,13.0
4a0c2a56e65c941a0bb9874c47dd66d8,cama_mesa_banho,58.0,2375.0,6.0,1400.0,30.0,20.0,26.0
66b5f91356d928ae807ab4ee547f5e3e,pet_shop,47.0,115.0,6.0,500.0,20.0,20.0,20.0
036734b5a58d5d4f46b0616ddc047ced,telefonia,58.0,751.0,5.0,300.0,17.0,4.0,12.0
8058b0067728a211c68874081e7352d4,esporte_lazer,56.0,1720.0,1.0,1000.0,20.0,20.0,14.0
385a33a408e9c35c9fbc2025c12f3784,informatica_acessorios,52.0,967.0,1.0,220.0,22.0,13.0,12.0
89005f5c60b53829a9a617fe5e292221,automotivo,40.0,622.0,6.0,700.0,40.0,15.0,40.0
298f838b1798d952580d034bf84bd33a,moveis_decoracao,59.0,646.0,1.0,300.0,20.0,30.0,20.0
995e25d9b46dee183004994645768d95,esporte_lazer,57.0,722.0,4.0,500.0,16.0,15.0,20.0
2756f88aa420dd0c5aa25b2db78d4664,telefonia,58.0,381.0,3.0,200.0,19.0,4.0,11.0
0eb41884a8773e019708fb8409fd8347,bebes,41.0,1064.0,1.0,21467.0,76.0,57.0,51.0
1c0b635cee597371e54d222a1d8e0386,relogios_presentes,52.0,706.0,2.0,300.0,16.0,11.0,11.0
8b41e0e27cc6de15e59de3853fcf51ce,moveis_decoracao,51.0,1362.0,3.0,800.0,24.0,11.0,17.0
a8115d34a4b7b74388da609692162c37,informatica_acessorios,34.0,1080.0,2.0,250.0,41.0,2.0,29.0
418b40c9e83b7e5ac79e4a7ef975ebbe,eletrodomesticos_2,47.0,796.0,3.0,7300.0,82.0,10.0,54.0
8aa74335629d7d8e4ab23653b04ec65b,utilidades_domesticas,42.0,237.0,1.0,900.0,39.0,4.0,27.0
29e4631be78811ab993ae12613053b53,automotivo,58.0,623.0,1.0,3100.0,70.0,8.0,70.0
ea44caac707f7f1325182a538007f838,bebes,59.0,809.0,5.0,6600.0,45.0,25.0,35.0
2ac7c9339ff85fff3e1aee3eaf7bb315,utilidades_domesticas,43.0,357.0,1.0,217.0,18.0,5.0,14.0
d0b9d3d449a97f582b325f11b512bfd2,livros_interesse_geral,35.0,1254.0,4.0,1833.0,17.0,17.0,18.0
31a2f42a87890f87d77daebdfabc182e,brinquedos,58.0,419.0,5.0,1700.0,30.0,35.0,25.0
40f9995eecfc68f54991ca49582e9885,telefonia,60.0,816.0,1.0,150.0,27.0,5.0,20.0
50f1880f1989251727fbbfe8c0a346a6,cool_stuff,54.0,661.0,2.0,1450.0,42.0,25.0,15.0
a4c27cf9767fe2b589251c764b891eda,perfumaria,58.0,1061.0,2.0,368.0,22.0,15.0,18.0
643a66b1dc5dad3de6cb5a41549e72f1,casa_construcao,51.0,1558.0,2.0,300.0,27.0,8.0,21.0
b18d3e74e5793a823be8acec061a5977,brinquedos,58.0,78.0,2.0,367.0,29.0,21.0,21.0
962a6951154f98f2c8e9a5b8b2bcf4a9,moveis_decoracao,47.0,610.0,1.0,2550.0,30.0,35.0,30.0
81a7ce9e5b3c92b523c22a4d3d3e05f4,utilidades_domesticas,60.0,213.0,1.0,450.0,16.0,30.0,11.0
7b85e3deef35afd6ebed5461ee8f0641,informatica_acessorios,56.0,617.0,1.0,1583.0,18.0,15.0,12.0
7c197490eb450e4ef0453e2ac0af9f30,informatica_acessorios,43.0,275.0,1.0,900.0,30.0,15.0,15.0
64eb8b21706b8e2c733ba16bf02a1537,beleza_saude,33.0,542.0,1.0,1100.0,20.0,14.0,16.0
fc13bac52be6640d9a77f54894e2c0e6,beleza_saude,42.0,1158.0,1.0,550.0,17.0,9.0,13.0
6ff2272628904adc50a60b0d755e9526,relogios_presentes,38.0,361.0,1.0,500.0,18.0,11.0,14.0
b80b2895a4edf092d99f63d8d96d84e5,esporte_lazer,36.0,1703.0,1.0,269.0,22.0,16.0,19.0
57414a165829139b9b534f0b4a794fe0,pet_shop,41.0,302.0,1.0,14725.0,54.0,25.0,37.0
77922dd87928c2cf9225946dac2a27a7,moveis_decoracao,60.0,600.0,1.0,650.0,25.0,25.0,25.0
7b32b1b87594b60dced8abb4531d2986,telefonia,51.0,419.0,1.0,350.0,16.0,6.0,11.0
c93558f621dc5b9277a19f009b83aaaf,beleza_saude,38.0,1145.0,2.0,200.0,21.0,8.0,11.0
90d0b33a310abf581b6eb73e4f40d0df,utilidades_domesticas,30.0,718.0,3.0,100.0,17.0,28.0,11.0
173e9fe34bfe97f3a5e6dc57fe897b74,livros_tecnicos,36.0,890.0,1.0,950.0,29.0,3.0,21.0
5d42919d908b17ec1848699d89e2bace,bebes,58.0,1515.0,1.0,8300.0,20.0,30.0,82.0
8c0c3a8ad1d1896e7d9d66921a4b66ab,brinquedos,47.0,719.0,3.0,1200.0,17.0,21.0,37.0
9aedf557945e816d48539ee56293f860,pcs,55.0,3610.0,4.0,2400.0,16.0,31.0,39.0
601a360bd2a916ecef0e88de72a6531a,cool_stuff,33.0,897.0,1.0,1600.0,42.0,25.0,15.0
af56e0203193f066ed64cbbbbf95ae6a,esporte_lazer,50.0,1290.0,3.0,750.0,25.0,7.0,25.0
cf1d8e226162a1d0ad61f29b7ed72d82,market_place,53.0,1377.0,2.0,250.0,18.0,8.0,18.0
f4b952dd7ab601c02bb1bd06395f45f6,relogios_presentes,53.0,301.0,2.0,1183.0,23.0,5.0,26.0
1af8902c3a99c03308ce1a8d05dc7d52,instrumentos_musicais,61.0,1106.0,8.0,5650.0,50.0,15.0,45.0
9c16099894e4002d54e17033e06bdbc8,automotivo,50.0,430.0,1.0,50.0,16.0,11.0,11.0
eba7488e1c67729f045ab43fac426f2e,perfumaria,43.0,259.0,1.0,610.0,22.0,14.0,16.0
ae9b8e8d0dcd7ca369276380ee8ce659,telefonia,52.0,514.0,1.0,100.0,19.0,3.0,11.0
5727b4e9463bfa0b43bf97397c4b7c44,moveis_decoracao,33.0,238.0,1.0,2450.0,53.0,3.0,48.0
48e82f62f499350869ac7529efd9fcbd,moveis_decoracao,60.0,357.0,1.0,650.0,25.0,5.0,17.0
a7566c5565bf286a5c8fb48387d97bb8,perfumaria,44.0,259.0,2.0,425.0,23.0,14.0,17.0
154e7e31ebfa092203795c972e5804a6,beleza_saude,48.0,575.0,1.0,100.0,20.0,15.0,15.0
f1d4ce8c6dd66c47bbaa8c6781c2a923,bebes,52.0,828.0,4.0,4950.0,40.0,10.0,40.0
719d571299707561c34ba04ab867b32a,beleza_saude,41.0,1178.0,1.0,434.0,20.0,16.0,18.0
45e967683e7292b195609137fadaf2fe,automotivo,57.0,453.0,4.0,100.0,21.0,2.0,17.0
19c91ef95d509ea33eda93495c4d3481,beleza_saude,50.0,1257.0,1.0,700.0,25.0,12.0,19.0
31a70a048673639e07f9c3848b590d8d,eletrodomesticos,47.0,347.0,2.0,100.0,16.0,10.0,11.0
09e5556011177a1f20244a4fcdde2752,moveis_sala,52.0,400.0,3.0,6100.0,50.0,50.0,11.0
c8194120cffeb4eea08d08e91ed1d284,construcao_ferramentas_jardim,58.0,986.0,2.0,3097.0,57.0,9.0,35.0
947f602dbb2ac7b6795cc5b1f0508a52,beleza_saude,37.0,3781.0,1.0,100.0,16.0,5.0,17.0
ebcf9e2edf1b5ef61117102401561d4a,telefonia,42.0,329.0,1.0,150.0,16.0,4.0,13.0
9bd556e1c4a7917679b89ec2075e9cba,utilidades_domesticas,55.0,271.0,2.0,2700.0,30.0,16.0,33.0
c0603988d17e4588dfce0f7f01978557,cama_mesa_banho,60.0,516.0,1.0,400.0,26.0,18.0,23.0
08c816d9a716567bf436173ef6f5f12e,eletronicos,60.0,740.0,1.0,150.0,18.0,12.0,15.0
6b7de889f456ee35f031172d358b2cd2,papelaria,60.0,778.0,6.0,1500.0,30.0,50.0,20.0
2add772ac1b21ad0f2a8f7bfda8723db,cama_mesa_banho,55.0,610.0,3.0,7550.0,60.0,30.0,60.0
d6a95e3741f817881010aa71433051b5,eletrodomesticos,57.0,1799.0,3.0,50.0,26.0,2.0,12.0
4f969a12cc8cb60a5cce67cc3fc305cd,automotivo,33.0,47.0,1.0,186.0,16.0,13.0,14.0
acdd408fe971bbe29a81f8febb575ffc,eletronicos,50.0,237.0,1.0,175.0,20.0,16.0,18.0
90948d9a060616a06ed14846f7f1749c,eletronicos,59.0,547.0,1.0,1767.0,49.0,10.0,19.0
d75e2e75d4471019ee14ae21d5f61704,fashion_calcados,43.0,647.0,3.0,900.0,20.0,9.0,21.0
c5944369a5cc96d600713f640e46ab5e,relogios_presentes,19.0,699.0,3.0,350.0,18.0,10.0,15.0
b19f489c6dd8b47c1e9ecd9e3f2d8bb9,fashion_bolsas_e_acessorios,51.0,396.0,4.0,1400.0,40.0,15.0,30.0
7f4e034245e45549110139d1de248f83,bebes,55.0,1629.0,1.0,600.0,20.0,13.0,13.0
1491a8ff192d4b5c369b0eaa2fe33ee5,cama_mesa_banho,46.0,162.0,5.0,4600.0,60.0,19.0,50.0
d37c7b44350fea9327f32f3e603f682b,moveis_decoracao,53.0,187.0,1.0,900.0,40.0,2.0,30.0
1e618d311a1b7f88a9d96ec50aa85582,utilidades_domesticas,42.0,540.0,4.0,9950.0,31.0,61.0,31.0
78efe838c04bbc568be034082200ac20,moveis_decoracao,57.0,272.0,1.0,2500.0,40.0,10.0,30.0
7bdb28a55646012fb3348058d629d9bc,instrumentos_musicais,55.0,541.0,3.0,2750.0,103.0,12.0,17.0
5cb1a29179d1883d7ab5424629fe67aa,moveis_decoracao,37.0,594.0,3.0,1100.0,103.0,6.0,20.0
059dce566827cd3b3274f2b986d5c0db,ferramentas_jardim,36.0,733.0,1.0,3500.0,40.0,19.0,35.0
7d4f932dd4fa16256c20de073329eacc,bebes,54.0,1035.0,1.0,50.0,20.0,5.0,15.0
1ebd1450a2b8d51ffda696956426024a,cama_mesa_banho,45.0,102.0,1.0,300.0,26.0,3.0,21.0
e27477bc051dcfafd523c6064551bd25,moveis_decoracao,51.0,676.0,1.0,5300.0,35.0,23.0,35.0
32aeecc02aa5adcb7f75155a80a47836,esporte_lazer,45.0,1575.0,1.0,2152.0,26.0,24.0,21.0
96d1c06692244e2fed6e1f9aa9552770,cama_mesa_banho,48.0,252.0,1.0,625.0,70.0,15.0,50.0
97017430754804328eb9597b7f85da03,telefonia,60.0,818.0,5.0,300.0,17.0,4.0,12.0
0ed9a84687fad2d921b09b0ebcc4cded,beleza_saude,53.0,423.0,1.0,30000.0,55.0,75.0,61.0
0bde5c9ff4a756aed7fe09a8a3bb0dfd,pet_shop,29.0,363.0,1.0,12450.0,69.0,36.0,30.0
7e48d9554094858ee2269c4ef809f50e,relogios_presentes,51.0,789.0,2.0,200.0,16.0,2.0,11.0
f22c9d6ce2431ff939aad39e026cc7ef,automotivo,37.0,1507.0,4.0,2600.0,38.0,18.0,23.0
4745d118bc09758d0a4bf795b7bb5cb7,fashion_bolsas_e_acessorios,57.0,676.0,4.0,150.0,17.0,9.0,17.0
3264eb8097906cea4af2f4a56e2447ed,relogios_presentes,57.0,723.0,5.0,200.0,16.0,2.0,11.0
86b4986bc313d65b0b5e46f5be8d11ce,consoles_games,31.0,2287.0,5.0,1000.0,18.0,4.0,15.0
50627d7c3dd43902d64134574befe12f,informatica_acessorios,32.0,626.0,3.0,300.0,16.0,4.0,11.0
87cb507e0daa37bbf34956fd59eba832,relogios_presentes,55.0,167.0,2.0,250.0,16.0,2.0,11.0
ebf7d9b8166c02eb72e573eebd630458,cama_mesa_banho,55.0,185.0,2.0,526.0,44.0,6.0,33.0
060e9bdedfae37724dbce0b3270d76ae,relogios_presentes,54.0,821.0,4.0,200.0,16.0,2.0,11.0
92c1eb75a887a500d9689fbad65e27e3,moveis_escritorio,41.0,1205.0,1.0,17150.0,58.0,61.0,24.0
947a46e4f6dcc04e256398abf33e272e,papelaria,43.0,867.0,7.0,750.0,30.0,40.0,11.0
180534717d1776626e418844a26a7c8f,relogios_presentes,59.0,153.0,1.0,1000.0,16.0,10.0,11.0
93c902b021a9e594f658ab1b0351602a,eletronicos,60.0,390.0,7.0,1250.0,26.0,10.0,18.0
dde07b9fedc0682cc6acbd81d92ffe22,cool_stuff,51.0,466.0,1.0,500.0,20.0,20.0,30.0
8dfb264673631eed595f12828b0ff2c6,automotivo,60.0,480.0,5.0,2600.0,37.0,13.0,24.0
b30bd2570ba0ad3ce06e785a7b23d544,cama_mesa_banho,55.0,315.0,2.0,2900.0,45.0,15.0,35.0
5c2bb11cf2149bd4d9fffcc1246458c3,papelaria,37.0,531.0,1.0,2283.0,27.0,35.0,35.0
656e0eca68dcecf6a31b8ececfabe3e8,informatica_acessorios,45.0,236.0,1.0,173.0,18.0,13.0,12.0
aaa391b7c35a628a6318851e8e933e0b,,,,,200.0,16.0,2.0,11.0
3779f2d78a8cc041bcce56232d83befb,automotivo,58.0,1275.0,1.0,1125.0,20.0,17.0,17.0
c477957dd9b5f51032f3631c50630585,cama_mesa_banho,29.0,796.0,1.0,1600.0,35.0,20.0,25.0
bed8edcc8479914748b6e6173513b3eb,utilidades_domesticas,45.0,567.0,3.0,3000.0,52.0,3.0,32.0
2028bf1b01cafb2d2b1901fca4083222,perfumaria,54.0,1536.0,2.0,250.0,20.0,8.0,21.0
b92268ad64d3947c80fddbc3a82de845,utilidades_domesticas,55.0,134.0,1.0,8850.0,39.0,12.0,78.0
3225c54bb2785c33f49f50398fcdb88c,relogios_presentes,47.0,547.0,1.0,269.0,17.0,11.0,13.0
0502d1a36be75bd36b452f31c6ed264a,,,,,100.0,16.0,7.0,11.0
7c1bd920dbdf22470b68bde975dd3ccf,beleza_saude,59.0,492.0,2.0,200.0,22.0,10.0,18.0
bed95d69e90e758da84f50f57dc0e31b,pet_shop,50.0,1983.0,3.0,3000.0,105.0,16.0,16.0
cfe9e8e1f0400c8cc665d41722f34086,moveis_decoracao,44.0,696.0,4.0,1500.0,35.0,40.0,35.0
63085bb4366ded27bcb63cbb59b4103a,bebes,53.0,872.0,2.0,13100.0,38.0,47.0,44.0
c077c1ab5ccc8f57fd2fb6fd2f0b03cf,utilidades_domesticas,53.0,786.0,4.0,725.0,29.0,15.0,23.0
9aa9caee155847cddb376a05b9a39791,telefonia,60.0,777.0,6.0,300.0,17.0,4.0,12.0
1c9b5793de6c3d9117b6218552c87a8f,perfumaria,54.0,956.0,1.0,50.0,16.0,5.0,11.0
765a8070ece0f1383d0f5faf913dfb9b,esporte_lazer,44.0,1186.0,1.0,683.0,20.0,19.0,19.0
57f2bc497c1a3ebe41ba7a06d78ed159,relogios_presentes,55.0,336.0,4.0,250.0,16.0,2.0,20.0
d14782a9f0856f169ee3b60303efa262,moveis_decoracao,56.0,509.0,1.0,500.0,55.0,6.0,11.0
6f2d7833b8f0a094571ebddebdc6623a,telefonia,60.0,298.0,7.0,350.0,17.0,4.0,13.0
8c8cb3d0f2853c44cbf9561c7d93beaa,telefonia,46.0,832.0,1.0,175.0,18.0,4.0,16.0
491363806b8d8e7d7befa5635d415c45,esporte_lazer,54.0,795.0,1.0,200.0,18.0,8.0,14.0
d6b21712ba181dea6664f1b3e09d650e,esporte_lazer,30.0,1826.0,1.0,360.0,18.0,14.0,16.0
7eedc4bfd32856b0c2b78657036d203e,cama_mesa_banho,55.0,318.0,1.0,16000.0,45.0,15.0,25.0
72a137b85d5a1d82cde242493f118f43,consoles_games,55.0,411.0,3.0,600.0,24.0,20.0,27.0
0f0c4960b05d6145bbb4b348423503ef,eletronicos,32.0,139.0,3.0,1700.0,32.0,5.0,26.0
b1551ef44e04265b510840b991b24b51,utilidades_domesticas,55.0,1010.0,1.0,1000.0,43.0,11.0,37.0
ac20a9614b6db9e7289b85c4f4b6216a,eletrodomesticos,59.0,190.0,1.0,1250.0,65.0,8.0,38.0
e3d080fd5b3ce383ec62cf67d4cb8238,beleza_saude,58.0,1360.0,2.0,150.0,16.0,13.0,11.0
981f6a96c09b7d28e5c5f2fbb282fcde,cama_mesa_banho,41.0,596.0,4.0,1750.0,50.0,10.0,40.0
e8d7b12572b213ba22acebb8983a4615,utilidades_domesticas,48.0,221.0,1.0,800.0,21.0,22.0,20.0
ec2d43cc59763ec91694573b31f1c29a,cama_mesa_banho,38.0,735.0,5.0,800.0,20.0,20.0,20.0
e9eebb8e8ba0fadb9020f8ba1c003b48,perfumaria,36.0,210.0,1.0,541.0,21.0,15.0,16.0
b112694f32005c5254383ccf38bfd11f,informatica_acessorios,60.0,254.0,1.0,850.0,30.0,15.0,15.0
736f1b87428f9cfe5f5184c4ac0fbe05,cama_mesa_banho,46.0,684.0,1.0,1500.0,40.0,15.0,32.0
2885aad25d7d1963d3731a9a6ec86306,livros_tecnicos,26.0,562.0,1.0,250.0,40.0,2.0,12.0
775882cccdd5199956853d6117b0e650,eletrodomesticos,48.0,196.0,3.0,300.0,24.0,11.0,16.0
3c9ddb88ecde498679b5c3b5f9b0a213,brinquedos,56.0,378.0,3.0,270.0,26.0,9.0,16.0
f32ac4ba1acc078eadefc29c8d76a9e2,automotivo,46.0,2304.0,4.0,250.0,16.0,6.0,15.0
710e89a75e7f980a83c21d9f884ae13a,relogios_presentes,59.0,502.0,6.0,300.0,16.0,2.0,20.0
42a2bd596fda1baef5719cb74f73030c,cama_mesa_banho,60.0,188.0,1.0,1300.0,44.0,2.0,35.0
6ce07ff93c0dbafa9df5c10038e41287,cama_mesa_banho,33.0,1061.0,1.0,4150.0,26.0,26.0,36.0
254e83d8714765408ae71c07e6a972e0,telefonia,60.0,438.0,2.0,651.0,20.0,15.0,22.0
2d1d20d3c91d3940c6079a3bad529402,perfumaria,56.0,2133.0,1.0,150.0,22.0,18.0,17.0
254689a977285f8dd17c32b30870e933,bebes,57.0,2883.0,4.0,16500.0,43.0,83.0,43.0
2de5c479fb0c490a0f2a2f3ab36e71b6,ferramentas_jardim,56.0,511.0,6.0,1050.0,22.0,21.0,16.0
a7a9c0eede9320acf479daf444835d90,eletronicos,38.0,879.0,1.0,501.0,19.0,10.0,91.0
729a75e5cb63f785e67ebd8c44a5c0ee,relogios_presentes,37.0,621.0,1.0,350.0,23.0,12.0,15.0
e3a3f867448d4e54c737944db7122dbd,cool_stuff,33.0,895.0,1.0,1100.0,42.0,25.0,15.0
1613b819ab5dae53aead2dbb4ebdb378,automotivo,60.0,982.0,2.0,50.0,17.0,10.0,15.0
63c91bb26c656cd5fe0d2ca82b632c84,esporte_lazer,57.0,1278.0,3.0,850.0,44.0,22.0,32.0
4182ad8f6fd91b6064f2d1097d8a4291,beleza_saude,38.0,929.0,1.0,1097.0,18.0,18.0,16.0
33fac76e7f17367dedaef7954bbb33b4,beleza_saude,63.0,1113.0,2.0,550.0,20.0,20.0,20.0
186052b3f166a0f7227e78b2d27652d3,casa_conforto,56.0,162.0,1.0,3200.0,20.0,30.0,46.0
5c12fb778168a77e3ffc8d7dd7a689fd,perfumaria,63.0,815.0,4.0,400.0,16.0,10.0,11.0
9bc7d25a36d620cf449cfdebe3de132f,beleza_saude,45.0,287.0,4.0,500.0,20.0,7.0,20.0
39678bc6ddb608fa59c306b78f51efe8,eletronicos,46.0,442.0,1.0,150.0,25.0,7.0,16.0
bc4cd4da98dd128c39bf0b8c2674032f,pcs,55.0,3610.0,4.0,2650.0,16.0,31.0,39.0
4298b7e67dc399c200662b569563a2b2,informatica_acessorios,58.0,420.0,1.0,200.0,21.0,14.0,15.0
032e8352e7d34cc2558d4ae22132866c,moveis_decoracao,55.0,1617.0,3.0,4450.0,105.0,5.0,69.0
c5736c891e81c20ebc49de62980c1136,cool_stuff,43.0,421.0,4.0,500.0,27.0,5.0,27.0
8f8cb7e4a7f16d339f87f8aa2711a003,brinquedos,36.0,529.0,2.0,650.0,28.0,13.0,15.0
146f38b5c222913dbe6606e5a25cd318,esporte_lazer,54.0,454.0,1.0,3400.0,36.0,41.0,36.0
e71f3cd0a0ef69b7fd173b32322dc6da,utilidades_domesticas,32.0,251.0,1.0,600.0,30.0,30.0,30.0
04a58e66cae7d954a87cb7fbb67b204c,automotivo,59.0,1773.0,1.0,6600.0,44.0,25.0,39.0
abf923da81737ee0bde792182948a693,brinquedos,42.0,314.0,2.0,450.0,27.0,11.0,13.0
a861d5c0df81a446e7e60ddb33ec0659,automotivo,57.0,1970.0,4.0,1550.0,27.0,24.0,27.0
bb42f37fc3d9130e4a4339d24a47dd7c,cama_mesa_banho,59.0,81.0,1.0,400.0,20.0,2.0,15.0
f361fccba568fabe00db466f80626d1e,automotivo,20.0,908.0,1.0,75.0,17.0,8.0,13.0
9a07babc9b1d5d84b1e2422f8b55fd42,relogios_presentes,57.0,462.0,1.0,475.0,26.0,13.0,16.0
3dacb3ae011b40803a508b23392e15a0,papelaria,57.0,1682.0,1.0,7200.0,43.0,23.0,33.0
c756c946d61f5ffc068418badfb6302c,relogios_presentes,55.0,175.0,8.0,250.0,16.0,2.0,11.0
97e778e5156560324ed3226e6dba3a5e,fashion_bolsas_e_acessorios,35.0,353.0,5.0,300.0,16.0,16.0,12.0
12f066474dfa3c415c169051c5e1967e,telefonia,60.0,749.0,3.0,200.0,22.0,8.0,15.0
6d3d8ade6b793a08b041b6bc653c08ca,moveis_decoracao,53.0,502.0,1.0,650.0,25.0,25.0,25.0
f7a17d2c51d9df89a4f1711c4ac17f33,utilidades_domesticas,56.0,1245.0,5.0,350.0,22.0,8.0,19.0
6a1a04054158fe995e1688d8f79605b2,esporte_lazer,59.0,254.0,1.0,1650.0,40.0,45.0,25.0
86b905f8e48ccc43feec909bd9b934fb,moveis_decoracao,34.0,677.0,1.0,1200.0,17.0,32.0,17.0
e6a497d97ea84990f05bda077f62a2da,moveis_decoracao,51.0,358.0,1.0,2900.0,35.0,7.0,35.0
165cf891cdb818da8293163bf0a9b2ba,informatica_acessorios,51.0,156.0,1.0,100.0,16.0,6.0,14.0
d500c64ef3ac31087d21f93faacec268,livros_tecnicos,55.0,792.0,1.0,2000.0,30.0,3.0,21.0
951e2998189b05082eab2080036b135b,telefonia,59.0,734.0,3.0,350.0,17.0,4.0,12.0
e1723cc3f4bc8a361b57f8c8b97959af,eletronicos,44.0,376.0,1.0,200.0,25.0,7.0,16.0
e435ceb7ced9b8446defd858630454ed,beleza_saude,28.0,792.0,1.0,440.0,20.0,11.0,17.0
195a72beccf48da20d71e2d7530b470a,beleza_saude,48.0,474.0,4.0,425.0,20.0,11.0,14.0
6eb70dfb283dc3f645ed7b03c990dc72,audio,31.0,251.0,2.0,343.0,19.0,11.0,13.0
f6dc856631040b5a7843b14a94b09b96,pet_shop,48.0,1594.0,1.0,15550.0,47.0,32.0,62.0
4fcb3d9a5f4871e8362dfedbdb02b064,automotivo,53.0,603.0,1.0,5950.0,65.0,11.0,65.0
5fb1e24560c31b0eaa1911d4247187ed,brinquedos,34.0,649.0,3.0,2600.0,33.0,12.0,26.0
368c6c730842d78016ad823897a372db,ferramentas_jardim,57.0,366.0,2.0,1650.0,30.0,22.0,30.0
ec811f847a08d7ad8203b790a1db3070,moveis_decoracao,22.0,463.0,1.0,2000.0,22.0,22.0,22.0
628f5ed6c14790dcb9233c8dbf596175,beleza_saude,43.0,875.0,1.0,555.0,30.0,12.0,16.0
530d9436af6fa4960e9754ce4128b468,moveis_decoracao,39.0,510.0,2.0,1350.0,80.0,20.0,20.0
b91b2431ca8a681073c72cab18054e6e,beleza_saude,44.0,768.0,1.0,1200.0,30.0,12.0,16.0
33ec1056063990a554e2e2cd85219de5,cama_mesa_banho,60.0,624.0,2.0,400.0,57.0,4.0,28.0
1bef08f119466a85a83919d5b80facd3,cama_mesa_banho,39.0,114.0,1.0,250.0,40.0,4.0,30.0
c53136cc2d9c25f291925712487f22eb,cama_mesa_banho,60.0,226.0,1.0,1600.0,49.0,7.0,40.0
1782400950423c9b12600278b8ef65d3,perfumaria,58.0,553.0,1.0,567.0,23.0,15.0,16.0
261244fc4d0197d8772346872f5b0f5e,moveis_cozinha_area_de_servico_jantar_e_jardim,54.0,785.0,5.0,975.0,41.0,12.0,12.0
b9a96cfeeea8e470af6d87627be50e10,fashion_bolsas_e_acessorios,59.0,198.0,2.0,200.0,16.0,10.0,16.0
44b3c2d28ae185727a80fc99e0d330ae,ferramentas_jardim,35.0,227.0,1.0,800.0,16.0,63.0,13.0
24bc2932a12c983f8e76d828b65cf39b,beleza_saude,12.0,2411.0,1.0,380.0,17.0,11.0,13.0
50b9ed3a22932b28d452c73046083f5d,esporte_lazer,52.0,1321.0,1.0,254.0,17.0,15.0,12.0
1276de9d6e6200f71cfb172a76abf703,fashion_bolsas_e_acessorios,43.0,250.0,2.0,50.0,16.0,5.0,16.0
20b0f2e1b898d6ab3155af3b923794ed,utilidades_domesticas,51.0,1118.0,5.0,400.0,18.0,8.0,14.0
b8b426747049f2d3d6e00b486d47dedb,beleza_saude,49.0,819.0,3.0,1250.0,42.0,11.0,12.0
2b4662eb979b4254e70b334e76ba0470,cama_mesa_banho,56.0,515.0,1.0,6700.0,30.0,30.0,30.0
896a64a7f34cdfef2c60ce59fa2a148f,perfumaria,50.0,899.0,3.0,800.0,38.0,13.0,22.0
c7f24eedab65851cf5b6c25a10816ea0,utilidades_domesticas,51.0,1540.0,1.0,1775.0,45.0,11.0,28.0
4858799008e3cd4fcab9c61fbc63a2a0,moveis_decoracao,40.0,293.0,3.0,200.0,25.0,4.0,18.0
55f166570845e0a7b4456edac9c420b7,automotivo,42.0,431.0,1.0,975.0,32.0,35.0,29.0
3ebd44ce3c5f4ef6af43b9f0b1df1729,automotivo,60.0,317.0,4.0,70.0,19.0,3.0,16.0
5fc604f5f76a23b94565f06a830fa835,esporte_lazer,51.0,302.0,1.0,400.0,20.0,20.0,11.0
992b493206080e0ded9bf933ae5da6d3,informatica_acessorios,47.0,576.0,1.0,450.0,37.0,4.0,12.0
d2085f7e0f9533605386960fc7e987ec,ferramentas_jardim,40.0,207.0,4.0,150.0,16.0,2.0,11.0
4a85b07765a341b846c963da0381db96,beleza_saude,57.0,1687.0,1.0,4350.0,16.0,16.0,16.0
3b7929cc079c14493fb6fb3373dbc1e1,audio,21.0,68.0,3.0,1075.0,40.0,20.0,30.0
9a78dffd6ee3b0b5ef8c7bcc3363cb60,moveis_decoracao,52.0,748.0,4.0,15400.0,40.0,60.0,40.0
28ea12eefe401cceb76c6026abfbcd71,esporte_lazer,52.0,671.0,6.0,1300.0,25.0,30.0,40.0
d8bbf40bf0360a6149a9ae34eb0ac7e1,artigos_de_natal,44.0,253.0,1.0,600.0,16.0,20.0,11.0
4555f012f9764d3e5cedbe66cd24513b,brinquedos,49.0,194.0,2.0,1100.0,30.0,30.0,30.0
f97f7f15dc57882fed36ae1dc9de8090,beleza_saude,45.0,568.0,1.0,150.0,16.0,7.0,15.0
2f785af0f4f132585052347521b90b29,beleza_saude,46.0,456.0,1.0,529.0,20.0,18.0,16.0
67d2c4ee8fd08752a32aae5f878740aa,telefonia,45.0,361.0,1.0,100.0,19.0,4.0,11.0
a59fb60fddcc72a9878b7ed5cb69d8e4,audio,48.0,424.0,1.0,200.0,27.0,5.0,20.0
14ff2fd93669cee55ac37385a7409d5d,brinquedos,41.0,960.0,3.0,200.0,20.0,25.0,25.0
c9e53dd69a11a579c7cf58da80dbe762,beleza_saude,42.0,647.0,1.0,2700.0,98.0,15.0,15.0
9e809bfbd8f6387e9bfbccd76087c82e,esporte_lazer,29.0,2084.0,1.0,100.0,16.0,10.0,16.0
84fa04b89f708a4fdfa1d828a277a150,fashion_bolsas_e_acessorios,27.0,472.0,1.0,300.0,21.0,9.0,13.0
8d219c7aa1a8032569bbd8c4ad515daa,esporte_lazer,52.0,914.0,2.0,4350.0,20.0,20.0,20.0
d3a745c19c13090b4114427d782f6c52,perfumaria,58.0,912.0,1.0,400.0,18.0,8.0,16.0
8092fb20e422a961ea52cd441b5a4244,informatica_acessorios,28.0,736.0,1.0,856.0,25.0,16.0,18.0
36ea81e90d1292dcdc3ad8abb09c20fe,bebes,59.0,921.0,4.0,350.0,42.0,27.0,42.0
da596542f9179c1021970d21d9b53b76,cama_mesa_banho,40.0,324.0,1.0,750.0,36.0,4.0,29.0
20a64c9ab614812a2634ebbd69bb4a02,cool_stuff,50.0,1490.0,3.0,550.0,100.0,6.0,50.0
d3c044bd42d84a79e3b0c42662806a48,esporte_lazer,32.0,3831.0,1.0,150.0,16.0,16.0,11.0
136da55add0b0a3c8c5404913a225e47,utilidades_domesticas,49.0,370.0,2.0,300.0,16.0,10.0,12.0
2c28d5cc196e413502b3f8a4ed9aedc9,perfumaria,46.0,859.0,2.0,450.0,26.0,12.0,18.0
aa280035c50ba62c746480a59045eec4,brinquedos,56.0,678.0,3.0,200.0,16.0,8.0,11.0
20f160a9cf2e856ee5eba259e9ae33f9,perfumaria,56.0,1224.0,3.0,556.0,21.0,16.0,16.0
db1d1a4569fdbae28a0d3340d907f7af,,,,,400.0,16.0,5.0,12.0
02ad328219e45e7d138101bc3c8aa6c6,casa_construcao,52.0,928.0,7.0,1000.0,16.0,20.0,16.0
3e442d09f9dfef002aadf31960869f65,informatica_acessorios,33.0,1084.0,2.0,200.0,41.0,2.0,29.0
dd0c5ce67727fde645d9a6c8cdc4970d,eletronicos,59.0,743.0,2.0,343.0,28.0,16.0,19.0
7fdff1c504647eff040e08cd98ce3210,brinquedos,43.0,2239.0,2.0,200.0,17.0,21.0,11.0
196b3e3000c77b282069397fb84686dc,bebes,40.0,1109.0,1.0,28250.0,34.0,85.0,55.0
3a05a947f28cf46d789adedc107d7595,esporte_lazer,57.0,652.0,1.0,3450.0,16.0,15.0,20.0
2d68dc900969487798076d5f21c1090d,moveis_decoracao,54.0,688.0,1.0,300.0,22.0,2.0,32.0
af407c297ba8ec15891e2d95193203c2,construcao_ferramentas_construcao,39.0,493.0,1.0,2008.0,45.0,23.0,21.0
aed75ad669fbebd5a385ac7cc2ae7573,beleza_saude,42.0,427.0,1.0,30000.0,50.0,75.0,56.0
4ec8f9faf220dfbee99dc36f001ac968,moveis_decoracao,51.0,527.0,1.0,7750.0,49.0,25.0,49.0
f264c1d9b20b5e4a340254d0405e613b,cool_stuff,48.0,874.0,1.0,1050.0,42.0,25.0,15.0
547b95702aec86f05ac37e61d164891c,ferramentas_jardim,33.0,509.0,1.0,9100.0,42.0,13.0,39.0
7754574f8aeca545b663be749e5db05c,informatica_acessorios,46.0,2604.0,2.0,5879.0,30.0,25.0,19.0
7564c1759c04fc0a38f2aa84f7a370ee,construcao_ferramentas_construcao,59.0,2432.0,3.0,1200.0,16.0,11.0,11.0
e85d91619b497e98754390b6198a9818,bebes,56.0,624.0,2.0,700.0,24.0,14.0,18.0
211293b50935ced8d4370f552c482d74,bebidas,55.0,1736.0,3.0,226.0,18.0,16.0,16.0
2b4609f8948be18874494203496bc318,beleza_saude,59.0,492.0,3.0,250.0,22.0,10.0,18.0
53d9d735cbf1969f1f2661b9b2c661be,utilidades_domesticas,54.0,807.0,1.0,750.0,25.0,10.0,15.0
9feeadd6b97835152e83e1b25b46f5c4,esporte_lazer,54.0,1175.0,1.0,1064.0,24.0,20.0,19.0
22594ba8fd9a72ad95d352929c821560,moveis_escritorio,31.0,1076.0,1.0,8450.0,53.0,50.0,16.0
467df52fbb75382062d23bcb4e995d67,papelaria,60.0,244.0,1.0,1900.0,60.0,20.0,29.0
69455f41626a745aea9ee9164cb9eafd,relogios_presentes,41.0,408.0,2.0,501.0,18.0,13.0,14.0
f25bbb88c1a219c21b1af6b99895b960,esporte_lazer,42.0,231.0,4.0,550.0,35.0,10.0,20.0
c8f57335e06d8d4e73e34057dc92cfbe,telefonia,59.0,273.0,1.0,300.0,16.0,2.0,11.0
f3c5707e7c539ab6533e3611da02b648,cama_mesa_banho,57.0,204.0,1.0,2250.0,35.0,20.0,30.0
abcadf3aeced9a5dd2c23cb61ca09a4c,automotivo,56.0,663.0,3.0,577.0,24.0,14.0,13.0
b60a0c8bd0333c69ee70565973709bbf,beleza_saude,56.0,2010.0,5.0,650.0,16.0,10.0,11.0
cec09725da5ed01471d9a505e7389d37,esporte_lazer,52.0,1197.0,1.0,2500.0,20.0,11.0,11.0
6c6a78e0768babe7473b5eccf0fc6076,moveis_decoracao,60.0,357.0,1.0,400.0,25.0,5.0,17.0
276e9ed23a30582d125743aaed57ed22,ferramentas_jardim,60.0,624.0,3.0,250.0,17.0,7.0,13.0
9ae64e1163bf254bad20d5155cffb99d,papelaria,59.0,314.0,3.0,8000.0,30.0,55.0,35.0
ff8f6ec909e03ac8d9f6d82a10031c0c,cool_stuff,54.0,1594.0,2.0,1600.0,60.0,5.0,36.0
f2e53dd1670f3c376518263b3f71424d,cama_mesa_banho,53.0,236.0,2.0,1975.0,41.0,13.0,31.0
3f29ff76d9ee5fd080b96ce49afc6c94,esporte_lazer,59.0,1299.0,3.0,500.0,20.0,10.0,15.0
8db75af9aed3315374db44d7860e25da,seguros_e_servicos,48.0,461.0,4.0,400.0,26.0,22.0,11.0
f124ba93c961061c1358bab8b90730ba,audio,50.0,447.0,1.0,150.0,27.0,5.0,20.0
bd69e6d599b9a3d9c298617c14e46f9f,cama_mesa_banho,54.0,405.0,1.0,700.0,45.0,15.0,30.0
eb356ef61e2262adcadc023b9522609d,relogios_presentes,60.0,261.0,3.0,200.0,16.0,2.0,11.0
cd6e125f1385d66bd4d682a54f64750d,instrumentos_musicais,52.0,206.0,1.0,1400.0,31.0,50.0,31.0
17de10d52ada234d16d3991c1b9546f8,brinquedos,45.0,128.0,1.0,400.0,22.0,14.0,14.0
12f54c9922a614df9d112a6d7537bb9d,telefonia,55.0,592.0,1.0,275.0,18.0,4.0,12.0
9c8175269cef413a4b94529295cc1991,telefonia_fixa,60.0,789.0,4.0,394.0,21.0,16.0,17.0
5115d8cd6438c0c4d8abdf38d5d41ebd,fashion_bolsas_e_acessorios,46.0,128.0,7.0,350.0,16.0,2.0,20.0
2e513e110e3f95926fa3d1ac44444ff4,eletronicos,56.0,320.0,1.0,150.0,24.0,8.0,16.0
8f03c5b78e41d6cecdfb6f6bbe4de8da,ferramentas_jardim,43.0,594.0,3.0,5683.0,45.0,30.0,30.0
58306668d7263e8ebd2d5c69ef31cc23,beleza_saude,55.0,261.0,1.0,5300.0,25.0,105.0,12.0
04d752c2cda8f0972a8ab10ac9abdf12,cama_mesa_banho,53.0,128.0,2.0,900.0,50.0,5.0,50.0
f50df3b65ee30912ca3e462971e1334f,informatica_acessorios,58.0,870.0,2.0,700.0,28.0,10.0,19.0
c6dd917a0be2a704582055949915ab32,cool_stuff,54.0,1012.0,1.0,1200.0,42.0,25.0,15.0
99f265229d46f700208ad7cb1ff48aae,telefonia,60.0,755.0,6.0,350.0,17.0,4.0,12.0
7dfaf5d5673b7663f59e93262a2e393b,telefonia,51.0,394.0,7.0,150.0,19.0,3.0,11.0
d47f1895ec4f641a519a65d73d2157b5,esporte_lazer,56.0,661.0,5.0,200.0,16.0,5.0,13.0
600807028ef02560765e441c161a9da3,papelaria,60.0,589.0,3.0,250.0,21.0,7.0,15.0
69fb24f0cd077f460768e66b89c3565e,moveis_sala,20.0,275.0,1.0,3400.0,33.0,13.0,33.0
adeea18a6da4bba9f90b3e77641f6016,informatica_acessorios,52.0,118.0,2.0,100.0,16.0,8.0,11.0
aba86c093ccdbac75b09111d57e50004,moveis_escritorio,41.0,154.0,1.0,2600.0,40.0,45.0,39.0
dd64f2b1807ccb20fcd0ea2a40dd8a9b,utilidades_domesticas,56.0,397.0,4.0,7350.0,56.0,14.0,56.0
c8ce6fa564890ef82eb876c0bbb8f01d,informatica_acessorios,53.0,886.0,6.0,200.0,29.0,5.0,20.0
b813c88d024da60c2cbdf7a531e4fa77,perfumaria,60.0,441.0,1.0,500.0,23.0,8.0,15.0
be837f2e0152a208d4386f4126d5bd7c,eletrodomesticos,60.0,940.0,2.0,950.0,25.0,11.0,15.0
6914791ca3bbae73b7111d6b3ecbc814,brinquedos,37.0,226.0,1.0,450.0,45.0,15.0,35.0
68d5c8f49bad9f5b366b4f40db6c7fdf,brinquedos,58.0,411.0,1.0,200.0,28.0,13.0,22.0
80a08e4dfa5115b34f674eca035a01dd,esporte_lazer,50.0,2164.0,5.0,3400.0,33.0,25.0,28.0
56ad64ea1d19bc4b26b61088d89e6f41,moveis_decoracao,43.0,523.0,1.0,400.0,50.0,5.0,30.0
fd7d2e006bf144655148da8077bd8d4f,instrumentos_musicais,51.0,291.0,5.0,200.0,16.0,30.0,16.0
5403528d987ad26e8d7cb25940411987,relogios_presentes,58.0,600.0,3.0,250.0,16.0,2.0,11.0
c2a1ff8408a1c857c8730e4d12da714e,utilidades_domesticas,56.0,1221.0,3.0,1450.0,21.0,17.0,22.0
98ec655119c24de03b804696821f3955,beleza_saude,46.0,586.0,1.0,200.0,20.0,20.0,30.0
76b7fa5da50b22fe17d1e7bbde661106,moveis_decoracao,52.0,264.0,1.0,650.0,25.0,25.0,25.0
ee2568e85817bc2c070154cec07135ac,brinquedos,39.0,111.0,2.0,400.0,20.0,31.0,30.0
72b61ed035f5576359ccf0d2ec7bddf2,esporte_lazer,61.0,990.0,5.0,150.0,26.0,2.0,21.0
a22e92e1c32bdf3db91e0170a8b18408,esporte_lazer,44.0,1161.0,3.0,3450.0,100.0,15.0,15.0
53078c8d0c5db76c536e1d2244ac63e4,beleza_saude,32.0,500.0,2.0,300.0,16.0,11.0,12.0
86b8032cbb666ec9ca1f2aa4d4cace06,esporte_lazer,52.0,801.0,5.0,418.0,18.0,7.0,13.0
2d7ec74c6f93ad8234f2e29817b2827b,bebes,54.0,305.0,6.0,1400.0,40.0,30.0,30.0
217cb0f28c6def3c3be057a952d78189,pet_shop,54.0,1102.0,2.0,650.0,20.0,18.0,20.0
1df9ea4c24394047de1837c6f00673b3,informatica_acessorios,32.0,604.0,1.0,150.0,16.0,15.0,13.0
4ca7b91a31637bd24fb8e559d5e015e4,eletroportateis,55.0,2209.0,5.0,20500.0,39.0,39.0,58.0
99c97d191bcc87e072acc4521bce44d4,eletrodomesticos_2,33.0,111.0,1.0,7350.0,44.0,14.0,30.0
34dabb8af33b3756cf72df05fb327011,tablets_impressao_imagem,56.0,512.0,1.0,300.0,26.0,10.0,26.0
c5cb254d666e4420d56b5dc67ff59d29,informatica_acessorios,55.0,92.0,1.0,50.0,16.0,3.0,11.0
6bbe55cf8f85c87b6eebb775a53402f4,tablets_impressao_imagem,54.0,512.0,1.0,283.0,22.0,12.0,21.0
8ed094bfe076c568f6bb10feada3f75d,moveis_escritorio,43.0,1128.0,1.0,16133.0,63.0,59.0,25.0
4d272fe20c57c64dc74b3db191fc31ef,cama_mesa_banho,45.0,113.0,1.0,350.0,40.0,4.0,30.0
33a07ea8a7b3dbab277c180e9f1233ea,automotivo,43.0,421.0,1.0,2000.0,20.0,21.0,15.0
36f60d45225e60c7da4558b070ce4b60,informatica_acessorios,33.0,300.0,1.0,207.0,19.0,11.0,14.0
c6a5b2b8610b3206be072c211b70ba69,papelaria,52.0,223.0,5.0,5850.0,60.0,20.0,29.0
a5341e3f8155dbb3e62323d3ea289729,moveis_decoracao,50.0,422.0,7.0,2850.0,40.0,5.0,44.0
ab5da1daa941470d14366f4e76a99dd2,eletrodomesticos,57.0,953.0,3.0,100.0,30.0,10.0,15.0
c7df652246ed7b3300aaf46960c141e4,beleza_saude,28.0,1455.0,1.0,683.0,29.0,15.0,22.0
905434463b9e660873f4c2833b75ae07,pet_shop,55.0,800.0,1.0,11450.0,42.0,65.0,55.0
5c973b4202aac5c372a483e712306f4f,cama_mesa_banho,38.0,182.0,2.0,350.0,25.0,9.0,19.0
c4fa0206ee58c2694c9642e6483b576a,perfumaria,51.0,784.0,2.0,525.0,16.0,15.0,16.0
57d79905de06d8897872c551bfd09358,telefonia,59.0,540.0,4.0,300.0,17.0,4.0,12.0
0364c36f8e845e4d309c0a3accc04b1c,moveis_escritorio,47.0,1158.0,1.0,16800.0,63.0,58.0,24.0
2ae94d219369eb83f204effd82cb9f31,informatica_acessorios,51.0,562.0,4.0,350.0,16.0,4.0,16.0
43423cdffde7fda63d0414ed38c11a73,relogios_presentes,41.0,1159.0,4.0,350.0,16.0,14.0,11.0
6b00cb3fe05c73d0acef3fd949a34c0f,brinquedos,34.0,254.0,1.0,200.0,16.0,10.0,11.0
d8a3b568800dd60242c366e5e02184e4,esporte_lazer,56.0,627.0,4.0,550.0,16.0,10.0,12.0
069a004edf898d16c9331bafd6ac7f46,moveis_decoracao,28.0,929.0,4.0,950.0,25.0,25.0,25.0
65841ad29fc48cd40902e03da7511e05,cool_stuff,51.0,1279.0,4.0,7750.0,58.0,33.0,61.0
1427b126f61597524866770b05d4eed2,informatica_acessorios,51.0,378.0,1.0,200.0,17.0,13.0,13.0
3f9db4ff95890df33167856d315a05bc,beleza_saude,33.0,443.0,1.0,1750.0,23.0,23.0,22.0
39d5577b413907bf3a1d2f9ab9510863,cama_mesa_banho,54.0,229.0,1.0,1500.0,40.0,5.0,30.0
bb225b185b631d856dc1580ca5c3708e,beleza_saude,60.0,950.0,4.0,1300.0,42.0,12.0,11.0
0bcc3eeca39e1064258aa1e932269894,ferramentas_jardim,57.0,339.0,2.0,1800.0,37.0,22.0,40.0
ecb054d15ac79df23f143de21d0dea23,esporte_lazer,55.0,297.0,3.0,200.0,25.0,25.0,25.0
868b3136c5b206f91b8208fbfdf2cb7c,cama_mesa_banho,57.0,364.0,2.0,800.0,45.0,10.0,34.0
c023dc7b323cb5a452d21cd0742c9bf1,artigos_de_natal,43.0,262.0,1.0,600.0,16.0,15.0,11.0
e756f3f73af3c08dad566b84cf5c66d7,fashion_bolsas_e_acessorios,20.0,144.0,4.0,150.0,16.0,12.0,11.0
d5d5bf01f70d61a8917ef35a3595edbc,papelaria,42.0,202.0,3.0,1050.0,29.0,30.0,26.0
7c4a8bec217df1de0df2b5aaf8175b65,audio,58.0,675.0,2.0,167.0,16.0,4.0,11.0
9ac3471b9357338ea8054108a00389e3,telefonia,31.0,324.0,1.0,150.0,17.0,17.0,17.0
c91c24a6ec3aa0059e69656c4677e84d,ferramentas_jardim,54.0,292.0,2.0,3750.0,32.0,14.0,22.0
aef74719b37c2e1d6be96b4e50495ad0,fashion_bolsas_e_acessorios,50.0,2164.0,5.0,975.0,33.0,25.0,28.0
f2169c25db6a579fde210bf8ce7ce9d7,ferramentas_jardim,33.0,1942.0,1.0,7750.0,54.0,28.0,28.0
eab77f3ca90afdb347367c198efdb8be,beleza_saude,42.0,632.0,2.0,250.0,22.0,12.0,17.0
de845f191115e91fadc9624c144488c7,informatica_acessorios,57.0,1828.0,1.0,5875.0,25.0,15.0,20.0
fdfb90feb49d2b41b8283a8ec6e95590,instrumentos_musicais,59.0,1123.0,1.0,11600.0,45.0,20.0,100.0
4c2394abfbac7ff59ec7a420918562fa,beleza_saude,49.0,1495.0,3.0,600.0,33.0,19.0,13.0
1a4f338579cef9360aa407e3d97b4c89,cool_stuff,56.0,1226.0,2.0,200.0,17.0,17.0,14.0
4ef2894feb9fb3f164a68f654f841447,beleza_saude,58.0,1399.0,3.0,1500.0,50.0,20.0,20.0
ab330e1b64fde92d3b4d4d6980a38576,papelaria,18.0,346.0,2.0,150.0,16.0,5.0,15.0
cf78006a2a6b0429b9663edd99bb38f9,moveis_decoracao,49.0,399.0,1.0,1900.0,28.0,19.0,21.0
439d0c278b77ddc4b1488de210c8df35,cama_mesa_banho,44.0,641.0,2.0,1950.0,50.0,10.0,40.0
de92134fd940e9302d27c31af4581fbd,eletroportateis,50.0,797.0,1.0,438.0,25.0,12.0,15.0
e3425df9bd51be69917273c9dd92ed5e,relogios_presentes,53.0,346.0,2.0,733.0,17.0,10.0,18.0
43b54d1fc56ff394092a3dff6be2d39f,beleza_saude,60.0,919.0,1.0,150.0,22.0,3.0,15.0
7d40b684cc830baa8f7760f6fb1528c0,moveis_escritorio,51.0,2614.0,4.0,2600.0,53.0,11.0,32.0
eaa53c85856d19bc9f611f5628b4ce7b,construcao_ferramentas_iluminacao,56.0,290.0,4.0,600.0,38.0,15.0,25.0
b0c89945c034268074f5f80b362bda34,cama_mesa_banho,60.0,612.0,1.0,550.0,16.0,10.0,16.0
44980f2abfac3c9364a666403350799b,esporte_lazer,46.0,1230.0,3.0,850.0,30.0,23.0,15.0
188d0b148e6d1c86faffe0d73c3f2dad,moveis_decoracao,25.0,249.0,2.0,7650.0,25.0,25.0,25.0
1f50c7757334d6acef5e3c5fa64eb3c7,moveis_decoracao,40.0,406.0,3.0,700.0,24.0,19.0,22.0
98b22c1129886cbd7fcae69d1c93e442,cama_mesa_banho,57.0,188.0,1.0,1350.0,44.0,2.0,35.0
cbdb9bf611328898bd4b32a384506b3a,moveis_escritorio,26.0,945.0,1.0,12700.0,55.0,70.0,18.0
7ac0d3f8ac5b60c13d74b02b8cbb4623,pet_shop,40.0,1110.0,6.0,1050.0,20.0,17.0,25.0
b5e13c9a353102f79c6206ff5cb61a50,brinquedos,59.0,249.0,2.0,1500.0,40.0,25.0,20.0
93a12c289ca2b78e7069e469f5053ef2,informatica_acessorios,55.0,408.0,1.0,233.0,16.0,14.0,15.0
42080692a4543e17940c60a980613abb,eletronicos,27.0,628.0,3.0,200.0,16.0,15.0,15.0
fe34503c6bccf918db601aaafd4a975a,,,,,3000.0,16.0,21.0,19.0
a0fe1efb855f3e786f0650268cd77f44,agro_industria_e_comercio,35.0,380.0,1.0,125.0,20.0,4.0,13.0
d1c427060a0f73f6b889a5c7c61f2ac4,informatica_acessorios,59.0,1893.0,1.0,6550.0,20.0,20.0,20.0
9eec04a029e2b9372276f3748011b493,beleza_saude,49.0,1004.0,2.0,200.0,20.0,10.0,20.0
68fe8893052a044100e60cd0c8c6b274,informatica_acessorios,53.0,961.0,1.0,1850.0,39.0,12.0,22.0
cb6c1c21ebc9c153a7baf319c515657a,informatica_acessorios,24.0,718.0,2.0,200.0,41.0,2.0,29.0
42bb409da80c21a2ab7f65ec0c4f04d8,eletrodomesticos_2,46.0,382.0,2.0,11710.0,45.0,37.0,29.0
99e6f14f74a00605ad9cfe8c4bb29385,telefonia,54.0,520.0,8.0,300.0,18.0,5.0,12.0
e9a19740a95180e871a7fd864bf65dd7,cama_mesa_banho,53.0,807.0,1.0,1175.0,29.0,19.0,26.0
c1f5307decb89342351bec53668cffd9,telefonia,60.0,777.0,4.0,300.0,17.0,4.0,12.0
b92a7304ebad1ca5b393b53b2de5c70a,moveis_escritorio,55.0,1292.0,1.0,9725.0,53.0,52.0,17.0
f532ec9a55ee4e466e1c8fc913563ad5,utilidades_domesticas,48.0,444.0,1.0,6300.0,60.0,25.0,25.0
9c313adb4b38a55b092f53f83f78be9e,artes_e_artesanato,32.0,660.0,3.0,500.0,16.0,6.0,16.0
6c712952b8ef62f8d06a0314917400c8,beleza_saude,39.0,608.0,1.0,1200.0,21.0,13.0,19.0
7bc34251fed67b7d8a0251d7ad8eff3c,esporte_lazer,47.0,3820.0,1.0,1300.0,22.0,27.0,22.0
da1cfaaffa7720fe28f26f18d52f5ad9,fashion_bolsas_e_acessorios,59.0,409.0,3.0,150.0,16.0,9.0,11.0
7afa8c8eca2a26b599823eed4975a820,utilidades_domesticas,60.0,400.0,7.0,2600.0,37.0,24.0,37.0
afeeea6271148ee1bb15173b8187c431,telefonia,52.0,1885.0,1.0,450.0,17.0,3.0,11.0
6a9678c02c9aaec51699e995ab18e48f,relogios_presentes,43.0,1101.0,2.0,333.0,18.0,11.0,12.0
fdc1340be043a0e6807741d687fc1cd4,relogios_presentes,57.0,452.0,1.0,200.0,16.0,11.0,20.0
04f92f94955d380b722ed941f2e6e51c,eletroportateis,52.0,698.0,4.0,3125.0,18.0,30.0,38.0
0f8016710ce920034150241f0b8b5def,cama_mesa_banho,58.0,665.0,1.0,4400.0,42.0,16.0,36.0
66077cc774ac8ba7c7fcb45fd8e03474,utilidades_domesticas,37.0,365.0,2.0,3121.0,42.0,25.0,30.0
afd34b33969fc993e14ae949c140d527,pet_shop,53.0,424.0,6.0,1350.0,40.0,20.0,30.0
a4bca9d23228eeaf4e0169cb1a45aa62,informatica_acessorios,57.0,1452.0,3.0,100.0,16.0,4.0,16.0
8e48c45980a3fee42f12f7986a4b68d5,automotivo,56.0,1498.0,4.0,2250.0,56.0,69.0,12.0
d2b42ba1cc7c04d6f6e4ea54392b95fa,eletronicos,60.0,318.0,1.0,150.0,25.0,7.0,16.0
87ac7e3e844a79b97f7b98cecfbc69db,fashion_roupa_feminina,33.0,172.0,4.0,500.0,20.0,5.0,20.0
45c4df3befb383b0102121f980c20f82,instrumentos_musicais,53.0,964.0,4.0,3300.0,44.0,10.0,32.0
675f7d81de5e3dce0491b9b0ce921748,utilidades_domesticas,55.0,475.0,3.0,1535.0,10.0,15.0,14.0
1fdac0720456c9b74b0a93aeb821d5a2,moveis_decoracao,56.0,546.0,2.0,200.0,16.0,11.0,16.0
951098957e7871bfeab769de5e3871a8,relogios_presentes,28.0,321.0,1.0,800.0,22.0,14.0,13.0
027cdd14a677a5834bc67a9789db5021,perfumaria,42.0,544.0,1.0,341.0,20.0,18.0,16.0
cc2232dbef2c9fca23f4c7f6a19a42e3,eletroportateis,63.0,587.0,3.0,300.0,21.0,11.0,17.0
5ad2fee5f3e327f898435c3fcb0c93bd,informatica_acessorios,57.0,164.0,1.0,100.0,20.0,2.0,18.0
40562621def0bbc3080d94f54b9d1f61,cama_mesa_banho,51.0,750.0,1.0,800.0,16.0,10.0,16.0
c5b72065154ec27c2d1ed8a654c3348f,relogios_presentes,36.0,1116.0,1.0,416.0,18.0,9.0,13.0
f4a9b2ee7355882bd41e1bf5126cf56a,fashion_bolsas_e_acessorios,53.0,768.0,1.0,200.0,16.0,2.0,11.0
18901878788fec7ddc55e64d1ace8187,bebes,38.0,471.0,2.0,8250.0,44.0,32.0,35.0
5dbf50af9485478b933f1028e108640d,eletronicos,15.0,359.0,4.0,150.0,17.0,3.0,12.0
1dc7685f4fdb9622d84ae2ec658d5bbf,informatica_acessorios,54.0,292.0,1.0,1025.0,27.0,13.0,19.0
a936128139f1e619828901ea0e771330,informatica_acessorios,52.0,145.0,2.0,250.0,30.0,8.0,20.0
10335f29114548c89998eb43398f58e5,relogios_presentes,59.0,718.0,5.0,250.0,16.0,2.0,11.0
8c96a6969d0fad20629fec9c1ea45e02,beleza_saude,50.0,1400.0,1.0,400.0,19.0,20.0,18.0
a646939770b864f77ca0e16b99a8f526,moveis_decoracao,50.0,598.0,2.0,700.0,80.0,20.0,20.0
c81ab664e91744dcc7c09dd12d97aeae,livros_interesse_geral,45.0,301.0,1.0,1400.0,26.0,7.0,26.0
e0cf79767c5b016251fe139915c59a26,beleza_saude,55.0,388.0,1.0,250.0,16.0,5.0,15.0
f59871b3d9da4c64cbe41ad3dd04dc14,artigos_de_natal,60.0,565.0,3.0,400.0,17.0,21.0,11.0
b99e4f4fa3f421e0ffbd512d9f152dec,eletronicos,52.0,240.0,1.0,1050.0,22.0,9.0,12.0
01c666c82f414c762ad21bffa56e8b49,brinquedos,55.0,242.0,2.0,50.0,25.0,11.0,15.0
4520766ec412348b8d4caa5e8a18c464,automotivo,59.0,956.0,1.0,50.0,16.0,16.0,17.0
bfbc74aa36c840ed231ac481b9b0199d,beleza_saude,35.0,1299.0,2.0,1145.0,19.0,18.0,15.0
57e089e3103f5cda6a4ce23b77399bdb,bebes,18.0,1194.0,4.0,650.0,20.0,8.0,14.0
879089af9bd91cf72a7154b3be3e1074,esporte_lazer,56.0,752.0,2.0,200.0,16.0,10.0,11.0
8443cb4cf7bf64bd0ff6e70cd9c2b246,cama_mesa_banho,53.0,352.0,2.0,400.0,50.0,11.0,11.0
417cb83dd485ee72fb499bc6c5cd69c1,moveis_decoracao,46.0,283.0,1.0,2000.0,30.0,30.0,20.0
141125957e8b78c5cf939c18077fa2f7,eletronicos,45.0,88.0,2.0,200.0,22.0,5.0,11.0
67e927f7378303fc91ee4c3fc301bf5a,perfumaria,47.0,2024.0,1.0,251.0,18.0,11.0,15.0
5e98bf1c0b10e3178f1278030034c1fb,informatica_acessorios,29.0,587.0,1.0,675.0,50.0,5.0,20.0
f83fd2b539bc73678c65be8d418be8c1,fraldas_higiene,45.0,321.0,2.0,200.0,22.0,8.0,16.0
70c09a6d537cf2d213fe0169db7d209f,esporte_lazer,57.0,1101.0,4.0,1250.0,33.0,30.0,21.0
37c5b1281e2b86442a3d6a5478af7ab8,bebes,54.0,921.0,7.0,700.0,25.0,10.0,25.0
e7bbc0d43d1f5cb09bab95b664236633,informatica_acessorios,38.0,716.0,3.0,833.0,19.0,12.0,17.0
7814c273ab16783d73a9863ebfa8b141,moveis_decoracao,51.0,756.0,1.0,12250.0,45.0,35.0,45.0
e256d05115f9eb3766f3ab752132a4e2,informatica_acessorios,42.0,399.0,1.0,740.0,26.0,15.0,19.0
e3263eb093d88b95abce97fe0c864421,casa_construcao,55.0,1313.0,2.0,850.0,20.0,20.0,20.0
f5badee8a0e679f057ec0ca4f0f32dcb,construcao_ferramentas_construcao,59.0,427.0,8.0,450.0,20.0,10.0,15.0
4a579d3f0c38c12a0e22c0146f2356f4,cama_mesa_banho,49.0,82.0,1.0,1000.0,40.0,5.0,25.0
58a60c7961bc8fb3a05841dc6d594658,moveis_decoracao,48.0,554.0,4.0,6600.0,35.0,38.0,35.0
99a4788cb24856965c36a24e339b6058,cama_mesa_banho,54.0,245.0,1.0,1383.0,50.0,10.0,40.0
757e8df3e7c5c52482db573f5f368e1d,consoles_games,52.0,574.0,1.0,400.0,21.0,10.0,13.0
aecd0c211a5e24ca163d35e5087189ed,esporte_lazer,50.0,333.0,3.0,4800.0,50.0,14.0,33.0
c3ce49d20cc5d56f0419f256c480e235,fashion_bolsas_e_acessorios,41.0,412.0,5.0,100.0,16.0,5.0,20.0
e38ae1121c1566bb56b728d8079b2d75,informatica_acessorios,42.0,226.0,1.0,275.0,13.0,13.0,13.0
83b00325c13c44245b2c3a2befa62a0e,bebes,56.0,621.0,1.0,10700.0,40.0,40.0,40.0
23227b07fc69250d2fa4be6602011aea,cama_mesa_banho,46.0,171.0,2.0,1250.0,45.0,10.0,15.0
592ff96534d1910c18025cee34d5c8de,eletronicos,60.0,517.0,4.0,200.0,16.0,6.0,14.0
abff09d5c554ab5e3c1180a55635dca3,pet_shop,21.0,1811.0,1.0,900.0,30.0,33.0,30.0
c765fb286266d05deb16689631d841e1,papelaria,53.0,251.0,2.0,700.0,37.0,6.0,29.0
56cd306d7a869c029cd2f165e4dc928e,automotivo,58.0,341.0,3.0,150.0,24.0,2.0,17.0
9fe172fa8e662ca8572cf12abf8bce23,fashion_bolsas_e_acessorios,36.0,412.0,5.0,150.0,16.0,5.0,20.0
72d3bf1d3a790f8874096fcf860e3eff,brinquedos,57.0,341.0,2.0,583.0,20.0,21.0,20.0
e9ceb9123d3103b7ad293c168dd3a547,cama_mesa_banho,46.0,333.0,1.0,6410.0,50.0,26.0,44.0
97b3b8e8ed22d0ceb3b3c520e806a334,eletronicos,40.0,395.0,1.0,200.0,22.0,14.0,17.0
a7216be504e1ff211b67479ab193a552,utilidades_domesticas,42.0,886.0,3.0,5200.0,50.0,23.0,27.0
cd9e2444207cd970011fe53c19d72caa,moveis_decoracao,56.0,196.0,7.0,550.0,29.0,16.0,14.0
71e2b3f30ba90c0eeaf3d43ec349ca8c,beleza_saude,57.0,416.0,3.0,500.0,16.0,2.0,11.0
9bfc55df037ce3ac01bfd84781adf7e5,audio,45.0,1654.0,3.0,530.0,19.0,14.0,15.0
9c5cec867c62c0ec4674b002eb1c3e0c,eletrodomesticos,33.0,94.0,1.0,15875.0,54.0,46.0,32.0
5ccdfc35d9cff8db4fa46b83d5712899,pet_shop,30.0,764.0,1.0,15700.0,81.0,19.0,60.0
9a98180ffbd0765e89f11cc8dd2385f4,moveis_decoracao,63.0,639.0,2.0,1500.0,38.0,7.0,28.0
3cb39171fd36c50097f2dedbbe0dfe6e,automotivo,60.0,3136.0,4.0,100.0,17.0,10.0,15.0
65e3848513c9ab70bf542e5d694cf072,beleza_saude,46.0,1001.0,1.0,575.0,25.0,13.0,14.0
5d43da09d9bdd70109b2cccd41632a06,malas_acessorios,58.0,680.0,4.0,1500.0,41.0,15.0,29.0
775596b5ab8f1cb5890c7263c1c92bc4,la_cuisine,59.0,731.0,1.0,2200.0,84.0,12.0,15.0
cac2a35a7d2ff513045a3114a29b4398,informatica_acessorios,52.0,414.0,4.0,225.0,16.0,19.0,20.0
effa78286556d5e79cda2b4aba96a534,brinquedos,53.0,190.0,5.0,700.0,20.0,30.0,31.0
6a984aca8806747c09165b7767a3204e,cool_stuff,60.0,1379.0,1.0,16900.0,39.0,62.0,34.0
b4183f86c9a0c7a13138ff4575114f76,brinquedos,56.0,545.0,4.0,900.0,17.0,40.0,14.0
eaa3c87492892d3e6861f0939b4dbada,eletrodomesticos,44.0,113.0,1.0,100.0,20.0,13.0,15.0
0daaaee8a33938591e1d5b980e65046e,cool_stuff,33.0,434.0,1.0,550.0,22.0,6.0,22.0
216fc7d2fe90eccd658f30cab5bafa83,brinquedos,50.0,1116.0,6.0,550.0,22.0,12.0,17.0
de20d07a4cb6565ed32339ba6a9ea541,construcao_ferramentas_construcao,51.0,250.0,1.0,1100.0,40.0,37.0,35.0
fe01b643060a6446e59f58e3021e66b3,perfumaria,40.0,659.0,2.0,1250.0,26.0,21.0,20.0
d2a6a1234a2a54138b50cfea40992d78,relogios_presentes,46.0,206.0,1.0,700.0,21.0,14.0,14.0
770c257cdfc072fb50ebf2bbd6696fe1,bebes,54.0,581.0,1.0,1150.0,18.0,18.0,11.0
fa87bc5ccdd8ea6e54117916e485cb48,cama_mesa_banho,54.0,634.0,1.0,1000.0,16.0,10.0,16.0
bd7cd34fc6d02e730221b11edc354aae,brinquedos,36.0,651.0,2.0,704.0,25.0,22.0,23.0
2d4086091519b04cd687a38e33dc276c,informatica_acessorios,59.0,1080.0,1.0,200.0,20.0,10.0,15.0
d392a00a8d96150a649853d20d63e8ba,esporte_lazer,47.0,490.0,1.0,1500.0,22.0,27.0,22.0
1d297ac3d18250759eb36e8b6c18fb5b,perfumaria,48.0,881.0,1.0,700.0,25.0,12.0,25.0
907539b8216ca1250e5e974b4047699d,relogios_presentes,60.0,862.0,6.0,500.0,16.0,2.0,11.0
d339b523c298009f15d242a3a99392c7,ferramentas_jardim,51.0,2559.0,3.0,850.0,24.0,9.0,26.0
3b0f7951038b105522c2d566b54421f7,telefonia,56.0,341.0,1.0,175.0,17.0,6.0,13.0
68e2f443d819056e1a6b7b29729f7bb7,beleza_saude,46.0,886.0,1.0,650.0,27.0,9.0,18.0
2873da054c3a30189c5aac7b87d3b6e9,,,,,1150.0,40.0,11.0,15.0
4c82a40c8390fbe525e50bd06fcebe80,esporte_lazer,43.0,2376.0,3.0,150.0,16.0,6.0,11.0
a35a9f46dcee0a67c8c7ad8493eb4135,informatica_acessorios,33.0,1084.0,2.0,200.0,41.0,2.0,29.0
bb0697bdc552a255c992d331ca09afe3,telefonia_fixa,63.0,867.0,2.0,500.0,20.0,10.0,20.0
8097e6d8de77768d9f72295263e440fa,beleza_saude,37.0,601.0,1.0,224.0,16.0,13.0,15.0
4299211de0fa49785bb3115aa2b25c61,brinquedos,44.0,956.0,3.0,200.0,20.0,25.0,25.0
44f90f085c7a825863cbf867990e1513,beleza_saude,39.0,1200.0,1.0,517.0,25.0,13.0,16.0
5f42d57952b7815098979a5c4fa6f82a,beleza_saude,60.0,919.0,1.0,150.0,22.0,3.0,15.0
8a90417eb713be09fd87a5d077ae06a2,esporte_lazer,59.0,3949.0,10.0,500.0,20.0,10.0,15.0
0a4093a4af429dc0a9334300e5c13ae5,beleza_saude,56.0,389.0,1.0,300.0,16.0,5.0,15.0
d39d1b0a696aa782911206ec3c023ab1,livros_tecnicos,30.0,2871.0,1.0,300.0,21.0,2.0,14.0
0081787b18cce4acc2d1adec4520d7ba,construcao_ferramentas_seguranca,56.0,841.0,1.0,1340.0,32.0,14.0,27.0
8dff5399c7a5552ee041c8bb465e5288,audio,48.0,351.0,2.0,100.0,19.0,4.0,11.0
d5991653e037ccb7af6ed7d94246b249,informatica_acessorios,42.0,363.0,1.0,922.0,30.0,15.0,17.0
82e4ad16521ca131d95e198d507db370,eletronicos,56.0,343.0,1.0,150.0,19.0,12.0,16.0
e7e0728e9e488b0a67ef4d95e98ee4c8,eletrodomesticos_2,58.0,722.0,1.0,13850.0,35.0,95.0,25.0
08574b074924071f4e201e151b152b4e,ferramentas_jardim,36.0,450.0,1.0,9000.0,42.0,12.0,39.0
4413a608a42bd21bbf9d5abbd58c249a,cool_stuff,57.0,1620.0,1.0,2350.0,16.0,40.0,16.0
2345a354a6f2033609bbf62bf5be9ef6,telefonia,43.0,1741.0,5.0,150.0,19.0,5.0,11.0
85eed6b3f52d601d2a288e2668b888df,automotivo,51.0,719.0,6.0,4950.0,53.0,43.0,11.0
686f5682d2be7689714c5fae465de396,ferramentas_jardim,40.0,275.0,1.0,150.0,16.0,2.0,20.0
a8ab87e971c2d89c8eff5f87fb481a52,brinquedos,47.0,863.0,5.0,475.0,25.0,28.0,25.0
9806189f9cb679bcd5326b460c2b9073,portateis_casa_forno_e_cafe,56.0,901.0,4.0,2000.0,17.0,29.0,17.0
750dcfda0a9788bba89c94bb82a322db,utilidades_domesticas,48.0,197.0,1.0,7350.0,25.0,62.0,25.0
32b9c3230a57c4312a9419c44a2e45ef,esporte_lazer,48.0,596.0,6.0,1600.0,95.0,16.0,16.0
73c0537a6f1d148275c69a114b2d8bf3,automotivo,59.0,605.0,1.0,450.0,27.0,10.0,17.0
c36f564e4c2baa5ed9d7bfa1a111c29c,artes_e_artesanato,20.0,604.0,1.0,1025.0,21.0,9.0,21.0
4fe644d766c7566dbc46fb851363cb3b,artes,48.0,1232.0,1.0,1700.0,65.0,6.0,50.0
d1a57f4402dbfe2cb1c271ad0da64311,beleza_saude,58.0,509.0,2.0,650.0,22.0,12.0,22.0
566d84921b4311ddfda6ea8b04a2678f,utilidades_domesticas,41.0,350.0,3.0,500.0,20.0,15.0,15.0
9275e1f75faf1d3d1f54e4cb63d12a36,automotivo,51.0,375.0,2.0,166.0,22.0,7.0,14.0
fb01a5fc09b9b9563c2ee41a22f07d54,consoles_games,33.0,912.0,2.0,1500.0,33.0,25.0,11.0
4fb651ace30be388c0e95f48f3308e5a,cool_stuff,50.0,412.0,1.0,2725.0,43.0,50.0,28.0
0cbeda603059c985268afd35128be303,papelaria,57.0,320.0,2.0,1450.0,38.0,30.0,28.0
9f2d380101b20c5fb31454776800c445,esporte_lazer,63.0,929.0,3.0,1300.0,80.0,8.0,15.0
a38e6346616a8f362c328b9537b1ca4d,fashion_esporte,38.0,220.0,2.0,250.0,18.0,12.0,12.0
914c9e9af640dd56f48764a225b00f89,moveis_escritorio,47.0,1047.0,1.0,7463.0,56.0,64.0,35.0
816f6efbb3598f798900557f628e8a56,relogios_presentes,48.0,1940.0,3.0,354.0,19.0,13.0,15.0
e0d64dcfaa3b6db5c54ca298ae101d05,relogios_presentes,35.0,514.0,2.0,4338.0,17.0,12.0,14.0
8b52af498478ac72226c6bdaa89f27de,bebes,60.0,924.0,7.0,800.0,25.0,10.0,25.0
ef23a80c3e7f9c63e9956f6f54b1cf15,perfumaria,40.0,3863.0,1.0,150.0,16.0,8.0,20.0
7e6c4a0bf900e259f50ba63331fd2785,relogios_presentes,59.0,755.0,2.0,250.0,16.0,2.0,11.0
d538285bd15e067ff40beb6f988b794d,pet_shop,50.0,1301.0,3.0,500.0,13.0,10.0,10.0
bc297f26ff9d18614a6243eaeeb6ef9b,automotivo,55.0,855.0,5.0,5550.0,44.0,17.0,30.0
be4e205f4a7283ce05c3b9365d283adc,esporte_lazer,51.0,278.0,1.0,275.0,32.0,20.0,33.0
8b5a6c234469d41bbd08bffea91feb3e,cool_stuff,40.0,269.0,1.0,600.0,40.0,5.0,30.0
1871f846d88e6b0632e1058b61d35964,telefonia,53.0,320.0,1.0,117.0,19.0,4.0,14.0
5a4ec7366f4a5fddd269c4d9a047c6c3,informatica_acessorios,43.0,205.0,1.0,200.0,16.0,2.0,11.0
530989bc6eff4420c49a84214ab1eb51,telefonia,58.0,423.0,2.0,600.0,23.0,7.0,15.0
40a13d0a09a3d1334e8537ce3194f0ec,esporte_lazer,45.0,1771.0,1.0,550.0,20.0,20.0,20.0
ac44def10e24998cdee20a208d691127,cama_mesa_banho,55.0,1208.0,1.0,1175.0,45.0,7.0,35.0
419cb1b441eda9b92ebd1a1b96090c26,telefonia,60.0,777.0,6.0,350.0,17.0,4.0,12.0
c233a2dd158de2f5877ef680906a2c33,cama_mesa_banho,59.0,238.0,1.0,2250.0,37.0,10.0,37.0
31fa8a1e88207a7ca942495d88e590c2,beleza_saude,29.0,925.0,1.0,2200.0,28.0,23.0,16.0
a0b940038a7c1b3af0958334fdbf3212,telefonia,52.0,511.0,1.0,100.0,20.0,20.0,20.0
f4f67ccaece962d013a4e1d7dc3a61f7,automotivo,52.0,603.0,1.0,7625.0,61.0,14.0,61.0
a4c7e73a8ce075149b5f6592fdd29367,informatica_acessorios,56.0,195.0,1.0,200.0,20.0,20.0,20.0
1a69b9ec6d25d7656d024ad51f55c0ec,cama_mesa_banho,57.0,795.0,1.0,2950.0,19.0,35.0,31.0
999f8a403c25d68c828a6915e13e89d9,telefonia,40.0,393.0,3.0,100.0,19.0,3.0,11.0
904df51afc994cd2a7bce1ec3ff5d9fe,papelaria,43.0,216.0,2.0,150.0,24.0,7.0,14.0
142edaf86e4eb5d0f928534667ab63f7,utilidades_domesticas,55.0,595.0,1.0,1300.0,30.0,30.0,30.0
efdd9c83779dc22fdcbfdce64ffef671,cool_stuff,55.0,364.0,1.0,178.0,17.0,9.0,13.0
044f05bc9de36e8a693a83e4bc79dd0d,telefonia,59.0,734.0,4.0,300.0,17.0,4.0,12.0
5716717fcac28d7783b530d6678cecca,utilidades_domesticas,49.0,85.0,1.0,1000.0,25.0,15.0,20.0
e8316a4667e5870c85e906b1f062bde1,moveis_escritorio,58.0,1135.0,1.0,9200.0,53.0,52.0,17.0
f5b952758d88a5995ae5c8208a63b913,utilidades_domesticas,30.0,235.0,1.0,3750.0,45.0,25.0,20.0
f9b178c9fdc90bbcfbd6c6b49ed47d4c,moveis_decoracao,47.0,894.0,1.0,1850.0,30.0,30.0,30.0
eafcf8d34ca443153c06cf1f6ee22d0f,informatica_acessorios,50.0,144.0,2.0,100.0,16.0,8.0,11.0
81ea712c5f76a3b1c0e4c3dbc5126404,ferramentas_jardim,52.0,791.0,1.0,300.0,23.0,8.0,16.0
c0293bb52f87cea29cbf4cfa3fa873bc,cama_mesa_banho,51.0,635.0,1.0,1100.0,16.0,10.0,16.0
f81d6d7097c75414e1b030de345ed740,cama_mesa_banho,53.0,588.0,1.0,1925.0,20.0,11.0,43.0
ad80a47aabd6cc2b47dbc6be05e5bdf7,esporte_lazer,41.0,1322.0,2.0,500.0,26.0,16.0,21.0
06edb72f1e0c64b14c5b79353f7abea3,cama_mesa_banho,39.0,161.0,2.0,350.0,25.0,8.0,19.0
759c85bda80286f647f1f71b847c6457,utilidades_domesticas,59.0,790.0,2.0,450.0,24.0,7.0,12.0
dc363002c653f0cdc77f9d0be45fa103,papelaria,59.0,149.0,1.0,650.0,35.0,14.0,26.0
e5215437680ffc2cfdb0ce9088870176,fashion_calcados,59.0,1757.0,2.0,500.0,30.0,5.0,12.0
6b8cf2f4f294dd4b50037f061f230fba,instrumentos_musicais,58.0,620.0,3.0,250.0,16.0,16.0,11.0
1b97621fc0e6ac58cfb272d5ccf8c15b,fashion_roupa_masculina,55.0,1241.0,2.0,1000.0,16.0,2.0,11.0
1cdfaf0cc5abd6063d3a10ae3318f345,cama_mesa_banho,60.0,298.0,1.0,2350.0,33.0,7.0,39.0
6c50c87e36d8641d67fbcceed5cfec5e,relogios_presentes,57.0,266.0,3.0,200.0,16.0,2.0,20.0
c50d3caa214edb26f1000f949b5e46e4,utilidades_domesticas,60.0,1956.0,3.0,800.0,40.0,15.0,20.0
14dffa241a078aeaebaef48a49e807ca,bebes,43.0,746.0,4.0,250.0,16.0,7.0,11.0
76e855b70f3c3b10b9cb7ac8f19c2ed0,esporte_lazer,45.0,893.0,2.0,1200.0,30.0,30.0,30.0
416c4340800aa9bce887e000e96390a9,utilidades_domesticas,50.0,751.0,1.0,6050.0,30.0,30.0,40.0
b38b25d838ae0b8385e8cc68b9017644,beleza_saude,59.0,1153.0,4.0,200.0,18.0,3.0,20.0
b72e2daf4a916d46eb0076071027d05b,,,,,150.0,16.0,2.0,11.0
7a5d0e89d069c89b2112e9da539343c2,utilidades_domesticas,60.0,1018.0,2.0,2250.0,22.0,22.0,22.0
495f9290868e1bde785d3c372608ad54,utilidades_domesticas,45.0,1455.0,3.0,5250.0,62.0,5.0,32.0
2bc88b31190908684ebece09e5358592,cool_stuff,40.0,2066.0,1.0,1650.0,33.0,44.0,19.0
ad6cb6097e3d27661b789a84ec7cc9aa,fashion_calcados,54.0,451.0,5.0,1700.0,36.0,37.0,16.0
4f4c375e79a2f5b62000807e99d85407,bebes,57.0,324.0,1.0,5700.0,65.0,35.0,55.0
332842d24e84234cd91299a225de76ab,relogios_presentes,58.0,1209.0,1.0,1750.0,50.0,6.0,19.0
f3b82a9bd4330abce1d6fc15a966e6d7,beleza_saude,52.0,1070.0,1.0,675.0,26.0,20.0,23.0
1de0af19bfefbea493eb82ef59bb2433,utilidades_domesticas,12.0,417.0,1.0,18800.0,65.0,35.0,38.0
348ddc765722b7885d765f63eed52eed,esporte_lazer,56.0,2981.0,1.0,2600.0,40.0,24.0,35.0
677d8ace413e0060fa8686cde56eaf10,relogios_presentes,54.0,619.0,1.0,303.0,19.0,11.0,16.0
15de022edf1005363381e66bed514528,moveis_decoracao,52.0,361.0,2.0,100.0,16.0,3.0,23.0
5a6e53c3b4e8684b13388d6aa4afdf12,utilidades_domesticas,45.0,176.0,2.0,200.0,19.0,9.0,12.0
076e4ce53c8914382e7ff3732511b17e,beleza_saude,22.0,363.0,2.0,633.0,26.0,9.0,22.0
0e13a44cd53f64403d91654786b6adcf,utilidades_domesticas,41.0,976.0,1.0,620.0,26.0,24.0,28.0
749d3e9ac43e769ce6245a97630f6543,artes,54.0,902.0,2.0,1150.0,16.0,6.0,11.0
a7d06b7704b157e36c45b898fa555dd5,utilidades_domesticas,33.0,715.0,3.0,450.0,21.0,12.0,12.0
8aa87bc5f3053b4df2b05a2d3059790b,cama_mesa_banho,42.0,599.0,9.0,1400.0,16.0,15.0,15.0
005030ef108f58b46b78116f754d8d38,perfumaria,54.0,942.0,1.0,50.0,16.0,5.0,11.0
c3c47cc2c109b294de98015792804e64,cama_mesa_banho,52.0,321.0,1.0,1525.0,33.0,10.0,21.0
50fcba527cde578e212f114ba5cfdfef,cool_stuff,54.0,874.0,1.0,1000.0,42.0,25.0,15.0
71d22271ee986bf5a46a2c199da0265b,cama_mesa_banho,51.0,875.0,4.0,850.0,35.0,10.0,25.0
ef66e63137bdd1b2e44aa968646fc1e3,moveis_decoracao,41.0,789.0,1.0,750.0,20.0,35.0,20.0
7931c305032ec48bb0ed7bd63539aeec,construcao_ferramentas_construcao,60.0,721.0,4.0,5200.0,49.0,13.0,39.0
95e25af33821b9d231e06f1e7cd34d4e,moveis_decoracao,5.0,267.0,1.0,2600.0,18.0,40.0,13.0
34a4076cd057a823247a5a44e84872d8,,,,,1900.0,40.0,40.0,30.0
b820acf9bf8fde90adc0b03e82045f77,moveis_decoracao,55.0,2095.0,5.0,30000.0,80.0,10.0,50.0
681953ccd5c33207d75571a4bfbe127d,beleza_saude,60.0,1209.0,3.0,150.0,18.0,6.0,13.0
7686fe49c98ae1c537b5cc51992f5d20,bebes,38.0,798.0,1.0,600.0,22.0,18.0,19.0
c2f3c9eafccd7ee6ea11f24d3e3b7366,automotivo,53.0,575.0,5.0,1100.0,33.0,27.0,26.0
4cd6ba4ea3112de8fc238307c4dc6307,cama_mesa_banho,43.0,506.0,3.0,1000.0,35.0,8.0,25.0
071f9a2b7591f2e8a2a59a50ecc5a297,bebes,59.0,224.0,2.0,7150.0,75.0,15.0,50.0
7488482ecdc1096af0d1f23338dbdb4d,cama_mesa_banho,59.0,81.0,1.0,650.0,20.0,2.0,15.0
ea012826f2cb04c6fd08522ca179302f,papelaria,58.0,640.0,4.0,500.0,26.0,32.0,26.0
0176bf7839ab4e611dc01cdc3ef6f4e4,cool_stuff,49.0,330.0,1.0,1600.0,33.0,44.0,19.0
57f202d5e0ed7a3a2d75e479e1579cfe,papelaria,53.0,215.0,2.0,600.0,38.0,30.0,28.0
eb2d962076aa9c2485ef20775d7ca6b0,brinquedos,57.0,197.0,2.0,200.0,16.0,16.0,16.0
d29e5a0b39b09b0f48f685968cf4f833,cama_mesa_banho,59.0,123.0,2.0,300.0,40.0,8.0,30.0
7e33f4a1c59f89da30a335b2dc2de187,eletronicos,51.0,381.0,3.0,1075.0,22.0,5.0,7.0
c075b8e131353552218860f1c421e4ef,moveis_cozinha_area_de_servico_jantar_e_jardim,30.0,1565.0,4.0,1750.0,20.0,16.0,30.0
61d01171a3784bab50137290350e5332,utilidades_domesticas,24.0,49.0,4.0,500.0,25.0,15.0,15.0
0aabfb375647d9738ad0f7b4ea3653b1,consoles_games,49.0,100.0,4.0,150.0,16.0,12.0,12.0
8f3a1c2358138bedfb98645db449110c,relogios_presentes,50.0,584.0,2.0,297.0,18.0,11.0,18.0
5c3aca5c078a343b3b873362e7ac2fcc,relogios_presentes,33.0,307.0,1.0,600.0,16.0,2.0,11.0
35b951a4450662e330e5a1cb60fa11ff,telefonia,57.0,653.0,3.0,200.0,20.0,12.0,16.0
e6b314a2236c162ede1a879f1075430f,informatica_acessorios,47.0,284.0,1.0,167.0,24.0,14.0,11.0
f2ee381460f893efb6f459e95cd57695,fashion_bolsas_e_acessorios,50.0,180.0,1.0,200.0,16.0,8.0,11.0
89d49f6d10ff422902b2c2cb05da7f1c,informatica_acessorios,50.0,528.0,1.0,850.0,18.0,16.0,18.0
de533fe5b9448ea9792195806938dbf5,moveis_decoracao,51.0,676.0,1.0,1650.0,35.0,23.0,35.0
7d49a5410d8c53d37ad9167e32e65e1c,utilidades_domesticas,60.0,240.0,1.0,2350.0,40.0,10.0,35.0
59c5e6e108b88212fb98525c9000ecfb,moveis_escritorio,54.0,954.0,1.0,8217.0,52.0,52.0,17.0
73932133f40320ca7c542cba422a6461,utilidades_domesticas,51.0,625.0,8.0,650.0,16.0,16.0,16.0
eb9b44e05684527fbfdfd0ff5cb86250,beleza_saude,20.0,873.0,3.0,400.0,18.0,9.0,28.0
361d8cb449a8b6a7c58b4a0c8ef23888,utilidades_domesticas,44.0,322.0,2.0,700.0,23.0,8.0,15.0
00ab8a8b9fe219511dc3f178c6d79698,,,,,2100.0,50.0,30.0,30.0
6639a238ead6779d6ef0b3eea56f9f86,fashion_bolsas_e_acessorios,48.0,357.0,5.0,150.0,16.0,9.0,11.0
c25174e1e4fd7fe5c3420869d61fe2a6,brinquedos,56.0,77.0,2.0,600.0,39.0,30.0,29.0
3d92028223ae14160bf1938a522de2b8,brinquedos,40.0,673.0,2.0,3225.0,31.0,31.0,28.0
a9ccb9dca11ae8ca804b47417d0411f2,utilidades_domesticas,46.0,1021.0,1.0,8600.0,45.0,35.0,35.0
846145e9b8d412bd1c9bb478a52ab4a0,cool_stuff,55.0,444.0,2.0,200.0,16.0,8.0,14.0
76ac1907588ea63f562f0851bd5a4289,papelaria,41.0,791.0,4.0,4000.0,40.0,50.0,20.0
38da2dd3fddf4b5eda6d46d781fde41b,cama_mesa_banho,40.0,698.0,1.0,1150.0,29.0,15.0,15.0
aca2eb7d00ea1a7b8ebd4e68314663af,moveis_decoracao,44.0,903.0,6.0,2600.0,50.0,10.0,30.0
cfbd417c9c7f510b60243124a6489883,telefonia,59.0,636.0,2.0,225.0,17.0,4.0,12.0
d272d0921188b0bd91542d704b21404e,eletronicos,36.0,420.0,1.0,150.0,25.0,7.0,16.0
44053ed0088d0655ed338810cd2d4d51,cama_mesa_banho,49.0,275.0,1.0,6900.0,64.0,17.0,53.0
ee97db3ef647a016f3bb7376f8a3ffcd,utilidades_domesticas,58.0,832.0,4.0,200.0,18.0,8.0,14.0
46292acbc08d49b95138891146f7287b,pet_shop,40.0,961.0,1.0,158.0,18.0,6.0,13.0
49cb84851ad1487be5bf70a42bb954dd,utilidades_domesticas,60.0,422.0,3.0,400.0,16.0,2.0,11.0
1c5bd6a742367ec4d654a0859523e880,bebes,45.0,821.0,4.0,4550.0,40.0,10.0,40.0
dd113cb02b2af9c8e5787e8f1f0722f6,esporte_lazer,51.0,1511.0,1.0,8000.0,55.0,25.0,45.0
2a2d22ae30e026f1893083c8405ca522,cama_mesa_banho,60.0,744.0,2.0,8350.0,50.0,27.0,38.0
eaa57ef2c6f400e0ca6fabc628ea1cf0,telefonia,47.0,1440.0,2.0,150.0,18.0,6.0,11.0
5f416bfe77190b2f1c9de649d926e56a,brinquedos,37.0,851.0,2.0,1150.0,21.0,34.0,29.0
566a4f2c4385f36d15c00dfcaae132d1,eletronicos,43.0,391.0,1.0,150.0,25.0,7.0,16.0
385c861f274a680e93e8391c65bf8269,automotivo,57.0,703.0,1.0,6100.0,47.0,19.0,23.0
dfa595aa098b1c2b6d2af8f1e08ade44,eletroportateis,33.0,53.0,1.0,650.0,16.0,45.0,35.0
3cc4d754aa53f733c4141170236195ec,informatica_acessorios,59.0,944.0,3.0,3100.0,20.0,20.0,20.0
78120320a8a3d2656f159d513fcb83b6,moveis_decoracao,42.0,232.0,4.0,650.0,25.0,14.0,19.0
c706d50b57c9e83293c2586d01f32445,papelaria,60.0,310.0,3.0,600.0,25.0,7.0,24.0
138dac44dc568cd36c6f1d1e5e181d5d,automotivo,56.0,896.0,4.0,1400.0,25.0,9.0,26.0
a859dc323c1bebb21c887054599fccce,telefonia,53.0,3834.0,5.0,627.0,17.0,7.0,14.0
95320d70592f898880af9c3d5394728c,cama_mesa_banho,60.0,372.0,1.0,3783.0,70.0,20.0,50.0
06ef4c984af8c13ff17e30f46d97b489,informatica_acessorios,59.0,425.0,4.0,100.0,17.0,4.0,14.0
cc1cb33bcc814aeaa4631761a34bd23e,moveis_decoracao,32.0,1262.0,4.0,150.0,16.0,8.0,16.0
cfb133b7458336455fa60b97ac3aaba9,brinquedos,47.0,121.0,2.0,600.0,20.0,31.0,30.0
ff62ab4c255754dd5cfbd1822cd97b40,moveis_decoracao,63.0,1051.0,2.0,11850.0,23.0,70.0,42.0
92f699740f5a71846565fa8a6f0bbcf4,casa_construcao,55.0,922.0,7.0,1050.0,16.0,20.0,16.0
79896466715d0179d8e5c8a84e5f0a18,cool_stuff,42.0,3319.0,6.0,1400.0,22.0,29.0,13.0
165f86fe8b799a708a20ee4ba125c289,cool_stuff,40.0,1456.0,1.0,2425.0,29.0,30.0,19.0
c7b3cf9de7be95b3e09e7a63315685eb,malas_acessorios,49.0,489.0,2.0,16250.0,18.0,53.0,39.0
cf69d780077ed6cd5369b53aa63cd0d3,moveis_decoracao,46.0,700.0,2.0,8500.0,50.0,10.0,41.0
226b3973913b6154cb1102026822360d,beleza_saude,56.0,2710.0,7.0,350.0,19.0,11.0,23.0
15859e3a8aaa3c192c10a91d8722abd5,beleza_saude,51.0,2795.0,5.0,5650.0,36.0,26.0,36.0
c10524227a6e64172e6eddcc91279aab,esporte_lazer,52.0,314.0,1.0,6050.0,60.0,10.0,60.0
3fbc0ef745950c7932d5f2a446189725,beleza_saude,50.0,1257.0,1.0,350.0,19.0,12.0,13.0
512eb536b90566abb81ad91a6143a8ff,livros_interesse_geral,19.0,577.0,1.0,300.0,30.0,2.0,22.0
f39235c3486cd7ead746fc048475495c,consoles_games,49.0,808.0,5.0,400.0,22.0,10.0,16.0
1b0e39ec889889ea1d492603d8512bfb,,,,,400.0,35.0,30.0,20.0
422879e10f46682990de24d770e7f83d,ferramentas_jardim,56.0,348.0,2.0,1550.0,30.0,22.0,30.0
9b125b82780e1bbb7716c906ff46f89b,pet_shop,63.0,785.0,1.0,800.0,38.0,4.0,19.0
72172e982e8b92155069e4201c92c0bb,esporte_lazer,60.0,3847.0,5.0,200.0,28.0,10.0,13.0
c1e27ff552754f8bcfd0095de514432f,automotivo,60.0,695.0,6.0,4550.0,56.0,11.0,32.0
db5efde3ad0cc579b130d71c4b2db522,audio,40.0,232.0,1.0,6663.0,17.0,11.0,13.0
bd7cab8de4d7943286634023cc06f8ff,bebes,59.0,1226.0,4.0,23250.0,23.0,50.0,84.0
5f1d10ccc8198967ca0278fdfd474a51,eletroportateis,57.0,2212.0,4.0,5150.0,28.0,50.0,28.0
c6bdd07f0a20ccd19d51de91c1551952,informatica_acessorios,48.0,561.0,3.0,300.0,16.0,8.0,11.0
6f9be3cc1d2a7eaa92b86fde15b93ac4,perfumaria,44.0,443.0,1.0,950.0,16.0,16.0,16.0
c395a11dd90b985496c100861b7c4710,cama_mesa_banho,42.0,188.0,3.0,150.0,16.0,6.0,20.0
b6e352d888ba31d8999af279cd63aa24,utilidades_domesticas,42.0,337.0,2.0,1225.0,27.0,26.0,26.0
500e3950a78a1d326f2bf3dc389799c2,fashion_bolsas_e_acessorios,49.0,381.0,5.0,150.0,16.0,5.0,11.0
617186c3d97ea56c9c683a8a3974e8c1,perfumaria,59.0,1071.0,1.0,550.0,21.0,12.0,20.0
03613e666b3919a3e807eac45a8f2731,utilidades_domesticas,56.0,184.0,1.0,5400.0,36.0,15.0,29.0
d63c1011f49d98b976c352955b1c4bea,beleza_saude,57.0,614.0,1.0,950.0,35.0,25.0,20.0
7a10781637204d8d10485c71a6108a2e,relogios_presentes,42.0,236.0,1.0,342.0,18.0,13.0,15.0
095cb863f2b04911455ad33f5177062e,livros_interesse_geral,48.0,1140.0,1.0,1000.0,16.0,24.0,16.0
2ee2275c98634bc4a8a6f86b4b08b549,esporte_lazer,63.0,349.0,2.0,750.0,35.0,15.0,18.0
67b10b3b7931ff8a983d42650dbc3bc5,informatica_acessorios,57.0,2574.0,4.0,500.0,20.0,20.0,20.0
5adc6c464f33f8560dd3c984291d4ba1,malas_acessorios,33.0,924.0,3.0,550.0,16.0,30.0,20.0
98a8c2fa16d7239c606640f5555768e4,ferramentas_jardim,39.0,500.0,1.0,8325.0,43.0,14.0,33.0
22234a1dd91ce8e88c7b108d198c40ad,beleza_saude,57.0,3110.0,1.0,125.0,19.0,15.0,17.0
655110abedc57d73d3b2150d8ba2092a,cama_mesa_banho,60.0,314.0,2.0,1250.0,30.0,10.0,30.0
22311cca452c2d005ff0da91d0dd3f83,fashion_bolsas_e_acessorios,35.0,160.0,5.0,50.0,20.0,5.0,13.0
9a803c36a15de3fd981f42c0e4cabdea,esporte_lazer,45.0,3494.0,1.0,2693.0,29.0,28.0,26.0
78976d6eae26536628ef574944bc7b0f,utilidades_domesticas,39.0,228.0,1.0,24800.0,34.0,96.0,34.0
71a8be2937fd926b330febe100effd02,automotivo,39.0,282.0,1.0,100.0,21.0,3.0,18.0
bc9f168ac01066f4f007d17ee4e2ea6a,cama_mesa_banho,41.0,869.0,1.0,600.0,20.0,10.0,20.0
1a300f482e35d7eac74b229be067aefd,informatica_acessorios,54.0,333.0,4.0,125.0,18.0,7.0,15.0
222efa72a47277d611b8b38d71149afd,utilidades_domesticas,56.0,148.0,1.0,300.0,16.0,12.0,20.0
f3bdb4d3d673cd7bb48636be1d431c0f,utilidades_domesticas,54.0,632.0,1.0,10325.0,56.0,23.0,31.0
04bd5aedb2f07b8078ef7dcbfb79db00,brinquedos,60.0,1258.0,3.0,1600.0,28.0,13.0,21.0
eab67bf937aaadc19f83383a331d2dd9,moveis_escritorio,53.0,1199.0,1.0,10975.0,53.0,51.0,18.0
ac8d637154b9a2717786c0f933d4c7da,esporte_lazer,54.0,1375.0,3.0,650.0,18.0,8.0,15.0
3bed6bc2893ec6b0858eb24e4ea9b371,automotivo,56.0,238.0,2.0,200.0,16.0,10.0,11.0
97e03a28b0808a684c834e7e004ba11f,esporte_lazer,59.0,1617.0,1.0,1300.0,16.0,16.0,18.0
474bb6b54fc608ca71059a6c4f7ecda3,eletronicos,43.0,538.0,1.0,150.0,30.0,10.0,20.0
b6475dae3a2796ed87cabc7b8e8debcf,utilidades_domesticas,46.0,558.0,1.0,250.0,35.0,13.0,19.0
0a41699cb57f40c605d3cfdddd61673b,esporte_lazer,44.0,961.0,4.0,550.0,40.0,10.0,16.0
fb495e971326b55afcb1f473adf0afb8,esporte_lazer,59.0,920.0,1.0,2350.0,20.0,20.0,20.0
f691cdacdf6ea42e5cde08d10928f90b,esporte_lazer,30.0,536.0,1.0,998.0,24.0,26.0,20.0
a767d41b71a909a1dd1e969f4b50732c,eletronicos,40.0,2592.0,2.0,1200.0,28.0,8.0,18.0
397192d59d6294262d63b01e93b3d4dd,pet_shop,60.0,316.0,2.0,1050.0,20.0,20.0,20.0
3a7c9b0413d7b9cc7f4a18318fc5afb3,cool_stuff,52.0,797.0,2.0,1500.0,50.0,40.0,30.0
e5ae72c62ebfa708624f5029d609b160,informatica_acessorios,60.0,367.0,1.0,156.0,18.0,12.0,15.0
c0205b35b5e0f162b0dcc48572223b72,perfumaria,51.0,389.0,1.0,400.0,19.0,11.0,17.0
e9ba3ec00ccd563b43e5de69a74a43d7,relogios_presentes,48.0,767.0,3.0,200.0,16.0,13.0,13.0
2f2242912bd9f5bde4a86e128e8905d7,telefonia,53.0,520.0,1.0,100.0,16.0,6.0,15.0
d04857e7b4b708ee8b8b9921163edba3,informatica_acessorios,33.0,1127.0,2.0,450.0,16.0,4.0,20.0
c9d1849f97b6fe404378805a105d64ec,utilidades_domesticas,48.0,1204.0,7.0,600.0,27.0,13.0,27.0
b532349fe46b38fbc7bb3914c1bdae07,moveis_decoracao,49.0,829.0,1.0,850.0,20.0,25.0,20.0
7f7da198305ad62091daf841ed6acc6e,cool_stuff,46.0,611.0,2.0,450.0,22.0,12.0,22.0
006baa9a5b8f95895f15273a35bc2664,esporte_lazer,33.0,223.0,2.0,950.0,60.0,15.0,15.0
9dfb2984ab775b6175202b9e9e678641,utilidades_domesticas,41.0,859.0,3.0,750.0,16.0,16.0,16.0
5038cd913f549498c7e7251739050b0e,cool_stuff,58.0,302.0,3.0,100.0,16.0,3.0,23.0
0485eb91cf4786a456d0b61ef9d9183e,fashion_bolsas_e_acessorios,36.0,245.0,3.0,100.0,18.0,9.0,11.0
3c3d244942b424b931c33f1ddc122b80,pet_shop,31.0,612.0,1.0,122.0,17.0,10.0,14.0
6b770b5934dbdb29064efdf34bfa6cf5,esporte_lazer,53.0,492.0,1.0,750.0,35.0,20.0,20.0
fc1d8637c0268af3db482c14b7ef8e75,cama_mesa_banho,60.0,269.0,1.0,1700.0,34.0,7.0,32.0
23c8673349e70f9408b2d15865532c53,beleza_saude,63.0,580.0,5.0,1200.0,40.0,11.0,18.0
c935bc1beb7be8accee684358fb0d47f,instrumentos_musicais,56.0,463.0,5.0,5350.0,47.0,23.0,25.0
a2a61ecd4e916c3ff787c137d23957bb,utilidades_domesticas,58.0,782.0,1.0,3100.0,30.0,40.0,40.0
5101f008a270fb10336de6703f32221e,cama_mesa_banho,54.0,503.0,1.0,2400.0,30.0,30.0,30.0
90b58782fdd04cb829667fcc41fb65f5,moveis_escritorio,34.0,794.0,1.0,7417.0,102.0,46.0,11.0
1e4aad71e70ec3236b054032c42d3494,telefonia,55.0,73.0,1.0,200.0,20.0,20.0,13.0
5dc5964f616fba91121740eb42a02845,consoles_games,28.0,413.0,1.0,200.0,19.0,2.0,14.0
52e07ce385c39e2c591f040dea409c23,sinalizacao_e_seguranca,32.0,727.0,3.0,5000.0,50.0,50.0,30.0
d189fbf8b5d79a670cebcaaad68d77b2,papelaria,49.0,453.0,1.0,3000.0,30.0,10.0,30.0
5dee2c14e1989141e15d341d4c62d72a,esporte_lazer,56.0,859.0,1.0,353.0,23.0,15.0,16.0
4f71868d83b41619b1159399663a0e67,cama_mesa_banho,56.0,608.0,1.0,11500.0,50.0,25.0,25.0
04c48a5fe31aedc4ef3896c005fd483c,perfumaria,36.0,574.0,1.0,449.0,19.0,14.0,14.0
e71ce72b19b83080d97cf4f06c90d096,esporte_lazer,57.0,1537.0,5.0,400.0,30.0,16.0,16.0
c777b9591e90c49e0745efb1051789ca,esporte_lazer,50.0,256.0,1.0,200.0,20.0,20.0,20.0
52f07ac86d3153309c1695744f846ee1,automotivo,60.0,1690.0,3.0,600.0,21.0,18.0,13.0
8b27cbcf8e5472830ab6ec2bd7a6b867,utilidades_domesticas,49.0,409.0,1.0,2600.0,62.0,42.0,13.0
9ddc4249779322828f89d2a9c04f7ee1,automotivo,54.0,699.0,1.0,1277.0,30.0,25.0,27.0
f646af315b0f3a597f69213537ca2199,moveis_decoracao,55.0,928.0,1.0,600.0,17.0,17.0,17.0
827c4a77226a3e7ef259d61eaa775df9,moveis_decoracao,54.0,439.0,2.0,1300.0,30.0,25.0,25.0
5411e9269501a870cabf632f05655131,papelaria,57.0,396.0,3.0,6550.0,38.0,30.0,28.0
5d096ee78b3150e1dcab797e13884824,utilidades_domesticas,50.0,336.0,1.0,1600.0,25.0,25.0,25.0
67b0d38a61d8e4c1c1df7d56276302aa,fashion_bolsas_e_acessorios,63.0,655.0,4.0,300.0,16.0,9.0,11.0
21767347dfdabbe42b3ca5846a4cdb48,relogios_presentes,54.0,446.0,2.0,277.0,23.0,15.0,23.0
f8328e9125f089a968fc6b36116c4bb9,esporte_lazer,45.0,1418.0,1.0,575.0,20.0,16.0,16.0
3baabb34049f9644a9e18dd72e229ef1,beleza_saude,60.0,762.0,1.0,425.0,17.0,11.0,14.0
777d2e438a1b645f3aec9bd57e92672c,cama_mesa_banho,58.0,689.0,1.0,950.0,45.0,15.0,35.0
9b7f6da9aa9f1e413a63bec7924fdd38,utilidades_domesticas,48.0,174.0,1.0,350.0,35.0,20.0,35.0
810e2944bca9850b934e1570ba372e7d,moveis_decoracao,49.0,612.0,1.0,2200.0,30.0,35.0,30.0
171b509779ad4fe0cbed2a3d95d10c68,pet_shop,44.0,283.0,1.0,400.0,16.0,16.0,16.0
658fc236815a88341f858edcdb0ec78a,utilidades_domesticas,57.0,965.0,2.0,1500.0,32.0,15.0,32.0
8e35056a353550809b6675987b99a117,moveis_cozinha_area_de_servico_jantar_e_jardim,57.0,1124.0,4.0,4550.0,55.0,10.0,35.0
cfd414b4463647f58c7775eaae06893d,beleza_saude,44.0,1529.0,4.0,300.0,17.0,7.0,12.0
01ff1ff8aa5dec93e9938b989393a4ca,perfumaria,51.0,315.0,1.0,350.0,18.0,13.0,18.0
bcf8ab16f538b2f7bd63ebf67faef909,moveis_decoracao,63.0,184.0,4.0,8200.0,100.0,7.0,70.0
57aae7271c7c24614b0d663c6df83f35,esporte_lazer,32.0,1042.0,1.0,200.0,18.0,11.0,13.0
6002665d65ee348dcd357c7bb2f080bd,bebes,56.0,518.0,4.0,900.0,35.0,22.0,45.0
62c89abe1afe3a23c17765d462718a4c,perfumaria,51.0,805.0,1.0,540.0,23.0,13.0,19.0
9da950e8c8c482441f1b93955b21c827,cool_stuff,51.0,516.0,1.0,5200.0,37.0,20.0,34.0
47b8c79d616369fd222f0bb68ea0293b,beleza_saude,31.0,867.0,2.0,600.0,20.0,5.0,15.0
dc4adbe80b638fa8ed7ce4d2822e05af,brinquedos,63.0,1047.0,6.0,2850.0,65.0,24.0,16.0
183c95ad186f48c320bbac4643829d3f,fashion_bolsas_e_acessorios,36.0,412.0,5.0,150.0,16.0,5.0,20.0
1fa968aa921dd9cdf625d5caf8f96654,esporte_lazer,50.0,830.0,1.0,700.0,16.0,15.0,15.0
bee2e070c39f3dd2f6883a17a5f0da45,informatica_acessorios,53.0,871.0,4.0,175.0,20.0,20.0,20.0
dd47440cb56de3ab674f9208ff0edc3e,informatica_acessorios,58.0,956.0,3.0,2550.0,30.0,10.0,22.0
a611d42645c444a6c8a20c3d4f058482,telefonia,50.0,1440.0,2.0,100.0,18.0,6.0,11.0
88f2c10f7a675e2f7e5a00ec528d973a,audio,33.0,346.0,1.0,1000.0,20.0,16.0,16.0
c045b19fdb30a3035c56d04c6fe2e622,cama_mesa_banho,48.0,641.0,3.0,2050.0,50.0,10.0,40.0
d34ec3c23c142291062f958688a1b41c,malas_acessorios,54.0,114.0,1.0,1050.0,40.0,10.0,35.0
88c20c5a22f2ca169af8cfc2df00a7a2,esporte_lazer,41.0,781.0,4.0,500.0,20.0,20.0,15.0
cd2c0529e45020c77a7c05b4ef2408fd,cama_mesa_banho,55.0,377.0,1.0,1000.0,32.0,17.0,52.0
72ca7a219f9f5b1be88c79e3aedd0152,papelaria,58.0,487.0,4.0,650.0,21.0,7.0,15.0
07ffc018eaf23e086370dea42c74077b,construcao_ferramentas_jardim,55.0,2039.0,5.0,185.0,21.0,7.0,14.0
51967f750b0391d02137a8ecd5424452,fashion_bolsas_e_acessorios,31.0,209.0,1.0,100.0,17.0,3.0,12.0
bb50f2e236e5eea0100680137654686c,beleza_saude,60.0,2644.0,6.0,400.0,34.0,4.0,22.0
8983a3b149303c013fceabef902e835a,informatica_acessorios,39.0,1193.0,3.0,450.0,16.0,3.0,15.0
423b46d7ff817b1cd19ab195c7b76546,relogios_presentes,59.0,160.0,5.0,200.0,16.0,2.0,20.0
ab44178963b4bf809adc477810f9175d,artigos_de_natal,52.0,198.0,4.0,50.0,16.0,6.0,11.0
a36eaac6306e0910249219f203efc877,eletronicos,35.0,192.0,1.0,200.0,22.0,6.0,16.0
aedb09a73deda537456636dad7696b64,cama_mesa_banho,55.0,1007.0,1.0,1150.0,16.0,30.0,40.0
c23b47bacd44b878e3345d06ab5664dc,beleza_saude,30.0,342.0,2.0,153.0,14.0,14.0,12.0
210a8305d79b2f5719cbafb2c026797f,esporte_lazer,60.0,521.0,1.0,650.0,24.0,10.0,20.0
b9adb834b99082140e354bdd3bda7eb5,cama_mesa_banho,55.0,130.0,1.0,1100.0,40.0,8.0,33.0
f06796447de379a26dde5fcac6a1a2f7,moveis_decoracao,30.0,383.0,3.0,11400.0,52.0,6.0,52.0
521a361808bedd9fffb32181e501e09b,utilidades_domesticas,40.0,220.0,3.0,1200.0,20.0,25.0,20.0
0e46a653d7cee79c08431b38fcb67fe9,fashion_roupa_masculina,28.0,696.0,2.0,300.0,16.0,2.0,11.0
863c8ced004542495e1025bb14124580,papelaria,57.0,111.0,2.0,1450.0,25.0,55.0,37.0
31639956e7fac87ecfd9d608040638bd,cool_stuff,38.0,500.0,1.0,5150.0,90.0,4.0,42.0
67523567791b73064e78d6a5731f379c,automotivo,39.0,2642.0,2.0,83.0,19.0,4.0,14.0
355c91ffac499557d65c0821237b6350,fashion_bolsas_e_acessorios,42.0,770.0,1.0,850.0,16.0,2.0,11.0
569ffd16f8032478cbeb9800f2e94ba0,moveis_decoracao,49.0,544.0,1.0,410.0,39.0,3.0,28.0
50fd2b788dc166edd20512370dac54df,eletronicos,46.0,2285.0,1.0,150.0,30.0,10.0,20.0
9674b7f245c1d659972605a979ac3dcf,moveis_escritorio,43.0,2233.0,1.0,13900.0,55.0,27.0,55.0
0b2c18d8e73e17348a011241525cb089,relogios_presentes,60.0,1008.0,8.0,400.0,16.0,2.0,20.0
3b10cf7d1e08c598428ad6eb7c59d09c,cama_mesa_banho,59.0,775.0,1.0,1550.0,32.0,10.0,28.0
c448475cc4766baebabe30ee6d5f3fb7,papelaria,50.0,105.0,2.0,450.0,20.0,30.0,20.0
756d52539899974a9b2ae56aff0b6a2e,construcao_ferramentas_jardim,56.0,1829.0,1.0,15100.0,59.0,32.0,22.0
bfd7070500b5ef628b0216d884d2bc02,informatica_acessorios,52.0,334.0,2.0,151.0,17.0,11.0,21.0
5215505db2113a032810c3644c346a38,relogios_presentes,59.0,566.0,2.0,250.0,16.0,2.0,20.0
909b87db6cb3a7ab26bd03cc59860136,informatica_acessorios,28.0,1111.0,1.0,169.0,16.0,10.0,12.0
aaa09cd0acd316f7816145408dd73449,fashion_bolsas_e_acessorios,39.0,180.0,5.0,200.0,16.0,12.0,16.0
90a57d62c9b9f884fae33a10dff953b4,,,,,600.0,20.0,5.0,14.0
64874a0d6c1ec460c2f59886c51b9711,perfumaria,46.0,647.0,2.0,532.0,21.0,12.0,17.0
bac2d18d169f029e0721b8aca9c8f269,,,,,300.0,16.0,2.0,11.0
a10e0fcb1c409869c3c6da4eb13b7612,bebes,58.0,847.0,5.0,7150.0,47.0,26.0,35.0
054515fd15bc1a2029f10de97ffa9120,esporte_lazer,50.0,799.0,1.0,150.0,18.0,18.0,18.0
776ef0ee36e20757c513e64903f1fa8a,beleza_saude,45.0,494.0,3.0,925.0,25.0,6.0,16.0
7b1f55eb9b85b0aa6b1d4c16108eac61,cama_mesa_banho,59.0,272.0,1.0,1850.0,46.0,12.0,43.0
ef5c31aee1d5074121a478b14d3eb50e,papelaria,58.0,202.0,5.0,8600.0,60.0,20.0,29.0
84952f1f00709e71d58587cb34163e26,eletrodomesticos_2,55.0,930.0,4.0,2300.0,30.0,24.0,30.0
03d10117bf5dbd1e4f194566be73de5a,cama_mesa_banho,53.0,255.0,1.0,2350.0,45.0,15.0,35.0
2ff995aead9c63a1f37a07b3664ead37,moveis_sala,45.0,353.0,1.0,7500.0,61.0,11.0,46.0
db580783a754f97648c304e049cf4d76,ferramentas_jardim,58.0,2593.0,3.0,850.0,22.0,8.0,25.0
d8b6376a7527727f3f1d4a92dc155a6e,esporte_lazer,55.0,995.0,3.0,1000.0,20.0,15.0,15.0
2f9c2888168b8c2d8e625905f3737057,telefonia,54.0,169.0,2.0,150.0,20.0,5.0,12.0
612c7f49d1026f7beded75464b574f81,beleza_saude,55.0,3072.0,10.0,200.0,28.0,11.0,14.0
ba9943916136c9959e24f71bdae28faa,informatica_acessorios,46.0,669.0,3.0,200.0,35.0,2.0,25.0
e4b0f340d2552f744b4c2d48dffbc0e2,cama_mesa_banho,49.0,631.0,1.0,850.0,16.0,10.0,16.0
809aeb9f696910839dd8fd2c533e65a4,esporte_lazer,40.0,82.0,1.0,400.0,25.0,25.0,25.0
f49e985b4cb2d0543890d6dd00077663,portateis_casa_forno_e_cafe,55.0,1345.0,8.0,9050.0,45.0,33.0,35.0
7541919b37eec10cb22469315a0c7328,telefonia,52.0,1311.0,2.0,150.0,19.0,5.0,11.0
d22f287512fb5bda6efc5c8e6216c6db,beleza_saude,27.0,408.0,1.0,1450.0,41.0,40.0,13.0
0efc91aa52d1f0669126d3000a94279b,cama_mesa_banho,52.0,111.0,1.0,2100.0,15.0,18.0,25.0
d5c263f4d651ba657c900ce70a4be7de,telefonia,59.0,458.0,4.0,350.0,20.0,30.0,20.0
a16f2c3edfeabc364393b012e19e2a15,beleza_saude,45.0,1005.0,1.0,400.0,19.0,12.0,13.0
7d939f237f8e9c3892bbb1ee73cd1434,construcao_ferramentas_construcao,55.0,155.0,5.0,9650.0,44.0,20.0,33.0
cce3ce6484896041ae3dafdd4308a39c,consoles_games,46.0,653.0,2.0,4350.0,18.0,33.0,39.0
d3f5213b3f4e42a050935f3ccbfedf50,esporte_lazer,60.0,1597.0,3.0,1300.0,105.0,15.0,15.0
3f01901509b345951cfe27f5cea17e40,cool_stuff,54.0,1018.0,1.0,1250.0,42.0,25.0,15.0
62d8daeee0db3a60c234c2d1bfd10651,cama_mesa_banho,46.0,113.0,1.0,350.0,40.0,4.0,30.0
d7d1cdd61c66570cac78c88a0cae784b,telefonia,46.0,394.0,3.0,200.0,19.0,3.0,11.0
e1ea2e133d4ca99d20c365d4e3173989,eletronicos,42.0,962.0,3.0,177.0,20.0,20.0,20.0
1cdbe059c1ca8e6b8e3c595c382afd56,moveis_decoracao,56.0,229.0,1.0,650.0,32.0,2.0,22.0
fb09ab0eb676b60b254250a28fd46e10,eletronicos,59.0,2526.0,3.0,308.0,20.0,16.0,17.0
d401d9445df5a515a304b386278b4844,perfumaria,52.0,567.0,8.0,1800.0,26.0,26.0,35.0
b05ec8d9cabec69e637318ebba813a09,utilidades_domesticas,42.0,786.0,4.0,2100.0,53.0,25.0,20.0
0fef1ed59f95cde0a1318e54d2bebac5,esporte_lazer,57.0,3884.0,1.0,3100.0,22.0,22.0,22.0
382db2ed3015c04d4b844d2a0712494c,cama_mesa_banho,53.0,155.0,2.0,1500.0,39.0,12.0,25.0
d35825dd1741eee134506022d73f4e71,perfumaria,54.0,431.0,1.0,313.0,17.0,7.0,13.0
8cc117b0bec16e2f0b683e40846ad09c,cama_mesa_banho,50.0,748.0,1.0,850.0,16.0,10.0,16.0
59be0d716996dda6b7d60b3e839efad3,beleza_saude,53.0,783.0,7.0,350.0,18.0,11.0,22.0
504f07e36481e5e72043def3d874b92a,esporte_lazer,53.0,847.0,2.0,600.0,33.0,5.0,16.0
9bf55e9d85e0b309f79e92927449d211,beleza_saude,50.0,216.0,2.0,100.0,20.0,15.0,15.0
0c3497a215eb37d2e70682bfde05c93a,beleza_saude,33.0,222.0,1.0,150.0,16.0,10.0,15.0
3cb883c745ef0016bbfc89e032b5a853,beleza_saude,31.0,485.0,1.0,1250.0,30.0,10.0,17.0
3ff53c0418c367eb333906f83eff8fbd,papelaria,60.0,343.0,5.0,350.0,30.0,20.0,20.0
21a60ea134ec6f7e1544c4c71b998235,cama_mesa_banho,52.0,431.0,1.0,200.0,16.0,10.0,16.0
952670bc019a73f0933157ec82ff6e4f,cama_mesa_banho,46.0,162.0,5.0,3300.0,60.0,18.0,50.0
46eb4d4e006d97abd3bd84c23fcee7d9,perfumaria,38.0,1597.0,1.0,150.0,20.0,20.0,20.0
80736543f7c5c511bccb61d1544d9d0b,cama_mesa_banho,60.0,310.0,1.0,4600.0,36.0,10.0,20.0
4b96786612ebe7463132fce2c4dca136,utilidades_domesticas,42.0,540.0,3.0,10750.0,31.0,61.0,31.0
87283a98b24f9f1ac3a31b631073cf47,fashion_bolsas_e_acessorios,50.0,411.0,5.0,150.0,16.0,5.0,20.0
5b3b5f9ae84ca9ead3138b199420cc94,brinquedos,48.0,1146.0,7.0,5400.0,20.0,60.0,50.0
a95e101cee281e7cd36dfef5f80fabfe,agro_industria_e_comercio,48.0,866.0,6.0,9700.0,47.0,70.0,27.0
a321aef4233c6e0d55788de8b9a3aeac,telefonia,60.0,818.0,6.0,300.0,17.0,4.0,12.0
fb979d44fd4269b2ea30e300b66c89f3,pet_shop,49.0,294.0,2.0,1250.0,50.0,4.0,26.0
5e2ba75ad255ff60b1c76c5bf526ae9b,beleza_saude,47.0,1346.0,2.0,500.0,20.0,8.0,20.0
e1da6ab77f4859eb17950e5df1c0f815,pet_shop,56.0,724.0,2.0,7050.0,50.0,21.0,21.0
429de6049b45a9fcb96aff1603f55d3c,cool_stuff,56.0,654.0,2.0,150.0,16.0,13.0,21.0
ed2067a9c1f79553088a3c67b99a9f97,alimentos,52.0,919.0,1.0,750.0,16.0,12.0,15.0
9e4a852f41aff52bafff133d9deb5eee,papelaria,55.0,382.0,5.0,5700.0,38.0,30.0,28.0
a028a0cb37c1e9693e906ad948031da3,consoles_games,25.0,491.0,1.0,100.0,18.0,7.0,17.0
b2855c4e42b8a50f359904c6763eeddc,moveis_escritorio,35.0,2245.0,1.0,7625.0,52.0,41.0,69.0
7094fadc9773845c7d453e51b04289a8,cama_mesa_banho,32.0,253.0,1.0,1150.0,33.0,9.0,38.0
781883ae609d8782630ad91af967e018,livros_tecnicos,55.0,702.0,1.0,700.0,26.0,3.0,19.0
ae083e4a334a4210ae0ef7323f1584c5,beleza_saude,53.0,2789.0,1.0,250.0,19.0,7.0,12.0
6991f4d85b6d2e9c27895e25c2485b52,alimentos_bebidas,57.0,3587.0,4.0,4550.0,30.0,15.0,26.0
5317355191eb96f3a163cad67055f135,automotivo,59.0,695.0,6.0,7125.0,56.0,11.0,32.0
94475071013412139f862c0bd7e3bb37,papelaria,46.0,708.0,3.0,317.0,22.0,14.0,22.0
16ce899c7af0c99f46948734a0d00f0f,papelaria,49.0,326.0,1.0,1000.0,18.0,17.0,25.0
0d2c4fbee7db55f38a730f4dd40a9f81,utilidades_domesticas,55.0,1745.0,2.0,250.0,17.0,10.0,14.0
8e312c483d79e02dbc1d68cce77e26c8,cama_mesa_banho,50.0,451.0,1.0,500.0,25.0,5.0,15.0
f71050e65776861c8c3ec7a2d2b0194c,utilidades_domesticas,49.0,506.0,1.0,3050.0,30.0,30.0,30.0
e15f2eb4bd9c94996e56cc76c1394361,informatica_acessorios,56.0,156.0,1.0,750.0,36.0,11.0,20.0
0b814a3c8fa6dbb849df7c28c1bd6831,moveis_quarto,53.0,530.0,1.0,10700.0,93.0,63.0,11.0
edba1f070ba4f8137a89925f6c016bfa,beleza_saude,46.0,1918.0,1.0,200.0,19.0,7.0,12.0
aad1c338e2a8906e2040a2fb0861acbd,telefonia,60.0,333.0,2.0,150.0,16.0,4.0,13.0
6070b7a31286e70e682b07423492f35c,utilidades_domesticas,41.0,201.0,1.0,1900.0,35.0,44.0,35.0
65610bb38e3ee3e20a94885411c3feec,beleza_saude,58.0,325.0,1.0,175.0,16.0,13.0,14.0
071b82cad6de748755bb587ff3feec2e,cool_stuff,60.0,797.0,2.0,4700.0,42.0,25.0,15.0
97407223aaefebbaeb89d285e7c64f75,cama_mesa_banho,56.0,280.0,1.0,1050.0,41.0,13.0,13.0
12fc9ab82dd45f3824881d94f79edb38,automotivo,59.0,457.0,2.0,254.0,18.0,12.0,9.0
25292482a61cb3298df8dbe15ea69daf,beleza_saude,53.0,1865.0,1.0,500.0,24.0,6.0,12.0
1891f20b2a27a8b700d7a7ff5a7a0039,cama_mesa_banho,42.0,110.0,1.0,400.0,40.0,4.0,30.0
edc388b2ba34de112c918ddcd465f5e9,telefonia,47.0,723.0,1.0,100.0,19.0,3.0,11.0
6c55ba2343f9df32c7f88a468352ff22,relogios_presentes,58.0,167.0,2.0,250.0,16.0,2.0,20.0
cadb69af336c16aba5c5223599821245,eletronicos,41.0,386.0,1.0,200.0,25.0,7.0,16.0
380b4664ba5bb18cc9db78ee6bac3558,relogios_presentes,44.0,322.0,4.0,250.0,16.0,2.0,11.0
46bbd7e6d1f636953ddaf38d4abdf115,esporte_lazer,55.0,2013.0,6.0,675.0,25.0,30.0,28.0
69f07c49379a0c4bd660dd794a72f02a,cool_stuff,47.0,1793.0,10.0,925.0,20.0,41.0,15.0
dff6fc6c464afef2e1838ae9c787f125,esporte_lazer,45.0,349.0,1.0,200.0,16.0,6.0,22.0
3a98bcea866c31f53b35a41d3822f908,telefonia,46.0,378.0,1.0,100.0,18.0,3.0,12.0
2b8d2d937f84136de5b941aba77d4bcc,perfumaria,53.0,273.0,1.0,486.0,23.0,13.0,19.0
5d66715cc928aadd0074f61332698593,eletronicos,52.0,390.0,1.0,150.0,20.0,13.0,18.0
65618ab7607d1878a338904c41cff515,informatica_acessorios,42.0,274.0,1.0,617.0,34.0,15.0,15.0
de22daecfcb85b59fdeeb4fc2d9ed80e,livros_interesse_geral,43.0,1209.0,4.0,1768.0,19.0,14.0,19.0
2b0c892ab2b8e600a0b186db31f5947d,esporte_lazer,49.0,903.0,5.0,4325.0,40.0,25.0,33.0
f7f59e6186e10983a061ac7bdb3494d6,utilidades_domesticas,59.0,459.0,1.0,3700.0,32.0,22.0,46.0
11b9c6d7a3eee514887db2204eb97ec5,moveis_decoracao,58.0,242.0,1.0,1300.0,40.0,10.0,34.0
be27cc436326515a57609d15cdbb3a30,moveis_decoracao,59.0,685.0,1.0,160.0,32.0,2.0,32.0
9ecadb84c81da840dbf3564378b586e9,moveis_decoracao,41.0,789.0,1.0,950.0,20.0,35.0,20.0
060cb19345d90064d1015407193c233d,automotivo,49.0,608.0,1.0,7150.0,65.0,10.0,65.0
4cc8bfa581f41841ce5e24aba773a44a,cama_mesa_banho,50.0,381.0,1.0,875.0,25.0,18.0,40.0
5f19455f0c3902e89f16a6042bd4221d,beleza_saude,53.0,1136.0,4.0,7600.0,30.0,31.0,38.0
43e6aab5f2602eb0af739f270de920d5,esporte_lazer,21.0,310.0,1.0,150.0,25.0,30.0,20.0
226be9996759442f90f73b7d24c6baff,utilidades_domesticas,50.0,246.0,3.0,1950.0,16.0,105.0,14.0
a6621d4ee609f3f917d04c11ca8f0161,brinquedos,55.0,889.0,3.0,2800.0,48.0,27.0,18.0
7f457254a89d62960399e075711b3deb,automotivo,60.0,558.0,6.0,300.0,17.0,4.0,12.0
cce5fb9f7c1ec276edfcf70741b519bb,cool_stuff,22.0,414.0,2.0,1735.0,39.0,23.0,25.0
84003eefe52bb4112252409a24ae3a73,perfumaria,48.0,450.0,1.0,400.0,19.0,19.0,16.0
65785506a1566ea8655e9e1665754947,automotivo,56.0,215.0,1.0,200.0,16.0,8.0,11.0
9f94fe66050fae9e9351d5c83f4667c8,brinquedos,45.0,548.0,1.0,500.0,23.0,10.0,17.0
3bbacbe586e957acbf26c63b3ed532a3,pet_shop,53.0,1687.0,2.0,8750.0,50.0,8.0,45.0
f50038f8fae2efed02781cfcb79122d5,cama_mesa_banho,53.0,641.0,3.0,1150.0,16.0,10.0,16.0
e8e2e3a2e72afdb46b919f47023740e2,moveis_decoracao,60.0,2050.0,2.0,1100.0,69.0,11.0,11.0
100260bf9206d859dc8db128c8c5afc9,utilidades_domesticas,46.0,79.0,3.0,300.0,21.0,10.0,18.0
bb7181410b4e02f93f3697f765db53c7,bebes,36.0,1058.0,1.0,14950.0,77.0,20.0,53.0
6cdd53843498f92890544667809f1595,beleza_saude,51.0,625.0,1.0,900.0,25.0,12.0,38.0
fef63ef09494166bda2812ff585be979,esporte_lazer,57.0,3119.0,11.0,375.0,29.0,15.0,15.0
ffa7e0cbe11656d11a117b534bb1db27,beleza_saude,35.0,752.0,1.0,100.0,18.0,18.0,18.0
e71bbaefe62c59ffa58c1c4864b7e283,ferramentas_jardim,34.0,776.0,1.0,2100.0,26.0,7.0,26.0
b84520a57891e7a8ae2c68741dcc7146,relogios_presentes,56.0,660.0,3.0,250.0,16.0,2.0,20.0
2ddf9184f8aad1f832fdf5ecd1e53a17,perfumaria,58.0,560.0,1.0,650.0,20.0,8.0,20.0
d4a4ff95f641981ed47802cce0ea5c88,fashion_bolsas_e_acessorios,46.0,129.0,1.0,100.0,16.0,10.0,15.0
4a41bfa11528f2c8133c8fceb4494e84,perfumaria,43.0,3947.0,1.0,150.0,16.0,8.0,20.0
36940188c2ad1a212b94931a08cc3c29,telefonia,51.0,380.0,1.0,115.0,19.0,5.0,11.0
fb98e86cfbfbff699907f0a84784d474,cama_mesa_banho,47.0,297.0,1.0,1400.0,37.0,23.0,35.0
7eaf66aca1ed54df09b3c864b7416110,construcao_ferramentas_jardim,55.0,2039.0,6.0,190.0,21.0,7.0,15.0
583f158587cdecda3e8bdea694021e39,esporte_lazer,57.0,1042.0,7.0,800.0,42.0,8.0,26.0
b31f144164588b921d0dd301c3a3f78b,automotivo,48.0,691.0,1.0,2800.0,65.0,27.0,54.0
a2a91fe6d8762e0371abd964cef88ec6,utilidades_domesticas,27.0,49.0,3.0,300.0,25.0,10.0,23.0
7435b3acc47c0cccaf692a61002d8908,moveis_decoracao,47.0,325.0,6.0,3300.0,28.0,29.0,35.0
c73628b1c3144b2e0c9c88072f21a213,automotivo,60.0,1892.0,2.0,850.0,20.0,9.0,14.0
66bd6e465a87926adb15dec604948867,fashion_roupa_masculina,55.0,1241.0,2.0,700.0,16.0,2.0,20.0
29427de7f8a9ee983d9dbc51cec569b4,cool_stuff,54.0,995.0,1.0,4475.0,44.0,24.0,31.0
3bebad3cf2c8d1a8d3ce97174643e054,agro_industria_e_comercio,49.0,903.0,8.0,500.0,17.0,11.0,11.0
a9b36aaa68ebd315701524c822800f29,moveis_decoracao,54.0,532.0,1.0,550.0,70.0,7.0,11.0
7fb04722aba7a2b632bac8f9819796f3,beleza_saude,48.0,594.0,1.0,1850.0,24.0,36.0,23.0
3b60d513e90300a4e9833e5cda1f1d61,,,,,450.0,20.0,12.0,15.0
d3d2f358e7e92dbbbc0a37d0b7435253,utilidades_domesticas,58.0,2108.0,1.0,2400.0,34.0,31.0,24.0
484619f908431240f47e8c9e96ca00d1,informatica_acessorios,48.0,1549.0,3.0,400.0,30.0,11.0,20.0
afdb06ebeca917512783bcbaa8ed28c0,automotivo,56.0,568.0,4.0,1800.0,52.0,5.0,52.0
57eea82fdaafa70e1bda51d338583f9b,perfumaria,45.0,960.0,2.0,100.0,16.0,11.0,14.0
84d587fc7738e0359fa9ec3e9620c45c,automotivo,55.0,1145.0,1.0,1100.0,25.0,20.0,20.0
8155728af949f234b666bf60ed257e6a,cama_mesa_banho,57.0,280.0,1.0,550.0,34.0,23.0,43.0
b1bd2eebcf90443f4f17e71bb89468a2,esporte_lazer,52.0,520.0,1.0,200.0,16.0,15.0,15.0
461f43be3bdf8844e65b62d9ac2c7a5a,relogios_presentes,35.0,591.0,3.0,444.0,20.0,14.0,16.0
c72edc98e7d77f0c4c04ec80730c05f5,esporte_lazer,18.0,370.0,1.0,700.0,26.0,14.0,24.0
a1b99f381afecd76d7e05ebe6542bcc3,brinquedos,34.0,192.0,2.0,1100.0,20.0,55.0,35.0
c93b1a2e204567ed8b8b59a99456f8c4,automotivo,34.0,348.0,1.0,5400.0,50.0,40.0,40.0
0c8862859cb952ee81428f80dc8140d9,ferramentas_jardim,47.0,730.0,2.0,6000.0,44.0,28.0,25.0
a3c933b29543a2b90e9aca184ee7397a,cama_mesa_banho,55.0,184.0,2.0,350.0,50.0,8.0,40.0
4e122118ed3917312e52ddd02a164b13,cama_mesa_banho,37.0,1372.0,1.0,1400.0,45.0,8.0,35.0
bf128711128b70eaa9e07df69e9a75e2,telefonia,61.0,992.0,1.0,600.0,23.0,6.0,15.0
9fc0c73ce4d0eaaead44e81eeefebeb0,esporte_lazer,57.0,1949.0,1.0,350.0,21.0,26.0,21.0
1d2d3b19f5c3d093d4dbccd3cd963a8f,esporte_lazer,46.0,408.0,1.0,2050.0,28.0,22.0,20.0
cd8ae7bcd06f2f7a49f20424afa80f60,esporte_lazer,28.0,519.0,1.0,350.0,22.0,15.0,22.0
14e95770921ccb6caef2e6134c182d78,cool_stuff,55.0,1050.0,1.0,1850.0,42.0,25.0,15.0
39b5afc4814b4e72b2bfe4f4806aac25,relogios_presentes,56.0,679.0,2.0,600.0,16.0,11.0,11.0
4509f2dcb7651bc7c7fab76f3a87e700,relogios_presentes,59.0,550.0,2.0,900.0,30.0,10.0,30.0
38d070104c7e27171e177d581758a90f,beleza_saude,36.0,498.0,1.0,450.0,16.0,30.0,11.0
19421075ae0b585f2dc13ff149e2119d,esporte_lazer,32.0,1797.0,1.0,150.0,16.0,16.0,11.0
0cb255418b89587f063171ca707b85e7,construcao_ferramentas_construcao,31.0,2002.0,1.0,750.0,16.0,12.0,11.0
ee0c1cf2fbeae95205b4aa506f1469f0,perfumaria,44.0,334.0,1.0,200.0,16.0,16.0,13.0
5b8423dc7f23089c9c59c5d140eb5a1c,brinquedos,59.0,1629.0,3.0,5250.0,51.0,15.0,52.0
11bbef4e2a44601d9dd471aa1fb433e6,beleza_saude,52.0,1222.0,2.0,838.0,28.0,14.0,21.0
9e2ee57a77fedecd33b6914e9cf61199,beleza_saude,39.0,1083.0,1.0,100.0,16.0,16.0,16.0
6c3effec7c8ddba466d4f03f982c7aa3,consoles_games,56.0,237.0,3.0,100.0,16.0,12.0,12.0
d357105bd504c78d8470ffd247747eab,beleza_saude,17.0,341.0,1.0,255.0,17.0,13.0,15.0
51f876eb62be778c757503cf7f8a3b74,beleza_saude,33.0,198.0,1.0,67.0,17.0,15.0,14.0
f74ed500ab93d12ce3fbc611474d89af,papelaria,31.0,386.0,5.0,1900.0,35.0,45.0,15.0
98d61056e0568ba048e5d78038790e77,automotivo,49.0,546.0,1.0,6400.0,63.0,11.0,63.0
8eb72e039f7857d796c5afe824d0c64c,esporte_lazer,43.0,1185.0,1.0,1600.0,21.0,18.0,18.0
10717ff440b2320081989126e858b220,cama_mesa_banho,52.0,263.0,1.0,4867.0,70.0,16.0,50.0
ef3736bfe2ee33f00649ddfc8e535f10,automotivo,59.0,695.0,6.0,6050.0,47.0,19.0,23.0
d678178aa4291cd25a755a90188375c8,moveis_decoracao,43.0,789.0,1.0,950.0,20.0,35.0,20.0
231a4c5f70ff00bbb2d76f80604af2ff,beleza_saude,35.0,998.0,1.0,1450.0,21.0,50.0,21.0
a743637eea3be2e0ab81acc155c9cce2,cama_mesa_banho,56.0,1096.0,2.0,7600.0,30.0,30.0,30.0
b667e64d366991432e4c9c45ec4d6d1a,esporte_lazer,49.0,336.0,1.0,187.0,18.0,16.0,16.0
c42a54d639771f80d5ea22dd39a0d845,moveis_sala,38.0,244.0,1.0,10800.0,56.0,16.0,55.0
0dce093fc7ec4dec214256df878e3c08,relogios_presentes,57.0,1049.0,3.0,200.0,16.0,6.0,11.0
c82cf18016c429035d415a45a1546652,dvds_blu_ray,53.0,924.0,2.0,200.0,20.0,2.0,14.0
564d0015be20622253aee5b6e875bea8,telefonia,53.0,420.0,3.0,150.0,19.0,6.0,11.0
9048cbd294fe0c1a3ec8c8248bc2cadd,instrumentos_musicais,63.0,927.0,9.0,7500.0,55.0,18.0,45.0
31945c8811d04df20bf86224210b4084,cool_stuff,48.0,919.0,5.0,900.0,40.0,17.0,18.0
0693bcecfea57f2ad547d1ff56c7d9ea,cama_mesa_banho,46.0,400.0,1.0,1000.0,35.0,5.0,20.0
884186aaa2ba70b64827a86966f583bd,cool_stuff,31.0,804.0,1.0,1185.0,26.0,26.0,33.0
25e2023ed83352bde98dc1490d14c3d8,brinquedos,30.0,1024.0,1.0,887.0,30.0,22.0,20.0
d129a973e3b21bd2f01b9c25d930d2e8,relogios_presentes,56.0,471.0,1.0,250.0,16.0,11.0,11.0
704ef63ad0ac345842ea734060a83db2,cama_mesa_banho,55.0,249.0,1.0,850.0,38.0,10.0,38.0
7e0dc102074f8285580c9777f79c90cf,ferramentas_jardim,60.0,1251.0,2.0,800.0,30.0,10.0,30.0
014a8a503291921f7b004a5215bb3c36,bebes,37.0,497.0,4.0,150.0,16.0,7.0,11.0
31c4cfda24c7c817aa9761fa55185dd2,informatica_acessorios,20.0,159.0,1.0,433.0,21.0,15.0,11.0
2149e9d51d629c16ce77c0f14c887e01,esporte_lazer,45.0,2768.0,3.0,200.0,18.0,16.0,11.0
c819922a96f5ae043d8f960f6635ba98,informatica_acessorios,56.0,1455.0,3.0,250.0,16.0,3.0,11.0
bea6df30df5a4d9e7edb50d44857dd54,cool_stuff,53.0,1549.0,2.0,2000.0,20.0,46.0,13.0
45a6892a98568b366b52ffeec9a03691,alimentos,58.0,1195.0,1.0,229.0,18.0,10.0,16.0
e67307ff0f15ade43fcb6e670be7a74c,beleza_saude,47.0,1474.0,3.0,150.0,43.0,13.0,14.0
d72542d54fc3e2e41ba701982a67b1e6,telefonia,49.0,297.0,1.0,200.0,19.0,4.0,11.0
5804729aafca1ebee7b26895d830586e,utilidades_domesticas,42.0,799.0,4.0,9850.0,31.0,61.0,31.0
fbce4c4cb307679d89a3bf3d3bb353b9,cama_mesa_banho,53.0,597.0,1.0,6550.0,30.0,30.0,30.0
eacb104882d39ffb53140b1d1860a7c3,artes_e_artesanato,57.0,942.0,5.0,500.0,21.0,7.0,14.0
dbb67791e405873b259e4656bf971246,informatica_acessorios,32.0,321.0,1.0,207.0,17.0,12.0,13.0
b8ce63487e1d8881dac505b123c8e9b6,bebes,53.0,715.0,5.0,1250.0,60.0,20.0,50.0
e44f675b60b3a3a2453ec36421e06f0f,esporte_lazer,35.0,1058.0,1.0,350.0,17.0,17.0,17.0
0615dcf981da53a5ca8777cd6a80361b,casa_construcao,56.0,922.0,7.0,1050.0,16.0,20.0,16.0
7fd5ed44c2c119be619555591475b233,cama_mesa_banho,56.0,248.0,1.0,1100.0,46.0,14.0,40.0
76603a4bccfedb23ac477d3cf1f69ce1,construcao_ferramentas_construcao,19.0,450.0,4.0,900.0,20.0,20.0,20.0
a92930c327948861c015c919a0bcb4a8,relogios_presentes,59.0,319.0,4.0,250.0,16.0,2.0,20.0
7b07e5afce1bb1e6fa3ffcdc718d7e69,informatica_acessorios,34.0,1006.0,2.0,175.0,17.0,9.0,15.0
574597aaf385996112490308e37399ce,utilidades_domesticas,55.0,499.0,1.0,4800.0,22.0,63.0,22.0
f714f2e04474e89e781961c52081a5a7,esporte_lazer,54.0,1888.0,5.0,400.0,24.0,11.0,18.0
66a0a6e02b7f543e5b021ce361f267d4,cool_stuff,45.0,798.0,1.0,1500.0,50.0,40.0,30.0
920413d47417d9b3e04095f1704409fb,informatica_acessorios,33.0,321.0,1.0,375.0,19.0,12.0,14.0
86c43103446290e7efacad3701cd654d,relogios_presentes,58.0,644.0,6.0,250.0,16.0,2.0,20.0
226f3829f99a5f02578560da8708c8f7,perfumaria,49.0,1208.0,2.0,200.0,16.0,8.0,11.0
df6e62772d439c7afc2d284339cf9425,construcao_ferramentas_jardim,67.0,348.0,1.0,250.0,16.0,16.0,12.0
2c2b1db11f5ec66bbc6ca9d1ce3f81a4,brinquedos,40.0,618.0,4.0,300.0,16.0,7.0,11.0
fe59a1e006df3ac42bf0ceb876d70969,informatica_acessorios,60.0,2136.0,1.0,3407.0,28.0,22.0,23.0
55c241d4a5f20682cdeaec642cb06fa8,cool_stuff,48.0,1100.0,1.0,1400.0,20.0,30.0,20.0
ff2c1ec09b1bb340e84f0d6b21cc7dbb,cama_mesa_banho,55.0,615.0,1.0,500.0,16.0,10.0,16.0
2f3fb365f563d28cb30f34eea6f47e72,informatica_acessorios,45.0,492.0,1.0,200.0,18.0,9.0,16.0
a869ec6209c361ca46dad85a5530e119,esporte_lazer,49.0,1313.0,1.0,2438.0,28.0,31.0,24.0
59526429f5ef2fd355737bd1883f7856,automotivo,60.0,932.0,3.0,700.0,25.0,25.0,25.0
9d838a7fbaba7fca5f1fad259984063a,informatica_acessorios,47.0,1076.0,1.0,117.0,16.0,16.0,11.0
06ad93d66e91d09df5ce746906d9658b,cama_mesa_banho,52.0,289.0,1.0,3250.0,36.0,10.0,35.0
50e1b118f266b655f613f753914c42db,cama_mesa_banho,44.0,630.0,1.0,800.0,16.0,20.0,28.0
cd9895374edea6a67749d331b0b32070,esporte_lazer,44.0,1449.0,2.0,250.0,20.0,14.0,16.0
f71973c922ccaab05514a36a8bc741b8,malas_acessorios,47.0,482.0,2.0,16100.0,35.0,65.0,44.0
090621b8ea8b2c856067283a91b493e9,beleza_saude,60.0,1805.0,1.0,3600.0,25.0,25.0,25.0
a0ab96e461d74537772b84950f26a257,climatizacao,41.0,717.0,1.0,1050.0,18.0,7.0,8.0
13b604480efd32bdb45d23fc99a1a1ee,automotivo,60.0,295.0,1.0,480.0,27.0,8.0,14.0
4dfb5b21cf54e026b36472ea52d67e6d,,,,,200.0,16.0,2.0,11.0
5a0783457f0264ade6beeac64ba145f4,eletroportateis,37.0,194.0,1.0,400.0,20.0,11.0,12.0
08c5039f843aa1a03854fb33b713ef37,cama_mesa_banho,58.0,229.0,1.0,500.0,44.0,11.0,14.0
2481a472d98c582b46bc2dfeae6f539f,moveis_decoracao,59.0,205.0,1.0,950.0,31.0,11.0,26.0
82a61259a621866c4ba63743da29a342,esporte_lazer,57.0,1307.0,1.0,4350.0,20.0,20.0,20.0
cb43c6e1c451902b51f4f4ff512302df,eletronicos,21.0,286.0,3.0,293.0,16.0,7.0,11.0
e95ee6822b66ac6058e2e4aff656071a,esporte_lazer,52.0,1153.0,1.0,180.0,17.0,11.0,14.0
4a90b44b456e79e7a33435fdd36e551f,ferramentas_jardim,64.0,2432.0,4.0,10700.0,32.0,63.0,32.0
c9c6fde711572c1ad99ca12728c6af00,telefonia,51.0,678.0,2.0,150.0,17.0,8.0,14.0
427a6366149d0da432a4f01146b70275,cama_mesa_banho,48.0,414.0,1.0,1117.0,45.0,12.0,45.0
f6af9afab66b4968cf9c27dcdfc42047,automotivo,45.0,197.0,2.0,200.0,16.0,18.0,11.0
e53e557d5a159f5aa2c5e995dfdf244b,informatica_acessorios,33.0,256.0,1.0,180.0,17.0,10.0,13.0
89f055104adb9365d7f7b5c475f77742,beleza_saude,38.0,395.0,1.0,114.0,19.0,16.0,17.0
197f7d1d3a8b0bf0c8f0394ff71b574b,construcao_ferramentas_iluminacao,39.0,506.0,1.0,250.0,16.0,17.0,17.0
3552627a68384dc559f0fd4cce173269,fashion_bolsas_e_acessorios,31.0,203.0,4.0,150.0,18.0,9.0,11.0
cd48f265a63e13b762601f5f794c5fca,bebidas,48.0,859.0,3.0,175.0,23.0,21.0,21.0
31af99e01af722adb2067b365a311998,beleza_saude,58.0,698.0,6.0,425.0,24.0,16.0,14.0
e3b997f50d2aa487a92ed84d4125b590,utilidades_domesticas,44.0,341.0,6.0,400.0,30.0,20.0,30.0
3e878bb44e2c5b7fc755e304cc8236a4,brinquedos,26.0,466.0,2.0,187.0,21.0,16.0,17.0
0e2d52789a024cfd6f9204778320a8e5,moveis_quarto,43.0,435.0,4.0,9800.0,86.0,8.0,40.0
7811ef9c6eed5bb33c3c6f9de751642f,bebes,39.0,296.0,1.0,100.0,16.0,5.0,16.0
e3e6af2b9a779d64b3589a5b56102d16,moveis_decoracao,44.0,565.0,1.0,1050.0,25.0,25.0,25.0
9e28a904bf99a4b3d1548580a906b3e7,automotivo,56.0,651.0,5.0,11200.0,78.0,4.0,47.0
5581bb179770e44255d6bb9b9e1bcca9,esporte_lazer,37.0,121.0,1.0,363.0,18.0,14.0,17.0
f5a9be6a5b9fbbd35e67c6883914c1ab,perfumaria,46.0,1045.0,1.0,450.0,22.0,16.0,16.0
764292b2b0f73f77a0272be03fdd45f3,moveis_decoracao,56.0,701.0,5.0,750.0,30.0,30.0,11.0
ce37d2059b251687831f016e8698725b,brinquedos,58.0,1221.0,1.0,275.0,17.0,14.0,12.0
c92f0e7b9d49a9543558d6532772441b,malas_acessorios,48.0,485.0,5.0,17550.0,73.0,20.0,47.0
84f456958365164420cfc80fbe4c7fab,cama_mesa_banho,55.0,312.0,1.0,1550.0,44.0,14.0,34.0
b0961721fd839e9982420e807758a2a6,ferramentas_jardim,59.0,341.0,2.0,1850.0,37.0,22.0,40.0
3eeb044943cac759fe3dcce5d222f12f,moveis_decoracao,29.0,787.0,2.0,2700.0,20.0,34.0,34.0
e03102efbc2229024c89be731f0aedcb,papelaria,57.0,366.0,4.0,750.0,101.0,15.0,15.0
0ceb0bfefd73a9c9dc6f918182841cc1,,,,,200.0,16.0,7.0,11.0
44d097d59e8430f88a67517cd0c4f865,fashion_bolsas_e_acessorios,55.0,151.0,6.0,350.0,16.0,2.0,20.0
28b4eced95a52d9c437a4caf9d311b95,moveis_decoracao,60.0,1953.0,1.0,750.0,69.0,11.0,11.0
39184c850194aa002371b2d16c373f3e,cama_mesa_banho,37.0,257.0,1.0,5950.0,50.0,18.0,28.0
112e1856649c6762c1ca6058d07f2633,esporte_lazer,59.0,1203.0,4.0,500.0,80.0,8.0,15.0
e5e0c45564bc74a85e8e51968fdefa8d,automotivo,56.0,840.0,1.0,1800.0,45.0,20.0,45.0
d1ca56960d19af6d4eccf7fa11ec6fca,moveis_sala,30.0,510.0,2.0,3973.0,61.0,28.0,61.0
0f2fd0a589cb7849c1dbedbd4109c2f8,beleza_saude,46.0,509.0,1.0,870.0,19.0,17.0,15.0
f2ecbb02b6da187a9f14b8ac5781faec,perfumaria,54.0,935.0,1.0,50.0,16.0,5.0,11.0
f1f2a5b4dd03a85b61b03156b1c9f236,fashion_bolsas_e_acessorios,34.0,85.0,1.0,50.0,17.0,17.0,11.0
7ce94ab189134e2d3c05f496d635419c,eletronicos,39.0,400.0,1.0,200.0,25.0,7.0,16.0
1e8aa599b7a43efac798dff87503a424,beleza_saude,41.0,1655.0,1.0,850.0,20.0,18.0,23.0
5cde85235c4ae7747e9b48de95178a14,informatica_acessorios,35.0,905.0,2.0,383.0,19.0,20.0,17.0
b79a274e7373a1bfcbd788a239591dec,perfumaria,46.0,385.0,1.0,350.0,18.0,18.0,18.0
277bf2ba07ff0451aa37701b45aad827,esporte_lazer,58.0,407.0,2.0,850.0,30.0,7.0,30.0
787a7fee45732e04f90ace8fda0ed076,papelaria,45.0,300.0,4.0,100.0,16.0,6.0,11.0
87a71ae93900ab55fcf685c8040769b3,eletronicos,36.0,401.0,1.0,175.0,22.0,13.0,17.0
6a97716560716501532a300ceec3c24f,livros_interesse_geral,37.0,1194.0,1.0,500.0,30.0,5.0,20.0
125d26eac85cf57783e2b545149ad38c,telefonia,32.0,340.0,2.0,100.0,20.0,10.0,15.0
1d8cb1d3317a3090bc73ecde425d334c,telefonia,48.0,3121.0,4.0,450.0,21.0,11.0,14.0
3a07f82957867a5eb477dc7f2f60c2aa,relogios_presentes,53.0,179.0,4.0,250.0,16.0,2.0,11.0
5999995b8f64d769dbc6f592b86d6f8a,pet_shop,57.0,1283.0,5.0,1200.0,55.0,3.0,42.0
65b89f415ce968a584fde133ae3ce3bf,moveis_decoracao,63.0,653.0,2.0,1600.0,38.0,7.0,28.0
ccc8daa0204a0488c019ae676ed5fab2,beleza_saude,29.0,95.0,1.0,375.0,19.0,14.0,18.0
717c660fd7ed52fdaa650d509dda7912,eletroportateis,41.0,959.0,1.0,463.0,23.0,18.0,16.0
07451cd3b4079198af66b134853aee75,cama_mesa_banho,55.0,484.0,2.0,6000.0,50.0,20.0,40.0
3e824028352cd013af85473283f832ce,beleza_saude,54.0,971.0,1.0,550.0,20.0,12.0,12.0
c6e513054b982283c1cbbb2a45d02d83,cool_stuff,56.0,777.0,5.0,300.0,18.0,7.0,12.0
1fb344134cd7164d32dea4d87ba3ec5a,ferramentas_jardim,57.0,1160.0,1.0,625.0,23.0,18.0,20.0
af4328f3b25c46d425187cffe0858540,utilidades_domesticas,59.0,639.0,1.0,500.0,30.0,30.0,30.0
5fda5f5969ed8a446022953a89e1c81a,moveis_decoracao,56.0,1031.0,2.0,800.0,20.0,40.0,20.0
fdd84aefb08c8f8225e0b8c97429d53b,beleza_saude,59.0,1726.0,5.0,123.0,18.0,9.0,15.0
157ee978f4fcdf8984b0bb33a6687fde,bebidas,54.0,3077.0,1.0,650.0,19.0,19.0,19.0
3354a4e684f5e7199f9407db70ccd92b,cool_stuff,52.0,847.0,3.0,1200.0,42.0,25.0,15.0
fdf648fe44c2e24e9857c8d4ad5a7028,ferramentas_jardim,19.0,141.0,1.0,700.0,19.0,24.0,12.0
ed4dfdaab6c24770fc6f34ad50c89ac1,beleza_saude,53.0,269.0,5.0,250.0,16.0,15.0,15.0
2267b228a5bcef6dcc0fd584a4512908,beleza_saude,29.0,870.0,1.0,185.0,23.0,24.0,22.0
f9122c4086dee1508186c3ccd738dfe3,relogios_presentes,57.0,664.0,1.0,200.0,28.0,10.0,18.0
666696771a5dd7a28816eab47b70d966,construcao_ferramentas_jardim,51.0,1834.0,1.0,1517.0,23.0,18.0,13.0
7d187801885842645486f00fb166f378,eletrodomesticos,60.0,341.0,1.0,150.0,20.0,13.0,12.0
c5d8b84a90f73bd09c30e71e76caaa11,market_place,49.0,415.0,6.0,1150.0,35.0,25.0,25.0
fda130b26c5b4ddabb0cec19a06abff7,bebes,57.0,564.0,5.0,3700.0,40.0,24.0,28.0
19c1803db50dac42632a5ba9dd89bdd6,pet_shop,52.0,885.0,2.0,650.0,25.0,25.0,25.0
22f8b1ebff0ccf1828c7179dbf84d983,,,,,150.0,20.0,4.0,25.0
d4566d732d7cd4770e835f275a5aaa64,pet_shop,55.0,1547.0,2.0,1808.0,24.0,31.0,25.0
de4fb1ddae276a3503afed39c8227cff,esporte_lazer,59.0,1310.0,2.0,5200.0,50.0,20.0,40.0
5f4717c32cb957e5faf8d9271dce3fd5,beleza_saude,43.0,2737.0,1.0,100.0,19.0,19.0,19.0
187e7d92b8168c3661824809d0c5dffb,beleza_saude,30.0,1501.0,1.0,1900.0,27.0,9.0,18.0
c234a60a994181f45605566bef8fe3b4,moveis_decoracao,59.0,1104.0,3.0,2500.0,90.0,14.0,27.0
130482add9fd75ccb6c57ba007694a2d,informatica_acessorios,55.0,60.0,1.0,2800.0,40.0,15.0,40.0
9b31e696365ea4d66a169a1767538f2a,utilidades_domesticas,56.0,562.0,1.0,800.0,16.0,16.0,16.0
3adb4888b6e99ae73176ac7979dc03a0,moveis_decoracao,6.0,254.0,1.0,2400.0,50.0,15.0,17.0
0b1b6ca8b113c570aa56916becb81192,moveis_decoracao,53.0,1979.0,3.0,2800.0,69.0,11.0,11.0
afe03a970bfcfb89d67682980d6ffed5,papelaria,52.0,756.0,5.0,450.0,18.0,18.0,18.0
317a8d8e17b2b10b8074de17b3ca6073,moveis_decoracao,63.0,438.0,1.0,100.0,45.0,15.0,35.0
491067a4bc3ca4303e9fba74d629412c,bebidas,55.0,314.0,1.0,4400.0,16.0,25.0,23.0
726d7fdfe0fa5d6f13f13c47ddf88d8b,cama_mesa_banho,27.0,143.0,2.0,275.0,40.0,48.0,38.0
c3ba4e8d3cb30049213b682e751e9d00,relogios_presentes,58.0,737.0,3.0,350.0,16.0,2.0,20.0
7f0362988b16ac7b5f65dc5fd0fbc77f,telefonia,47.0,317.0,2.0,100.0,16.0,7.0,11.0
1c42a107473d6b20db8ac7772b870e33,cama_mesa_banho,50.0,164.0,2.0,1900.0,25.0,10.0,25.0
948cf1d0e3086dc58ca7332b39abda1d,papelaria,54.0,259.0,1.0,5850.0,60.0,20.0,29.0
cc71cac6380211ba2e17e2b35459488b,construcao_ferramentas_jardim,55.0,2039.0,6.0,215.0,21.0,7.0,15.0
0705b33fb285827a578fce4899f1b921,esporte_lazer,35.0,650.0,1.0,400.0,95.0,6.0,47.0
9d90d49f34e41063f6dfef45c7db750f,automotivo,59.0,265.0,4.0,1000.0,16.0,5.0,16.0
163da86e86f0089de089399c28c3fcbb,informatica_acessorios,60.0,407.0,3.0,400.0,16.0,3.0,21.0
c8ff3d9fa791c9b40a3c54a5da2394f2,utilidades_domesticas,60.0,590.0,9.0,6600.0,46.0,31.0,37.0
696c39c44288187022347dcb177ac304,informatica_acessorios,50.0,1112.0,5.0,950.0,35.0,11.0,11.0
8f9371c0e8042d93813647b53c195ddb,alimentos,37.0,796.0,2.0,1068.0,26.0,16.0,27.0
f515fd230dbcf58eb6b51e4b4e0bd4e9,automotivo,59.0,208.0,3.0,400.0,30.0,10.0,16.0
1ff1090afbb3b1a09f61f5e49f0a6cce,relogios_presentes,40.0,602.0,1.0,293.0,18.0,11.0,16.0
8db7c6497625f4f17d770bd01912cbe8,bebes,38.0,199.0,1.0,150.0,20.0,13.0,20.0
54d9ac713e253fa1fae9c8003b011c2a,cool_stuff,57.0,787.0,8.0,1867.0,36.0,6.0,36.0
c8467740c17bad8744006eb0e041f142,pet_shop,51.0,1621.0,2.0,200.0,20.0,7.0,14.0
e0ad25bc5c1a836e8ce38526c92491a7,telefonia,59.0,818.0,6.0,350.0,17.0,4.0,12.0
39b86f4e3aedf22731990099a660a6f5,fashion_bolsas_e_acessorios,59.0,150.0,7.0,200.0,16.0,2.0,20.0
6de8bea41c968204fa93e4c2016d1bbb,eletronicos,38.0,1104.0,1.0,4000.0,36.0,7.0,27.0
8dc8cdb4e5a2d2f2af019bc5a255e907,beleza_saude,53.0,313.0,1.0,650.0,25.0,20.0,25.0
cac52d956eff0cacf32f4b0f0f3aac5c,utilidades_domesticas,52.0,557.0,1.0,450.0,25.0,25.0,25.0
d4d1de9db08cae166ea1a506ea87769b,informatica_acessorios,56.0,631.0,1.0,200.0,22.0,22.0,16.0
8445706ffa7ab0221698f5e1be2a9252,beleza_saude,59.0,2067.0,2.0,350.0,24.0,7.0,14.0
ae16b1d896c15ed60614a0d88c4abf03,pet_shop,33.0,1698.0,2.0,180.0,19.0,12.0,14.0
75d542264c32b90489e15cac4892e076,telefonia,53.0,597.0,1.0,275.0,18.0,4.0,12.0
c9e5a053551073d27ded320bd05971b4,pet_shop,53.0,287.0,1.0,450.0,16.0,16.0,16.0
5f439ff2783a474946e17badd77aea1c,beleza_saude,47.0,1163.0,1.0,1650.0,30.0,18.0,25.0
e5cac955339b48ea3b9773f034623e29,relogios_presentes,53.0,1271.0,1.0,282.0,17.0,11.0,14.0
693794dd88f66112dd42d743d2e1edb5,,,,,1400.0,30.0,40.0,30.0
cca3a8714ce46539155f98fe944189f9,moveis_decoracao,48.0,158.0,1.0,1550.0,40.0,20.0,30.0
37345ac393270dc6d661b95fbdc0af24,bebidas,56.0,666.0,1.0,1800.0,18.0,32.0,22.0
54d7ad85b648d3cb2b7069ed446d7f35,informatica_acessorios,42.0,503.0,1.0,1067.0,32.0,13.0,22.0
d1b1a0e78589ee89279d0be1e4a8b905,cama_mesa_banho,40.0,896.0,1.0,1500.0,45.0,3.0,37.0
87d780fa7d2cf3710aa02dc4ca8db985,cama_mesa_banho,57.0,189.0,1.0,1350.0,46.0,2.0,36.0
d76c049f36a5b4975aa3cf095a6fa499,informatica_acessorios,56.0,246.0,1.0,194.0,21.0,15.0,15.0
4678fb24818cab9ec956d9b610435d9f,perfumaria,60.0,225.0,2.0,100.0,18.0,4.0,11.0
f175de424f961785861228372285f0be,utilidades_domesticas,55.0,536.0,1.0,700.0,20.0,20.0,20.0
1b2066a33aee5851ee3e44b10b36b3c8,moveis_decoracao,40.0,402.0,1.0,1650.0,30.0,30.0,15.0
d2fd481184c11c7b14fd8e62f60b86b1,esporte_lazer,52.0,1031.0,5.0,430.0,20.0,8.0,16.0
9ede6b0570a75a4b9de4f383329f99ee,esporte_lazer,51.0,1193.0,1.0,1211.0,25.0,24.0,22.0
55aec8e90307dc2a7233549837c12299,utilidades_domesticas,38.0,444.0,1.0,11450.0,41.0,26.0,41.0
a54f350cdb1f303fe39221171d003852,moveis_decoracao,24.0,249.0,2.0,5850.0,25.0,25.0,25.0
247fa5b4e2f524a22b21ef256ffc23e4,informatica_acessorios,56.0,954.0,3.0,950.0,31.0,4.0,23.0
fda6e6a7a94613adeb9bc945a6dbcc10,construcao_ferramentas_construcao,46.0,259.0,4.0,4100.0,35.0,14.0,35.0
67371c87cd852c73a336fc6ca6c66537,instrumentos_musicais,54.0,377.0,4.0,500.0,35.0,5.0,30.0
10714d6a49c0af9ccdab2d806887c5f5,esporte_lazer,59.0,254.0,1.0,700.0,40.0,45.0,25.0
22c5ddc22ea8cae84fc9917def682dc6,perfumaria,24.0,435.0,3.0,350.0,25.0,15.0,15.0
88e55a509dd9848fe90373958567203a,brinquedos,48.0,101.0,5.0,200.0,18.0,4.0,12.0
7e857e35018e4a05b7d124d1628dc1f0,esporte_lazer,14.0,1346.0,1.0,329.0,20.0,16.0,18.0
5ad067c2cc9aa18ee03b9ccb5dbd8f8b,automotivo,60.0,198.0,3.0,200.0,22.0,11.0,16.0
f66b96cde4302b883004de82e17734b0,pet_shop,55.0,1287.0,3.0,1800.0,68.0,3.0,45.0
970630717e7cff3088d05b01d90e36be,brinquedos,56.0,1001.0,3.0,130.0,16.0,7.0,12.0
703655144396d09091d9280259c9e51b,telefonia,57.0,734.0,3.0,350.0,17.0,4.0,12.0
0c5b17c1b54fc1dc48752ddb8caab6fc,utilidades_domesticas,55.0,727.0,5.0,1000.0,16.0,8.0,14.0
f5f0b722d7662e8939727fb49e45d046,relogios_presentes,54.0,536.0,3.0,563.0,16.0,16.0,14.0
5b226d7c52f86ac72457617f78cff95d,cama_mesa_banho,50.0,381.0,1.0,875.0,25.0,18.0,40.0
97f1396a5a1f7c07ba51784efdec44b8,utilidades_domesticas,60.0,1632.0,8.0,1400.0,43.0,18.0,18.0
257b784332308b51af0d6c72ef30fda8,pet_shop,55.0,1337.0,2.0,6700.0,40.0,20.0,50.0
4a9bd3957391943f2cf8a75a915c4b8a,cool_stuff,58.0,1050.0,1.0,2800.0,40.0,30.0,20.0
e57eb018e37376580079825eb29a3419,relogios_presentes,43.0,878.0,1.0,300.0,16.0,14.0,11.0
b36e7193e7cc82714005b7aba1deb3c5,utilidades_domesticas,56.0,239.0,1.0,600.0,42.0,5.0,30.0
5dddb31154cbd968caa4706ef0f4e0f0,ferramentas_jardim,35.0,247.0,1.0,1100.0,19.0,50.0,20.0
4949bc7693f27596ca18cfe03c5a83b2,moveis_decoracao,52.0,535.0,4.0,7950.0,40.0,40.0,40.0
3ae28b124972bb81eddcb644cd284be9,brinquedos,47.0,404.0,1.0,1550.0,18.0,31.0,25.0
5aad359a63cbb4fc35ead44346a3eeb4,moveis_decoracao,24.0,457.0,4.0,100.0,80.0,10.0,60.0
eac57d7040ec6879d14da7d9eb35e954,moveis_decoracao,53.0,245.0,1.0,255.0,24.0,23.0,14.0
a54ab3c55cdb34ad7006d087ff4b6a9c,bebes,20.0,348.0,1.0,300.0,30.0,6.0,20.0
ce6f74096c84567f22728c84f3d6e7fc,cama_mesa_banho,60.0,352.0,2.0,1300.0,30.0,10.0,30.0
6f58431a7150fa91bac9f28f5454a8e8,informatica_acessorios,49.0,204.0,2.0,125.0,16.0,18.0,16.0
542a646898298499b45840efc15775e4,telefonia,58.0,1323.0,2.0,50.0,18.0,6.0,11.0
3877d1c5a012c0c315cb72f7588b7a56,esporte_lazer,43.0,853.0,1.0,250.0,16.0,8.0,12.0
0ee57e62251a7e435b7a3142c1f6aaf4,cool_stuff,54.0,302.0,3.0,200.0,27.0,8.0,22.0
dc9a06452ff10a147f0f14cd4b8f5580,beleza_saude,40.0,605.0,1.0,1450.0,26.0,18.0,11.0
4487261e208ce5d3a8d1a997ccd99dcf,cama_mesa_banho,29.0,552.0,4.0,2050.0,40.0,10.0,32.0
eb15361fe97df32845dd225073d56db3,bebes,32.0,298.0,1.0,500.0,33.0,8.0,31.0
7d19da97298dfc1d2e254146559095f3,esporte_lazer,52.0,281.0,1.0,8000.0,30.0,104.0,30.0
81b02d54ef048c9d96b59460939023bd,esporte_lazer,44.0,258.0,3.0,725.0,46.0,13.0,28.0
0b43cf5c79d088cfca305c4ac3ce50b0,telefonia,53.0,589.0,2.0,200.0,19.0,4.0,11.0
e68a5a5626c4b1bfc5ca78202f898300,cool_stuff,53.0,940.0,1.0,2100.0,42.0,25.0,15.0
c6ea63369936552872ae890c82175b4b,cama_mesa_banho,58.0,162.0,4.0,2900.0,35.0,12.0,30.0
488d60f672d1e67be88006cd4dbce218,cama_mesa_banho,58.0,2733.0,4.0,1550.0,41.0,15.0,51.0
d41dc2f2979f52d75d78714b378d4068,consoles_games,44.0,228.0,1.0,450.0,30.0,7.0,25.0
dab2413ead0edda9967edbc9bda2a64e,telefonia,57.0,680.0,2.0,250.0,17.0,7.0,13.0
b59fb744c6f3cd1dc23b10f760848d98,esporte_lazer,45.0,118.0,1.0,200.0,25.0,2.0,17.0
214b2d4bc9a6b09243f5e27b9fa96d4a,papelaria,59.0,414.0,2.0,10650.0,46.0,10.0,12.0
75d6b6963340c6063f7f4cfcccfe6a30,perfumaria,51.0,999.0,2.0,400.0,18.0,11.0,20.0
b840f8eeee0b143a479738d150115753,perfumaria,41.0,540.0,1.0,483.0,21.0,13.0,20.0
afdcebff326be8196c01b6ac2758fce1,automotivo,59.0,352.0,1.0,300.0,16.0,3.0,11.0
431084bfeb9352363649e36c9c4cc3ad,malas_acessorios,60.0,2424.0,7.0,19050.0,30.0,76.0,50.0
d7522f4bc0a993667ec6491b9e1b86e3,utilidades_domesticas,60.0,1370.0,4.0,1450.0,20.0,20.0,20.0
55afdf91178e38185fa461b5ca028a57,beleza_saude,49.0,1443.0,1.0,500.0,16.0,19.0,15.0
11dcc970f7a5581e1bf777b6da3f7096,utilidades_domesticas,42.0,659.0,2.0,1038.0,41.0,22.0,28.0
431d674f9a4fbd0957ecf6ba3fcb6899,telefonia,56.0,1892.0,4.0,450.0,17.0,3.0,11.0
7ca5f56188492e30c50ba64de188aae7,cama_mesa_banho,39.0,116.0,1.0,200.0,30.0,4.0,40.0
bce474cc95b6e77657e10939b0b4248c,relogios_presentes,51.0,638.0,1.0,310.0,16.0,10.0,12.0
d285360f29ac7fd97640bf0baef03de0,relogios_presentes,46.0,501.0,4.0,363.0,18.0,13.0,13.0
38956cecc0bc8d8837371d0aeeefeb59,cama_mesa_banho,43.0,113.0,1.0,350.0,40.0,4.0,30.0
1f30aacc69904c0d0bf8d05cb2abef72,cama_mesa_banho,58.0,293.0,1.0,1850.0,40.0,10.0,30.0
eb8c629f70275fd1c4f809116cce1efc,moveis_decoracao,51.0,831.0,1.0,1400.0,20.0,30.0,20.0
4e2e67ecbe3c5465a6c3c76db8acba86,alimentos,53.0,869.0,1.0,300.0,16.0,12.0,15.0
12715d8bb61f9c2c26219377d9737584,eletronicos,53.0,1996.0,3.0,373.0,21.0,11.0,17.0
880be32f4db1d9f6e2bec38fb6ac23ab,brinquedos,45.0,589.0,4.0,200.0,16.0,7.0,11.0
553e0e7590d3116a072507a3635d2877,cama_mesa_banho,38.0,735.0,5.0,800.0,20.0,20.0,20.0
6f5a84d79bc9f79ecd9095e91fc47a2d,esporte_lazer,59.0,261.0,3.0,1100.0,40.0,2.0,40.0
a2048b46525cb5cb30be4e5ff3f83c5a,perfumaria,50.0,694.0,1.0,397.0,21.0,15.0,17.0
372645c7439f9661fbbacfd129aa92ec,cama_mesa_banho,60.0,236.0,1.0,1500.0,34.0,7.0,32.0
31b8e7c2a22f3dba5183cc110bdd72f7,eletronicos,52.0,602.0,1.0,281.0,17.0,9.0,13.0
568e52d4c670b4d5130bae2dbf211c40,automotivo,53.0,524.0,1.0,1675.0,63.0,9.0,63.0
e5f4167c170ccd8777cbf51841b6f7f3,moveis_decoracao,58.0,1400.0,5.0,550.0,47.0,17.0,30.0
db8d62bf1bf1d2dd880c99b88ebff3fb,automotivo,60.0,705.0,2.0,350.0,17.0,21.0,11.0
bd6e6fce9ada76ea2db0f1912e8e478f,cama_mesa_banho,49.0,381.0,1.0,850.0,25.0,18.0,40.0
af51d485dc5255ba2e18b21b550156e6,malas_acessorios,57.0,674.0,1.0,22350.0,32.0,74.0,53.0
2772d1e494d431a05b7bcc95b02163b6,pet_shop,57.0,2093.0,4.0,1550.0,40.0,32.0,20.0
d425f8ccf937bdc4c55eb96ef872d812,fashion_bolsas_e_acessorios,39.0,206.0,5.0,200.0,22.0,8.0,15.0
52c80cedd4e90108bf4fa6a206ef6b03,ferramentas_jardim,33.0,2188.0,2.0,7650.0,20.0,20.0,20.0
329ee774172a8dec4ae65b229f2c73fa,esporte_lazer,57.0,3285.0,4.0,1225.0,30.0,17.0,17.0
5304ff3fa35856a156e1170a6022d34d,artes,27.0,59.0,2.0,100.0,20.0,20.0,11.0
de17feec1983829fec4bc58cadaa43f3,utilidades_domesticas,30.0,203.0,2.0,1100.0,32.0,14.0,32.0
a0f12db60a5019ce1a4c21fce1697574,papelaria,59.0,263.0,3.0,6150.0,60.0,20.0,29.0
cd494d8236315646d34e31b09c5f86a4,beleza_saude,56.0,658.0,3.0,200.0,23.0,7.0,15.0
b0d010ca0b17fe7e3587343f2c68be43,perfumaria,59.0,753.0,2.0,800.0,25.0,12.0,20.0
84dbf59971e2dd6aede4b0e0b1847a54,esporte_lazer,41.0,971.0,1.0,300.0,33.0,21.0,27.0
72af228db018a06518f1b2a8c070a2ac,livros_interesse_geral,35.0,1238.0,6.0,1633.0,17.0,17.0,18.0
d1133fab4bf2da55f3ebdd4de51d8587,relogios_presentes,60.0,732.0,2.0,600.0,25.0,6.0,24.0
7bb567b3d3e446fd872e217d27d8682d,informatica_acessorios,58.0,562.0,1.0,500.0,20.0,20.0,20.0
48acade3f4dd39bbab10bd14bcfc8735,beleza_saude,52.0,1649.0,1.0,250.0,22.0,5.0,15.0
aef29ba8f524551d01c5497f60832b2c,esporte_lazer,34.0,345.0,1.0,120.0,21.0,4.0,19.0
87db1d6af39ede804084ef2f8e6b9b46,brinquedos,51.0,761.0,6.0,900.0,43.0,18.0,23.0
a4aa7c1427c31344e5f7cc3d839fe562,pet_shop,52.0,625.0,8.0,2200.0,50.0,20.0,40.0
573ecac44bc00133b12d7d80ed8f3fa1,utilidades_domesticas,36.0,296.0,1.0,650.0,30.0,8.0,23.0
81ffa58b323a87cc1fe4a7cc9b6f5f98,relogios_presentes,58.0,666.0,2.0,400.0,16.0,11.0,11.0
5ed0b8a887db0f0bf05f56d8923b0e7b,moveis_cozinha_area_de_servico_jantar_e_jardim,54.0,792.0,1.0,855.0,37.0,13.0,31.0
e41a6ac2f57a273eb0d214c7cbab5db9,moveis_escritorio,56.0,1085.0,1.0,8975.0,35.0,52.0,36.0
6cdedcaa72a7ac7fd354bc71adb02ddf,utilidades_domesticas,47.0,231.0,5.0,5350.0,54.0,18.0,35.0
b0a8a49ada74c34192709d0c9490d915,pet_shop,44.0,1044.0,1.0,1200.0,40.0,4.0,40.0
fa4e84908e2dca7e8d5c267baa88cfbb,cool_stuff,34.0,440.0,7.0,1850.0,28.0,10.0,25.0
b192be433004cc1f10b467c0e9ea309b,informatica_acessorios,57.0,977.0,1.0,725.0,25.0,8.0,24.0
62f423e57a8c157d3877ee5867d7db88,informatica_acessorios,51.0,2385.0,1.0,50.0,30.0,30.0,25.0
aef98ce647739e381bae28e004c63235,utilidades_domesticas,52.0,904.0,4.0,200.0,22.0,7.0,15.0
96d80c8b6c6545a30eb5bdc4961455f3,eletronicos,55.0,486.0,3.0,213.0,16.0,7.0,12.0
48633254f8b7b802b1ca8c4f4dcf3e33,artes,53.0,638.0,10.0,200.0,25.0,5.0,33.0
937a43407f2cf75f612cef2795160860,utilidades_domesticas,50.0,401.0,1.0,16500.0,38.0,65.0,45.0
23ed7a10a36c6f88a757a9c83df9ea20,perfumaria,31.0,329.0,1.0,471.0,18.0,12.0,15.0
68fcd6e074680a12b9fa38a42bbfec1c,relogios_presentes,57.0,534.0,1.0,300.0,16.0,11.0,20.0
7c898e0b8ea203dd94ba846627fc34d1,moveis_escritorio,33.0,1207.0,1.0,12650.0,54.0,54.0,18.0
6f3b5b605d91b7439c5e3f5a8dffeea7,relogios_presentes,35.0,640.0,1.0,335.0,17.0,11.0,16.0
49f906609418f32ad932aa7a24396268,cama_mesa_banho,43.0,125.0,1.0,250.0,40.0,4.0,30.0
a8d44734cde6fbd2f5c32818da67b97a,utilidades_domesticas,53.0,476.0,3.0,250.0,17.0,6.0,12.0
a4244677524382339c909db6013a34b3,beleza_saude,39.0,408.0,1.0,350.0,16.0,7.0,12.0
b6ae00a2c239c532a6e622262e49bb55,musica,35.0,386.0,2.0,300.0,25.0,11.0,16.0
259bd66612b61aa4e82ce3cde9272bbc,utilidades_domesticas,57.0,970.0,5.0,250.0,16.0,4.0,11.0
ebe145f96a8e34a7b947389a2d87192c,dvds_blu_ray,63.0,889.0,6.0,200.0,16.0,4.0,11.0
1e2e095149b3e9ca487d9c2d8c20378b,relogios_presentes,30.0,506.0,1.0,600.0,17.0,13.0,14.0
349ce46a0e2e20054aa9d80c48af8816,construcao_ferramentas_iluminacao,41.0,971.0,1.0,1300.0,16.0,19.0,16.0
82b73150f90f4fef92913e35b9984bb7,utilidades_domesticas,40.0,545.0,3.0,2200.0,48.0,25.0,25.0
629e019a6f298a83aeecc7877964f935,automotivo,57.0,1166.0,5.0,1750.0,30.0,30.0,30.0
4b04a764c875af7101955fbcd3989b7e,bebes,44.0,657.0,10.0,8150.0,39.0,20.0,46.0
4372c58b785f6a6e66899e62099b6ef2,pet_shop,55.0,922.0,3.0,900.0,20.0,20.0,20.0
82f142f09dd26762af87b2a889f6ed58,,,,,340.0,23.0,8.0,15.0
a44d4702562f2bdae04d6f3d144fde5c,eletronicos,43.0,582.0,5.0,18400.0,60.0,13.0,60.0
223d34a3d9334039f5ff9511dc044bbb,telefonia,50.0,1246.0,1.0,900.0,23.0,7.0,16.0
fff6177642830a9a94a0f2cba5e476d1,cool_stuff,54.0,842.0,1.0,1400.0,42.0,25.0,15.0
1b5978db99f7114b364fa0a0123eda05,relogios_presentes,49.0,613.0,3.0,4100.0,19.0,10.0,15.0
dca8cbb1c9d8a2db0fbc0c36b8d1a7bc,audio,42.0,671.0,5.0,200.0,16.0,2.0,11.0
6dee07beaa37c13fad2bc4389983f31d,cama_mesa_banho,51.0,280.0,1.0,1200.0,45.0,20.0,38.0
b8762d562d810c2f8d7ad7e9c12957be,utilidades_domesticas,38.0,130.0,1.0,350.0,20.0,45.0,20.0
04df667e73ca2fab4b9a97c86466b699,relogios_presentes,34.0,541.0,1.0,404.0,22.0,14.0,17.0
60a3aec19dc1a866e9cf6a6b4430916d,cama_mesa_banho,58.0,208.0,1.0,1450.0,45.0,15.0,35.0
616042729c11849827291496b18e9ec5,esporte_lazer,45.0,891.0,1.0,300.0,16.0,16.0,16.0
563c0dd33258d3c44d1b9967cc148341,instrumentos_musicais,33.0,409.0,4.0,500.0,16.0,8.0,12.0
0b0918a3b5efe0c8ea609a26b14e1bff,telefonia,60.0,752.0,6.0,300.0,17.0,4.0,12.0
b60856ce32d90658dbf99b9485327c25,eletronicos,40.0,429.0,1.0,150.0,25.0,7.0,16.0
2a203c7d3cf8a035ba90363e9a9f0810,brinquedos,60.0,434.0,2.0,150.0,30.0,21.0,23.0
490b7f74cbef35be4b6b69bb5f177386,esporte_lazer,43.0,1158.0,1.0,150.0,16.0,17.0,22.0
89321f94e35fc6d7903d36f74e351d40,alimentos,59.0,982.0,1.0,150.0,17.0,13.0,13.0
7185389e32acf9c5c5f61e6a23c0ab3a,cama_mesa_banho,49.0,1077.0,1.0,4500.0,26.0,26.0,36.0
900a1000340c354f62ee5f07f3a080ac,ferramentas_jardim,51.0,860.0,2.0,1300.0,30.0,30.0,30.0
d2fdf77a5b302a3adfb145131a217f2e,cama_mesa_banho,48.0,486.0,3.0,1000.0,45.0,15.0,35.0
b514de4b3d95c155ea6535df020af4b5,moveis_decoracao,37.0,471.0,1.0,700.0,20.0,20.0,20.0
25f86162fee18735fffdb762dcb10d7c,cama_mesa_banho,58.0,2400.0,2.0,10800.0,54.0,27.0,36.0
ad2037645597db38527fe3afbe226af2,bebidas,48.0,886.0,2.0,850.0,22.0,17.0,17.0
47a517d507c8d62a3bbc91d747b5b7af,beleza_saude,42.0,913.0,1.0,1082.0,19.0,16.0,17.0
5b99889bdbfc34220f194bf33f4e94bc,pet_shop,26.0,574.0,2.0,250.0,16.0,4.0,11.0
943c812216923e4244e83099e0c62a08,beleza_saude,59.0,1912.0,4.0,1000.0,16.0,27.0,25.0
9bc0b0cf5d074be7d532d216a92ec874,moveis_cozinha_area_de_servico_jantar_e_jardim,60.0,660.0,3.0,30000.0,46.0,90.0,46.0
89b121bee266dcd25688a1ba72eefb61,informatica_acessorios,54.0,1169.0,1.0,150.0,16.0,16.0,16.0
6e77b89d36e50217e6793780a8ce5c82,telefonia,60.0,777.0,6.0,300.0,17.0,4.0,12.0
3da76d120922f2c5c94b3ec02db563c9,utilidades_domesticas,56.0,498.0,5.0,4100.0,31.0,31.0,29.0
308e4e21ae228a10f6370a243ae59995,moveis_escritorio,41.0,1083.0,1.0,8250.0,53.0,74.0,18.0
f74fae536818c7dea74d1e3d629fbbc7,esporte_lazer,59.0,1694.0,1.0,3000.0,85.0,15.0,23.0
553db989ee7f8afb98f8fb680d30050c,relogios_presentes,50.0,464.0,2.0,350.0,16.0,11.0,11.0
24dd446745b812ef3347d7ae00f5541f,eletroportateis,52.0,1076.0,1.0,1750.0,20.0,16.0,20.0
4a25d757ff72fad7534f478c90be77e6,telefonia,59.0,751.0,6.0,275.0,18.0,4.0,12.0
3f14d740544f37ece8a9e7bc8349797e,informatica_acessorios,44.0,655.0,1.0,321.0,19.0,14.0,13.0
c50ca07e9e4db9ea5011f06802c0aea0,beleza_saude,59.0,1782.0,1.0,125.0,25.0,14.0,18.0
ac9fba4745c7352cc4038631be412f70,relogios_presentes,59.0,358.0,1.0,425.0,24.0,5.0,22.0
fd1446e03cb63518fdc2d2e91f6208b2,papelaria,53.0,175.0,5.0,250.0,24.0,7.0,14.0
93ad397044e27dfead96813e2f895acd,relogios_presentes,48.0,445.0,3.0,400.0,16.0,10.0,17.0
6463e442310f2f4f321c83a32d8c662b,beleza_saude,42.0,920.0,1.0,350.0,19.0,10.0,15.0
67217c43d81dea5a93bea48c23f4e156,construcao_ferramentas_seguranca,58.0,1361.0,5.0,300.0,16.0,10.0,11.0
eebbed5ed3b134eceb717496c47652ba,cama_mesa_banho,56.0,111.0,1.0,1750.0,30.0,20.0,25.0
ad4b5def91ac7c575dbdf65b5be311f4,informatica_acessorios,55.0,665.0,1.0,250.0,39.0,9.0,11.0
394b16cd32e9f883365dd7ebac4edbe0,eletronicos,53.0,377.0,1.0,150.0,25.0,7.0,16.0
ed5122a6a757a4fea8f32a6fb95a5135,cama_mesa_banho,25.0,250.0,1.0,1938.0,48.0,11.0,41.0
62177bb58dda374cc02e6cd2616996a1,industria_comercio_e_negocios,58.0,2083.0,3.0,850.0,60.0,30.0,30.0
f20d17c5697e45b09853253384f0c583,utilidades_domesticas,60.0,291.0,3.0,700.0,25.0,5.0,19.0
e2bb00220a167d9e60b6776ac33717bc,relogios_presentes,60.0,504.0,1.0,300.0,16.0,2.0,20.0
303719bf7adc0897358c3dcc3c7a6190,brinquedos,56.0,263.0,4.0,2100.0,47.0,37.0,15.0
a7c46993a48edc4cf7e785417f1dcb48,esporte_lazer,29.0,896.0,1.0,1100.0,26.0,26.0,26.0
33a556a744bc9ea4e216c3990d352d03,telefonia,59.0,818.0,6.0,350.0,17.0,4.0,12.0
58727e154e8e85d84052cd22b0136c84,esporte_lazer,39.0,190.0,1.0,1175.0,31.0,22.0,19.0
cc971e0365873137b8bef2ebad633e6f,cool_stuff,54.0,1001.0,1.0,2400.0,42.0,25.0,15.0
3b42242085259cb66b6e577ae5173c76,cama_mesa_banho,33.0,1061.0,1.0,1600.0,26.0,21.0,23.0
0ef32bf6866d39b5b0ae604798ecdae4,pet_shop,43.0,349.0,1.0,100.0,27.0,9.0,26.0
2aa78e35ddc1d5d30a51a3cb89e4149a,informatica_acessorios,45.0,399.0,1.0,300.0,18.0,9.0,13.0
9fa1e97015f5c5e76add50079bb0ab44,perfumaria,37.0,337.0,1.0,400.0,20.0,20.0,20.0
7612afaa8218e79b3011243ed9edea9c,esporte_lazer,53.0,1135.0,5.0,3450.0,40.0,100.0,20.0
65c61dcb0156cdde1a197f99b91488e2,informatica_acessorios,58.0,274.0,4.0,500.0,30.0,8.0,30.0
e940125d0a3c309f58f41cd21e39af06,eletronicos,55.0,287.0,3.0,10550.0,30.0,105.0,20.0
8ae935cab2de3f74f4960de6ee604f90,utilidades_domesticas,44.0,396.0,1.0,350.0,25.0,15.0,25.0
7825a7c4f9edb6b219eb94c29e86e7b9,papelaria,59.0,504.0,6.0,800.0,22.0,7.0,15.0
c1116dd3986bccfc56e1573680b2af20,relogios_presentes,47.0,1199.0,2.0,200.0,17.0,12.0,14.0
a760ef0bb70c954d79e62ec6023d380c,cool_stuff,32.0,1115.0,1.0,1333.0,24.0,23.0,25.0
6daadc7e6029cf01762f941e488caa1b,brinquedos,44.0,1384.0,5.0,6794.0,38.0,24.0,50.0
a9fa0428bc677ac4d0a948fe2982ad1d,esporte_lazer,49.0,409.0,1.0,200.0,24.0,5.0,21.0
d322eb25f02924adba73e58dbc36b29c,relogios_presentes,34.0,494.0,1.0,300.0,18.0,9.0,14.0
08834f7365a6bc07d7049b7f4e95f8e8,utilidades_domesticas,56.0,262.0,4.0,2425.0,26.0,26.0,21.0
6413f7a28e149a324c4a914000399fb2,cool_stuff,53.0,629.0,1.0,975.0,37.0,31.0,17.0
ed5666106b8fb47b57c4b2c5f67a755b,informatica_acessorios,36.0,957.0,3.0,200.0,16.0,9.0,12.0
90aaf7f993470e411207adabf5b998b6,informatica_acessorios,34.0,1727.0,1.0,50.0,30.0,30.0,20.0
8215db96a612d69839c27866feabf350,beleza_saude,59.0,555.0,1.0,1075.0,17.0,13.0,15.0
36e11e6e23d31fb19391c75b1ed80a9a,utilidades_domesticas,49.0,79.0,2.0,7700.0,54.0,32.0,45.0
c8d415e06ebd7a37c7a5b4a18641ca11,beleza_saude,53.0,1267.0,1.0,383.0,17.0,13.0,15.0
6f657bbc44514ab511c65b891301208d,utilidades_domesticas,58.0,1782.0,1.0,1250.0,22.0,36.0,22.0
4bc3ab2ff016887e619e587a993af3bf,relogios_presentes,44.0,516.0,1.0,500.0,20.0,11.0,15.0
3d74d787086b0e22ac320ae43b240aea,cool_stuff,57.0,1003.0,3.0,200.0,30.0,20.0,40.0
657247f6f60543b93e3cc708a8e6329c,malas_acessorios,53.0,526.0,2.0,18050.0,75.0,20.0,50.0
62644f19deb898e43ebdcd29ff3d9361,cool_stuff,60.0,594.0,1.0,900.0,28.0,20.0,20.0
9a7c0784b8058269d176b3089c946ed0,cama_mesa_banho,54.0,629.0,2.0,900.0,16.0,10.0,16.0
ead72457c58dcea14f94c2223c684716,esporte_lazer,51.0,2050.0,1.0,50.0,20.0,16.0,12.0
1dec4c88c685d5a07bf01dcb0f8bf9f8,automotivo,44.0,982.0,3.0,17600.0,49.0,49.0,23.0
bffdb7d6bdb994823039ac983d6d30ec,pet_shop,31.0,621.0,1.0,144.0,18.0,12.0,16.0
2078312a2dcf1fcd8a38eabcf5dd033a,moveis_decoracao,54.0,1045.0,3.0,400.0,50.0,3.0,25.0
e1bf73a530f7e6ea9df12e1238ab7600,bebes,40.0,303.0,3.0,400.0,29.0,7.0,16.0
3dd6c9d499e7c311a29e08afe1fd8fc6,cool_stuff,60.0,396.0,4.0,250.0,19.0,12.0,12.0
ac8e7cf3a658f63dc68dd7f3b8b5f97b,esporte_lazer,54.0,3481.0,1.0,3100.0,30.0,24.0,24.0
b857b608c3be71c9902466b752bed1da,brinquedos,40.0,299.0,1.0,250.0,19.0,14.0,14.0
0c71252f37443403376d2008034a7240,pet_shop,41.0,947.0,1.0,156.0,18.0,10.0,14.0
ae7d8348fbef50928a680454fffbca00,esporte_lazer,30.0,682.0,2.0,304.0,27.0,17.0,27.0
e2b9252181ddde232e0bfb68df262610,beleza_saude,61.0,1337.0,1.0,1600.0,27.0,10.0,19.0
992197904e1d4f0bf3994652373188e4,alimentos_bebidas,29.0,3758.0,1.0,1100.0,24.0,21.0,16.0
16679d68bdbed3fb97af806424d7f2b7,beleza_saude,60.0,2936.0,1.0,83.0,19.0,15.0,18.0
908c23dd2b637d8ff1a4e593a5b249ee,informatica_acessorios,32.0,711.0,1.0,150.0,16.0,14.0,12.0
80872f7f128200f12c5af9494b1d37a0,,,,,1100.0,23.0,16.0,13.0
6a31191d5ac5852b0478f6e245ac5b02,utilidades_domesticas,51.0,948.0,2.0,1250.0,28.0,21.0,29.0
49bfa76ac7062b8b5a0bf9601623d612,eletroportateis,40.0,491.0,1.0,450.0,27.0,11.0,15.0
e7be446dd7fa8f165244b63de1b85802,alimentos_bebidas,23.0,279.0,1.0,1150.0,18.0,18.0,18.0
bace90a7338e9d31371ad47811cf4c7d,cama_mesa_banho,51.0,2253.0,2.0,6450.0,60.0,14.0,38.0
5daa4a09c9afb3b30d6df995fab5c2dc,perfumaria,44.0,498.0,1.0,1150.0,16.0,20.0,16.0
1b8ee158f59c098470fad33f39660964,moveis_sala,32.0,327.0,2.0,6200.0,55.0,14.0,47.0
d017a2151d543a9885604dc62a3d9dcc,fashion_bolsas_e_acessorios,59.0,93.0,7.0,250.0,16.0,2.0,11.0
b2d52af3c5981a8d5d064fdb77cc6bc1,perfumaria,55.0,568.0,2.0,240.0,21.0,15.0,22.0
8995980bf35c9c32cc8c7cadc025ad64,eletronicos,50.0,640.0,2.0,330.0,22.0,4.0,12.0
61a4100ccd6d9c4c808a1fd954ddb8ad,eletroportateis,60.0,3839.0,4.0,1450.0,24.0,24.0,24.0
6a7410f88fe57e3fd4e353cfc04e7b31,brinquedos,47.0,389.0,2.0,1350.0,35.0,26.0,25.0
437c05a395e9e47f9762e677a7068ce7,beleza_saude,40.0,409.0,1.0,1110.0,19.0,11.0,18.0
8f61327bbc1b9096bd97323ab64fc6bd,cama_mesa_banho,35.0,235.0,1.0,10050.0,50.0,30.0,40.0
b7ff94c9416e098a62e75a26f3a53268,beleza_saude,53.0,1613.0,1.0,263.0,18.0,14.0,16.0
baf25ed4f8f70238cc87230379471454,beleza_saude,37.0,475.0,1.0,100.0,25.0,11.0,11.0
c211ff3068fcd2f8898192976d8b3a32,cama_mesa_banho,58.0,58.0,1.0,200.0,20.0,2.0,15.0
ac7e981115ad47f0e051f1b8b97e73b1,utilidades_domesticas,42.0,241.0,2.0,500.0,30.0,30.0,30.0
8ba0118a487ec8671aed57e5ef846574,papelaria,45.0,283.0,3.0,4100.0,40.0,37.0,29.0
817e1c2d22418c36386406ccacfa53e8,moveis_decoracao,37.0,267.0,1.0,2750.0,50.0,50.0,16.0
c2e3277619aa6604c0d6e288ef059ede,consoles_games,63.0,532.0,5.0,100.0,16.0,4.0,11.0
9c3ea852d17b33b64cca327b892d8972,beleza_saude,46.0,1225.0,1.0,725.0,23.0,15.0,13.0
ee3d532c8a438679776d222e997606b3,informatica_acessorios,43.0,452.0,1.0,360.0,19.0,18.0,15.0
43ff57afb3419cc422d1daccbbb877b7,instrumentos_musicais,60.0,1203.0,2.0,17550.0,45.0,20.0,100.0
18721a85f6f265d6137dfc0f88cc0534,cama_mesa_banho,41.0,162.0,1.0,900.0,33.0,9.0,38.0
6a23c2eb9acc78f8ec403be9c6210dd4,moveis_escritorio,54.0,1094.0,1.0,7513.0,53.0,62.0,26.0
d0a672bae47ae7c26b8e1e2ec152edcf,utilidades_domesticas,42.0,225.0,1.0,6513.0,64.0,37.0,38.0
7808e6dbab3a59c8a918adc4d6e12776,esporte_lazer,28.0,1319.0,1.0,500.0,34.0,16.0,16.0
271f1932e906a6f5e59ffbf12cf04e93,cama_mesa_banho,51.0,1076.0,3.0,9800.0,65.0,20.0,45.0
ad88641611c35ebd59ecda07a9f17099,,,,,450.0,16.0,7.0,11.0
73de36575bce72868bbbc2ec727aaf43,esporte_lazer,40.0,236.0,1.0,1200.0,18.0,18.0,15.0
2cf9ec82c2ca858baedfb2c2e5c06b6f,utilidades_domesticas,60.0,236.0,1.0,100.0,21.0,9.0,13.0
a884ac1fcc9d95f1d0d3a731610a9a4c,perfumaria,49.0,1606.0,1.0,400.0,18.0,5.0,11.0
8904945d082f72652bf4a89f155c83bb,relogios_presentes,47.0,766.0,2.0,250.0,16.0,11.0,11.0
707ad2b2f447c0b9d0a7da2f8e7621b3,beleza_saude,36.0,836.0,1.0,450.0,16.0,30.0,11.0
ff5d87897ed26d564711df324b98ebee,relogios_presentes,49.0,443.0,2.0,350.0,19.0,13.0,19.0
b95ce147ff20af1909bd69a2901e39b2,beleza_saude,60.0,1628.0,1.0,1250.0,19.0,17.0,17.0
68bf2e76db1d8e846042e54da87399ca,cama_mesa_banho,55.0,743.0,2.0,6850.0,59.0,22.0,37.0
29bedbfbe73ea473396306b4f0c010ec,utilidades_domesticas,47.0,187.0,1.0,7600.0,55.0,33.0,40.0
fc5dd987f12a7b823a76a44aa1ba88f6,,,,,250.0,21.0,3.0,16.0
7de84fd574b291fd6dc71f84c8c5120c,papelaria,59.0,345.0,9.0,5700.0,60.0,20.0,29.0
3a7d90845985f39048815a6939c56be4,bebidas,50.0,3065.0,9.0,273.0,21.0,16.0,15.0
8e5df2342ebb6cbf946991fd829a2c37,utilidades_domesticas,36.0,241.0,3.0,282.0,22.0,13.0,15.0
4535b0e1091c278dfd193e5a1d63b39f,livros_tecnicos,52.0,1192.0,1.0,850.0,29.0,3.0,21.0
4ce9ab528124f89e091b17d11aa2e97c,informatica_acessorios,54.0,222.0,3.0,500.0,36.0,5.0,15.0
b44076f8988fe82b676a754e798ab0f9,papelaria,50.0,189.0,2.0,1500.0,60.0,20.0,29.0
466d263ce8b7bd275003ee2104428127,telefonia,59.0,266.0,2.0,150.0,18.0,4.0,16.0
1f08ab38da3a77a8e0bd17e63df35827,cool_stuff,57.0,342.0,4.0,350.0,20.0,5.0,20.0
1bfe62f326ac7bec0f5a83c10cfff228,brinquedos,47.0,74.0,2.0,5700.0,39.0,30.0,29.0
f8763c8e0ef828c6d393b091888f9eb8,cama_mesa_banho,55.0,133.0,2.0,20325.0,63.0,40.0,55.0
8e8be416148735cd89189a866eaa5925,automotivo,58.0,719.0,6.0,3550.0,53.0,43.0,11.0
8317b177579dd27ff068b83205e2169b,cool_stuff,43.0,465.0,1.0,400.0,18.0,12.0,14.0
cac9e5692471a0700418aa3400b9b2b1,bebes,57.0,2440.0,1.0,375.0,29.0,14.0,20.0
b694e2087c446e6905b08cd9360cfe45,cama_mesa_banho,49.0,512.0,1.0,5925.0,51.0,16.0,36.0
9749139e09929de55d37e68e64b89706,beleza_saude,53.0,994.0,1.0,650.0,16.0,7.0,13.0
9a9f428eef4cf4c588633509b9fd1c5a,automotivo,49.0,640.0,1.0,1050.0,14.0,3.0,9.0
432357855585cf634fc9923523ce5e4a,alimentos,54.0,1887.0,5.0,1150.0,16.0,14.0,16.0
3f26ccc2d547ea9b11e5ef9673fb40dc,telefonia,50.0,548.0,2.0,125.0,18.0,4.0,14.0
84f5c4f480ad6c9998d6a6860f1a2e41,alimentos_bebidas,56.0,963.0,1.0,1100.0,16.0,15.0,15.0
703d742887bb9267f89b675608ba7aa0,cama_mesa_banho,35.0,509.0,2.0,950.0,35.0,6.0,45.0
202a77df8644deb5f8006aea1e013d5d,automotivo,60.0,719.0,6.0,6650.0,53.0,43.0,11.0
5526b1ae9ab2688cf600783cece249df,informatica_acessorios,49.0,385.0,1.0,200.0,16.0,16.0,16.0
e9c1abcc7126360336d8f56d49041a8c,beleza_saude,42.0,3902.0,7.0,500.0,22.0,6.0,16.0
98a4301b1aacd45984603af55b7a1de4,cama_mesa_banho,54.0,564.0,1.0,700.0,16.0,10.0,16.0
9a78fb9862b10749a117f7fc3c31f051,moveis_escritorio,45.0,527.0,1.0,9750.0,42.0,41.0,42.0
4c94c6d6b751fcf32a8c43533d613b07,esporte_lazer,63.0,209.0,4.0,1200.0,26.0,26.0,26.0
44989697efa3ceece037c5633ea143d9,automotivo,47.0,1334.0,2.0,11450.0,61.0,25.0,45.0
af827351cc8287dd464466e8793046b0,beleza_saude,50.0,2278.0,1.0,1230.0,18.0,18.0,16.0
f788dd44fc883f0664693a6dea50437f,brinquedos,42.0,53.0,3.0,600.0,40.0,10.0,25.0
4633dfeb3a2588bdb52af32d504b44eb,telefonia_fixa,46.0,218.0,4.0,150.0,16.0,4.0,11.0
4636c8e02578902bfff42ab00f84fbd6,eletroportateis,57.0,435.0,5.0,5900.0,94.0,7.0,45.0
9cde4f61e193a94c1759e5260804008c,beleza_saude,60.0,516.0,1.0,413.0,17.0,12.0,14.0
76521b4860cdf82824bb5fa481a8262d,perfumaria,45.0,953.0,2.0,117.0,16.0,12.0,13.0
1e6742b4c9ab3675bfe578670f264ce2,utilidades_domesticas,43.0,595.0,1.0,950.0,30.0,30.0,30.0
020a80cb704bf65f38761fcedf2af192,automotivo,35.0,1512.0,3.0,800.0,26.0,9.0,24.0
51b67230668746c1fe164ca744db9624,cool_stuff,53.0,270.0,1.0,1000.0,33.0,44.0,19.0
fa23bf270fb9880690b07d09b9f9ff20,esporte_lazer,60.0,475.0,4.0,800.0,50.0,15.0,25.0
cf8316c961640d38321241895b7811c2,cama_mesa_banho,56.0,189.0,1.0,1800.0,46.0,3.0,34.0
9ecb6a6e5d07b5d879c67bdc20977bd8,bebes,58.0,868.0,2.0,500.0,30.0,5.0,30.0
f78c2e2b9562f4eb436a275b2a230531,beleza_saude,35.0,1619.0,1.0,1167.0,19.0,16.0,16.0
0a4f9f421af66d2ea061fbb8883419f7,beleza_saude,60.0,919.0,1.0,200.0,22.0,3.0,15.0
7fa9cd17cea7ecbac9778cc86b7f9033,utilidades_domesticas,43.0,343.0,2.0,300.0,20.0,25.0,20.0
3dd2a17168ec895c781a9191c1e95ad7,informatica_acessorios,48.0,894.0,1.0,533.0,22.0,11.0,20.0
f39288f58793ce5e6985b3f7832af88c,fashion_calcados,40.0,303.0,12.0,300.0,29.0,7.0,16.0
e3af4b7c220aca1535b34416de24dfb7,brinquedos,32.0,254.0,1.0,250.0,16.0,10.0,11.0
23384f296aa1bf6461d22912093a9847,cama_mesa_banho,63.0,434.0,8.0,100.0,16.0,10.0,16.0
10070e29929f7c7d609ee3201f236b8e,casa_construcao,44.0,421.0,5.0,1250.0,23.0,30.0,15.0
1d23d07e957a7e3a0a951b8df7361990,papelaria,56.0,242.0,4.0,150.0,16.0,6.0,11.0
22cae88a3d0dfb90553827c761728e55,beleza_saude,42.0,3518.0,1.0,250.0,19.0,18.0,18.0
b83738ac1903f7c8f0ed378cb085909c,eletronicos,56.0,1184.0,3.0,5700.0,20.0,15.0,13.0
f1c7f353075ce59d8a6f3cf58f419c9c,cama_mesa_banho,56.0,162.0,5.0,9750.0,35.0,12.0,30.0
1d1183a8de24782a216dc5066d7421bf,moveis_decoracao,63.0,285.0,3.0,3100.0,20.0,20.0,20.0
a8a24b2139731e4be5246104224f0633,informatica_acessorios,58.0,571.0,1.0,1083.0,35.0,22.0,14.0
91c82ace62e0ca1b69b1a45bcc214b45,relogios_presentes,60.0,992.0,1.0,308.0,16.0,11.0,12.0
7c6fbb3a5346dfd607386155c6f628f8,beleza_saude,60.0,919.0,1.0,150.0,22.0,3.0,15.0
9fe0fae81aacd72bbec601b9ceb9c25e,esporte_lazer,51.0,925.0,1.0,213.0,19.0,20.0,19.0
77fa3381855b6763c52ca3b72824f508,fashion_bolsas_e_acessorios,60.0,177.0,6.0,250.0,16.0,2.0,20.0
f1400c967582a8158aec676d0116b884,informatica_acessorios,34.0,274.0,1.0,1000.0,34.0,15.0,15.0
8d4ff8de5e399964646ef5f4ee698076,pet_shop,63.0,971.0,1.0,100.0,20.0,20.0,20.0
a46875fb5b8d19ac3cff18deb9bae57e,informatica_acessorios,40.0,478.0,1.0,820.0,26.0,13.0,23.0
e59dd207c69d86e890febadc796d1078,cool_stuff,54.0,850.0,1.0,125.0,16.0,12.0,12.0
a62e25e09e05e6faf31d90c6ec1aa3d1,relogios_presentes,58.0,3006.0,2.0,1000.0,53.0,8.0,18.0
74e5e7c0ad09d8fec4d30c75a70a7799,automotivo,55.0,1443.0,6.0,1650.0,30.0,30.0,30.0
7cc67695a7648efc5e7a755603402b49,relogios_presentes,58.0,442.0,3.0,500.0,16.0,17.0,13.0
8c292ca193d326152e335d77176746f0,beleza_saude,60.0,2894.0,1.0,200.0,17.0,11.0,15.0
ddceb6eef6af67e9fbbd4c148dbe5fd9,cool_stuff,52.0,516.0,1.0,4650.0,37.0,20.0,34.0
e8978d476d166c952ffba0ba4b94097e,cama_mesa_banho,56.0,123.0,2.0,500.0,70.0,8.0,60.0
5a848e4ab52fd5445cdc07aab1c40e48,,,,,400.0,20.0,12.0,15.0
24e8c79f39c68fbdbd57a5813ae72b94,relogios_presentes,22.0,852.0,1.0,225.0,19.0,12.0,15.0
8232a265a535c1f886b38335667be2a5,bebes,59.0,1133.0,10.0,800.0,30.0,20.0,40.0
e4d325bd1eea550509bdbbc5c3301fc1,perfumaria,59.0,874.0,1.0,525.0,16.0,16.0,18.0
a50acd33ba7a8da8e9db65094fa990a4,automotivo,53.0,555.0,1.0,4105.0,67.0,10.0,67.0
64cc3c7698b70c71f7f1ce671c112ad0,beleza_saude,45.0,700.0,2.0,150.0,20.0,20.0,20.0
1cc61b32763a4d816212b3507b6b6c59,livros_interesse_geral,55.0,556.0,1.0,1050.0,27.0,30.0,16.0
635b74f3dd5462e3c133b42cd9299fa2,market_place,47.0,121.0,2.0,200.0,16.0,20.0,16.0
b4af6057abfd298e3bddc365a8fe14ed,automotivo,60.0,1028.0,4.0,1500.0,40.0,6.0,28.0
8d15106f1709b2a5340c0141ec76144e,cama_mesa_banho,50.0,218.0,1.0,2700.0,40.0,15.0,40.0
24c66f106f642621e524291a895c9032,beleza_saude,37.0,325.0,1.0,792.0,19.0,14.0,16.0
abd7f7a1bd327a8f1f363abfc0f87391,fashion_bolsas_e_acessorios,38.0,367.0,1.0,100.0,17.0,3.0,12.0
c4a235a34fa3361e6746f11175504a94,beleza_saude,13.0,1778.0,1.0,200.0,23.0,9.0,14.0
f39a8b27ce90ac582103bf36f09690dd,consoles_games,59.0,1914.0,5.0,300.0,16.0,16.0,16.0
99444c1e11fc38755dae86f5c67d3d1a,cama_mesa_banho,40.0,162.0,1.0,900.0,33.0,9.0,38.0
dee98cc0394b12aefccbad334b415c10,relogios_presentes,44.0,1112.0,3.0,300.0,22.0,7.0,14.0
f3d2cb3d6e117a40abaf754e4d2fcf8a,cama_mesa_banho,47.0,125.0,1.0,1600.0,34.0,12.0,21.0
6f33a4a09ae1180a0ee1ff4682b2d21f,brinquedos,49.0,426.0,7.0,700.0,44.0,12.0,22.0
d6160fb7873f184099d9bc95e30376af,pcs,55.0,3632.0,4.0,2600.0,16.0,31.0,39.0
0bbf093ffaa05565b79b64ee97f917cb,moveis_escritorio,42.0,1362.0,1.0,11575.0,57.0,55.0,22.0
9b9d1c4bd979b93c138044e032f99780,cool_stuff,56.0,1024.0,1.0,900.0,44.0,24.0,31.0
b9471cbef91a12be725aa96bea7d4763,eletronicos,60.0,1565.0,5.0,14250.0,38.0,64.0,49.0
48a59a89c4c68ff3e20a8b7586f33337,beleza_saude,56.0,2197.0,3.0,650.0,30.0,20.0,20.0
f71f42e2381752836563b70beb542f80,informatica_acessorios,34.0,1078.0,2.0,250.0,41.0,2.0,29.0
42155695adbe665066ad812855fe523a,eletronicos,60.0,517.0,4.0,200.0,16.0,6.0,14.0
ca84f66aece31f9e2298a1b53d9f39ee,beleza_saude,59.0,526.0,4.0,200.0,19.0,11.0,23.0
f89d2b130b571d24532514dca6fee2a8,eletronicos,41.0,383.0,1.0,150.0,25.0,7.0,16.0
d4f5afce58ebf89ef1186236c54d2594,eletronicos,41.0,251.0,1.0,100.0,22.0,9.0,18.0
7d7e7f5c80b1d85e3d7054c3dfeee632,relogios_presentes,49.0,562.0,2.0,300.0,16.0,11.0,11.0
6adab229374835b551f6402e0dc53267,pet_shop,56.0,499.0,4.0,1250.0,35.0,7.0,48.0
4ebab6a2135a2477b657bda38646b64b,brinquedos,38.0,853.0,3.0,442.0,20.0,16.0,14.0
5c0b5ea8a3b6a1ac9d0e5c58e97ba24c,esporte_lazer,42.0,141.0,1.0,250.0,20.0,20.0,20.0
cce794ab6b84d0345332bb1910f9eb20,casa_construcao,60.0,843.0,1.0,275.0,20.0,11.0,19.0
389d119b48cf3043d311335e499d9c6b,ferramentas_jardim,59.0,341.0,2.0,1750.0,37.0,22.0,40.0
0afe6af6700e5ff3b7b6f08a0b12ce71,beleza_saude,60.0,919.0,1.0,200.0,22.0,3.0,15.0
8a12c0e223d9dbd49ccfcd2ad25d1b30,construcao_ferramentas_construcao,52.0,2683.0,1.0,2490.0,16.0,19.0,24.0
67bd616e1ba0d3d3e8545f3113b0140d,beleza_saude,57.0,3153.0,1.0,300.0,18.0,18.0,18.0
090ab1523d3fe5832c09a55b7195e32b,telefonia,41.0,391.0,2.0,117.0,18.0,6.0,12.0
53075a78fc601d6eb47e8ad2d142b7a8,telefonia,57.0,449.0,3.0,150.0,19.0,4.0,11.0
3af6d5f9fdb78f106c003ce49d7f0186,beleza_saude,47.0,156.0,1.0,100.0,16.0,5.0,17.0
0cf13ac73dbcf6586ba63b89dd1f780a,moveis_decoracao,39.0,398.0,5.0,3700.0,25.0,35.0,35.0
4231002e80d2a25aed31d65b4b91f479,pet_shop,50.0,776.0,4.0,800.0,50.0,5.0,50.0
20340463234672489d7a3437445df770,moveis_decoracao,56.0,2051.0,3.0,600.0,68.0,8.0,13.0
54e5939fcd9ae70ad0f59f612d6d29bd,cool_stuff,51.0,471.0,4.0,550.0,27.0,10.0,15.0
a237de12bdf0bfe4fe220bae65a89731,moveis_decoracao,57.0,954.0,7.0,1250.0,60.0,12.0,12.0
53ea9da485f6aed8a6f03a85831fe021,relogios_presentes,33.0,439.0,1.0,346.0,18.0,10.0,13.0
2da442c298a7943c6787953d7f42b911,cama_mesa_banho,53.0,688.0,1.0,1133.0,28.0,6.0,20.0
149de4383ccb1829ea75380fc5f0b5fa,beleza_saude,51.0,584.0,1.0,750.0,18.0,19.0,23.0
1fe1f9dca96414bdc282cddb276db70e,moveis_decoracao,50.0,924.0,1.0,600.0,17.0,17.0,17.0
42eb5329dd0ee3d76d135ce04c84451b,alimentos_bebidas,54.0,920.0,1.0,1150.0,16.0,17.0,11.0
830814a623453adb6e343fb0260e3810,utilidades_domesticas,58.0,407.0,1.0,7250.0,16.0,16.0,16.0
de41aaf0880256b515a29b86285a45c7,esporte_lazer,45.0,1101.0,8.0,1100.0,18.0,17.0,15.0
551e8141f88ef14ec41f77f67575f6f5,brinquedos,37.0,1516.0,2.0,1020.0,43.0,15.0,28.0
c9510fa67a970aaa2ddea284b6d14df3,eletrodomesticos,49.0,354.0,1.0,100.0,18.0,8.0,13.0
8c591ab0ca519558779df02023177f44,ferramentas_jardim,47.0,1893.0,1.0,6050.0,20.0,20.0,20.0
28e2f0b2af65c93f3b38636759d81d98,cool_stuff,37.0,580.0,3.0,417.0,22.0,16.0,21.0
e89607ddfcf953bc7a85adaca52e122a,flores,47.0,335.0,1.0,6000.0,16.0,16.0,16.0
759d6e247dae636cc8e135f50052865e,moveis_escritorio,55.0,1286.0,1.0,9125.0,57.0,55.0,22.0
c4b5776ae19c3e9ee28323b38d41c72f,moveis_decoracao,27.0,212.0,2.0,10050.0,72.0,10.0,72.0
9b6ee5c8c553ff804dc0b0c2d06baa49,beleza_saude,47.0,966.0,2.0,283.0,18.0,7.0,13.0
60cfed7bb114878f269131d2857b226d,moveis_decoracao,56.0,546.0,2.0,400.0,16.0,16.0,16.0
243bb58796ed2164b831fb75e1241888,automotivo,43.0,246.0,7.0,300.0,16.0,7.0,11.0
cf5fb18f3ac3f373759295cc8ba3e2c3,beleza_saude,57.0,450.0,1.0,1650.0,26.0,18.0,11.0
eb53f94fdc60278efcef123bb275658a,cama_mesa_banho,60.0,270.0,1.0,3400.0,39.0,13.0,46.0
727a46f0b58a9ef165af9f7ebcfebfa9,esporte_lazer,33.0,1440.0,3.0,200.0,19.0,19.0,19.0
2239cf6b4421c4bd57f8a87127800929,moveis_escritorio,26.0,989.0,1.0,16125.0,81.0,7.0,83.0
f731f8587d4088c174397e010cf892a9,perfumaria,47.0,963.0,1.0,375.0,21.0,11.0,17.0
f51dde119b9a90e3c7464f0cc45c0953,eletronicos,47.0,57.0,2.0,150.0,18.0,7.0,11.0
f0f719ace174d68fdc838d8d6c4ce26e,esporte_lazer,37.0,2378.0,1.0,1700.0,31.0,24.0,24.0
bdc3291ab242ec1effc8eb0987850268,eletronicos,53.0,830.0,1.0,541.0,19.0,12.0,16.0
016711f78a6a87696645db0a6a834826,beleza_saude,14.0,1366.0,2.0,1150.0,27.0,22.0,39.0
4660d9b4ae2a49dc7a5cac39499b204b,beleza_saude,53.0,711.0,3.0,600.0,17.0,22.0,20.0
4d1fb0907c636601ecacb4df887e1f84,esporte_lazer,47.0,673.0,1.0,200.0,21.0,28.0,15.0
bbdffddcafb9e370fbc41a538d738318,artigos_de_natal,30.0,244.0,1.0,200.0,16.0,8.0,11.0
f95d9369ebf76f811194c72bd22ff244,moveis_decoracao,60.0,1152.0,3.0,3700.0,45.0,11.0,65.0
20f0c3fea244885a018ecb6e263aa9d9,casa_construcao,48.0,890.0,5.0,550.0,17.0,26.0,17.0
428f4b96ba9f630e761b333673039ae6,moveis_quarto,37.0,559.0,2.0,10750.0,93.0,63.0,11.0
11fae4b61d8f3af1e807e521d268810d,eletronicos,48.0,77.0,1.0,150.0,24.0,8.0,12.0
83ddda548094ac28ff6290b22b843f99,utilidades_domesticas,47.0,1181.0,1.0,1000.0,16.0,16.0,16.0
5c8b2723686640aef19e22ebe3692795,beleza_saude,45.0,1006.0,1.0,650.0,25.0,12.0,19.0
060c17562f97e5bb60bc0dfa4dd5b3f2,informatica_acessorios,40.0,675.0,1.0,150.0,18.0,6.0,14.0
56a474f5d7d6cfaa8500cddd0aa35bba,cama_mesa_banho,43.0,993.0,1.0,3500.0,40.0,15.0,50.0
149e60a7a51b85a834c055f8025ae3e5,utilidades_domesticas,54.0,945.0,4.0,600.0,16.0,18.0,11.0
362b773250263786dd58670d2df42c3b,esporte_lazer,51.0,2526.0,1.0,200.0,16.0,16.0,11.0
498297b9721ee352dc65a4df65688433,bebes,49.0,190.0,1.0,500.0,34.0,2.0,24.0
d4959e4f53f19c94abec965e966c7ca9,,,,,1200.0,20.0,20.0,20.0
20f23f339bacbc1863017f4d0619cee4,papelaria,55.0,411.0,1.0,300.0,34.0,2.0,25.0
8a443635fdf9759915c9be5be2e3b862,cama_mesa_banho,58.0,189.0,1.0,1400.0,46.0,2.0,36.0
772583ef39582ddf5068eba0296c24f7,esporte_lazer,39.0,271.0,6.0,3050.0,51.0,13.0,31.0
b33eafe0578ff59c3c9c0853a365e3b6,utilidades_domesticas,30.0,196.0,2.0,2000.0,48.0,10.0,37.0
e2dd0cb9b99517a86cbc9441cbb55348,la_cuisine,41.0,194.0,1.0,450.0,31.0,10.0,18.0
c4baedd846ed09b85f78a781b522f126,ferramentas_jardim,58.0,1893.0,1.0,5950.0,20.0,20.0,20.0
30f2abe62a0f5fb21e4361e83e19f3d8,fashion_bolsas_e_acessorios,33.0,484.0,3.0,150.0,16.0,13.0,11.0
c43704bc45a1f1a58de5d2b5ba0b0d12,moveis_decoracao,36.0,213.0,2.0,12500.0,105.0,10.0,60.0
7fab1a1472fdd934397068931f63f3ca,brinquedos,53.0,200.0,10.0,600.0,30.0,25.0,20.0
9319e2f1f22df2c8e4a74f8b8f392e24,telefonia,43.0,267.0,1.0,100.0,19.0,3.0,11.0
6109d0cae3bcb57d579bc0fab6e61814,malas_acessorios,45.0,573.0,1.0,1250.0,49.0,10.0,34.0
6b61c9889ff5ea54a786b54fff36251f,informatica_acessorios,58.0,552.0,1.0,255.0,19.0,15.0,20.0
af2d506fb01b724e03591349ad36b67e,bebes,55.0,1681.0,2.0,600.0,20.0,13.0,13.0
64d33e6bd1b905a31c2f96f584e6a0c8,telefonia,60.0,818.0,6.0,350.0,17.0,4.0,12.0
8fb8fc612eb9832ae220a1b88f3b375d,beleza_saude,58.0,733.0,1.0,250.0,16.0,16.0,16.0
ec02a5d380128f7a188e9ce8f3ddd832,cool_stuff,59.0,599.0,2.0,2275.0,45.0,25.0,18.0
db7f3f42ccab32fa6328b3063b278bcc,consoles_games,28.0,919.0,3.0,300.0,25.0,5.0,24.0
b1d207586fca400a2370d50a9ba1da98,,,,,350.0,16.0,4.0,11.0
c5094dcc60249dcf1a398e907db8d607,papelaria,56.0,354.0,3.0,6150.0,60.0,20.0,29.0
9689d8153681f3d8bc3e88622c013b08,,,,,300.0,16.0,2.0,11.0
c8cfa622661e047ea2499f8bce4731a5,bebes,56.0,628.0,2.0,650.0,24.0,14.0,18.0
752cc72634eb0d850747733e9bd4b0b6,informatica_acessorios,60.0,645.0,1.0,1125.0,27.0,17.0,12.0
73326828aa5efe1ba096223de496f596,alimentos,32.0,1392.0,1.0,330.0,20.0,15.0,16.0
bdcf6a834e8faa30dac3886c7a58e92e,beleza_saude,26.0,394.0,1.0,1614.0,31.0,16.0,28.0
475e8a9ddbebf13af503d1c7eccadb1a,moveis_escritorio,54.0,800.0,2.0,3400.0,27.0,21.0,21.0
98ae5b3166d58f0055db5dc330ff1914,ferramentas_jardim,41.0,399.0,1.0,4000.0,43.0,11.0,43.0
c8a1b14dcfbb5ab61591ab868d362d10,esporte_lazer,51.0,646.0,1.0,650.0,55.0,10.0,12.0
6f1b3488c5314b527201978357a8d85f,telefonia,52.0,1487.0,1.0,343.0,19.0,13.0,15.0
7f967740bec1ec031ac460084afcb4b1,papelaria,59.0,589.0,4.0,1900.0,35.0,45.0,20.0
bffaf1f457823d803fd2df7bacfe08dc,automotivo,54.0,445.0,3.0,12500.0,43.0,29.0,67.0
90ba8b896e0237e45804c8da0f058dc9,fashion_bolsas_e_acessorios,36.0,462.0,4.0,1800.0,45.0,11.0,35.0
2ada8214e59b86de70b03d8f03894c93,beleza_saude,57.0,858.0,1.0,300.0,16.0,16.0,11.0
6fe2e0bce49965a508008e08ee9f575e,eletroportateis,54.0,598.0,1.0,13250.0,40.0,40.0,60.0
35afc973633aaeb6b877ff57b2793310,casa_conforto,56.0,176.0,1.0,1825.0,53.0,10.0,40.0
f15dfa318985df28b020ca9fa88552aa,moveis_decoracao,63.0,465.0,2.0,8050.0,80.0,10.0,60.0
05a9dadb8402b6b7ae3dd28f7da187b5,informatica_acessorios,59.0,3314.0,2.0,2950.0,20.0,20.0,20.0
49eeae59754cbcf1abeeffb8f51184ee,cama_mesa_banho,49.0,1077.0,1.0,1575.0,26.0,21.0,23.0
d950221a89e7555306dc5daef996e134,cool_stuff,60.0,925.0,1.0,375.0,18.0,9.0,15.0
4c82c8d31845d751d797debc3d03697f,informatica_acessorios,51.0,872.0,6.0,145.0,16.0,9.0,13.0
53759a2ecddad2bb87a079a1f1519f73,ferramentas_jardim,58.0,340.0,2.0,1500.0,30.0,22.0,30.0
74d7448191f6e492834de7fe6dd952c2,beleza_saude,48.0,313.0,1.0,4800.0,28.0,28.0,18.0
081cac4fc215928a462eb2c06a14dffe,eletrodomesticos,50.0,718.0,3.0,150.0,16.0,8.0,16.0
125e5760a3ff01937be3b2a1a7f14aa6,cama_mesa_banho,56.0,396.0,3.0,900.0,28.0,5.0,20.0
7f72a8900b3d2fc8fa2635b7836d6e6e,brinquedos,38.0,571.0,1.0,147.0,14.0,10.0,12.0
42a2c92a0979a949ca4ea89ec5c7b934,utilidades_domesticas,41.0,799.0,1.0,7000.0,26.0,47.0,27.0
f1d116eef76f1c526a5f2c5ce1daeaeb,telefonia,26.0,137.0,1.0,200.0,16.0,14.0,15.0
fb55982be901439613a95940feefd9ee,papelaria,52.0,211.0,2.0,7000.0,60.0,20.0,30.0
6186a25dd2b885087bbf0863e5245d46,perfumaria,30.0,253.0,1.0,900.0,35.0,5.0,27.0
2bd9b51a9ab079e095aca987845d3266,consoles_games,55.0,450.0,1.0,300.0,25.0,15.0,25.0
21fb5057dd6a737df6851a7ab7a130da,moveis_decoracao,52.0,709.0,2.0,7550.0,35.0,35.0,35.0
3a264b078bf20e98f315ff65c23fa263,brinquedos,35.0,478.0,2.0,8100.0,30.0,36.0,46.0
a9516a079e37a9c9c36b9b78b10169e8,moveis_escritorio,41.0,1141.0,1.0,8683.0,54.0,64.0,31.0
93b67da06834e15a3594134d43ee4ebe,eletrodomesticos,39.0,669.0,1.0,1200.0,28.0,8.0,13.0
65baa03ed325a23536e96fd66b3244c8,cama_mesa_banho,60.0,298.0,1.0,2400.0,33.0,7.0,37.0
056063b2634974ef86ccb7da2d3d0dbf,esporte_lazer,33.0,315.0,1.0,1431.0,30.0,20.0,21.0
1c8068ff974de37eac2c0c8ce23f4ef0,beleza_saude,50.0,583.0,1.0,900.0,16.0,25.0,15.0
a029ecbeadd18685578725691cb11160,brinquedos,27.0,392.0,4.0,400.0,18.0,8.0,11.0
211d04c14dd756f5e4dec38c19187fdb,cama_mesa_banho,53.0,1017.0,1.0,1975.0,28.0,26.0,23.0
dd6a505f83dd3c6326aa9856519e0978,brinquedos,43.0,623.0,5.0,200.0,16.0,7.0,11.0
a6961c368e99bfa3e39fadf7530d7ea1,cama_mesa_banho,57.0,1137.0,2.0,1250.0,30.0,10.0,30.0
fb6782985a98aa8a59238f58239f6f1e,informatica_acessorios,55.0,1400.0,7.0,2500.0,50.0,10.0,40.0
f35927953ed82e19d06ad3aac2f06353,livros_interesse_geral,39.0,724.0,1.0,450.0,20.0,20.0,20.0
386eebb43722ab502f04f7900bd2451b,beleza_saude,45.0,2231.0,3.0,117.0,15.0,4.0,12.0
3ecf69ee1fe21cfd40b30cbea549e563,eletroportateis,41.0,3564.0,1.0,6300.0,35.0,35.0,30.0
49e4da381c1d39e7df445cb2209e2359,beleza_saude,50.0,1678.0,1.0,1200.0,20.0,16.0,20.0
e9cf370eb883adbdcb4b8738057a9d8b,papelaria,54.0,1156.0,1.0,245.0,16.0,9.0,14.0
625d78433e8cc9aadb5a88b4e45e4a30,livros_tecnicos,42.0,2115.0,1.0,450.0,16.0,2.0,23.0
6f0f907c9cf458139bac7f01777b9bbf,relogios_presentes,54.0,587.0,6.0,300.0,16.0,2.0,11.0
36ba5561e351eef68d3554697132a9a8,construcao_ferramentas_jardim,55.0,2039.0,6.0,240.0,21.0,7.0,15.0
a291cc846d74d97f01611894f983073b,cool_stuff,58.0,478.0,1.0,600.0,22.0,6.0,22.0
bdcb8b4ebca66cd01b512c0044f8258f,informatica_acessorios,46.0,1002.0,2.0,150.0,17.0,4.0,13.0
1afc67ca54fdc1dd0774a3727a44b8a1,informatica_acessorios,59.0,421.0,1.0,300.0,50.0,5.0,20.0
878c61936b5c51f321ac165750d97a0b,automotivo,58.0,300.0,3.0,88.0,21.0,11.0,15.0
4c9c5d9cbd2475b109784b48a70a5c70,relogios_presentes,56.0,572.0,1.0,350.0,18.0,14.0,18.0
9e2ce829b01f3d1a0a9d5ddf7ee21864,utilidades_domesticas,59.0,200.0,4.0,1300.0,32.0,12.0,32.0
a3fd6c4ecde9035c3e8dd4e0fd8b8048,cama_mesa_banho,45.0,191.0,2.0,150.0,16.0,6.0,20.0
819fc0e9c061a08bac3d5044eb92b173,malas_acessorios,59.0,320.0,1.0,850.0,20.0,44.0,39.0
de8079863f52e090930c58a327e8c8e1,livros_importados,26.0,338.0,1.0,650.0,29.0,2.0,22.0
8d99a7ed81f061ceed740d8900be880a,cama_mesa_banho,55.0,396.0,1.0,3775.0,35.0,13.0,25.0
0ac0d30f666402b0d004e26c5e57eb0f,instrumentos_musicais,57.0,732.0,9.0,14050.0,50.0,32.0,46.0
391a014a66920fa0ce468319264e0232,consoles_games,38.0,880.0,2.0,550.0,33.0,28.0,41.0
00faa46f36261af8bbf3a4d37fa4841b,fashion_bolsas_e_acessorios,49.0,293.0,1.0,100.0,21.0,9.0,14.0
0505f239830b15ffbd923b4113a96855,malas_acessorios,44.0,503.0,8.0,250.0,20.0,26.0,15.0
7d1a667dbc183583078324f912d42c6b,esporte_lazer,43.0,2420.0,1.0,150.0,16.0,6.0,11.0
c1cf541d5b33a4b04ddc1c3be7aa1c86,beleza_saude,51.0,781.0,2.0,150.0,35.0,2.0,26.0
c4e71b64511b959455e2107fe7859020,utilidades_domesticas,59.0,1371.0,2.0,200.0,18.0,15.0,15.0
a0b7d5a992ccda646f2d34e418fff5a0,moveis_decoracao,45.0,67.0,2.0,12300.0,40.0,40.0,40.0
