seller_id,seller_zip_code_prefix,seller_city,seller_state
3442f8959a84dea7ee197c632cb2df15,13023,campinas,SP
d1b65fc7debc3361ea86b5f14c68d2e2,13844,mogi guacu,SP
e49c26c3edfa46d227d5121a6b6e4d37,55325,brejao,PE
1b938a7ec6ac5061a66a3766e0e75f90,16304,penapolis,SP
768a86e36ad6aae3d03ee3c6433d61df,1529,sao paulo,SP
ccc4bbb5f32a6ab2b7066a4130f114e3,80310,curitiba,PR
a7a9b880c49781da66651ccf4ba9ac38,13530,itirapina,SP
8bd0f31cf0a614c658f6763bd02dea69,1222,sao paulo,SP
7b8e8ec35bad4b0ef7e3963650b0a87b,88705,tubarao,SC
e38db885400cd35c71dfd162f2c1dbcf,70740,brasilia,DF
d2e753bb80b7d4faa77483ed00edc8ca,45810,porto seguro,BA
f9ec7093df3a7b346b7bcf7864069ca3,5138,sao paulo,SP
4cf490a58259286ada5ba8525ba9e84a,14910,tabatinga,SP
f7496d659ca9fdaf323c0aae84176632,4156,sao paulo,SP
2ff97219cb8622eaf3cd89b7d9c09824,13320,salto,SP
8bd0e3abda539b9479c4b44a691be1ec,98910,tres de maio,RS
2a1348e9addc1af5aaa619b1a3679d6b,30494,belo horizonte,MG
116ccb1a1604bc88e4d234a8c23f33de,9850,sao bernardo do campo,SP
430315b7bb4b6e4b3c978f9dfa9b0558,4857,sao paulo,SP
406822777a0b9eb5c50e442dd4cd3ec5,18500,tatui,SP
d52cbce9845184537284a23c3bc3da0e,88495,garopaba,SC
d9a84e1403de8da0c3aa531d6d108ba6,3562,sao paulo,SP
9c690ceacd5c66731bf443ea810195cb,37650,camanducaia,MG
1f9ab4708f3056ede07124aad39a2554,17602,tupa,SP
b2a6d334e2833acea353624840e25a0e,4133,sao paulo,SP
d3674f271c91f824f82d24d92011f669,72233,brasilia,DF
768de2a4fc06aacecb9a586ccc30746a,70645,brasilia,DF
5c030029b5916fed0986310385ec9009,88075,sao jose,SC
c0f783394e37cd9c9d7f5f81141450fa,13416,piracicaba,SP
8444e55c1f13cd5c179851e5ca5ebd00,37584,congonhal,MG
41ab63a91b8b264e8c8780368bf1dd5b,31555,belo horizonte,MG
d71d863e5ef30d94e440c11be17dcd8f,6144,osasco,SP
0c7533c71df861ec58ad7ff999ed0e8d,13270,valinhos,SP
ef990a83bbea832f36ebe81376335aa8,89214,joinville,SC
0747d5bb69f0586cc869d8af4c50f93e,28990,saquarema,RJ
7d294cf9a6a69dc6a0c3e540fff0e039,88390,barra velha,SC
c89cf7c468a48af70aada384e722f9e2,25730,petropolis,RJ
b7ba853e9551f4558440881fd3e5c815,95500,santo antonio da patrulha,RS
13c2ed7698b3ca92dad49e849219da59,84010,ponta grossa,PR
cbbd5ae8f53de5f5097cd8217b529e24,6544,santana de parnaiba,SP
02ecc2a19303f05e59ce133fd923fff7,9121,santo andre,SP
c013e57c075a06e5b5c48ee03c525719,13568,sao carlos,SP
55f7a3319d80f7fdf078b8f03e6725fe,6056,osasco,SP
2d50d6282f8aa2257819a77bfaa0efe0,14940,ibitinga,SP
b7e1750c1157341d2abd0251e07c186b,5741,sao paulo,SP
b90e891671cffd9557f33a97dc523645,83010,sao jose dos pinhais,PR
a416b6a846a11724393025641d4edd5e,3702,sao paulo,SP
7e93a43ef30c4f03f38b393420bc753a,6429,barueri,SP
ef506c96320abeedfb894c34db06f478,3569,sao paulo,SP
7299e27ed73d2ad986de7f7c77d919fa,38440,araguari,MG
8a9260f2b0340411d6d2a56bcf4f7378,32180,contagem,MG
b2479f944e1b90cf8a5de1bbfde284d6,14940,ibitinga,SP
7722b1df1b0e383e000397b2c11e3e19,9715,sao bernardo do campo,SP
731ef20c231d9a7103a425e83fd91271,88501,lages - sc,SC
411f3b52d857390502ee4e4d5ceabc2d,9400,ribeirao pires,SP
bba3293d6f5d5af2f415e004e8b93ae3,4726,sao paulo,SP
4e7c18b98d84e05cbae3ff0ff03846c2,14882,jaboticabal,SP
b56906f7fd1696e043f1bcce164c487b,19830,echapora,SP
d650b663c3b5f6fb392b6326366efa9a,6713,cotia,SP
669ae81880e08f269a64487cfb287169,89160,rio do sul,SC
c2d70ce2c5d0a2eb75e78668236e6dc8,4275,sao paulo,SP
abe42c5d03695b4257b5c6cbf4e6784e,21235,rio de janeiro,RJ
1996942dc085d7773ba77a529b163cd0,14850,pradopolis,SP
63ffcb71394dd8ea3872ed9ffda17c74,24813,itaborai,RJ
83353a83fd769dfafa4f21a72b15e3e5,5786,sao paulo,SP
cda598c48d7c614bc1cad7d8ff6f0010,15137,mirassol,SP
d4910f1cdcfdabd48d6b316e395d4a23,9190,santo andre,SP
709e16e2b25c7474d980076c6bfc4806,16200,birigui,SP
276677b5d08786d5dce7c2149dcce48b,31730,belo horizonte,MG
8bb48dc19fccaa8613b6229bf7f452a2,19803,assis,SP
ad87df7699e83b8a91822a4a0b765c3a,13820,jaguariuna,SP
d6b664fa0667064c6d76394e7848d790,14801,araraquara,SP
98f52e1020fe788c10c0418de4393fec,27963,macae,RJ
1d4587203296c8f4ad134dc286fa6db0,5101,sao paulo,SP
791cfcfe22fe4a771ece27f90017da92,14010,ribeirao preto,SP
392f7f2c797e4dc077e4311bde2ab8ce,21210,rio de janeiro,RN
0c8380b62e38e8a1e6adbeba7eb9688c,37410,tres coracoes,MG
37be5a7c751166fbc5f8ccba4119e043,4248,sao paulo,SP
e24d3429d294b2eb200b064ebb035879,3514,sao paulo,SP
44073f8b7e41514de3b7815dd0237f4f,71070,brasilia,DF
f9eda05b67bef472deaddbba84aca289,88870,orleans,SC
75745ef7bc7d4f3ea3380f6f5303f514,70384,brasilia,DF
7b07b3c7487f0ea825fc6df75abd658b,2016,sao paulo,SP
99002261c568a84cce14d43fcffb43ea,78095,cuiaba,MT
784ba75dd9d20200c4caed3d7a77141a,1040,sao paulo,SP
099095b050cfe8eb1ddff5317587e96e,3322,sao paulo,SP
0ad80de75c811326389cfb1daba7d45e,20261,rio de janeiro,RJ
b9a03475e6447e631b6799ec8274800f,85830,formosa do oeste,PR
ea00f977a203ff88adf7057cb7806998,11085,santos,SP
82e0a475a88cc9595229d8029273f045,3417,sao paulo,SP
ed4acab38528488b65a9a9c603ff024a,8260,sao paulo,SP
f0837c8d71434931d9e38e7b79234797,95995,arvorezinha,RS
ebef8d8c92b4fd3226e5d407bbff21ac,14020,ribeirao preto,SP
d73cbd89533ce8b041a9190241453ac8,36525,guiricema,MG
75a4764c108403a7a0575140cb22287c,95072,caxias do sul,RS
26e13b6ff5b641b329e5524241ee2c93,14401,franca,SP
b18dc380845b24038cfc48006478f099,9951,diadema,SP
f22a247b79dd22ecd91dc8e3b2a1b07c,8573,itaquaquecetuba,SP
ffc470761de7d0232558ba5e786e57b7,7091,guarulhos,SP
4c498c7345e89aebad651544829beca0,6341,carapicuiba,SP
01bcc9d254a0143f0ce9791b960b2a47,76400,uruacu,GO
f021c962aaba8ef6eb527a9c2c8394d1,88301,itajai,SC
024b564ae893ce8e9bfa02c10a401ece,3280,sao paulo,SP
a513150f33f99a06569e9cd5c4bb889b,1545,sao paulo,SP
02f5837340d7eb4f653d676c7256523a,80620,curitiba,PR
7b98de631987e26dd6d803490c43a13c,87900,loanda,PR
f12ff17ad8bbf01ec5c33b17e506649b,3186,sao paulo,SP
a64e44665225d19dfc0277eeeaaccc57,19400,sao paulo,SP
6a8a889bde935bafa76d7848782dfaf9,2839,sao paulo,SP
d6cd01c59123df02fc226eadbadb5f89,1207,sao paulo,SP
c8e135e7b21ecbc36c1153a29d2f5a06,1411,sao paulo,SP
229c3efbfb0ea2058de4ccdfbc3d784a,30190,belo horizonte,MG
95ec4458365c4d11f452ccf538377619,13481,limeira,SP
6ec1a01e866584bb679eb9b098345919,11040,santos,SP
fa40cc5b934574b62717c68f3d678b6d,2310,sao paulo,SP
c0098efcf800861dcae589affca31408,14080,ribeirao preto,SP
a63bfbaa882c8f4542891b4e2246cc7f,24355,niteroi,RJ
48b6c3f4c6a93171da04b75313f2130f,17700,osvaldo cruz,SP
270d3ef21830ad0ecf3a6c53d08a533a,6380,carapicuiba,SP
89c127985a8b130cfa45c1d36764017a,6016,osasco,SP
8b2492b7ff4468839593fafeed55bad9,24451,sao goncalo,RJ
1e9d5a33694bddb76316fd1f54734d20,78820,jaciara,MT
5e49e3a44bdeb5aab2684258bbd4f525,88330,balenario camboriu,SC
8e34331b7eedd03be4e5d965c1956225,4009,sao paulo,SP
aaed1309374718fdd995ee4c58c9dfcd,89120,timbo,SC
d1c7fa84e48cfa21a0e595167c1c500e,99730,jacutinga,RS
e88165a185134e13fdfc85d4fa654db8,8517,ferraz de  vasconcelos,SP
9e6229250fedbe05838fef417b74e7fb,16800,mirandopolis,SP
817245bcc3badd82bbd222e0366951a6,17056,bauru,SP
caa9bc43a9fe8cf9c564ddd8a03cc4a6,12308,jacarei,SP
5fd924b4836098a5be0ecf81ba054ce0,3554,sao paulo,SP
7178f9f4dd81dcef02f62acdf8151e01,89560,videira,SC
3f995f07c49d0d55a99d5c54957f7d81,6853,itapecerica da serra,SP
a6bd7d1ccdac48c6b33b28596b7eb122,58280,mamanguape,PB
6650fcccd8cd2f7e55ffa524f30c4c59,8490,sao paulo,SP
3db66a856d18a9cba7c9241fc5221c50,35430,ponte nova,MG
10ff823eda2b032e2c93d17a7d294736,17280,pederneiras,SP
b4a476fbd28de64b1e347abf9089366a,6653,itapevi,SP
39c763cca83e654764b7a4a650fb9b7c,74563,goiania,GO
14a08204d03bb6b6bde8029f801ae0eb,1026,sao paulo,SP
bee36b4f9a2b9fdcaff6ec05df202ed0,3308,sao paulo,SP
28872dc528e978a639754bc8c2ce5a4c,95070,caxias do sul,RS
800214c63934acd05d47e84214db8ba8,89251,jaragua do sul,SC
0a82f5fb06a4fe4ac2cf7cb412ec71b8,5524,sao paulo,SP
3d621842b2ed28e2b474132480edac3c,8041,sao paulo,SP
c0aff2da32c17759d30b22fb0af6649d,88032,florianopolis,SC
a17f621c590ea0fab3d5d883e1630ec6,18055,sorocaba,SP
9d69ba0a7a626a64dc5db08e529559cf,14075,ribeirao preto,SP
f92d8c817434bd2d84d4e9c61322b7fa,18048,sorocaba,SP
8ca5b19e0263150d2c57afdde2b3d011,9336,maua,SP
eec3469d83e142f9a104886655338c37,17030,bauru,SP
55bb6fe5bebe5012e2d7d9928e1128ff,17052,bauru,SP
d180e07dc1e58c31c3f0cd599dc4d945,30620,belo horizonte,MG
d6b1ce66b035a475f00c017792ff9769,13327,salto,SP
f5fea3ffed6c2e889bab72705557c63a,21240,rio de janeiro,RJ
ececbfcff9804a2d6b40f589df8eef2b,14407,franca,SP
a254c682cc01e119f83530446f1df9a9,16500,cafelandia,SP
830379336fad8c6f3b15a4a3ddb5c66e,2518,sao paulo,SP
7d13fca15225358621be4086e1eb0964,14050,ribeirao preto,SP
1b4c3a6f53068f0b6944d2d005c9fc89,88730,sao ludgero,SC
b92e3c8f9738272ff7c59e111e108d7c,36502,uba,MG
b8555308bfdb4ca1ed54325a58da9a97,9751,sao bernardo do campo,SP
1dc2de47ee26a0a5b12dc14fd6dc0dea,14940,ibitinga,SP
a4bd6e9adf39b63f43dc545d3ca1f53d,21020,rio de janeiro,RJ
f12d3c2a14729ae461b920c11fe20fdc,9080,santo andre,SP
4917cee8d902e13428c3ec4b1ca6f315,89031,blumenau,SC
4bcec44888b30ba9001234c534716d3f,9230,santo andre,SP
a663d9c3797e90eac99ff60939416a56,3951,sao paulo,SP
f9903dd0f812c7e771fcad47b6fff231,89070,blumenau,SC
ac9b01377919cdbd2a1bbb8d5837c70b,8773,mogi das cruzes,SP
5011f0d93373a4c5753adf58ca77af8d,11013,santos,SP
a4e634166243bbb3a13fa584463fa468,6286,osasco,SP
50c9975695009e5e6473912e83a6d1da,35530,claudio,MG
7aa4334be125fcdd2ba64b3180029f14,18500,laranjal paulista,SP
b14db04aa7881970e83ffa9426897925,18048,sorocaba,SP
fac1a9017ade7bdc94058fc1c969f355,1126,sao paulo,SP
31ae0774c17fabd06ff707cc5bde005f,13478,americana,SP
1099a00e0ee3a50935e6c2447ca090c5,20921,rio de janeiro,RJ
a3e9a2c700480d9bb01fba070ba80a0e,14940,ibitinga,SP
516e7738bd8f735ac19a010ee5450d8d,22230,rio de janeiro,RJ
9f505651f4a6abe901a56cdc21508025,4102,sao paulo,SP
7142540dd4c91e2237acb7e911c4eba2,16301,penapolis,SP
a3a38f4affed601eb87a97788c949667,89204,joinville,SC
744dac408745240a2c2528fb1b6028f3,83408,colombo,PR
9b013e03b2ab786505a1d3b5c0756754,11450,vicente de carvalho,SP
8b9d6eec4a7eb7d0f9d579ce0b38324d,26562,mesquita,RJ
38e679b9e0064cd94c6f035707344dae,86010,londrina,PR
83deb69e889cf80f82be1dc6d5f2d486,88056,florianopolis,SC
54aa8463e87776b5612f4bdc4bd5d4de,30550,belo horizonte,MG
2e7ea2aafec5835e781b21d6d1faf1f1,2820,sao paulo,SP
79ebd9a61bac3eaf882805ed4ecfa12a,85802,cascavel,PR
1cbd50a8c52e6cf8e315c5709fab386f,83830,fazenda rio grande,PR
5f3ae9136c875522250f8184f253413a,1550,sao paulo,SP
26af45f5dfd967225a832838aa4e24a3,81070,curitiba,PR
8e6d7754bc7e0f22c96d255ebda59eba,12233,sao jose dos campos,SP
92c8bc6e8f925792247656fed09aad65,3384,sao paulo,SP
e53d5b9b29d1218281f4a907ada18626,85903,toledo,PR
3ca08eeb8d5595949fed424bd3677742,82510,curitiba,PR
cbd996ad3c1b7dc71fd0e5f5df9087e2,15081,sao jose do rio preto,SP
8daab2245ebdc277c51098d01c5ad8ef,8411,sao paulo,SP
e067ad2c1c0b48758eb1b5228bcf7a68,11045,santos,SP
f626e15b7314c267e4429010866f70e9,85960,marechal candido rondon,SP
f1fd5ab1181f827ffad998c1a5de7d74,80010,curitiba,PR
4e85b538b0dad58852641540686d0e14,12238,sao jose dos campos,SP
093805f8f2aeb63881444571e1f48f30,6236,osasco,SP
5acd070dd3fe441bbb2ec1f1ede515ee,13203,jundiai,SP
3c010235b7345c92f125d14ee232a76b,83800,mandirituba,PR
cb9fb4ca75d7ba8437480e8dde64fe98,3551,sao paulo,SP
6989574bd97d9773f10d232b6c07da59,80040,curitiba,PR
8fd3b4468f6425810648177996c14cbd,15015,sao jose do rio preto,SP
6d803cb79cc31c41c4c789a75933b3c7,14600,sao joaquim da barra,SP
5f2684dab12e59f83bef73ae57724e45,5125,sao paulo,SP
f97e2b0650c2068227e1d366140eb62f,13830,santo antonio de posse,SP
8b321bb669392f5163d04c59e235e066,1212,sao paulo,SP
76d64c4aca3a7baf218bf93ef7fa768d,80215,curitiba,PR
d06d019f72a04e5497a0b64190af170c,6703,cotia,SP
ec80e49e69745ab6c14f984bf2149423,13480,limeira,SP
f8f35af4634605e6693c17cc3ffff5a8,37400,campanha,MG
004c9cd9d87a3c30c522c48c4fc07416,14940,ibitinga,SP
3bdff180c7e1f6551a643b99c265a120,4811,sao paulo,SP
aced59e9b31ef866a94f9e7f29d8d418,3306,sao paulo,SP
b4f8921fcc4ff77b66bea6dda43dcd51,95034,caxias do sul,RS
d2572f31e9023e9850ef986a636ff9bf,30640,belo horizonte,MG
c731d18cea9bf687ffee82a241c25b11,89701,concordia,SC
5194c22ed1f616ec0c0f33c571542879,37540,santa rita do sapucai,MG
fe8055980a4ff7f64ed889c2b5926929,81925,curitiba,PR
c42fd8e4d47dfb18ce5222f2dd7752f9,6246,osasco,SP
671585f5a2af58b6e276bc01003c0d2b,80510,curitiba,PR
a11a0e0ca67423425691db355cff69b0,13330,indaiatuba,SP
5bffbafbb22daf6d3bfc216a46db8708,26525,nilopolis,RJ
fc0b214b59a83615fea981c6424a02ae,9380,maua,SP
011b0eaba87386a2ae96a7d32bb531d1,17580,pompeia,SP
822b63912576852aea9a8436d72317b7,13840,mogi guacu,SP
a3fa18b3f688ec0fca3eb8bfcbd2d5b3,4557,são paulo,SP
9c1c0c36cd23c20897e473901a8fb149,11702,praia grande,SP
34a557286ead8fe75c989e0afcf7d98c,14406,franca,SP
455c5640e8c5bd1b2ee85c0158f85727,89128,luiz alves,SC
87d30a6a0cbf89356e49324971ab1d24,2036,sao paulo,SP
217f005bb37ff3aeef5b2ae1788e75ba,6038,osasco,SP
cac4e0bc1a3269fa2b6ea5e763f6115b,88351,brusque,SC
aba1721a889e04decc910aa13b768ef4,5729,sao paulo,SP
044668ccd5316b12a7cf0d54a156e3e9,6016,osasco,SP
643c01d7c56a724bec0454f4780e8a3e,89222,joinville,SC
cab85505710c7cb9b720bceb52b01cee,2252,sao paulo,SP
8c3b533c63cca56240f94f1e3a6b18ef,31050,belo horizonte,MG
1fdc574883ef3b33ad41562d93f3a74a,13480,limeira,SP
9a03a4e9eb0b947652fae4f6121a3f5e,15805,catanduva,SP
33cbda8716511e27e556dff9d8418bf2,89052,blumenau,SC
6cd68b3ed6d59aaa9fece558ad360c0a,31255,belo horizonte,MG
3df020b72d3d44b3af9d110fa3940b65,15704,jales,SP
537eb890efff034a88679788b647c564,20270,rio de janeiro,RJ
4be2e7f96b4fd749d52dff41f80e39dd,69900,rio branco,AC
3bfba5a77604f6dfae7e6dd7aaf65821,86046,londrina,PR
48fb026ed7455a42f5d3e9390ed5088e,27321,barra mansa,RJ
0d33a55da925bbf1ff02af5f6059fc7f,5632,sao paulo,SP
cea729054f157f5870bdd321a958d994,3161,sao paulo,SP
955fee9216a65b617aa5c0531780ce60,4782,sao paulo,SP
0f0c984a4a955310903b6b6008660bad,14403,franca,SP
f805b96fa705ba7995a221f1749dc141,87013,maringa,PR
751bdc4d83a466c7206cd42e8f426b03,9405,ribeirao pires,SP
2f4b0d3b9634b647d4edee577d7ebb7e,2310,sao paulo,SP
ba5daa4041e1f15cdf34b76e3e18a450,4363,sao paulo,SP
6e386f64c84e482f0b9abf960797ee1b,1539,sao paulo,SP
83c465a786b06574376909b35ef6752a,13560,sao carlos,SP
71592660bbcb6a4664e97b6f8b68babc,15055,sao jose do rio preto,SP
039b29ff3b3473435d0cd59040575de9,9443,ribeirao pires,SP
ac51cac5e20d69ff485a54746488ef48,14096,ribeirao preto,SP
4221a7df464f1fe2955934e30ff3a5a1,48602,bahia,BA
48e954b2da4f6a750c844173b347ed40,91740,porto alegre,RS
085f6f7e049c996695fb2074fe38d45e,12020,taubate,SP
5a93f3ab0ef4c84ed5e1b5dbf23978bc,12250,monteiro lobato,SP
5f57db27027655e6c6a391601daa0258,29138,viana,ES
e1b12447a7563944843191754aeb5562,7145,guarulhos,SP
1fe5540d7c1c37a595fefbacd5570d9e,25850,paraiba do sul,RJ
d3f39f05462b79a4562d35893a28f159,13730,mococa,SP
0176f73cc1195f367f7b32db1e5b3aa8,14940,ibitinga,SP
01cf7e3d21494c41fb86034f2e714fa1,85603,francisco beltrao,PR
ceaec5548eefc6e23e6607c5435102e7,3821,sao paulo,SP
2d42ebcda99fd55f6f4bc2f1ca035d50,76400,uruacu,GO
e9bc59e7b60fc3063eb2290deda4cced,87083,maringa,PR
6f229cc508fc6915ed5c499efd93baa4,21931,rio de janeiro,RJ
83f2b4881141ce3fcd4e985125d3279e,14055,ribeirao preto,SP
c8c1bea22194a4eefa2dc9a9fa89f536,88210,porto belo,SC
b0b346d3a89f5eb4c2968af3f083cd43,13105,campinas,SP
a0415d9b25ede3c4b1e477e9916ffc03,26255,nova iguacu,RJ
fa1a9dec3a9940c072684a46728bf1fc,88820,icara,SC
6ddc28b61be28373b4503a1f61cf98a9,3543,sao paulo,SP
c5ebe6598748b0aeaa61cfb820478b92,95910,lajeado,RS
5670f4db5b62c43d542e1b2d56b0cf7c,3694,sao paulo,SP
e1c76f339ebd5460999f25a2aa8c92c5,3029,sao paulo,SP
cb8bcce248bb1fb274ba762d8b971456,37540,santa rita do sapucai,MG
610f72e407cdd7caaa2f8167b0163fd8,1201,sao paulo,SP
b6d44737c043328708f6749c2dbe50bd,9230,santo andre,SP
972d0f9cf61b499a4812cf0bfa3ad3c4,88359,brusque,SC
d90fe2229fee1a5da999ccd0c06c1667,3416,sao paulo,SP
5b2e94f2c22b39ccc24d34ad0f669672,1214,sao paulo,SP
e5bd51692380fd8cabb19b756b95e714,9220,santo andre,SP
cfb1a033743668a192316f3c6d1d2671,18110,votorantim,SP
adcf50477d6a1f5d91bb9d54c4903cb5,35530,claudio,MG
8476243f92442881ddd5b578975cf115,93700,campo bom,RS
f2336e113377dd21c744d9c4fc8293a9,3659,sao paulo,SP
f25e239052084705e17a982bc600ab2a,1123,sao paulo,SP
89d9a386b0b6e5fc8403071b03f7206a,3103,sao paulo,SP
bd15ee794d5e640d9dd71b665b2ab15b,14078,ribeirao preto,SP
f326006815956455b2859abd58fe7e39,15601,fernandopolis,SP
bac692d6c0ed08467878018e6cc9c26c,89041,blumenau,SC
6a51fc556dab5f766ced6fbc860bc613,17500,marilia,SP
ea6b12bf9ffe2bac34602ec631d97a47,7093,guarulhos,SP
dc64d75cc406bb0697be983831430e60,31560,belo horizonte,MG
d1ef48b38baca7e831711c4a0aeb398f,86800,apucarana,PR
259f7b5e6e482c230e5bfaa670b6bb8f,8550,poa,SP
dd7ddc04e1b6c2c614352b383efe2d36,3471,sao paulo,SP
f457c46070d02cadd8a68551231220dd,87047,maringa,PR
5962468f885ea01a1b6a97a218797b0a,82040,curitiba,PR
1f50f920176fa81dab994f9023523100,15025,sao jose do rio preto,SP
2b1a40c1daabc6ca280c4b815c101841,35500,divinopolis,MG
26b482dccfa29bd2e40703ba45523702,13450,santa barbara d´oeste,SP
f356c348fbc8df6a882823e21f5ce8b7,92025,canoas,RS
2ba91c7ad80ff88b23b7db823b43c233,13310,itu,SP
3d0cd21d41671c46f82cd11176bf7277,89217,joinville,SC
d93919c944be9cff128f6c9cb899eacb,13375,mombuca,SP
f7ba60f8c3f99e7ee4042fdef03b70c4,9628,sao bernardo do campo,SP
c5f7e746b7e6d07def6c0dae9903279b,81350,curitiba,PR
2d20f1cd18725c91147da0791d498022,86040,londrina,PR
002100f778ceb8431b7a1020ff7ab48f,14405,franca,SP
70f84699be677ec988d1fa824aef7d90,35700,sete lagoas,MG
5bc24d989e71e93c33e50a7782431b0e,37165,campo do meio,MG
36f98ad67cc981f50ce8aed093d5783c,85904,toledo,PR
6eb94e1466490d327a09abf8f3552a50,13219,jundiai,SP
8ff1a9df749e454105c55cda13e79143,17509,marilia,SP
c4fabeea6e569d42d02993bb1f4f1cbc,60741,fortaleza,CE
45c20d94d9171b0bcfab3c955e47d67b,13490,cordeiropolis,SP
6a38087bc8ad4f89ff453561005f6dea,75123,anapolis,GO
4e5725ba188db8252977a4f0227bd462,14092,ribeirao preto,SP
eebb3372362aa9a46975164bed19a7e7,4578,sao paulo,SP
f84a00e60c73a49e7e851c9bdca3a5bb,20756,rio de janeiro,RJ
e5a38146df062edaf55c38afa99e42dc,1233,sao paulo,SP
4de6e4ba574aa9dfdc824bc44dc47fdd,83402,colombo,PR
f45122a9ab94eb4f3f8953578bc0c560,13419,piracicaba,SP
7901646fdd36a55f564ffaf2dbccaaf7,20021,rio de janeiro,RJ
6481e96574816ead57975da2c0f6d80d,18072,sorocaba,SP
e8dba4d70f7f2b20e775d09cae01142d,13456,santa barbara d oeste,SP
b6dc74ed30f124f95227bed4e43a3bed,86702,arapongas,PR
48436dade18ac8b2bce089ec2a041202,27277,volta redonda,SP
f5f2ab9bdb6b30c14c61be68c5ed37da,13660,porto ferreira,SP
8ed8ea9a57c862f2c18c2fe41f601d56,89030,blumenau,SC
1554a68530182680ad5c8b042c3ab563,37580,monte siao,MG
152ee17e4c8aaf53dac99f3462e4999b,89248,garuva,SC
fac35d150712afb921ec59ac5f39bb11,38650,bonfinopolis de minas,MG
04aa0a1c5ce6b222003403a3e11c3cc0,13150,cosmopolis,SP
ede0c03645598cdfc63ca8237acbe73d,14092,ribeirao preto,SP
ef0ace09169ac090589d85746e3e036f,24451,sao goncalo,RJ
918717417d88a9f9ae9735567e6c7682,5547,sao paulo,SP
f19516b9ff26bfeb091b30108db4ddbd,13160,artur nogueira,SP
ed8cb7b190ceb6067227478e48cf8dde,11015,santos,SP
562f8cfc51f265411f487d07e9c40e7f,30575,belo horizonte,MG
97e4a63591ca439a2b8b7efd20e6e19e,20520,rio de janeiro,RJ
07017df32dc5f2f1d2801e579548d620,58030,joao pessoa,PB
52092ddbd3a58c450a4459bf051b2287,17300,dois corregos,SP
f1198c871e0171278b63f40d112caeec,1220,sao paulo,SP
87142160b41353c4e5fca2360caf6f92,90230,porto alegre,RS
289cdb325fb7e7f891c38608bf9e0962,31570,belo horizonte,SP
11305281b50fff20ae8bb473f8e11876,36500,uba,MG
9d681c7e12db302cb261e721040dde65,80330,curitiba,PR
c7bb64409aa480bb7d0335faaaf3d242,89218,joinville,SC
bb7ad8a45c027be8ab075b8e465f8ca0,88056,floranopolis,SC
8a207b6080964f3c1fc9d35bd6096ba4,15155,jaci,SP
fa1c13f2614d7b5c4749cbc52fecda94,13170,sumare,SP
bf100ecb7997df312b285358fb32f92c,83070,sao jose dos pinhais,PR
3504c0cb71d7fa48d967e0e4c94d59d9,9350,maua,SP
164a5a8794e6d42e14f55e447b12a3bc,85980,guaira,PR
638cba8be1fb599bbb76fd6948351eb3,12242,sao jose dos campos,SP
2f73e04d12cdf0c945ded66bb3fcf6c7,29313,cachoeiro de itapemirim,ES
fbc14c0cf93505ef89f64665ffa4a7b5,14150,serrana,SP
c3ee2331a724e6fc02c4b698b57a73f3,5108,sao paulo,SP
ddd51ae8cda92f3995a51fc0f0f3eec7,23062,rio de janeiro,RJ
34d1ca11b242c0fee2c834ae8d788566,36415,congonhas,MG
324583d68897f5ddbaf38f6248322176,15046,sao jose do rio preto,SP
96493fab2fbb13a14d0c0e8772eef5c3,5537,sao paulo,SP
d4ffeb15b67e81ff9af2b4252d99fb7e,12943,atibaia,SP
b5d034ac251546e25afe9067f05c1539,6852,itapecerica da serra,SP
8a1ff5c35f6595a73fef4c7b96e4908a,83091,sao  jose dos pinhais,PR
7c1fea10b5b006671d608b1d7c446ec4,18550,boituva,SP
b6e1504972665f739dec4facb9943775,13405,piracicaba,SP
f76a3b1349b6df1ee875d1f3fa4340f0,3275,sao paulo,SP
99eaacc9e6046db1c82b163c5f84869f,14400,franca,SP
8603f0038fe0e52fedd3382d266723de,88495,garopaba,SC
d98eec89afa3380e14463da2aabaea72,90010,porto alegre,RS
08084d990eb3f53af056ccbc1730c8a7,3612,sao paulo,SP
23613d49c3ac2bd302259e55c06c050c,13660,porto ferreira,SP
87d3c3aeb3ead335511b3ce315eb341e,3059,sao paulo,SP
93b9a99027bd8bd6af682aff18dd19bf,7600,mairipora,SP
0bf0150d5b9d60d9cd2906003332f085,1547,sao paulo,SP
7ecef8194babfec876ca720714327841,13041,campinas,SP
30829ded4523ab9224b93bc49a62c95f,95360,parai,RS
dcb7367a92f5ffb89f1e2152ed260285,17700,osvaldo cruz,SP
5075aaa8404020ae6aa8bf4792099b41,37706,pocos de caldas,MG
d354c38a7182125a748cb10474fe963b,28495,aperibe,RJ
4be9ae93c4fc0f41713d71a4194ee1b3,35500,divinopolis,MG
e0487761face83d64fcada2408959a36,1021,sao paulo,SP
c3cfdc648177fdbbbb35635a37472c53,80610,curitiba,PR
c8cc60ffd415254af5d9b9f34f32c369,18053,sorocaba,SP
1ce3ae5a399804d1a87e706f8a813c3e,88715,jaguaruna,SC
5f26c1408a65b42a7224cd463bdf3292,86707,arapongas,PR
e59e575a175fadcadf8479e191770425,26210,nova iguacu,RJ
2138ccb85b11a4ec1e37afbd1c8eda1f,8250,sao paulo,SP
ef30892870c278497523264be1be2241,14801,araraquara,SP
d5b9a084373da994a6e37f732169a853,9182,santo andre,SP
fe87f472055fbcf1d7e691c00b1560dc,13085,campinas,SP
f46490624488d3ff7ce78613913a7711,7194,guarulhos,SP
4d0041cdbe51b4617d95c70b19decc74,36052,juiz de fora,MG
db46ca7bce82b11f7e247539271fc390,23080,rio de janeiro,RJ
ad420dd0c4f92f8af951ac24b86d0cf5,38230,fronteira,MG
e8b4225284fbb02d16f200513f1f395d,14960,novo horizonte,SP
f61c63d13f7cd800549d5acdd390ae72,18185,pilar do sul,SP
054694fa03fe82cec4b7551487331d74,15840,itajobi,SP
a9415cf907dfa12f9ed18693244f5329,36320,prados,MG
c8b0e2b0a7095e5d8219575d5e7e1181,8598,itaquaquecetuba,SP
38102b031c2a15e54623d711bfc753d3,62170,mucambo,CE
391fc6631aebcf3004804e51b40bcf1e,14940,ibitinga,SP
33cbbec1e7e1044aaf11d152172c776f,95705,bento goncalves,RS
49383af7ab774e4e8f3000f49c83dc4b,12080,taubate,SP
8a2d12a90e92f012ce5226fc6592b653,81210,curitiba,PR
52956b80ae65fda598f06f6b9943e7a9,87050,maringa,PR
762ed976527cddf02787edba70fffa2a,86026,londrina,PR
e59aa562b9f8076dd550fcddf0e73491,82810,curitiba,PR
e84ad2127668df3aafc6b73531a0beb8,4613,sao paulo,SP
e9779976487b77c6d4ac45f75ec7afe9,11701,praia grande,SP
6b90f847357d8981edd79a1eb1bf0acb,7152,guarulhos,SP
48328ec9a579151d9cc6a86d4a59336c,92310,canoas,RS
73a63f72308aa20a46f4b1632018f196,82510,curitiba,PR
f62d7bb4a613ec758a03342d46b580b2,36570,vicosa,MG
7c5b05cbdb5542049f38d90d7815b97d,5201,sao paulo,SP
db4350fd57ae30082dec7acbaacc17f9,3126,sao paulo,SP
845e8036c3f7bf62099352f5ed910240,21041,rio de janeiro,RJ
4324dd16853115efb0fd9d0d131ba6f4,13720,sao jose do rio pardo,SP
0a198e95d32b1be2da9424c962a6ebfa,32260,contagem,MG
55a5b51f93f2b70ea513f5a047b0262a,36301,sao joao del rei,MG
6426d21aca402a131fc0a5d0960a3c90,14091,ribeirao preto,SP
8a432f4e5b471f8da497d7dc517666e2,19042,presidente prudente,SP
da3fede3469bf49b7293ce3fc45b294d,8743,mogi das cruzes,SP
c092292535a57dacd95a8765f5518f87,26600,paracambi,RJ
20a8b0dc55da94fe74d112082427c84f,13312,itu,SP
bfd27a966d91cfaafdb25d076585f0da,13930,serra negra,SP
fadb07c842a2aef5d5a676b85f220e71,15052,sao jose do rio preto,SP
6b15924333bd1a741595fe981ea04822,9541,sao caetano do sul,SP
04e38a233f726ef161074ab1c9b0399a,1239,sao paulo,SP
7ade73f1b9b4e965f9009a4c3a7e2c15,17051,bauru,SP
a369d693961cb93b61ca2cc518872a85,15081,sao jose do rio preto,SP
fb8904a8ea99f8831b64ce27db2c1765,9550,sao caetano do sul,SP
134285d1f41da5c13a756ee8142c8a4e,2523,sao paulo,SP
b8578d2d823bd8e251f6fdd02b40902d,89069,blumenau,SC
d9d43faf741ceaa8da52fdbb81d9e0e3,36010,juiz de fora,SP
964ff64dc05b13811c6d0f41e0aa5f6b,4154,sao paulo,SP
84c945f15571830c1a91a33978e94009,2851,sao paulo,SP
2d378dbb39815785238c0139c7647fb7,89240,sao francisco do sul,SC
0b0ddbc7b9d9584f442c7ac92b0ff6c9,7052,guarulhos,SP
1690cada046eb7e92c12f98b1f8a8167,1303,sao paulo,SP
42b729f859728f5079499127a9c2ef37,3910,sao paulo,SP
179d859f51292aac5c10806a356f7af9,9411,ribeirao pires,SP
6806dad1da97bfb5a9038eac6881f706,83280,guaratuba,PR
94231344608e603693b0a8891143f65d,91520,porto alegre,SP
47efca563408aae19bb7206c2d969ea9,64033,teresina,PI
11938fcc75f6902fea1d0a6f72b54a57,89900,sao miguel d'oeste,SC
9c0e69c7bf2619675bbadf47b43f655a,12230,sao jose dos campos,SP
52f976b17ea7f2f087f56dcc419328f6,86820,california,PR
3586b8580d9c917874e053a1bb37b5ff,14802,araraquara,SP
6edacfd9f9074789dad6d62ba7950b9c,7135,guarulhos,SP
4677a5437afda5fa7140b927b07be1cc,84920,japira,PR
3e8bd881d92466e63ba9e3e809cd3c50,20751,rio de janeiro,RJ
4a1917ef994878940e1fb03eeb787ad7,70610,brasilia,DF
334cab711dee080b079fa5779b584783,9190,santo andre,SP
9dd59e43f0c9f0553244e8f9c2fb247e,85851,foz do iguacu,PR
ccf8813e5a7d6c84d865cd38bfc2b130,12080,taubate,SP
8d956fec2e4337affcb520f56fd8cbfd,9780,sao bernardo do campo,SP
e5a3438891c0bfdb9394643f95273d8e,13483,limeira,SP
138dbe45fc62f1e244378131a6801526,2215,sao paulo,SP
5058e8c1e82653974541e83690655b4a,8583,itaquaquecetuba,SP
9674754b5a0cb32b638cec001178f799,4438,sao paulo,SP
4d232b78ab7ef10393dc3807d827bc0d,30120,belo horizonte,MG
d3dcf0604eabf0224fbd5948b5e02f69,3654,sao paulo,SP
49067458c68f7701fd334ce326accbe0,36050,juiz de fora,MG
dfa0c4c6229ab200a4a1336b4d7128ff,88085,florianopolis,SC
76833248bbc0e65a0293ec62023e4396,16200,birigui,SP
2cb6eb1b7185064167657fa09f541105,34710,sabara,MG
54583ab379489add547fe47b628db589,9810,sao bernardo do campo,SP
51e0557bc7b86de13e946c60ee91ce39,31510,belo horizonte,MG
0bebbb2cea103a4a020c95d43fd7d754,2515,sao paulo,SP
6c7d50c24b3ccd2fd83b44d8bb34e073,19025,presidente prudente,SP
3faf68a3b0af94b10bac70d86077be49,13825,holambra,SP
f650a9708fa1bab22bdd8d3a818cc415,88901,ararangua,SC
5cbbd5a299cab112b7bf23862255e43e,83324,pinhais,PR
8a8835a43bda99fd37310ad76c457510,9540,sao caetano do sul,SP
ca3bd7cd9f149df75950150d010fe4a2,4361,sao paulo,SP
323ce52b5b81df2cd804b017b7f09aa7,3306,sao paulo,SP
76ea5315acb3f5f7ade3cd261faf922a,4213,sao paulo,SP
4b1eaadf791bdbbad8c4a35b65236d52,14092,ribeirao preto,SP
bc503e244f187939d10c92a5c8e378ce,16200,birigui,SP
70125af26c2d6d4ef401a1d02ae7701f,74435,goiania,GO
c84592044b180dec206770c38603814b,1026,sao paulo,SP
1caf283236cd69af44cbc09a0a1e7d32,26020,nova iguacu,RJ
ba90964cff9b9e0e6f32b23b82465f7b,7140,guarulhos,SP
5e9f5bd34e0830569f05c9d4f56e04a8,90560,porto alegre,RS
15fa791d5e017f66402dc28c44480657,3307,sao paulo,SP
20d83f3ef0e6925fd74bfd59170babf7,2804,sao paulo,SP
59417c56835dd8e2e72f91f809cd4092,13480,limeira,SP
a13580f0e8f782b7a543885a0ef99f08,22790,rio de janeiro,RJ
ccada0ef508e698917a6eab263375905,85948,pato bragado,PR
fe1bbc5feda5c8979a8a1b3b2512d5a6,38680,arinos,MG
23a0ffca143a15b9b5bbdb7d552f626a,13520,sao pedro,SP
32b8764b4ef628b53608fc34011fcc13,88504,lages,SC
e7df4cd29ab5abab70fb0783ddb53987,4122,sao paulo,SP
0432ead42b6c8a0bdf68154add917fdf,9320,maua,SP
7e959205cebc10adefcb331f934238a4,1223,sao paulo,SP
2a261b5b644fa05f4f2700eb93544f2c,13660,porto ferreira,SP
f680f85bee2d253556ac91be391d2c82,6365,carapicuiba,SP
3785b653b1b82de85ab47dd139938091,85640,ampere,PR
d379f449f2a3b271bc01c0782020f705,35500,divinopolis,MG
7ea5bfa6c340f58f8e71fc1f0412b0d6,30180,belo horizonte,MG
c54679b132454625907c773d273d4126,11443,guaruja,SP
bd697db56ff8e7c9cd1abeb7f72029b2,3533,sao paulo,SP
1a3df491d1c4f1589fc2b934ada68bf2,89224,joinville,SC
e81e1f9c3e762e620f3fb60a51499e16,89520,curitibanos,SC
4e480be820e37de1444325ff358c9296,37410,tres coracoes,MG
6560211a19b47992c3666cc44a7e94c0,5849,sao paulo,SP
e3e290b38963293022cdcd6db8328103,1403,sao paulo,SP
70b52a4cfc823994561b00bad161b4ed,2727,sao paulo,SP
596849622429351f47b32e6cae1055ff,8710,mogi das cruses,SP
e6ffc9ac6a7adc9d16a1cfc2286dd546,2565,sao paulo,SP
bf0045791395e66460eb04749c68672a,4256,sao paulo,SP
718539d38d07dd351c76db862760e2e2,13088,campinas,SP
0b90b6df587eb83608a64ea8b390cf07,87025,maringa,PR
9200e6ce317b67196b6b0bad4d4bd567,20771,rio de janeiro,RJ
3bb32fedaa74e4ad20f4ce067733bd31,88210,porto belo,SC
ae8bfdbf1c2a2a2dee92d799db0a31c6,85900,toledo,PR
8a87611c08849ffeeccab52aa798b6c7,82940,curitiba,PR
679769a98cfcc6da877c8486ff1c13f3,35162,ipatinga,MG
acf974e4d5950ad143a247471b831eb9,95059,caxias do sul,RS
20a7efa9721046319bdde5d60b6b5365,88790,laguna,SP
febab0275244b9a49a623f0bd613ca2f,13920,pedreira,SP
f3da5b2ff499efb8d4a6d371d175d7dd,2407,sao paulo,SP
d2f3e277560ed4c6361284429b00f037,12942,atibaia,SP
67883baaae6134ee81b271a542613728,1310,sao paulo,SP
05e107217c7266362fd44b75b2cd4cc4,5353,sao paulo - sp,SP
d97df38225e5abadaff1e72cb72b823c,9560,sao caetano do sul,SP
45213867cefbf2cd4c6177e10216a951,13603,araras,SP
a420f60ff1aa9acc80d0e42959f2b313,5138,sao paulo,SP
ff4ea69c2a729e83e63c7579e4ef8170,7071,guarulhos,SP
916748bc99315c2d202898ae58b1617e,18040,sorocaba,SP
bc2ac6b95e1accce9858528ee566c17e,13085,campinas,SP
02c988090b766852e088c69d7fb3b551,13473,americana,SP
ad97a199236354e53fcd91a5a913e9a2,88350,brusque,SC
c7dcd301ecfe5ab7f778ac172cf74be7,30120,belo horizonte,MG
6c17baf138731a4aaacc3210adf2037b,14400,franca,SP
8602a61d680a10a82cceeeda0d99ea3d,1001,sao paulo,SP
c3acdfac4e3e97ff87529454fbc03642,5705,sao paulo,SP
fde0cc9ea29c8ccfc0a2c22256a58c71,81650,curitiba,PR
e63e8bfa530fb16910dd6956e592bb81,7160,guarulhos,SP
c4f7fee5b0db50e87766f5a4d1b1b758,18085,sorocaba,SP
515d781150feed28a6ac091bb0e3cb8c,79090,campo grande,MS
2646baaf662d4d92ac48f047e35db92d,3303,sao paulo,SP
13fa2a6c6b9d0f43cb588d7c82117a12,3567,sao paulo,SP
5343d0649eca2a983820bfe93fc4d17e,9270,santo andre,SP
e4ebd3f87bf70440014f07ddda7fbe03,19470,presidente epitacio,SP
33a17d60c64393351ebf1ef860f4e0f2,91510,porto alegre,RS
640e21a7d01df7614a3b4923e990d40c,14940,ibitinga,SP
d57e18d5f73c7ccb7f7339b61166898d,3613,sao paulo,SP
dd2bdf855a9172734fbc3744021ae9b9,31255,belo horizonte,MG
079d295dcbf06ee8bb1b65ba964eb2b6,2124,sao paulo,SP
55c26bcb609f480eb7868594245febb5,14910,tabatinga,SP
cbf09e831b0c11f6f23ffb51004db972,9726,sbc/sp,SP
7fdb0720c8d7c9075538b365dc8c3a22,85904,toledo,PR
4aba391bc3b88717ce08eb11e44937b2,45816,arraial d'ajuda (porto seguro),BA
715bbd5ba4e6b74cb0d2f29eb45058b0,13930,serra negra,SP
1430239a858e7682bbc43b20758af153,4087,sao paulo,SP
bb7a14e229b1c95156719c3d9552eeee,23095,rio de janeiro,RJ
edc518ba25576a0188a0e8f2c3af186f,7023,guarulhos,SP
4c18691b6037662be2df78a765d98ab5,3167,sao paulo,SP
8f2b51a30523cdecddc2f179f351c7d6,4833,sao paulo,SP
6b536a23086fba0d58c08d68814397f6,24346,niteroi,RJ
95f83f51203c626648c875dd41874c7f,37564,borda da mata,MG
6b243f80ed07b10f0e8aa0f21a205f3c,81825,curitiba,PR
e7f3bf1ecd8526eb7f3b18059e6716e5,11680,ubatuba,SP
4d600e08ecbe08258c79e536c5a42fee,85988,entre rios do oeste,PR
2089a6d640999f9b9141ac719b2af596,13566,sao carlos,SP
458c6fa920810ce2492da71bc26d9eec,15813,catanduva,SP
698f5fa55a5f73d0740e9d9a773e8093,20751,rio de janeiro,RJ
3969863bb8af7f72580b3b1ffd3a17b3,3550,sao paulo,SP
2a5b78b41cd05baeac8df54c6606b92c,35570,formiga,MG
08f5819815f3d06545011850bd70f0a8,11075,santos,SP
b32be1695eb7ec5f10f72d9610a12527,95012,caxias do sul,RS
b94cc9f10ddc85e4ba73a6f7974e7101,27930,macae,RJ
53243585a1d6dc2643021fd1853d8905,42738,lauro de freitas,BA
6df688df543f90e9b38f4319e75a9d88,31230,belo horizonte,MG
7f40d06aa0b5f1aa4f41af8c0480e2ef,13506,rio claro,SP
72c38a04bd6a1c3dbc5298425a0db86d,85804,cascavel,PR
9e17b9d64683aebcbb9ee362d06463b4,14020,ribeirao preto,SP
b1fecf4da1fa2689bccffa0121953643,79107,campo grande,MS
7b1222c3624aa89b9558b50a2594188c,15041,sao jose do rio preto,SP
e595809a6c31ec4314fd06ef198c244d,88370,navegantes,SC
b8114f2f589a6804810f04f99b36b498,9633,sao bernardo do campo,SP
570d4583587a5fe2d47c7be89b91ad27,2220,sao paulo,SP
b33aaadd1a8891d2dfef0c4c3bdf0371,13481,limeira,SP
5d9dc90a686a8fddacffab6bab5653a3,6513,santana de parnaiba,SP
dee656f0f566ed1aa85bd137c943f08f,12701,cruzeiro,SP
d673a59aac7a70d8b01e6902bf090a11,14940,ibitinga,SP
966cb4760537b1404caedd472cc610a5,9920,diadema,SP
f3b80352b986ab4d1057a4b724be19d0,71200,brasilia,DF
0307f7565ff85b299b6e5ef162b1b1a9,15085,sao jose do rio preto,SP
ffeee66ac5d5a62fe688b9d26f83f534,15130,mirassol,SP
9aa388272ee334b6ae07bc73706e254a,36886,muriae,MG
74bafed391319577bce6f4d2acc0589a,1311,sao paulo,SP
2b03ac196f5ed62ac483960fe0fa3b65,2510,sao paulo,SP
0b64bcdb0784abc139af04077d49a20e,92420,canoas,RS
0bfd0b434243adc5c2e1aa6baf19c6aa,22745,rio de janeiro,RJ
5e105f5c9f63f5f1fd75d6cb942e55b1,15076,sao jose do rio preto,SP
2fb25ab44bdbeae6a4d816e0d0c9d500,27274,volta redonda,RJ
ed4311e67debd72b8610a5347a743087,7170,guarulhos,SP
f9bbdd976532d50b7816d285a22bd01e,5319,sao paulo,SP
f52c2422904463fdd7741f99045fecb6,9230,santo andre/sao paulo,SP
14f2b3587172b9db894c9bad8dab520b,95240,ipe,RS
1354d51653f645349064725ed204e85e,1230,sao paulo,SP
5b664594895aefb418afaee6d40a9a23,25750,petropolis,RJ
bf00385a5f7fc1ef39a13c2e9ee50a5f,1224,sao paulo,SP
391bbd13b6452244774beff1824006ed,13082,campinas,SP
ec4608a1f76453166bb312b2968aeaf4,13660,porto ferreira,SP
5c603ffb38cbbf25a0e0698941324143,37004,varginha,MG
2bd05d410a8fd26dc4184a15f4f2f588,31130,belo horizonte,MG
293dee954235e4e4e43f129313625ebe,72125,brasilia,DF
cd68562d3f44870c08922d380acae552,14050,ribeirao preto,SP
082e0bf4cb865a6533b1e8e498cc0255,18608,botucatu,SP
c286ec035ee04ba81c97508f0b5df544,81320,curitiba,PR
dd8a29ce82d5c705ba932d81494600a5,8220,sao paulo,SP
41da412d33e8da4f22baf55cb1bde82c,29260,domingos martins,ES
782f78b632a43875dd5b53e3e49c9564,13030,campinas,SP
28405831a29823802aa22c084cfd0649,3644,sao paulo,SP
a67780aba9dd436e7ac0aa1f889e73ec,19027,presidente prudente,SP
d594982fd877af63ace38ea1fca27c76,1031,sao paulo,SP
5bc55dbe2f12b6af6d83ed46023e0dc8,35170,coronel fabriciano,MG
b1b3948701c5c72445495bd161b83a4c,3390,sao paulo,SP
723cd880edaacdb998898b67c8f9da30,14940,ibitinga,SP
00ee68308b45bc5e2660cd833c3f81cc,3333,sao paulo,SP
001e6ad469a905060d959994f1b41e4f,24754,sao goncalo,RJ
701938c450705b8ae65fc923b70f35c7,15014,s jose do rio preto,SP
f5f1f2c5f923f36ad79ea1d07185ddc9,19820,taruma,SP
cf8ab1616079e2793aa29d524df01bb1,4088,sao paulo,SP
160851d3ece7aa1a510f8d1a4bb8a8af,17400,garca,SP
59b22a78efb79a4797979612b885db36,38414,uberlandia,MG
ea8482cd71df3c1969d7b9473ff13abc,4160,sao paulo,SP
3d4824f20035949c710eaf111f869d39,18015,sorocaba,SP
042573af89b6d931f672efaf789d8358,18015,sorocaba,SP
5b925e1d006e9476d738aa200751b73b,4567,sao paulo,SP
06bb3a2fe5e7b7a845b13e8fb91bd944,31844,belo horizonte,MG
fe2032dab1a61af8794248c8196565c9,13030,campinas,SP
3092c0b297aacfb4bb6e056ebe13b9b8,7402,aruja,SP
74a9b9bddf14ece02beb81f52c41a88d,1156,sao paulo,SP
1cbd32d00d01bb8087a5eb088612fd9c,3363,sp / sp,SP
e0a366315b1b726b6c7832d664c0f530,2258,sao paulo,SP
120476eb7a04c149d14772edaf5d9bf2,23954,angra dos reis,RJ
cd6efc47efaabf134f8bdb654e10b4f1,23050,rio de janeiro,RJ
2a7c6c0b0d5efde2bf75ec1e1cec2d41,87015,maringa,PR
4e17c65a516f69d023a2ae78b84f28d6,8673,suzano,SP
a8739afb32aaa45e01815ca76f76f54b,9850,sao bernardo do campo,SP
e3d3b3efac954a60d61be70b7e05b49b,3370,sao paulo,SP
c7a0a13cbcf29d5ce51c8f80afdc0b89,89170,laurentino,SC
33ac3e28642ab8bda860a2f693000e78,6717,cotia,SP
18a349e75d307f4b4cc646a691ed4216,1319,sao paulo,SP
b55638ad525e906c698fa2ce742c1742,88780,imbituba,SC
be9a160a9011f627c3e121d076c1ec7b,89256,jaragua do sul,SC
ed859002ad59dbf8cf3602696a6c3000,86035,londrina,PR
12b9676b00f60f3b700e83af21824c0e,95780,montenegro,RS
ef2fbc2b607d8492bcffe657a4645434,20051,rio de janeiro,RJ
9c57bc60cfad5ee62d35d3f1ce4593a1,81200,curitiba,PR
9539213aa8e023c01937bef95dc006da,3673,sao paulo,SP
8fdca8e349553f99bc738833a62c8802,2189,sao paulo,SP
4ebdc7e6cd6102a022dadc49156d4ea8,5030,sao paulo,SP
f918546be4bec7104d117789ba758b2b,5634,sao paulo,SP
eb4a59a06b3948e851a7d7a830bcbc42,41820,salvador,BA
4091f77d8c768fc3e81c20761471761d,3059,sao paulo,SP
26bad72add1f86e08a776ce4ffdaf1ca,14470,pedregulho,SP
612170e34b97004b3ba37eae81836b4c,93542,novo hamburgo,RS
2a84855fd20af891be03bc5924d2b453,30111,belo horizonte,MG
cf2384dd2f1dddea3f838efed0945e65,13930,serra negra,SP
439a47cc365d6e3bd526812ea9de3c29,8730,mogi das cruzes,SP
6ba4733aa33f6386e9fb0c0fd3993b38,95560,torres,RS
4b39558c138930b9e5489c93b6df5fe3,49055,aracaju,SE
4b9750c8ad28220fe6702d4ecb7c898f,13484,limeira,SP
2059c39f76271d4ca3f15b5ffaccc8b8,81930,curitiba,PR
5a05a16bb50629ee31afab8a6d4c2674,95076,caxias do sul,RS
edb65fe661681b1c0de8bd47c8655855,8111,sao paulo,SP
8cbac7e12637ed9cffa18c7875207478,89254,jaragua do sul,SC
fdb9095204a334cd8872252ffec6f2db,3331,sao paulo,SP
0cab2da43793a6f3c5ed8514c5f54627,80060,curitiba,PR
aae3bfea055532c57fb453ed3ec80b30,9271,santo andre,SP
cb5df0dcb9e280b1780e9d589889f2c7,15115,bady bassitt,SP
9bcdfa7b615b3abb9461d9e3ad9886ae,89053,blumenau,SC
271c58a1d139c45eaf3316107c6d3a3b,3632,sao paulo,SP
2dee2ce60de9709b1a24083217181a1f,78552,sinop,MT
f84fa566034f5e8e880a07ec624c56af,13330,indaiatuba,SP
4c1c7281388a33dd06daac44f9fadbd1,17510,marilia,SP
9cea4682e16655f7da87f406902e989e,83707,araucaria,PR
b1ac6ea7895bc3dd6f0f6f4abbdd2821,92030,canoas,RS
851773c885feb5e2da3b4f82bc2b17ce,18683,lencois paulista,SP
0ff83046c3fa22efee8ecf291888b191,95110,caxias do sul,RS
2b2fed75b8e5ea3a052fc4c0825da485,36015,juiz de fora,MG
9f50216bfd01913736a55a11b55ea842,12020,taubate,SP
2d518637f53161b973e01f56ea4bb88e,2992,sao paulo,SP
aafe36600ce604f205b86b5084d3d767,88115,sao jose,SC
efff9341f3f8f5237b44ff67ed36a7bf,29090,vitoria,ES
5b07547f10dd980738a1a27f685af669,7013,guarulhos,SP
5882820ef11c4c068eea0677a7a879b4,95082,caxias do sul,RS
7357b52d27cbaa90f81a96cbc1279396,33400,lagoa santa,MG
180c3376aff0e43dd5788709df48a843,9911,sao paulo,SP
f4c4daa86e30c7e5a553a8d518ac03a5,85801,cascavel,PR
b0f2a6122a90a93eb03e68653dd960e3,80710,curitiba,PR
6c1b6d0c604b776f844125f911eb7377,5051,sao paulo,SP
a888faf2d1baececa6baf9c3d603ee1f,87502,umuarama,PR
681fce914360217db47784ae28905a96,83709,araucaria,PR
41b39e28db005d9731d9d485a83b4c38,9220,santo andre,SP
609e1a9a6c2539919b8205cf7c4e6ff0,88359,brusque,SC
c3e2398fcc7e581cda2e546557bf6968,4781,sao paulo,SP
001cca7ae9ae17fb1caed9dfb1094831,29156,cariacica,ES
2eb70248d66e0e3ef83659f71b244378,13101,campinas,SP
6061155addc1e54b4cfb51c1c2a32ad8,13043,campinas,SP
8b87cd0d43d49b9bdf40f56229364d59,4111,sao paulo,SP
52a50b42accf164f9f019941e5759d9b,13820,monte alegre do sul,SP
c6bda72e4dbf5c5866b13cb1810c6d03,3087,sao paulo,SP
4a82c4af97ffc0fb2dc26bfdc03b1842,35590,lagoa da prata,MG
3985a3c45be355a4c57fde108bfabd1c,95690,rolante,RS
07e8e8fc5222bb358e6f259da3197074,4216,sao paulo,SP
cd06602b43d8800bd0afad514919d35c,4119,sao paulo,SP
8f0fbe2cd4d472157dc1cdef6edecaa9,2755,sao paulo,SP
f44b6f775a2b390380e0e30b5c9d3eee,3057,sao paulo,SP
2e0dba2da448400b1c11d7b4b22f32a4,9070,santo andre,SP
e882b2a25a10b9c057cc49695f222c19,25963,teresopolis,RJ
28c7d8743fbc8679f484868cc0fcaefb,18480,itaporanga,SP
9baf5cb77970f539089d09a38bcec5c3,13330,indaiatuba,SP
f4a04f7be452aa3bb31760bf00055dd0,9010,santo andre,SP
dbc22125167c298ef99da25668e1011f,37564,borda da mata,MG
bc302730ea8cf49b5c74f579febb5bbf,13015,campinas,SP
e64ddbe1cbcf4f2fc3092b7c481f3f9d,3513,sao paulo,SP
56e361f411e38dcef17cdc2a3d99628b,7113,guarulhos,SP
048c2757535328e0d7dac690ad3c0aae,14406,franca,SP
b127efdabeffb5d559349c7b172eb75d,4308,sao paulo,SP
951e8cef368f09bb3f3d03c00ca4702c,14940,ibitinga,SP
33d677f27a69b84051204ee4ae76eaca,89218,joinville,SC
b88e7c57cb2d8b973b7dd4a2bfa14b36,81350,curitiba,PR
1967a9e2ad6f51802b093147d861df58,1209,sao paulo,SP
d91fb3b7d041e83b64a00a3edfb37e4f,11704,praia grande,SP
3d5d0dc7073a299e31fa718ce1bc00b6,22785,rio de janeiro,RJ
688756f717c462a206ad854c5027a64a,7094,guarulhos,SP
9b00ed88b7fdb95d6ff76e27c1b52d16,8215,sao paulo,SP
4be6b962d83299498bae2190f95d6566,13561,sao carlos,SP
c864036feaab8c1659f65ea4faebe1da,83605,campo largo,PR
8d899e15a5925f097cca50faa49b15e3,18131,sao roque,SP
79565f7d5603b24ddf07ade262547f2f,14804,araraquara,SP
ba143b05f0110f0dc71ad71b4466ce92,2274,sao paulo,SP
4e0d109ccfba9a1151c103049880c857,25550,sao joao de meriti,RJ
c522be04e020c1e7b79f3acff36513d5,6501,santana de parnaiba,SP
5f5b43b2bffa8656e4bc6efeb13cc649,4880,sao paulo,SP
87f3e35268860433e13d577825aada95,12955,bom jesus dos perdoes,SP
4bc3d93e4a5f88a598d3d8ce4ae510b3,4564,sao paulo,SP
6e864f5c4669eff3d98140a07cc50202,5639,sao paulo,SP
7bcd7c5f8631701474db233ccf1c094b,2047,sao paulo,SP
8b2d4ab22f42c5cfc338b846decfda60,83820,fazenda rio grande,PR
d9bd94811c3338dceb4181f3dbc0c73e,4186,sao paulo,SP
dbd66278cbfe1aa1000f90a217ca4695,5588,sao paulo,SP
e7d5b006eb624f13074497221eb37807,9291,santo andre,SP
04fdea0c111866e6cf812f1570d6b5bd,8411,sao paulo,SP
63b464dbf392c7b80d12d932fa7cafed,2034,sao paulo,SP
9c068d10aca38e85c50202e17b4a7e88,79400,coxim,MS
7c67e1448b00f6e969d365cea6b010ab,8577,itaquaquecetuba,SP
66dc1b1632bd6a3e508510c5b3492107,17210,jau,SP
939e6227d6964a11a70aa91243e418f2,36408,conselheiro lafaiete,MG
91f0eec23d4a61d7d7caeefa3f0ad1ca,88704,tubarao,SC
b335c59ab742f751a85db9c411a86739,38442,araguari,MG
c24173065483e421f9e5e7f599de101d,3548,sao paulo,SP
01fdefa7697d26ad920e9e0346d4bd1b,86050,londrina,PR
d9e8c084b68fe958861d8f2c21202e6b,5528,sao paulo,SP
43f8c9950d11ecd03a0304a49e010da6,6341,carapicuiba,SP
257e61d3251fb5efb9daadddbc2cf7ca,86804,apucarana,PR
5d76d80a2f5f39c891b996a1bf4c9853,5727,sao paulo,SP
cfa5ab0e4d3fc212fd0b3410e7081c62,36500,uba,MG
19d62d484cba71963c93f0f00ab42013,89114,gaspar,SC
c60b801f2d52c7f7f91de00870882a75,7174,guarulhos,SP
eeb6de78f79159600292e314a77cbd18,88501,lages,SC
e51f22821f0c12a16ad5c020cdcd55e9,6341,carapicuiba,SP
4bf2f4ee540798a61f9636d12cd9cc80,19814,assis,SP
25e6ffe976bd75618accfe16cefcbd0d,5503,sao paulo,SP
9dda5bbacd45e18d6485fee649205d09,37540,santa rita do sapucai,MG
2528744c5ef5d955adc318720a94d2e7,13202,jundiai,SP
062c325cd6a2b87845fab56b4ec2eeae,8150,sao paulo,SP
1d8dbc4f32378d715c717c1c1fc57bae,86706,arapongas,PR
fc906263ca5083d09dce42fe02247800,31030,belo horizonte,MG
1d2732ef8321502ee8488e8bed1ab8cd,20031,rio de janeiro,RJ
626ab1cd96932367f0eeec2e47046c12,5048,sao paulo,SP
ce69a8021d18961dd2a40269b7c2c293,81070,curitiba,PR
9596c870880d900012f2e8e6e30d06d7,37074,varginha,MG
4b98b0428fc1932cc2514ef9ce2505e6,6795,taboao da serra,SP
1da366cade6d8276e7d8beea7af5d4bf,36500,uba,MG
a3082f442524a1be452e3189e003b361,81560,curitiba,SP
a56a8043ebf66e42119618fb8cf232c6,89219,joinville,SC
184725737946a1a938bbbd1a9e978103,9370,maua,SP
244b04680fdbded0acf5aebd9c92b44a,13211,jundiai,SP
e96498ed8daaa3e9c23f7a62da76591c,5373,sao paulo,SP
5741dc2bf5044c34d0698681c5081bed,12226,sao jose dos campos,SP
ad781527c93d00d89a11eecd9dcad7c1,15015,sao jose do rio preto,SP
b5e3e38609125694d2ea2417522a60b7,88020,florianopolis,SC
bacb1f0ed56ad24198f5810d2b3fe9a5,12328,jacarei,SP
980640c45d7a4635885491d077167e4d,13501,rio claro,SP
2156f2671501a81034d7d07f217609d0,4776,sp,SP
128639473a139ac0f3e5f5ade55873a5,87050,maringa,PR
0791d9fc1e30678ecf03d3e55fa108d3,30775,belo horizonte,MG
7a241947449cc45dbfda4f9d0798d9d0,37590,jacutinga,MG
cfd7ddab722b902f7ac5b5f3ba6d723d,32372,contagem,MG
7e1fb0a3ebfb01ffb3a7dae98bf3238d,14403,franca,SP
376a891762bbdecbc02b4b6adec3fdda,74323,goiania,GO
1dfe5347016252a7884b694d4f10f5c4,14940,ibitinga,SP
33dd941c27854f7625b968cc6195a552,29107,vila velha,ES
579891617139df7d8671d373f0669622,20061,rio de janeiro,RJ
48985c61529077fa4f1e38bcff0f2ed3,90020,porto alegre,RS
25c5c91f63607446a97b143d2d535d31,35680,itauna,MG
f205b1a3ca9a34e0f8a228bae6e4c7b3,94965,cachoeirinha,RS
d2374cbcbb3ca4ab1086534108cc3ab7,14940,ibitinga,SP
ef728fa1f17436c91ed1ccd03dcf9631,17201,jau,SP
1eade46fba20122dc4aefb379f8c636b,2066,sao paulo,SP
c9a06ece156bb057372c68718ec8909b,73020,brasilia,DF
6b2612338467c08c9b25f0cc55b1578d,86990,marialva,PR
40d54b51e962dbe09cabbcfd33298dee,9230,santo andre,SP
70c27847eca8195c983ed7e798c56743,20930,rio de janeiro,RJ
b98b715fe9e276204e2a3464f48cd796,3827,sao paulo,SP
05d2173d43ea568aa0540eba70d2ca76,37135,alfenas,MG
661ad5fcc28cdfb8bcadb12bb2272475,88330,balneario camboriu,SC
101a3a003516bc11253298b2fad3cb65,13503,rio claro,SP
b839e41795b7f3ad94cc2014a52f6796,9541,sao caetano do sul,SP
6824a69c9ea0313eba299dd4a2dba09a,35570,formiga,MG
058cb5aeb36d7c0fcae20fc85d5e0a59,21635,rio de janeiro,RJ
48efc9d94a9834137efd9ea76b065a38,81130,curitiba,PR
218f991754f360af9c2daa5e0b8e990c,1123,sao paulo,SP
37dd29b36c458d82f74a953c40c43645,13480,limeira,SP
077c5fae4bea9500e3737b16f71b9d3a,18052,sorocaba,SP
0dd184061fb0eaa7ca37932c68ab91c5,7031,guarulhos,SP
5b35136197710e16ac5e7b7c2bd4ea85,22640,rio de janeiro,RJ
1d29dfba02015238dfbe2449a5eaa361,36576,vicosa,MG
ad273c9eb54ecb4532de4bf75bae9e4e,80420,curitiba,PR
57df9869a600bd6b7c405f2a862eccfb,37540,santa rita do sapucai,MG
777a0c55737f34ffeb78010f7542ab41,1541,sao paulo,SP
2aa3443d7bf9d9bb11133f420d75e083,22713,rio de janeiro,RJ
c3867b4666c7d76867627c2f7fb22e21,14580,guara,SP
0bae85eb84b9fb3bd773911e89288d54,88301,itajai,SP
35fb511489d9ee3ee27a76debce9df06,86061,londrina,PR
dbdd0ec73a4817971d962698f2fea022,60710,fortaleza,CE
6e1862e15f33d9994bc25922a85e1efc,13505,rio claro,SP
058fd0aa2bfdb2274e05e1ae971dabb6,9020,santo andre,SP
f615fe7efbef0f4f08fd3086bc7a3e60,12940,atibaia,SP
07bf9669d84d1f11be443a9dd938f698,4761,sao paulo,SP
08633c14ef2db992c11f840f04fad4cd,9416,ribeirao pires,SP
b0398568231ba5e6734af1881671a317,29704,colatina,ES
f419677537694f0462a91990df6ca44f,9750,sao bernardo do campo,SP
70bf57d811208f8923b41bbd499a67a4,7866,franco da rocha,SP
8c0de775f52fe41590b376a3b7c50f68,13178,sumare,SP
5b8154610ebb21fb90eb587365e673df,12246,sao jose dos campos,SP
bb2afe2061d53c6968aa0cffa233a8ec,4307,sao paulo,SP
fb89df7f89fd1b8f03fa2acca1ba7364,85853,foz do iguacu,PR
b18871c324516afa228a13e8f1ef0ae9,4186,sao paulo,SP
17ca9b9e9b9ef8fdb529001b49ebb50f,32677,betim,MG
3f0e48d209018b466fcd3bb4ccfeb520,80215,curitiba,PR
9add47bf45ce8e8c7db6b9cf670b1e09,83830,fazenda rio grande,PR
acce39e832338debb07b02385cde5967,32110,contagem,MG
397c4d0c005b6f41f90098ac724e28cb,9182,santo andre,SP
b2c97074649f92197d9387d9033dda5f,18604,botucatu,SP
f262cbc1c910c83959f849465454ddd3,3564,sao paulo,SP
bd65d163ded559eb90a10cd09fec178f,3526,sao paulo,SP
720e6cf846ea7572cbb66b743fb91e6c,8717,mogi das cruzes / sp,SP
8f580d36c1e9d6fbce95283403c7d447,14090,ribeirao preto,SP
f266295f49a28eee21f413e0cbb0521d,84020,ponta grossa,PR
6235903333ba7de1928c869e268e5964,89650,treze tilias,SC
cf1313c6e2c01c2f4b014f97db4bcd2b,22050,rio de janeiro \rio de janeiro,RJ
14ee35374a7876217954b5fa08e50463,15015,sao jose do rio preto,SP
373ee4a3a775a733770ca3f790b8b9ac,22793,rio de janeiro,RJ
432c37c9dfba871172ec162e20118b8c,70235,brasilia,DF
daf565f087a52def0fd5c5825b3661bc,88350,brusque,SC
ea3ebea5317b0efbc663ecc8ce5e9bc2,88036,florianopolis,SC
e9511df20ccd82658a30c37b7fb343af,17026,bauru,SP
4c8545742faaf58fafd5fd14d25d75cf,15603,fernandopolis,SP
27a56ff04b34c2ba34ce6ba4d3b9d616,13033,campinas,SP
888faa8bfb0b159c37de6d898b961c31,88750,braco do norte,SC
d8c7ba53e7e38711eaef8c2849d6d2e1,87120,floresta,PR
8a43128d7f9a3db592b866e6861a6cce,8080,sao paulo,SP
7cb946b1ad19faebe28c3e86c2794ec3,35701,sete lagoas,MG
6338ea67c41078a46ad99cc009654956,95170,farroupilha,RS
6c12e40690c335dbc2f68a4134d30dc1,84178,castro,PR
65febd49fd28ec955651299159b1f527,3275,sao paulo,SP
4ba52dfeba874da5b9ee7b17c7494f04,8790,mogi das cruzes,SP
5b581417df4480f632484ba681e53944,88050,florianopolis,SC
d0d70d21e2234dd7cd3cf63fe414148a,58865,sao bento,PB
c7c7b2682c648339a0e9846bb1023a39,12916,braganca paulista,SP
06e5eefc71ec47ae763c5c6f8db7064f,91350,porto alegre,RS
2a6fbeaa7ab9e5d59a35841a8da71ce4,89259,jaragua do sul,SC
77fccaae319668a8ab6cd0fd16aec48c,28035,campos dos goytacazes,RJ
1987cd4be10fe09ee50454f9c354d1c6,37570,ouro fino,MG
2d22fc3089eb907b29ebff50581fb472,27972,macae,RJ
ff1fb4c404b2efe68b03350a8dc24122,8710,mogi das cruzes,SP
2b5ed0c9139dae8883a200dfcb272ece,4087,sao paulo,SP
86bf77bdb52e615674772d5817c6212f,94410,viamao,RS
6860153b69cc696d5dcfe1cdaaafcf62,13360,capivari,SP
903037660cf848a717166eb7a06d616e,5734,sao paulo,SP
f08c008c8a8d31417763738a1788a2a8,85875,santa terezinha de itaipu,PR
bf3c6d2a28b2b5501e6c15448982dcc9,4180,sao paulo,SP
e99e927c81e3f51739c94fcdfca9f10f,38400,uberlandia,MG
49cdc90518a4f82676b38b3c1aa43ff6,3031,sao paulo,SP
066a6914e1ebf3ea95a216c73a986b91,85863,foz do iguacu,PR
6d66611d7c44cc30ce351abc49a68421,4378,sao paulo,SP
e48cc16ab70bfa09e1401740dce0b3d7,16022,aracatuba,SP
3d8fa2f5b647373c8620330c4e077a9f,3031,sao paulo,SP
76d5af76d0271110f9af36c92573f765,3194,sao paulo,SP
729f06993dac8e860d4f02d7088ca48a,13481,limeira,SP
41c9d3997dd3c072c31139dc5bb5761f,38182,araxa,MG
700f03c207639c22d933381ff60b35c2,14784,barretos,SP
b3b17aab11f273023a5f22ca52e1eb70,86065,londrina,PR
b19f3ca2ea475913750f25a5c37c8d8f,35501,divinopolis,MG
cc419e0650a3c5ba77189a1882b7556a,9015,santo andre,SP
0df3984f9dfb3d49ac6366acbd3bbb85,32604,betim,MG
7008613ea464bad5cb9b83456e1e6a8f,89460,canoinhas,SC
7f152321c60a266edc53af1925ef96c1,88801,criciuma,SC
c4fb51fb1c5b7c07bc5e67be6e7e8f6e,80060,curitiba,PR
52ac6f920b7280e4c6d30dd94de6259b,83321,pinhais,PR
994f04b3718c2bab35c2adfa8afecd2a,13912,jaguariuna,SP
3f3486b61f45078d4f31ee5e43d8c5bb,3035,sao paulo,SP
a06c8ff043abea0528ee44171e2140a2,35501,divinopolis,MG
6b3bd31ad8fcda4b2635ec9f3ff2ecdf,22775,rio de janeiro,RJ
977f9f63dd360c2a32ece2f93ad6d306,14910,tabatinga,SP
910a922b426b7ff95eaee129ad6c0e1f,15025,sao jose do rio preto,SP
d9442042130b7fe579d1295f9f4a248f,3550,sao paulo,SP
da2782c804606d2a5d8e1760dbb3e7ec,2022,sao paulo,SP
ce248b21cb2adc36282ede306b7660e5,89251,jaragua do sul,SC
5b0cc932433fa5184b5b94bfe6bcc256,14940,ibitinga,SP
7ff588a03c2aeae4fbd23f9ae64b760d,7183,guarulhos,SP
08cdbae123ff67ca4e36d9d641ce0119,36504,uba,MG
7ad32824caee82087b3e2e5f33b1bf32,14940,ibitinga,SP
de722cd6dad950a92b7d4f82673f8833,51250,recife,PE
70849ca4f400aaabb62cb7462a6f1428,31210,belo horizonte,MG
b16d3dadc47d4eb18be3d88bad0775ce,93608,estancia velha,RS
8d46553a36e68f95350a200c12f8f2e2,13056,campinas,SP
45ba18c210d42734ec52c0c1c574e9ee,18130,sao roque,SP
10cdd491d1dbea8fb4ead97b19c334ce,37540,santa rita do sapucai,MG
dc317f341ab0e22f39acbd9dbf9b4a1f,94910,cachoeirinha,RS
d93844a9c55ba7ce353388bcf849ea56,82320,curitiba,PR
52b53f7061969fe471d119b6195da864,88301,itajai,SP
1b8356dabde1d35e17cef975c3f82730,3477,sao paulo,SP
13f57c12a00ed4610db646b913a7f5c6,11015,santos,SP
54c04bdb5ec46762f8f08c7e8f86ed4a,88037,florianopolis,SC
b5dd7151a92ccaaa282cbe9681a05f44,14020,ribeirao preto,SP
52562a9f449c3dc3d53f5f5b9ed74903,59152,parnamirim,RN
968268a686aa05d1f529fb07dff08130,1530,sao paulo,SP
3ea00e1dea2b0659dbaf654735929220,80020,curitiba,PR
54965bbe3e4f07ae045b90b0b8541f52,85851,foz do iguacu,PR
6039e27294dc75811c0d8a39069f52c0,6162,osasco,SP
b45d7ebfb7378630f1bcd74b6ff86ff7,30285,belo horizonte,MG
e2a1ac9bf33e5549a2a4f834e70df2f8,1210,sao paulo,SP
bc07d855eac23aab5ac8a120f21d16b2,8710,mogi das cruzes,SP
3492e68f37fd1df87f4f2f2ea247f445,13322,salto,SP
93bef6edaa84956e8e575016449b6351,3568,sao paulo,SP
05ff92fedb5be47920fea08e501238b9,98803,santo angelo,RS
aeb36d67f1414f234d42a29e27cf1f17,9060,santo andre,SP
916c9de0b5ad957346eeeb12f332687e,80240,curitiba,PR
c68fb906c8f4b4b946d8386bfa6e5467,14870,jaboticabal,SP
53d00c40e32aeb924a84ce72b1af869d,14940,ibitinga,SP
93dc87703c046b603023e75222018b45,30315,belo horizonte,MG
10076e5788b8ee532724bcd460baf762,14315,batatais,SP
4dc646b9b9e8e411ef48ba000ea3ac6f,13272,valinhos,SP
e9c6969d40e6a3d2d0f90013165c2b98,3448,sao paulo,SP
bd0a1b0aadca9a83d9304f7e8ff5fbd5,1212,sao paulo,SP
340636a908b13bbe0f4fb63fbe1d0c03,12240,sao jose dos campos,SP
cf654707ed6a99f112c7ec3d6f314b8b,4615,sao paulo,SP
01c97ebb5cdac52891c0ed1c37ba0012,15804,catanduva,SP
f0b47fbbc6dee9aafe415a6e33051b3f,9360,maua,SP
bd149ed516d4c5d418d5781f8e18919f,7241,guarulhos,SP
3dbbce181edfaa4a597ec858c382d2ec,82515,curitiba,PR
06532f10282704ef4c69168b914b77be,87140,paincandu,PR
1127b7f2594683f2510f1c2c834a486b,13087,campinas,SP
cd52a8efd71af3336b14b5039b951cc1,88136,palhoca,SP
79ed755314cfe6df0daef2c6cd3022cd,13503,rio claro,SP
2c9e548be18521d1c43cde1c582c6de8,8752,mogi das cruzes,SP
bc47d5d1490df2b36add65d733eafaba,9163,santo andre,SP
7caa63f175b1cecbfaadd8b5ab9998c7,2750,sao paulo,SP
de66a66f2dd06bb9ec37aa96987466a3,20910,rio de janeiro,RJ
fec6275253471ace26d209bbaa64cd0f,28605,nova friburgo,RJ
c31eff8334d6b3047ed34bebd4d62c36,13322,salto,SP
822166ed1e47908f7cfb49946d03c726,25803,tres rios,RJ
59bbc819b99a733f02f0d6b49d1c253d,13043,campinas,SP
2e3be8a987a30d7544dbbda6861cc14e,30620,belo horizonte,MG
f1b93673502375d491780bb49d615dbc,12228,sao jose dos campos,SP
bbd3acfe6de99892e73940d3fdceaf68,9111,santo andre,SP
b3f19518fcec265b2e97af287725f981,15170,tanabi,SP
b2ba3715d723d245138f291a6fe42594,3470,sao paulo,SP
b410bdd36d5db7a65dcd42b7ead933b8,74645,goiania,GO
31344c16881c08a8a72c6d2eb29918c1,36500,uba,MG
9a208dee8f95cfdf00760c4d627828ec,26125,belford roxo,RJ
d58d521f3789def2e7a22715e0badd93,3643,sao paulo,SP
0aea4c6ae1505b3228ddf3dd7822ee5b,18080,sorocaba,SP
fcb5ace8bcc92f75707dc0f01a27d269,7032,guarulhos,SP
6a0cbc8af2e8abd1bdfb777943d174c6,14312,batatais,SP
70126eecc6aa1274392a1743866e9678,6449,barueri,SP
8931a84a914b3fe9b1ddaa4d704947ca,8410,sao paulo,SP
7681ef142fd2c19048da7430856b5588,7074,guarulhos,SP
3771c85bac139d2344864ede5d9341e3,18087,sorocaba,SP
7ddcbb64b5bc1ef36ca8c151f6ec77df,4403,sao paulo,SP
02b72cdeb9cfcc429f1af6f4e3f3b737,14940,ibitinga,SP
3481aa57cd91f9f9d3fa1fa12d9a3bf7,13360,capivari,SP
bd0389da23d89b726abf911cccc54596,71691,brasilia,DF
af3ef48d0e13835e529c29ac573c63e5,14802,araraquara,SP
855668e0971d4dfd7bef1b6a4133b41b,13257,itatiba,SP
77e4abfd739aed9c46480f90f81c0eb4,70767,brasilia,DF
863d2ebcd347ce4922de7a0f9a5581d6,21041,rio de janeiro,RJ
1c68394e931a64f90ea236c5ea590300,87114,sarandi,PR
e62b2d6ac10570a035a30bafcf01d263,5767,sao paulo,SP
f63d8f293af3a6454377546bd9dd19ff,18110,votorantim,SP
7a425d299613df3e613bcf9d2eaf5c49,22790,rio de janeiro,RJ
6bb0724edf0b62fb91ac404873a97241,6700,cotia,SP
112453736dbe3889cfb74e1aaa0ba0c1,3520,sao paulo,SP
f593898ec748b7a8cb81fc04edafd98a,13920,pedreira,SP
77530e9772f57a62c906e1c21538ab82,80310,curitiba,PR
297d5eccd19fa9a83b2630071ff105e4,80710,curitiba,PR
191d55f7edb8524d525ed01b20fe32e8,73020,brasilia,DF
ff69aa92bb6b1bf9b8b7a51c2ed9cf8b,8140,sao paulo,SP
5733d806668f8712c24b9abaefbfa642,89803,chapeco,SP
65b081a070633e057c462abdd6fb9dd8,75650,morrinhos,GO
edf96ef93ed595084bbcbd9224bd2894,1545,sao paulo,SP
6a8b085f816a1f75f92dbac6eb545f8f,14709,bebedouro,SP
f3295428338a40977a03f555246a70f4,29032,vitoria,ES
75fbb52eda0cbc24f479d3b2fbfa8d3e,74560,goiania,GO
e5d4b2b0c3bca22085f7a19a28de0c42,89201,joinville,SC
6187a137b2af59dfdbad8d9f8c373c14,6268,osasco,SP
062ce95fa2ad4dfaedfc79260130565f,95913,lajeado,RS
2ee0a0689f2f6a72f35a7cb6033f6e7e,19025,presidente prudente,SP
dd533b429f380718b70ad9922c294bae,14781,barretos,SP
582d4f8675b945722eda7c0cb61ba4c7,11250,bertioga,SP
74636e24f01da9268b0ed88dacd8513e,2941,sao paulo,SP
94144541854e298c2d976cb893b81343,94451,viamao,RS
bf84056e679dbe9c69929847a40e338f,2537,sao paulo,SP
21c62b998a043ebe31161d38f84929fc,60110,fortaleza,CE
02d35243ea2e497335cd0f076b45675d,59077,natal,RN
1c129092bf23f28a5930387c980c0dfc,2972,sao paulo,SP
bb5d956dece964a06c12bceb66b923ae,20930,rio de janeiro,RJ
3afc536624bc2e65bddfb5db33cc01f3,30150,belo horizonte,MG
8090490573c6c0aa343a7231ebcb8c86,4130,sao paulo - sp,SP
26d6bbee02420494d471c9f6436929c0,81530,curitiba,PR
602044f2c16190c2c6e45eb35c2e21cb,14940,ibitinga,SP
b347677812ea483b0f528eaf8cbc09b7,82540,curitiba,PR
d94ba08b99bedd6a5f6c875ecc4a6fac,86800,apucarana,PR
880ce4951cf857ab1d9e0b75c1d856f4,31255,belo horizont,MG
b499c00f28f4b7069ff6550af8c1348a,13481,limeira,SP
7a2d2949aea47fab95fd98d6c9f618b1,81350,curitiba,PR
fad44952713764836814be105382aee5,21340,rio de janeiro,RJ
f1ed6bd0a9b11b581f16c851c6a5a527,90240,porto alegre,RS
624f4ece8da4aafb77699233d480f8ef,5138,sao paulo,SP
95e03ca3d4146e4011985981aeb959b9,21210,rio de janeiro,RJ
1771297ac436903d1dd6b0e9279aa505,7025,guarulhos,SP
1d503743d2526f03f0c2c89540ee008c,1035,sao paulo,SP
df560393f3a51e74553ab94004ba5c87,87900,loanda,PR
253f95b3a0e6983ae18aed49fbc2b845,4141,sao paulo,SP
834f3294fba9f932f56edc879193f925,14808,araraquara,SP
6c177e38df6d3f34182b1f1d427231bf,80430,curitiba,PR
08d0949a9a17c027262db1f3c450c26c,85804,cascavel,PR
11fb6f6d341adbe19e81733701704635,4133,sao paulo,SP
04843805947f0fc584fc1969b6e50fe7,93900,ivoti,RS
e3b4998c7a498169dc7bce44e6bb6277,3635,sao paulo,SP
e628d4a53c109f09ca88098338b3a3f5,30170,belo horizonte,MG
381c83fdca332ea6afd896da20bf6e4a,80010,curitiba,PR
6fd52c528dcb38be2eea044946b811f8,8180,sao paulo,SP
189ca3538ce9f920cacf0f982cbe223b,3589,sao paulo,SP
20cb7c2fde3e5bf10f0bbe7394e1c6a9,86385,andira-pr,PR
7e79d65b5c6f1f544b7daea036acf720,9572,sao caetano do sul,SP
fd435faa3c0422b60440ea3480d0e77c,58073,joao pessoa,PB
6bef34c5be6f2bbd70aa5165f6df94b1,89120,timbo,SC
f7720c4fa8e3aba4546301ab80ea1f1b,81350,curitiba,PR
5bba18b40e8c973b0f32e748004775b0,15840,itajobi,SP
4c2b230173bb36f9b240f2b8ac11786e,3933,sao paulo,SP
a23266650e7c84bb93fbbba502137478,90220,porto alegre,RS
8fbd63429be6d3e5e6d1a709b6464802,9130,santo andre,SP
ac6417315ae5da8f9a38ee11de6f7780,7400,aruja,SP
81336a0f57a33776419727a300249e90,13560,sao carlos,SP
02f623a8eb246f3c5f7c2f96462654e6,18611,botucatu,SP
56db5c0782e8f7ddc9343f9576ff6d16,88132,palhoca,SC
4e06067cc08b3f41d837768d392c3ee3,32604,betim,MG
ec933281fb017b5020d06df29c3f77e8,3820,sao paulo,SP
49e7217cfe4e427191c378ec626d8737,35570,formiga,MG
34f563c82a85b99ae9e6d60db5fc2e28,93700,campo bom,RS
90d4125885ab6c86e8820a722be71974,6780,taboao da serra,SP
3a734b715d333a2588a3d54a0c9b8746,6132,osasco,SP
f5b84683a9bf9e1df748cf40f601b39c,1127,sao paulo,SP
392e0502231ae2f8b29994ef6398cd77,18760,cerqueira cesar,SP
5d0363b33554b373851fc1622e4d5f3c,12952,atibaia,SP
6e85dc5ecd97a61094b89b046a509d8e,15845,marapoama,SP
013900e863eace745d3ec7614cab5b1a,80740,curitiba,PR
c157bdeedcbc9a8e3c8bf0d87ff24428,18120,mairinque,SP
fa3a0b5aabb344b9a92e3524b0202123,83020,sao jose dos pinhais,SP
88cf19ec1fc2c58f161aee259d57142c,13570,sao carlos,SP
fc908879b9ca1bd65419e54e50432d38,4558,sao paulo,SP
c679fb69a36e1d8349e8c50a217b4d58,95020,caxias do sul,RS
17a053fcb14bd219540cbde0df490be0,13843,mogi guacu,SP
d79e8478eed9999493990b44955fb22e,20081,rio de janeiro / rio de janeiro,RJ
e439f7176d763f92de325271111b2fd5,89219,joinville,SC
7f2617c58d5d06806987308b45654351,4571,sao paulo,SP
cac63f48c38cd7d002a7e846dcd99a23,13170,sumare,SP
f00e21b1e91a79653163b7fd8f293ff1,37795,andradas,SP
79a679c36c08d606b3fd47ead9de109b,2611,sao paulo,SP
cc5a78bbad32776dc4e3af205218368c,35501,divinopolis,MG
6eeed17989b0ae47c9f11ece6f38ea90,4123,sao paulo,SP
b5f0712d22a873b6797ab6cc65c3fcba,2316,sao paulo,SP
4e922959ae960d389249c378d1c939f5,12327,jacarei,SP
ca4b77513ac2040591b0d8fae6958380,9190,sando andre,SP
b8630e1121437d41cb08e3c749c2c2e2,25070,duque de caxias,RJ
cfe94489ddd337d1e29e12f2a7205d10,3178,sao paulo,SP
9cf787a239c1aa29dbd76f153dc13f9a,14403,franca,SP
2a50b7ee5aebecc6fd0ff9784a4747d6,72580,brasilia,DF
2c3d56f92f360fb89d849b84e8f50eae,6420,barueri,SP
78744a20ee2f80ba64f6804c25def2b8,50751,recife,PE
c990d6cf976a5718aaedc539f383ab88,13145,paulinia,SP
94e93ce877be27a515118dbfd2c2be41,15502,votuporanga,SP
d9cb0052a666de5308b32f32ad5f1b1c,15400,olimpia,SP
a89e143d5211473ae18db9577ee34b64,13486,limeira,SP
1f2eebc0e970fd3c463e4f5d9652687a,1311,sao paulo,SP
941554c5757b73ba0e50aa7732310afc,4142,sao paulo,SP
8581055ce74af1daba164fdbd55a40de,7112,guarulhos,SP
9485a23c0430ba1d58d359391606fce6,9015,santo andre,SP
0951a6e282947e09cd47969f4ed0b47f,6763,taboao da serra,SP
52f0fe436a347ddad7ed5f9aa4e27eaa,1129,sao paulo,SP
9c7fd21e0aa159b20da593371f08ff7c,6180,osasco,SP
c33847515fa6305ce6feb1e818569f13,88359,brusque,SC
8b8cfc8305aa441e4239358c9f6f2485,86020,londrina,PR
d4e4b5192cba4e0e66eb12a9d347239d,85904,toledo,PR
ade45994b717ccee333492330fbf037b,87505,umuarama,PR
bb5bd94c8f59cc050072d2930c869cac,5008,sao paulo,SP
2a7dc43cecabf23403078e2188437d1d,4142,sao paulo,SP
578fa3a9cb6b6dceab39231ad59cdaca,60025,fortaleza,CE
615c3462099ffa940d37b17dfda19594,24855,rio de janeiro,RJ
a3f0b55de503387383c7b1de3ad7f678,82400,curitiba,PR
7b7ed56ae755e2880f2b69632e839c1e,74230,goiania,GO
4fae87d32467e18eb46e4a76a0a0b9ce,99670,ronda alta,RS
ea566164622c6b439516ab18062c42cd,5303,sao  paulo,SP
821fb029fc6e495ca4f08a35d51e53a5,2030,sao paulo,SP
1a932caad4f9d804097d7f8e615baed1,2976,sao paulo,SP
2be17df1c49978426251562096c3cc09,88704,tubarao,SC
c6381d2d013342748761e906d45aff76,93180,portao,RS
c500367424994318b9e779ff1ae9a330,13145,paulinia,SP
19e0f40a907ec568c34bfac15de4f4a1,13478,americana,SP
ecccfa2bb93b34a3bf033cc5d1dcdc69,81810,curitiba,PR
c66dccfb3f109511246da627dd5a2498,11900,registro,SP
d921b68bf747894be13a97ae52b0f386,35570,formiga,MG
b5b800c4065bebf4d3442311c9857344,3561,sao paulo,SP
c8417879a15366a17c30af34c798c332,4445,sao paulo,SP
989becdce12ebc39863c2bceab6f3ca1,81730,curitiba,PR
c4d51195486dc781531876a7d00453d8,19023,presidente prudente,SP
98115075dd26cb8835946fc6086f5d30,9687,ao bernardo do campo,SP
2305ab43e846518f58dd9d59f3f54e96,8452,sao paulo,SP
2528513dd95219a6013d4d05176e391a,6060,osasco,SP
64c9a1db4e73e19aaafd3286dc448c96,82510,curitiba,PR
921323538c9f1c4e816f2720eac02bea,1319,sao paulo,SP
1464afc72f696af775557a821c2e253f,28630,nova friburgo,RJ
77a515caa36327151d1cc6c32a9f00e1,9912,diadema,SP
4b0fdb526525f9890eb145bf1534640e,14940,ibitinga,SP
1cd9e0cc1839d55516843def5600816d,3951,sao paulo,SP
7fc87cc3e89b3d1d5cabdca32f8485aa,7123,guarulhos,SP
0c7f30ae9b147eca07affbef92832a6a,84020,ponta grossa,PR
e09887ca8c7bf8a4621ce481820414ef,8431,sao paulo,SP
318f287a62ab7ac10b703ac37435a231,4773,sao paulo,SP
52bb00821bcdd358a5a5a27e1f6be5a1,6268,osasco,SP
acb6c2ca5c82411c1fdb88d5fd5eb95e,3423,sao paulo,SP
55dedd83e501d8248880557d9073cbfd,22061,rio de janeiro,RJ
5b179e9e8cc7ab6fd113a46ca584da81,5424,sao paulo,SP
ffdd9f82b9a447f6f8d4b91554cc7dd3,80030,curitiba,PR
60da8bfa7eebe230b7d66ac4082d79b3,15940,fernando prestes,SP
cb41bfbcbda0aea354a834ab222f9a59,3520,sao paulo,SP
2379bdc3888025689a9deb7b141507d5,13806,mogi mirim,SP
5ee7fd217d08dfe5d3e2f51f96a12c9a,13880,vargem grande do sul,SP
92992bec39dde5766f590d3b1f46d465,4310,sao paulo,SP
834f8533b2ecb6598dd004ff3de7203a,5181,sao paulo,SP
b5f49fe968dff6b112861e6cd8e192ef,80710,curitiba,PR
b26741d31a563d769b4af0465ab20c56,88061,florianopolis,SC
8e2b3afb420011ef0c88c9d5f11ea526,13060,campinas,SP
8fff28c4263ddec387f28d237fb42773,5594,sao paulo,SP
0ddefe3c7a032b91f4e25b9c3a08fca1,9721,sao bernardo do campo,SP
730937bf88cb151eb2eb849f642fc213,13500,rio claro,SP
cc3d14116804f7209f3884f6367f1152,82940,curitiba,PR
5dc203c7b84a0e71e878a179de05fb9a,17580,pompeia,SP
440dd6ab244315c632130ecfb63827b1,15502,votuporanga,SP
66fd84ee7528c0c0de85d0f44a73d5ab,98975,campina das missoes,RS
fec6912baad85d41729669edd6b4d3b8,14110,ribeirao preto,SP
f3c38ab652836d21de61fb8314b69182,1206,sao paulo,SP
45d33f715e24d15a6ccf5c17b3a23e3c,18015,sorocaba,SP
1bb3812d5f0747a3ab7348f199001a10,4708,sao paulo,SP
c33a5c3c983090c8b78a28e65052a20d,88802,criciuma,SC
16090f2ca825584b5a147ab24aa30c86,12940,atibaia,SP
5659d77e8d90378e39b960ad5956f64e,12062,taubate,SP
b561927807645834b59ef0d16ba55a24,2955,sao paulo,SP
28d162ab86bb49d719c32f0ee6186eaa,14079,ribeirao preto,SP
e06f09ec0a4aca210779cf1cfc63cf19,4773,sao paulo,SP
da6a60cc8cc724fe51be021ff8be779c,28941,sao pedro da aldeia,RJ
461ff5303b6c9c1a4a07f40c5aece516,83323,pinhais,PR
213b25e6f54661939f11710a6fddb871,13321,salto,SP
78c99c6dff4eeae5be99bf635ed21e3f,17510,marilia,SP
a36ac007a4d18f865c8d32c3b2402c2d,6455,barueri,SP
6b333a05bf188ef3e1f1662a86bd9855,72304,brasilia,DF
56642bcb79900e777d68e91915cb4267,3701,sao paulo,SP
41b86b552e54e3a7009596125aa8b167,2470,sao paulo,SP
73b8eb4a9a729d4019b24ed1be748cbf,13070,campinas,SP
a69aa24cec11168e7e39a3fbc727e925,6330,carapicuiba,SP
8a130737016f838139d31878787a39c9,3187,sao paulo,SP
f682e0f848abafc6f41e0d4e868c66ef,7600,mairipora,SP
850f4f8af5ea87287ac68de36e29107f,4367,sao paulo,SP
4dc2e811a1760953cb7c6a590b498943,17230,itapui,SP
343e716476e3748b069f980efbaa294e,13033,campinas,SP
e9729944ba65dc3ce425e0c5a22ae7b2,25730,petropolis,RJ
643214e62b870443ccbe55ab29a4dccf,2134,sao paulo,SP
0aa124728afc1131dff5655f4c6f487b,37135,alfenas,MG
ce27a3cc3c8cc1ea79d11e561e9bebb6,3006,sao paulo,SP
da4d149c0ddbac90557103ac0a0ec356,9861,sbc,SP
0241d4d5d36f10f80c644447315af0bd,80330,curitiba,PR
272f092de69afedd4d2969440b37f18f,3265,sao paulo,SP
8e8a7ce9f2f970dc00e2acf6f6e199f6,24710,sao goncalo,RJ
3935fe5fe0f82787a9dcb8deb62be09d,4905,sao paulo,SP
119d1aef1b4144adba89163f6cd9f5d4,13920,pedreira,SP
a9b533a26e898b12e8b8d4c07279bf4d,21545,rio de janeiro,RJ
5b51032eddd242adc84c38acab88f23d,37564,borda da mata,MG
8cc6a0e5738e61a87b03c78b2ba9db4b,37795,andradas,MG
f4db9b37944bcb8873e6b456ee190bbf,8599,itaquaquecetuba,SP
729b2d09b2a0bdab221076327f13d050,17320,mineiros do tiete,SP
18e694e0e48ed6f7aa3f24aade5fd697,13224,varzea paulista,SP
30a81d8cf85fb2ada1b1b094c9583a95,3563,sao paulo,SP
e64d65bc8dbec2accda90c58de5d1246,13500,rio claro,SP
3903c788ded8dc03b5ebab37a2f3e9a1,6332,carapicuiba,SP
67bf6941ba2f1fa1d02c375766bc3e53,82400,curitiba,PR
897060da8b9a21f655304d50fd935913,14092,ribeirao preto,SP
76c47a299e4a8fe992316a85865acbe9,14075,ribeirao preto,SP
d1b9d4be4b6f9ebd85f8acd6745ba612,34006,nova lima,MG
b81e3a6c866a764974fe849821abeebd,9360,maua,SP
40536e7ca18e1bce252828e5876466cc,7747,caieiras,SP
b494891378bd8f4560abe576c52deacd,4160,sao paulo,SP
09f952a5f58d2285b0372551ae8f9b01,9725,sao bernardo do campo,SP
14d7985702e72162bbf13b6beb74ab2b,9131,santo andre,SP
2c4c47cb51acd5ea5db5e0ae0e26542a,15290,buritama,SP
9616352088dcf83a7c06637f4ebf1c80,87504,umuarama,PR
557f22c76691849db52d2abccf0015d0,75650,morrinhos,GO
533d46c1b06970e99f09523a61df4972,18200,itapetininga,SP
1dd33b8119b3cb1056ed5dc88cd0aaf4,4710,sao paulo,SP
51702dc2a3e106c76dbff722b5bf0726,13835,conchal,SP
97512d3fc193b2d1dfcdba0f9d1f0f8a,8270,sao paulo,SP
f3975e8a41157005d4bcbb358678cd9b,89870,pinhalzinho,SC
76d336555bb25f3165d2f0d6da719c40,18015,sorocaba,SP
ae45df84722b1d15c5f32b23a095746c,3062,sao paulo,SP
d197aa8fbc64087f61984deef05f6227,12224,sao jose dos campos,SP
afa6714acee029b2dfdf357e5579cc03,13690,descalvado,SP
520b493b57809f446cb0a233bb3e25c7,11075,santos,SP
b83cedfb587e7911540e3f576d6917ce,4870,sao paulo,SP
0ef83d7d83ed97cd2a0049ac8be5f88a,80230,curitiba,PR
d13e50eaa47b4cbe9eb81465865d8cfc,9210,santo andre,SP
5c6d4016c2a288f074fa0848a2b653d2,1209,sao paulo,SP
da8622b14eb17ae2831f4ac5b9dab84a,13405,piracicaba,SP
fe26f3ecb51a15e6d8335cd92da42562,4365,sao paulo,SP
5151aea44289d6c6b090ee31c2132508,17515,marilia,SP
13511db12ac61e2f89c53b72a944a60b,95020,caxias do sul,RS
4b90495391ac0bd181a80a459df1e718,96400,bage,RS
5f1dc28029d2c244352a68107ec2b542,5126,sao paulo,SP
710e3548e02bc1d2831dfc4f1b5b14d4,86600,rolandia,PR
3ab971ce71839580d2ae5b4e40fe8044,3210,sao paulo,SP
9d4db00d65d7760644ac0c14edb5fd86,18025,sorocaba,SP
1dcfa3835714681d4ba4a93bc1e0fd41,16200,birigui,SP
6da1992f915d77be95d7fa48b36904af,1026,sao paulo,SP
d4f117125b59ce73c3302f88ee40c458,4058,sao paulo,SP
30a2f535bb48308f991d0b9ad4a8c4bb,13457,santa barbara d'oeste,SP
a36b125ac6d5fdbc7f50de85c9157bdc,14020,ribeirao preto,SP
1336efc61c316ddf92c899eb817f7cae,19800,assis,SP
620c87c171fb2a6dd6e8bb4dec959fc6,25645,petropolis,RJ
63a79f5a7eb5cb48a7e5787b141c7993,38701,patos de minas,MG
070d165398b553f3b4b851c216b8a358,3916,sao paulo,SP
b64d51f0435e884e8de603b1655155ae,7077,garulhos,SP
9fc70243fb26800cba56e8f014797004,30270,belo horizonte,MG
4c8b8048e33af2bf94f2eb547746a916,14940,ibitinga,SP
88460e8ebdecbfecb5f9601833981930,87030,maringa,PR
7d76b645482be4a332374e8223836592,1511,sao paulo,SP
5f06030071324cc52bf0304014ac7234,17514,marilia,SP
46ef1a25845fc051c2998d878354810c,35530,claudio,MG
cac4c8e7b1ca6252d8f20b2fc1a2e4af,13347,indaiatuba,SP
cc63f0dd2acba93ffed4fe9f8e0321fa,15025,sao jose do rio preto,SP
b29d3380981c51df13fc6fbe87e1763d,14057,ribeirao preto,SP
a53f60f05f822b5c621a50ff6a5cb362,38402,uberlandia,MG
577719699805dd125d5b6fdde5943bba,95150,nova petropolis,RS
13dd308f81fea30cc670c656b2b46cc3,13454,santa barbara d'oeste,SP
01fd077212124329bac32490e8ef80d9,14079,ribeirao preto / sao paulo,SP
cb32766839f443db85c82a43c4a6c19e,13506,rio claro,SP
e0a3c37054ade6478d923a6efc10f308,88340,camboriu,SC
e0b162a693bc7f9eab00f783a31d60ea,96020,pelotas,RS
1f867308a0ce13133a4e639ff4de0c02,82510,curitiba,PR
06a2c3af7b3aee5d69171b0e14f0ee87,65072,sao luis,MA
2e90cb1677d35cfe24eef47d441b7c87,2285,sao paulo,SP
adbc26658d6c7b4b6219f9d934598091,81770,curitiba,PR
0ffa40d54288e4f3499b8780dd0f144f,19013,presidente prudente,SP
d05ae8f7a5bd1d2a690a44cd079e4e27,22775,rio de janeiro,RJ
508808d438fe2ff972ed13bb8f4a82e2,3963,sao paulo,SP
c794dab4928dd97beb41d05514441e86,13160,artur nogueira,SP
1976a05ecf2996d6ffb7b5430e635fe7,19806,assis,SP
39d61be7a92eb77b7da367bd4845bc0e,13420,sao paulo,SP
c510bc1718f0f2961eaa42a23330681a,13330,indaiatuba,SP
edd066cd02126d7800f9b66e980e9931,70070,brasilia,DF
cf281cf8b7affbdfe751b29cc85580e1,61760,eusebio,CE
392353362d22cc2c236e1ee81ff19890,89069,blumenau,SC
1f7fd2a6fcd5a6fa5d8a4dabc72aaae0,95800,venancio aires,RS
0eaa7e33d73809f1f925f7d07c506cbd,9111,santo andre,SP
3d01d1c414c44b5943a09619ff3853cb,13040,campinas,SP
2e1c9f22be269ef4643f826c9e650a52,4850,sao paulo,SP
00fc707aaaad2d31347cf883cd2dfe10,87025,maringa,PR
83c8aafbefb034674a70de0eac5b8954,85601,francisco beltrao,PR
d1c281d3ae149232351cd8c8cc885f0d,14940,ibitinga,SP
33c51922b6e3c16b24a8f28e5833c99d,86010,londrina,PR
f80edd2c5aaa505cc4b0a3b219abf4b8,3431,sao paulo,SP
0761743cbffb25d7148189e9f1a5f03a,14096,ribeirao preto,SP
8629c241b3622ac12cd4118afdc8d394,14090,ribeirao preto,SP
3ade81dab5a172b88e1871c28ae05260,15076,sao jose do rio preto,SP
562fc2f2c2863ab7e79a9e4388a58a14,13070,campinas,SP
7dc8c42cc750eeafea6c85712ffee9bf,5424,sao paulo,SP
651530bf5c607240ccdd89a30c9c9712,44600,ipira,BA
f1c1ac3f3efc07e659c035008e615e66,2119,sao paulo,SP
df0f42bc4c2142eacf0eaf2cffd0cfbb,88306,itajai,SC
40db9e9aa57f7bb151bcda6b0f9bdbb7,52010,recife,PE
960945e1a9535cbc0cd6ddd35fbe7ae8,8290,sao paulo,SP
c00396cbdd2e088fe4281baa5920aef1,83535,campo magro,PR
8d92f3ea807b89465643c219455e7369,3052,sao paulo,SP
7e26c750b4cb9f6766f58265ff9ebe95,30270,belo horizonte,MG
5a8e7d5003a1f221f9e1d6e411de7c23,13076,campinas,SP
6d1b9c9579132c87d2703ec38c30f2c5,82515,curitiba,PR
20f0aeea30bc3b8c4420be8ced4226c0,13456,santa barbara d'oeste,SP
575df70bde3f9f2b30bf8d2e9910d725,15075,sao jose do rio preto,SP
5d3bb11474a06bdc23fb9e89f1164ee0,19804,assis,SP
c35affa65afd250151285c5917fc1c8a,8050,sao paluo,SP
e59e489e2ea74bd409b798b5daf49de3,87060,maringa,PR
7d948535954aaf8c5d39db007f74372e,11442,guaruja,SP
1352e06ae67b410cdae0b2a22361167b,26051,rio de janeiro,RJ
3bb548e3cb7f70f28e3f11ee9dce0e59,87040,maringa,PR
522620dcb18a6b31cd7bdf73665113a9,85801,cascavel,PR
d32e3909cfb714fb2a6cb092c85b9c5f,13215,jundiai,SP
e5c84227854980f1db19a58958c551d9,83823,fazenda rio grande,PR
ce7d1888639e6fb06b2749cbfdac1ff7,37443,baependi,MG
a4b6b9b992b46e9ef863637af96e04bc,88090,florianopolis,SC
85d9eb9ddc5d00ca9336a2219c97bb13,31255,belo horizonte,MG
a673821011d0cec28146ea42f5ab767f,3809,sao paulo,SP
ca7c6bd577e559472af1c699de9e764e,9812,sao bernardo do campo,SP
c8b3445d737de6befde0c88ede534a5e,5734,sao paulo,SP
eb5b6204dde3a6e03b5f1bb8479f055b,6900,embu guacu,SP
2e1a7d075abe038c1b2743005fe42ff1,3461,sao paulo,SP
973f21788dfab357250f69a8dcb7ddee,35530,claudio,MG
b9ec22de23f18567de0e09d776ca0309,72318,brasilia,DF
11bfa66332777660bd0640ee84d47006,14085,ribeirao preto,SP
5160d23075764e18e07c1f4a87fad743,9720,sao bernardo do campo,SP
3a1a1fec38dd360f15fc912e821e169d,2451,sao paulo,SP
141440cad9341e553f8401c574a2aa38,85200,pitanga,PR
05aebce0b5c8f0d41b29b686f2d05fd3,3962,sao paulo,SP
dd39ad39b5d3df33037e141c72497ba6,4282,sao paulo,SP
dd55f1bb788714a40e7954c3be6df745,1021,sao paulo,SP
ae7ab174effdead6c241e547e4ca13f0,86703,arapongas,PR
9d7a1d34a5052409006425275ba1c2b4,14403,franca,SP
dc4a0fc896dc34b0d5bfec8438291c80,14940,ibitinga,SP
3a4127e1ba7208ea37044c5092aae170,8226,sao paulo,SP
b9ca8e8baa5d4aa038394a700f63e69f,3001,sao paulo,SP
3968920b9aa752ab98f7d5888c9252f2,17056,bauru,SP
9b522ba7eae9e1d04082f267144583cc,4843,sao paulo,SP
539ed9e19811677513447759be5eccfc,31520,belo horizonte,MG
e26901d5ab434ce92fd9b5c256820a4e,9350,maua,SP
9d5604a1f112324ad6b2aa552122e0fb,88075,florianopolis,SP
a6fe7de3d16f6149ffe280349a8535a0,14401,franca,SP
aac29b1b99776be73c3049939652091d,38408,uberlandia,MG
54a1852d1b8f10312c55e906355666ee,13456,santa barbara d'oeste,SP
88ae906ea2acf6971f26c3e8b7cb4357,1550,sao paulo,SP
bba8d0c234a52b87b3957037a215d1a4,74343,goiania,GO
c826c40d7b19f62a09e2d7c5e7295ee2,7133,guarulhos,SP
a425f92c199eb576938df686728acd20,81050,curitiba,PR
3c3017960b2dbd72711a61f0400aab8f,89251,jaragua do sul,SC
ab9db4cf53b08b828b64dccaafc2d9f0,96530,paraiso do sul,RS
113e3a788b935f48aad63e1c41dac1bd,12570,aparecida,SP
d12c926d74ceff0a90a21184466ce161,2634,sao paulo,SP
71dc18fd8cbf5fd77f45dd8b427abb34,82520,curitiba,PR
985c92cc412091f8529c12d7f23d3fef,36300,sao joao del rei,MG
ffad1e7127fb622cb64a900751590acd,13465,americana,SP
594f9aaa48e5bf431f011ddc5669b0d5,32185,contagem,MG
eba88037e1dca898cd02881f67ced679,3647,sao paulo,SP
01ed254b9ff8407dfb9d99ba1e17d923,8710,mogi das cruzes,SP
f7ccf836d21b2fb1de37564105216cc1,14940,ibitinga,SP
7e3f87d16fb353f408d467e74fbd8014,4809,sao paulo,SP
bb135baca94c82fcb731335ad5b04a03,4362,sao paulo,SP
a353b1083c9863d756d9404695016d64,29150,cariacica,ES
6e0908ef4d4efadbc3cc2b74ea477cb0,20910,rio de janeiro,RJ
5d9f3746e112e696f98ea22c56b3e912,3171,sao paulo,SP
f5f46307a4d15880ca14fab4ad9dfc9b,89165,rio do sul,SC
4830e40640734fc1c52cd21127c341d4,3573,sao paulo,SP
dbb9b48c841a0e39e21f98e1a6b2ec3e,3929,sao paulo,SP
8fb67a334bacec338885b4e9e1708073,85905,toledo,PR
c6a7539d424a8402232c2228d7a03c5e,3191,sao paulo,SP
72c5da29406b4234927b81855e7b64f6,7077,guarulhos,SP
0ed6ce5d87fd9c69eaacaeb778d67235,13473,americana,SP
8bdd8e3fd58bafa48af76b2c5fd71974,1552,sao paulo,SP
38e6dada03429a47197d5d584d793b41,4763,sao paulo,SP
6973a06f484aacf400ece213dbf3d946,12230,sao jose dos campos,SP
d29ba1220fb8634fa3a107e54497b8a4,13560,sao carlos,SP
226b05fe067266c59c15dae208213d06,81520,curitiba,PR
328acb143b4a73aad6bee8e734f5d20d,85865,foz do iguacu,PR
86ff3eaef0267069cc891a2ed9d10a17,88135,palhoca,SC
0cbcee27c791afa0cdcb08587a2013a8,37410,tres coracoes,MG
20611af7866c6068fd5ae1f9dbe15c92,13660,porto ferreira,SP
3d2531eccfbde1d7c8db7a3a12fb267a,31340,contagem,MG
fcdd820084f17e9982427971e4e9d47f,14075,ribeirao preto,SP
43a5d4a57af536fddc96d08be3afdfcb,37006,varginha,MG
b1a81260566c1bac3114a6d124413f27,99500,carazinho,RS
080199a181c46c657dc5aa235411be3b,6097,osasco,SP
cca3071e3e9bb7d12640c9fbe2301306,14940,ibitinga,SP
788e857f317e53de488d393e65a80f45,8280,sao paulo,SP
d51e0a403fe2e689ece6c73359d96e12,17580,pompeia,SP
b080809eaacb49e5ca07290981472431,30431,belo horizonte,MG
7f7b8245c336066a1f9933c359f11d77,13800,mogi mirim,SP
8648b1e89e9b349e32d3741b30ec737e,12308,jacarei,SP
d50d79cb34e38265a8649c383dcffd48,8290,sao paulo,SP
f214d28e8d8e3ef068748498ccc2f813,3872,sao paulo,SP
717b78b0950b51ed00b1471d858b0edc,18220,alambari,SP
ebd2d60905fb58271facef5596b620d3,18683,lencois paulista,SP
efcd8d2104f1a05d028af7bad20d974b,16012,aracatuba,SP
6562efe88ce0826a4ca4f189f03b4b84,87005,maringa,PR
530ec6109d11eaaf87999465c6afee01,85807,cascavel,PR
a5259c149128e82c9d6d46e0c1c812bb,76900,ji parana,RO
89f69225956f951295ca4c7fb1266553,27700,vassouras,RJ
8b11118053756a9a2932f447e11fc1b5,17350,igaracu do tiete,SP
f9d010e39375d9c91dce3f40b73a2f84,12600,lorena,SP
0adac9fbd9a2b63cccaac4f8756c1ca8,13290,louveira,SP
402916f742e5c740cc751493d9cf5053,39740,guanhaes,MG
6d22a1fcebb6dd08c9cd90b92a93e8d0,89215,joinville,SC
04aba03279157f6d4e0fe8ccaf21963c,28470,santo antonio de padua,RJ
b39d7fe263ef469605dbb32608aee0af,14940,ibitinga,SP
ca77545ca4d2dfd1431bf61334e2fa3c,87020,maringa,PR
36890be00bbfc1cdb9a4a38a6af05a69,6040,osasco,SP
7b0df942f46435babab05d49b744b2c4,12924,braganca paulista,SP
f26d70155c2b6326fcfa1780c8c684e4,89150,presidente getulio,SC
42fb44130ac3134cde8e35cf8ec7df25,12995,pinhalzinho,SP
f27e33c6d29b5138fa9967bcd445b6d5,4273,sao paulo,SP
55d3daac7c404d59e51c2aa2f4dc5a23,2150,sao paulo,SP
659e8466eb3ff1b0e8740d74fb7bbedd,45820,eunapolis,BA
1c40343cc5d18c2d8248ac2f3366de34,13482,limeira,SP
e3a386fc36e22064434e1fa256f6a9fa,13165,engenheiro coelho,SP
c9aafcd0621b2207c10e32c649cada4d,8011,sao paulo,SP
72431a818f97fe6ab9c81eee3e297e54,13390,rio das pedras,SP
184a67a8f9f63234d3a92340bbdb727f,89220,joinville,SC
08ad4ac1388e4420ca531c3edfc46198,6663,itapevi,SP
6fc26fe110feebd80a433e1f012a84f9,15601,fernandopolis,SP
2f4b9d112bfa44a214bc6cef085d17c8,29600,afonso claudio,ES
ab27bbbad5239bc31a34709275a70db4,18279,tatui,SP
c37b2059d4f90d4feead554e5246565e,5170,sao paulo,SP
f43827dd686be3a4a80e00aa299990fb,15055,sao jose do rio preto,SP
e601b04acf48b4576e73ddca9481f0dc,4476,sao paulo,SP
98dac6635aee4995d501a3972e047414,2030,sao paulo,SP
3d39fbf22a665714baf62fae36029e23,13040,campinas,SP
a49928bcdf77c55c6d6e05e09a9b4ca5,3017,sao paulo,SP
a1bea7061f61f6fdd9a85a6325ba1033,6311,carapicuiba / sao paulo,SP
51ed72984a04e5dd35c2b27e77179038,15050,sao jose do rio preto,SP
6879c4d287a8dd06b11f54ea8f78e4da,6186,osasco,SP
ccbd753e6863fe7314dc6c0ca5a074e7,89046,blumenau,SC
0d85bbda9889ce1f7e63778d24f346eb,38414,uberlandia,MG
4c61e37f664c3c88aff092aa5ac779d7,24020,niteroi,RJ
b44dbfbf62e52125f3c15d230569ea91,4251,sao paulo,SP
d624126b9206f595fb3fbb6ba03b28a8,80045,curitiba,PR
26d8a1c7c75d513045798992ead43aa2,86800,apucarana,PR
e6a69c4a27dfdd98ffe5aa757ad744bc,4424,sao paulo,SP
6bd69102ab48df500790a8cecfc285c2,4293,sao paulo,SP
f181738b150df1f37cb0bd72e705b193,6317,carapicuiba,SP
4305fe92735c8a43d154ff6dd2b8d927,35170,coronel fabriciano,MG
4f1f1c8666cdb6442f775c4e8caed465,30240,belo horizonte,MG
bd4889b5e9133b35b66e42a8665cea5c,2963,sao paulo,SP
d5c530f4884a75ae0dba9c148718d278,35660,centro,MG
5ab05b6d86d417796c69ffd6774ec832,19815,assis,SP
9de4643a8dbde634fe55621059d92273,89225,joinville,SC
3be634553519fb6536a03e1358e9fdc7,8275,sao paulo,SP
b906dd0e57f282c7089171b6ed07982e,87083,parana,PR
ed46f1eb4a638113deb2a1137b5f22e9,89080,indaial,SC
04308b1ee57b6625f47df1d56f00eedf,88215,bombinhas,SC
457fe919b032a3f7dadba6fb92cf7855,13140,paulinia,SP
0ac4201fda2c68ebc0e47cb9423cf3c9,3345,sao paulo,SP
a2b5b6105ea5942300631d2e76f4ffe0,6283,osasco,SP
23d7c96d4a1160db1c726b248601b25a,13360,capivari,SP
e883aa812c37a7413226856f4579fe91,6696,itapevi,SP
86bb7c4b535e49a541baf3266b1c95b1,14401,franca,SP
c0563dd588b775f2e37747ef6ad6c92c,9220,santo andre,SP
820cc752a266cdc6c1a1e61dd4583330,87050,maringa,PR
e5475dcab1e07b63d7f6e902d8f5eda8,9921,diadema,SP
333c4210e76a1aa2ab817b99437e3ff1,13880,vargem grande do sul,SP
33a6f4b1e7cdc205511e76ba1b6e0186,7084,guarulhos,SP
91f848e9f4be368f4318775aac733370,3029,sao paulo,SP
7a67c85e85bb2ce8582c35f2203ad736,3426,sao paulo,SP
b372ee768ed69e46ca8cdbd267aa7a38,15013,sao jose do rio preto,SP
d20b021d3efdf267a402c402a48ea64b,14940,ibitinga,SP
cf6f6bc4df3999b9c6440f124fb2f687,4937,sao paulo,SP
dc7192adf8ba09569261f4a8d576afe0,18401,itapeva,SP
0ea22c1cfbdc755f86b9b54b39c16043,35700,sete lagoas,MG
be8e909810184b9b19e886129149d8e5,13418,piracicaba,SP
bbaff50f3b708fda865918715276cd87,12940,atibaia,SP
db2956745b3a8e9f3785c99f34b5d25e,11600,sao sebastiao,SP
8fb791022c1fc8909664f48ab7dc636d,3976,sao paulo,SP
232a6014e7b10cba61c6c2b2ea6bb4b0,16500,cafelandia,SP
59cd88080b93f3c18508673122d26169,11707,praia grande,SP
fffd5413c0700ac820c7069d66d98c89,13908,amparo,SP
712e6ed8aa4aa1fa65dab41fed5737e4,89560,videira,SC
b5abf4f36adc043117b4fca82c22984c,72251,brasilia,DF
05730013efda596306417c3b09302475,88813,criciuma,SC
0b35c634521043bf4b47e21547b99ab5,84530,teixeira soares,PR
c35672b10ad50968f567ea3f4b91e877,26551,mesquita,RJ
f435898e493ba0356019a0b1cb8b55b1,81720,curitiba,PR
d8cf3b6a2151949f930d0252b180ec42,87160,mandaguacu,PR
4ce8b55b4bfa4659184e7becc1fba3f2,83823,fazenda rio grande,PR
edb1ef5e36e0c8cd84eb3c9b003e486d,25957,teresopolis,RJ
3361277dc30b7cccdb0c286b24219756,87015,maringa,PR
3c7c4a49ec3c6550809089c6a2ca9370,3804,sao paulo,SP
822bad9bc42b51213ba522fe87b7ab5d,88330,balneario camboriu,SC
48162d548f5b1b11b9d29d1e01f75a61,13403,piracicaba,SP
3fd1e727ba94cfe122d165e176ce7967,14802,araraquara,SP
ea4e9ce63a2134743b4a92777437fcdd,88135,palhoca,SC
c3fe93ba3085f92855c97e57f38c8c05,81510,curitiba,PR
9646c3513289980f17226a2fc4720dbd,12215,sao jose dos campos,SP
52a52b9f656520e99716f5bc40f661c8,13573,sao carlos,SP
36a968b544695394e4e9d7572688598f,11010,santos,SP
4b5f66b7adcf57f1ecc0d3c07dd6b177,87025,vendas@creditparts.com.br,PR
b1aaae6b66ad3c40f54b389d7ea4bee0,4714,sao paulo,SP
af4a0e4cfe1d9c26b6712b1be25a72e5,35670,mateus leme,MG
6f1a1263039c76e68f40a8e536b1da6a,3581,sao paulop,SP
5f67c6082caacb26e431a7b17940cece,87083,maringa,PR
5721089ba9214e80074f27d5a03fc0eb,1408,sao paulo,SP
8160255418d5aaa7dbdc9f4c64ebda44,14940,ibitinga,SP
cee48807215b30a12ca2ca10ffb5f250,11431,guaruja,SP
05a940b4ecae36cadfd8e93bd9c43257,74305,goiania,GO
4c03b9dd4c11ee2cb35c96c49efc9420,13232,campo limpo paulista,SP
a5a1bfcf728ab0e19182959cf0771ee4,13960,socorro,SP
431050a06a317f2b38168dec3dcd2b46,2475,sao paulo,SP
ffff564a4f9085cd26170f4732393726,13070,campinas,SP
bbad7e518d7af88a0897397ffdca1979,1512,sao paulo,SP
a806a4bb063ea7ca6d374eafa50a6058,29161,serra,ES
1b1ae47a313a825a7ccceb8e2e30fa9d,83450,bocaiuva do sul,PR
d9e7e7778b32987280a6f2cb9a39c57d,3304,sao paulo,SP
99a54764c341d5dc80b4a8fac4eba3fb,3273,sao paulo,SP
939f6e231201f26803cb5c3a3d2940b3,17051,bauru,SP
282f23a9769b2690c5dda22e316f9941,31573,belo horizonte,MG
427165bf50f8ca07efc7bdc2bfcf1688,13471,americana,SP
d03698c2efd04a549382afa6623e27fb,45658,ilheus,BA
e21a1e8be4715b0fcfd5385643bc49c4,88715,jaguaruna,SC
1e26c56af8d48424e1df0140a2401f83,13911,jaguariuna,SP
8f119a0aee85c0c8fc534629734e94fd,6440,barueri,SP
fdaaf5bfda82b7b80535610c831b8d09,15015,sao jose do rio preto,SP
b274baf5bbd142410eb2958cf685d684,95780,montenegro,RS
751e274377499a8503fd6243ad9c56f6,13097,campinas,SP
b1fc4f64df5a0e8b6913ab38803c57a9,24440,sao goncalo,RJ
4eb61f060e7dcc1d5a80d806c35cc541,5743,sao paulo,SP
0ebd97a106433a45a4aebe57c1799778,32240,contagem,MG
6219ba2359cfb97f2e38fd4c321eb309,2110,sao paulo,SP
a7f13822ceb966b076af67121f87b063,8577,itaquaquecetuba,SP
4e8dacf3d38f281ae26c3e0321d92d88,8420,sao paulo,SP
78a4d36f65a019172c6154468831a69f,17018,bauru,SP
f0e103c63864d5405b958d984b6e94c9,6150,osasco,SP
80e6699fe29150b372a0c8a1ebf7dcc8,83323,pinhais,PR
42ef3192a9ff87a22d1867b74b3ee205,9090,santo andre,SP
a2deecd5398f5df4987110c80a1972a3,5043,sao paulo,SP
f8e2c1b59cd4225a3e4fd0d013a76b93,14021,ribeirao preto,SP
9c3c24eca51c52b91c1de727d2a2ae06,95020,caxias do sul,RS
f524ad65d7e0f1daab730ef2d2e86196,99300,soledade,RS
c003204e1ab016dfa150abc119207b24,7790,cajamar,SP
5656537e588803a555b8eb41f07a944b,72015,brasilia,DF
503c1de08ae81a2d86f17951b204db55,3725,sao paulo,SP
b8bc237ba3788b23da09c0f1f3a3288c,88303,itajai,SC
213fafb0ca06fb3d5886579c2565791b,35700,sete lagoas,MG
404e1ba01358af4cd63f679b2c4d1fa1,36032,juiz de fora,MG
186cdd1b2df32caa72cfb410bba768d3,89295,rio negrinho,SC
de23c3b98a88888289c6f5cc1209054a,5530,sao paulo,SP
fe49ee029e61e789a1f3a5525f57ba8d,6018,osasco,SP
902c99f1ac505c0d18778b61bcd636f7,13840,mogi guacu,SP
94ca168e8bcb407ab85c5da308863027,16250,clementina,SP
4bf658053d453036c70976bccb2c31b2,15070,sao jose do rio preto,SP
28f10b1c5e5abb9d4857745bede6147c,4250,sao paulo,SP
48bad451945f5227341793478d6353ea,1220,sao paulo,SP
5dceca129747e92ff8ef7a997dc4f8ca,13450,santa barbara d´oeste,SP
e1dc0754bada9ee4cfe9713f22f61292,25035,duque de caxias,RJ
2bf28e311bba65237358230cabac3f15,86047,londrina,PR
3d871de0142ce09b7081e2b9d1733cb1,13232,campo limpo paulista,SP
51e4e89242cbb846c2deff3dc015650e,96203,rio grande,RS
86ccac0b835037332a596a33b6949ee1,89041,blumenau,SC
aac51c486b672a9850d59f3e84b1cf88,2752,sao paulo,SP
3340ef1913fb70d28420f6ceb685c339,87040,maringa,PR
76de363de16dacc923eec8daf91df504,89825,xaxim,SC
b74d1c09cb380e1d03a6f859c6f4224b,20061,rio de janeiro,RJ
1bb2bdb95f4841f1bba2c0d2cd83d3c9,1257,sao paulo,SP
670c26e0f1bf8d0576271d5cfaec6d2b,87025,maringa,PR
c32fc744b9160ac853450488e3cfea93,14020,ribeirao preto,SP
59de1d4c8c057c2a53acd4ca66531af2,80215,curitiba,PR
e64882b4ef12aee8d0faca4db5b681f4,74210,goiania,GO
1b65c144b17e607c0f37f10bb7dfec8d,89160,rio do sul,SC
15ac3c501e2599e4917316fde5c5669a,4911,sao paulo,SP
f4aba7c0bca51484c30ab7bdc34bcdd1,1031,sao paulo,SP
e0878efa0e0b7e5313ac0b43bc04c081,80230,curitiba,PR
03a2a6dcbe45d639c4dc2a0d24769c40,9340,maua,SP
327b89b872c14d1c0be7235ef4871685,69005,manaus,AM
e9d99831abad74458942f21e16f33f92,3542,sao paulo,SP
dc8798cbf453b7e0f98745e396cc5616,5455,sao paulo,SP
d9cd369bffa979d1634f8e1318bf2f1b,15115,bady bassitt,SP
240b9776d844d37535668549a396af32,24120,niteroi,RJ
d1e2fe627180431ffda076abb303c56f,25900,rio de janeiro,RJ
3f2af2670e104d1bcb54022274daeac5,87240,terra boa,PR
eed78ac17f7f795a19a709745f00cd4e,18608,botucatu,SP
a2e874074c877c5a05abae80ad6e488f,15070,sao jose do rio preto,SP
abcd2cb37d46c2c8fb1bf071c859fc5b,78020,cuiaba,MT
1703bc09972dab9782e7a9194943b69f,37165,minas gerais,MG
0bb738e4d789e63e2267697c42d35a2d,18130,sao roque,SP
3d290fe363c60a77498c1126fd3fb8d3,6694,itapevi,SP
325f3178fb58e2a9778334621eecdbf9,6790,taboao da serra,SP
8c16d1f32a54d92897cc437244442e1b,89023,blumenau,SC
f5a590cf36251cf1162ea35bef76fe84,9720,sao bernardo do campo,SP
61f159ef6da2d441951d2c0efa719362,29160,serra,ES
1e8b33f18b4f7598d87f5cbee2282cc2,2066,sao paulo,SP
8c5e007d7bd5693fa1386ffefbc99f6c,13347,indaiatuba,SP
1da3aeb70d7989d1e6d9b0e887f97c23,4265,sao paulo,SP
5b67882648febfb6e1225e6ad7164f6b,87502,umuarama,PR
53e4c6e0f4312d4d2107a8c9cddf45cd,13920,pedreira,SP
039e6ad9dae79614493083e241147386,3560,sao paulo,SP
d65f31d2413268e671989503f6cf9993,13160,artur nogueira,SP
527801b552d0077ffd170872eb49683b,17400,garca,SP
8ca1551acf9832a4cf467bbbac15851f,83607,campo largo,PR
2ea0861cc19e94cad86438c984c52da4,3731,sao paulo,SP
7202e2ba20579a9bd1acb29e61fe71f6,14401,franca,SP
0509040ea3fe50071181bbc359eb7738,31710,belo horizonte,MG
eaf6d55068dea77334e8477d3878d89e,4660,sao paulo,SP
e89c4adbe7b1d0819dbb636e16461cf1,13347,indaiatuba,SP
85ecf03781da592876b7844acc1b729f,3658,sao paulo,SP
5c853bb56f70f4d14218944bae111d7a,6715,cotia,SP
bba74270a87732727b5a3b4fd9ac1c39,32604,betim,MG
835f0f7810c76831d6c7d24c7a646d4d,8030,sao paulo,SP
a066df7361163e7ddc5d7452dd17448b,14401,franca,SP
bd4431c1a8dfa744b59e1e2a8bc99b9e,20761,rio de janeiro,RJ
3076499bbc033a927bf4a8a41bcf7fd4,15350,auriflama,SP
5d505d2298ad549e4e4e835562fa0c1e,16200,birigui,SP
ad14615bdd492b01b0d97922e87cb87f,88704,tubarao,SC
238fac594e170b59c6d228f5a4f4f1d9,17300,dois corregos,SP
134a288e7de827ec5ec62e3ec9c3a295,3168,sao paulo,SP
1e8c6a4c538f286aee9573239740a4b4,13251,itatiba,SP
07de60b03d150fb3ea09eab5da5e4c8b,14940,ibitinga,SP
03bd479e1d9484cdb14104d3023f7321,38401,uberlandia,MG
83645b1645cdee8953ee54c29ceed564,85875,santa terezinha de itaipu,PR
5cf13accae3222c70a9cac40818ae839,38700,patos de minas,MG
249f0e9905a6e06ad6c6bea7547ab9f6,20950,rio de janeiro,RJ
96804ea39d96eb908e7c3afdb671bb9e,38950,ibia,MG
3986c0b54f6b748b75e7bd4e092aa3e5,80250,curitiba,PR
5563732abe64c3036cb97ad924128dd1,7192,guarulhos,SP
51f108f62cb87d61918159902c8f8583,85801,cascavel,PR
57c764b4a836300be881e2ff86e449f9,14021,ribeirao preto,SP
e627629ba868740e287800f1a9be81c2,1421,sao paulo,SP
c72de06d72748d1a0dfb2125be43ba63,46430,guanambi,BA
8d79c8a04e42d722a75097ce5cbcf2ef,61658,caucaia,CE
8ae520247981aa06bc94abddf5f46d34,88370,navegantes,SC
ac3508719a1d8f5b7614b798f70af136,92030,canoas,RS
15cd6eefe58588619aaed41dfa6621b1,35400,ouro preto,MG
4a3ca9315b744ce9f8e9374361493884,14940,ibitinga,SP
478bfe564db21eeb44386606aa30b650,33600,pedro leopoldo,MG
6d988d6174a2c27441597174f8905515,87070,maringa,PR
ed49da7cadefc454d6a67de249eab240,5571,sao paulo,SP
6f892e20a171e98efe17fdb971ff319b,8270,sao paulo,SP
4bfc7a4a1cf8d4d2121c27422d9e50b5,3111,sao paulo,SP
acadd4d36859671cb635527c6c977533,14270,santa rosa de viterbo,SP
034b9387752bfa309f350a70cd45ffa3,89036,blumenau,SC
abbf6046bbdf1028606a5bc7f00c99e7,89820,xanxere,SC
901b460cdce0c64e471230d7f2f9f3a3,90620,porto alegre,RS
11eac105f3f90a9b87b19c89d91e24f3,7411,sao paulo,SP
0725b8c0f3f906e58f70cbe76b7c748c,7023,guarulhos,SP
634964b17796e64304cadf1ad3050fb7,21840,rio de janeiro,RJ
5795aebfe331fbcd02a2c4b679fb7952,88132,palhoca,SC
3078096983cf766a32a06257648502d1,13720,scao jose do rio pardo,SP
014d9a685fd57276679edd00e07089e5,87015,maringa,PR
656591be56071d4c9ef4e5fee78a578a,9180,santo andre,SP
bccf933e006e9b94a6184af782963e77,19806,assis,SP
12c2ed9cded6138cf0c75f525f565fc7,11709,praia grande,SP
b33e7c55446eabf8fe1a42d037ac7d6d,14850,pradopolis,SP
218d46b86c1881d022bce9c68a7d4b15,14070,ribeirao preto,SP
dfc475d54e1b6dbeeb7d7d9bdaa63827,81460,curitiba,PR
813348c996469b40f2e028d5429d3495,13206,jundiai,SP
2745f798279e0ed033addcc1474776d7,3106,sao paulo,SP
bafc5aa11e413978be29040f51342e70,30130,belo horizonte,MG
b7cc6c5e001441ae8cdd5c69a480cbe4,89520,curitibanos,SC
af7cdac9d9897cddead9c6b08976c642,18500,laranjal paulista,SP
b3e2faf2c1004d674f16a3aa3197f0e1,14093,ribeirao preto,SP
670a9dda115b5a88b18cfadee8de2332,14096,ribeirao preto,SP
3b15288545f8928d3e65a8f949a28291,14940,ibitinga,SP
cce6ab8d1682639fe45ab70234f1665f,81020,curitiba,SP
e1643dff33666ca629e3644c02738179,3182,sao paulo,SP
76623fde66e6b63b59440fd34160512d,7124,guarulhos,SP
5275ca25d0358ca73864e0ae41be1320,7024,guarulhos,SP
eb4df17aed01d918c65f0f8d650900c0,13140,paulinia,SP
2f09f7d37a97956d11cc1a7cadd5262b,14090,ribeirao preto,SP
e58a5b390e28abc0b216cfb0e07d27d7,22640,rio de janeiro,RJ
f41ce2e25237f9092cd8e6e7516c7a2f,7013,guarulhos,SP
8e6cc767478edae941d9bd9eb778d77a,38442,araguari,MG
52d76513f0c4d97f3b99570e2c94ee31,93348,novo hamburgo,RS
f5b44895715ddfe3087dc414f30268f3,18017,sorocaba,SP
c8467937e403e76a8ee9f0ab13f6f5ef,37704,pocos de caldas,MG
3f8034bfc6b8b4135534975d49f04c63,81560,curitiba,PR
4992e76a42cb3aad7a7047e0d3d7e729,3334,sao paulo,SP
0afccdb8a34ee5c79f7c06faf2b4d56e,38400,uberlandia,MG
02dcd3e8e25bee036e32512bcf175493,32310,contagem,MG
c9e5ad1f6647f5dbd1172adf6ae3cada,90240,porto alegre,RS
f783a638e9c6af4a7d0dbfde811e7a81,3063,sao paulo,SP
0b18d63d0cd1d723567903fd34a07df2,5141,sp,SP
3ef37b7ca6dd2b80bd8af81a62504996,1452,sao paulo,SP
dd4d95ba2d15c071e6c695e2ef6ce169,29315,cachoeiro de itapemirim,ES
5e063e85d44b0f5c3e6ec3131103a57e,5302,sao paulo,SP
6e4f5ff6b086632ba8dcb558fb10249e,95270,flores da cunha,RS
117cfc326c6d50da67ca858ff5c0c852,25530,sao joao de meriti,RJ
d25aa0aaacb370e912f8cf6efeba38b3,89108,massaranduba,SC
c0e6839516f5398edc34adf5f1d53d1a,11430,guaruja,SP
2953ce3a88f5e3c3b696d77fc9e4c8eb,4270,sao paulo,SP
bbf9ad41dca6603e614efcdad7aab8c4,60348,fortaleza,CE
57fe6232e67823593374a2281d7a8af8,13360,capivari,SP
4da0e408c99d2fdc2126dc9fce518060,86300,cornelio procopio,PR
8b28d096634035667e8263d57ba3368c,12243,sao jose dos campos,SP
82cb9f452fe8334df74b22d37824b431,95013,caxias do sul,RS
9bc484c87d79cd4874e05ca182658045,2422,sao paulo,SP
c6218512d16fcac0af02fe92691cf274,32315,contagem,MG
d17f467e4bf608a510c20d82f4ba3b6b,95098,caxias do sul,RS
4371b634e0efc0e22b09b52907d9d469,2028,sao paulo,SP
1b45169b635ef59425637e9a33eb5fb3,87050,maringa,PR
bd23da7354813347129d751591d1a6e2,3971,sao paulo,SP
412a4720f3e9431b4afa1476a1acddbe,13060,campinas,SP
7238a95bb63ef7e498389fb863b834a1,13487,limeira,SP
26785a546900236d66f2e4197c211158,8430,sao paulo,SP
b7ed9fb14c8eadb37adb9c45d67ab0fb,12331,jacarei,SP
a0d7fbb07bb5ebc3b05980e750db56f3,8500,ferraz de vasconcelos,SP
10264f60a8f0a4d2f30810f5c661c673,13090,campinas,SP
35857757f553273b1056c1cabdace7fb,14020,ribeirao preto,SP
538caafddff204241cecbf3a02e6b3cf,4516,sao paulo,SP
913fd0ebba70bb919f7254a02239173c,89065,blumenau,SC
b2eecf5ea250510da76590ca79d60e5d,3318,sao paulo,SP
8f2ce03f928b567e3d56181ae20ae952,5141,pirituba,SP
d4e12e7884759a14fa0f5f896c791cae,2242,sao paulo,SP
e24fc9fcd865784fb25705606fe3dfe7,12913,braganca paulista,SP
5882f40daf39bc2a465e0cb453ddc222,5616,sao paulo,SP
53336f97ddbe53e2a617d07b17447b95,3461,sao paulo,SP
fec8cd45395b3cb0c2b173d7739706a1,12270,jambeiro,SP
900ba814c251a692506d7834c1218441,13328,salto,SP
afe0067131b73e40875c9b6c10bd2e21,35590,lagoa da prata,MG
85cc55e048b6bcc90c75afe7f0e72f72,27345,barra mansa,RJ
6601ee6383e7f452be71929f8de48bbb,14027,ribeirao pretp,SP
258447aad3f7b01e2643c89f64dc5647,87210,cianorte,PR
8a32e327fe2c1b3511609d81aaf9f042,2443,sao paulo,SP
31561f325664a8a7aba4c8d0c3a9b3db,3287,sao paulo,SP
d23019c84ffae2d5ef2270367b8605fc,86073,londrina,PR
ad8ada0ffa993cb1197d102d9ab21a3e,38445,araguari,MG
ce20a2ec1514c25e16f2b5b39bc818f0,5186,sao paulo,SP
0f94588695d71662beec8d883ffacf09,88037,florianopolis,SC
3a79f35a2344ede41af21267f61d5ec6,13040,campinas,SP
b586cd24c010a13916af621b0325fbba,89164,rio do sul,SC
2075d8cd4dd63ff12df0749a5866bb06,80010,curitiba,PR
4a1f694197d05fe70026b016a7316b41,13920,pedreira,SP
a44fb5a447105f8469bdf16bf9159f25,91920,porto alegre,RS
dcf3755cefcdc158ad0b7bdde51e871b,96503,cachoeira do sul,RS
4869f7a5dfa277a7dca6462dcf3b52b2,14840,guariba,SP
6bb66d9870c2e01c05655c7ed0e7ee13,4101,sao paulo,SP
1c5e4e49b9079480255b49d50aac1aa9,11030,santos,SP
37515688008a7a40ac93e3b2e4ab203f,17900,dracena,SP
0249d282d911d23cb8b869ab49c99f53,5676,sao paulo,SP
23ca5f678e0b3ea6c630b30fa8bf51ea,2839,sao paulo,SP
5eeb9c756d9780b96283e5a2ac6da334,14010,ribeirao preto,SP
c12b92bf1c350f3e6bf88d3596219c86,17400,garca,SP
ffa6adafb71b807dc13159e26431354c,86030,londrina,PR
080102cd0a76b09e0dcf55fcacc60e05,31140,belo horizonte,MG
5a6a02f419701fc8c605af71d4fc57a4,13465,americana,SP
154bdf805377afea75a3bd158e9eab10,14940,ibitinga,SP
b2ac621f0d0322434d04a12b078b9369,80220,curitiba,PR
17306570e772e7718c92a562d33f5f1d,17250,bariri,SP
244c2f1bff6afe1f2eaf9bfe9b2aed38,8832,mogi das cruzes,SP
71039d19d4303bf9054d69e9a9236699,3018,sao paulo,SP
54065e9aef7e9e9c2dc23b7594db021a,20040,rio de janeiro,RJ
4d6d651bd7684af3fffabd5f08d12e5a,17209,jau,SP
24a6daf925d9d591870a66660416de31,14078,robeirao preto,SP
b76dba6c951ab00dc4edf0a1aa88037e,3237,sao paulo,SP
b1204cfda1d4948679db3cfc0d3cb95c,7170,guarulhos,SP
b4ffb71f0cb1b1c3d63fad021ecf93e1,3880,sao paulo,SP
165b1235e9e9942cb5fae67103576fb0,14020,ribeirao preto,SP
8eb88b0acb3f90a717ad659221471fa7,89504,cacador,SC
0417b067eeab773d2f7061a726dc477f,89288,sao bento do sul,SC
974cf2cb8f4b7add98709c30df02fe10,14802,araraquara,SP
3c487ae8f8d7542beff5788e2e0aea83,72460,gama,DF
4a3ccda38b2129705f3fb522db62ca31,17504,marilia,SP
876182d1918783bbe15233febfbd4926,4208,sao paulo,SP
33576ec5412fb5905d876f12f33bfde6,80040,curitiba,PR
5b85809efd0d0e4dea1a9544e1280ed9,19020,presidente prudente,SP
5566627eab3fe93fd6ee08798226101a,83005,sao jose dos pinhais,PR
e504a4e2efaa45cbff7e268a2c58c956,13520,sao pedro,SP
056b4ada5bbc2c50cc7842547dda6b51,26379,queimados,RJ
1e483cc5c76fef08d3ca05f9a8af7d01,2929,sao paulo,SP
b248792ac0b60ec3f93d80af1b4fae47,9560,sao caetano do sul,SP
34056b8b55c1775a22af2331670a799c,16304,penapolis,SP
21d59342ba150175ca2aa4f8faddeca6,8593,itaquaquecetuba,SP
23c38debaffe4a25a30fdbd9b586a13f,18110,votorantim,SP
d9c349beabc06aa6ff1c6d68b5e9e22e,3586,sao paulo,SP
bd1d49a326abfa9b1036772e40445430,17017,bauru,SP
c9c7905cffc4ef9ff9f113554423e671,6871,itapecerica da serra,SP
0887a9f087bcd5d9f6642b52f897fc6c,11990,cananeia,SP
abc015ebac1d283a323ca9db35ede4b9,14055,ribeirao preto,SP
00720abe85ba0859807595bbf045a33b,7070,guarulhos,SP
75d34ebb1bd0bd7dde40dd507b8169c3,41820,salvador,BA
e5e33c0d8e7e002f398f5dc4cbbb338f,17032,bauru,SP
8f54d64f28a993550aa7943f12572959,35160,ipatinga,MG
91f5779a8731baca4809fdeade81803f,27321,barra mansa,RJ
13074f016982ff2bd6c58ced8682f000,95705,bento goncalves,RS
534a01cc6df1e034e05c32028a291fa2,13214,jundiai,SP
cd3d09fbe6e3e9ff0c0ac0c300e93ae7,13380,nova odessa,SP
57e632711dec9ec14ca7546769483e7e,88372,navegantes,SC
cb3dd9ce66268c7a3ca7241ac70ab58c,3028,sao paulo,SP
094ced053e257ae8cae57205592d6712,14095,ribeirao preto,SP
1f1bb1f0859883505541bdd6606193e5,2124,sao paulo,SP
4200ddf1967c5e41e48db62bc6d4b5ac,9710,sao bernardo do campo,SP
64b87978a11c1ea7501a89eabe8c2c1a,19300,presidente bernardes,SP
236585a4ddb5fea9fa40233e2249ed91,95088,caxias do sul,RS
499ec63c58e51296c9cf57edcfe1c8a8,2918,sao paulo,SP
6f83d9e4da896daae20b9b6b2d3ff8d2,84925,pinhalao,PR
35ef5aa32949680f627efec3c23e705c,88960,sombrio,SC
403aa86912527d730337ffcb0fb096ab,30220,belo horizonte,MG
c847e075301870dd144a116762eaff9a,38022,uberaba,MG
5ef131ac72773e5b3f6c0d63cf424657,14075,ribeirao preto,SP
6cf476a4ca74498db55cbccdaa9dcfb6,2873,sao paulo,SP
c447f8dd3ed213f291d65ef074a268eb,19802,assis,SP
4736e9d642ef4257cd7622516931eb51,13424,piracicaba,SP
a5cba26a62b8b4d0145b68b841e62e7f,87303,campo mourao,PR
1025f0e2d44d7041d6cf58b6550e0bfa,3204,sao paulo,SP
a5dd1946fb63ada8bcaa0c9cd8f11e22,55002,caruaru,PE
c5f7feb04a6a1fb3596322bfc3cf1917,9571,sao caetano do sul,SP
c3e1abd72a42fe690fcd89cf5720fe29,13840,mogi guacu,SP
891071be6ba827b591264c90c2ae8a63,3872,sao paulo,SP
491a5ada3aa1678414e990262c4bbdc1,4208,sao paulo,SP
dd58ee93286b0821565574c570e9e1dc,81650,curitiba,PR
3c4e0452bff7a2a788179488d3d77032,83408,colombo,PR
6c99c983ce3b6ba0ab813e6790e81691,38400,uberlandia,MG
6aa3928696eab49a19a466e665a649fd,26285,nova iguacu,RJ
7586919161935337bf6b6d7ff5779648,21921,rio de janeiro,RJ
827f8f69dfa529c561901c4f2e0f332f,81880,curitiba,PR
59fb871bf6f4522a87ba567b42dafecf,3655,sao paulo,SP
a1043bafd471dff536d0c462352beb48,37175,ilicinea,MG
3fac58ce0ad699020c7944d53c41329c,3480,sao paulo,SP
debe6615cd90cc0c2eac2b8988e1f628,4282,sao paulo,SP
baa49d93c8c8841e27400a300f5d74b2,88113,sao jose,SC
5ca5d579b5857ee8709479b1047cecc3,4176,sao paulo,SP
3b872fd4747f01cc56206f2934198618,14940,ibitinga,SP
6e4a902d1054e4e17aa6eab87fac1c75,18090,sorocaba,SP
ff82e8873fba613f2261a9acc896fd84,35900,itabira,MG
92eb0f42c21942b6552362b9b114707d,3504,sao paulo,SP
f125f3a310c2e5f822d116147de1e474,3068,sao paulo,SP
b9c0ffa92f3ff9a5a3d45ef7213c0842,8246,sao paulo,SP
883dd81e82754ac2c65e9790a7db8c9a,81070,curitiba,PR
09883d9ab71c8fe8a9bfc7fc3075b07e,8180,sao paulo,SP
2f1e7b90e01d9f086cbcb301c0c3d406,89022,blumenau,SC
6bbcb8924baf70b7fe2fe2097e8cd407,89031,blumenau,SC
8e4f041ff58e7845456d3482524014b3,90250,porto alegre,RS
0ec28cec4046a4a199b6de9b4c891d97,74110,goiania,GO
5debea795b07621e1f90532e18f96145,86800,apucarana,PR
2709af9587499e95e803a6498a5a56e9,3813,sao paulo,SP
bd43e172d599bed47a85da877172ca8c,89280,sao bento do sul,SC
725c32fa80c2faacc4fc88450d27314e,3320,sao paulo,SP
850913d59ce317156b00f3705f1c3edb,12942,atibaia,SP
7354220fb240bde543b3c40c060d41e7,71215,brasilia,DF
e8b3a3a38279a82f0e5d006d5e5b7d2c,87230,jussara,PR
b17b679f4f5ce2e03ce6968c62648246,14090,ribeirao preto,SP
67225bff54a172ff67579aaf583efd78,85960,marechal candido rondon,PA
167fd940acebc789debd6eb418c46e38,14405,franca,SP
4ef4c39cf3c24f326434cf0b2e48046a,5004,sao paulo,SP
ce616e1913288884e7742faac9d981db,6711,cotia,SP
a1474fd46fd3430168f7ec202da39408,83321,pinhais,SP
2ff6b7bff164ef05590a52734e1296da,86060,londrina,PR
e4253cef933647000a82ff39c67b7bde,5856,sao paulo,SP
bce6a5ecf98e99fd2a8868b15c51f04b,7180,guarulhos,SP
ea65d8b58316a6f2362f2a9e4b3e86ad,13030,campinas,SP
0a85ebe4e328db81ac9109781205e2f7,13205,jundiai,SP
1660ad786c27fd935378b6192a90b417,9891,sao bernardo do campo,SP
0db783cfcd3b73998abc6e10e59a102f,11010,santos,SP
52f9db5cfb423382a2fa5c9e39303202,19830,echapora,SP
f307937c1bb287c3efc2a514b94b0d1d,38183,araxa,MG
b76a1f8356322f12529c37b67d5c96c2,11015,santos,SP
431af27f296bc6519d890aa5a05fdb11,14110,ribeirao preto,SP
53088c75f948b48a7ece173ac17f0c12,95840,triunfo,RS
0f80a40c312b2472dca482cf50f5186f,18681,lencois paulista,SP
0be8ff43f22e456b4e0371b2245e4d01,4461,sao paulo,SP
1835b56ce799e6a4dc4eddc053f04066,14940,ibitinga,SP
2e13c71026e1a39ba5cc1b86dcb679aa,2265,sao paulo,SP
0af2ab31141893d26aca5a404a537dab,3431,sao paulo,SP
13d058e4eeac2ce8217660b2f8a05812,6080,osasco,SP
e48b04bf1aa1ef711caebeb7aede6180,80240,curitiba,PR
f67efa3f0b6761102a7f8c6b7b571f5d,82300,curitiba,PR
c273175f7c6c80fb02f051e2fc6d0d72,5849,sao paulo,SP
382229d1e840115ffe3dbf5ff460e417,23092,rio de janeiro,RJ
5c243662ce92d84573bfaff24c3e3700,3702,sao paulo,SP
85e7c62c1d6ea078c3897424f867a7c8,88220,itapema,SC
262237171f48e85819065498cac80d7b,88352,brusque,SC
fd386aa7bed2af3c7035c65506c9b4a3,4208,sao paulo,SP
ff4e2d38692ce827b1a4f4b8196e680d,3319,sao paulo,SP
41c2bad7229b0c25e6becf179ebf63ff,59020,natal,RN
4559697a8f7e637227c2eeaed843baff,19029,presidente prudente,SP
19a7c9f66ffa6452ff4b4c0cca71da27,85880,itaipulandia,PR
42fa4ee7240e9b8eb4576358ec142ba7,95012,caxias do sul,RS
7ecd59e5e20407131822c1a68ac59c1f,70719,brasilia,DF
c026ef0d72e9132d9fa112308090c8dc,20766,rio de janeiro,RJ
e8f6dc8e6a1dcde89d20e3995c8d90b3,3476,sao paulo,SP
128f9bfbe4c7d5185033914b1de3d39a,12940,atibaia,SP
81a1104df0f08b59c68aa5b03cfe398e,83020,sao jose dos pinhais,PR
3f84fefc07dc159b268d4a77d3e8c425,83833,fazenda rio grande,PR
750303a20e9c56b2a6bc45cdce0b897d,74333,goiania,GO
f8db351d8c4c4c22c6835c19a46f01b0,13324,salto,SP
0743a0239d764b9a0f959a57d07e36ab,3138,sao paulo,SP
1838dd9b8977065acf51d95e0053ea7a,30882,belo horizonte,MG
1b8b75e227c9a9c100d0c210fb6176ce,5468,sao paulo,SP
5d378b73ab7dd6f0418d743e5dcb0bd1,1026,sao paulo,SP
39d54ff918774174706fb065d7f9dc07,4243,sao paulo,SP
353e21e8bf8de2722b4fae1636664b76,92120,canoas,RS
5b33b527da3c5b969cc99dc435cad09a,87702,paranavai,PR
bf961104a38e01b9062ee026bb657dee,14055,ribeirao preto,SP
1ca7077d890b907f89be8c954a02686a,6506,santana de parnaiba,SP
89a51f50b8095ea78d5768f34c13a76f,71931,brasilia,DF
3a490ba60afa30ece0e7d50cfe74a4f0,31365,belo horizonte,MG
651fe66032c9520ee5587f694908040d,94810,alvorada,RS
d566c37fa119d5e66c4e9052e83ee4ea,4131,sao paulo,SP
2199e7fe213c16213bf5d6a7eadc9a5d,11900,registro,SP
2b3e4a2a3ea8e01938cabda2a3e5cc79,4733,sao paulo,SP
e333046ce6517bd8bb510291d44f0130,18950,ipaussu,SP
5a413ade68e8f8d93071a7f52a64cb9e,3679,sao paulo,SP
5a425cc503b39b262a847fd6212bf53b,86010,londrina,PR
8f78f0903005064036736c7173a5c2ed,36325,tiradentes,MG
9803a40e82e45418ab7fb84091af5231,75901,rio verde,GO
83e197e95a1bbabc8c75e883ed016c47,25900,mage,RJ
17908cf9b444ee34047cadd5c0f4a516,75124,anapolis,GO
17eea220a40cc0d2c0c5346379682398,3565,sao paulo,SP
270297ead4c65a6cd2593960d2af6b21,4696,sao paulo,SP
5f0057b677eb963672bf05dfa3f16c34,1309,sao paulo,SP
8185694b58b2ba6de20fd41ae608bbea,6764,tabao da serra,SP
17f51e7198701186712e53a39c564617,3908,sao paulo,SP
2addf05f476d0637864454e93ba673d5,70856,brasilia,DF
b67d6c666e8dce1d078c882825e12704,3641,sao paulo,SP
ead2bab70821ea148476ae9bc08548ac,31980,belo horizonte,MG
d1582f4043306e6b91afa6a8a884f898,3445,sao paulo,SP
d263fa444c1504a75cbca5cc465f592a,13478,americana,SP
f35b3c613c4f7b2275f4185d0a3c59ec,5417,sao paulo,SP
655220df33262c7e0c4949a147366f94,9951,diadema,SP
ad8b531ae67582f096925cff5630d0d1,84172,castro,PR
44f091b5abab8018f682fce8124b85e5,2281,sao paulo,SP
7210cd29727d674c00741e5e387b3ccd,3279,sao paulo,SP
0570350b23eda5444f8d1d9544932058,5104,sao paulo,SP
de9727ca376d1be6ec121b110aa7954c,87114,sarandi,PR
70a12e78e608ac31179aea7f8422044b,12327,jacarei,SP
c1ed9e3daf6154542826a6996af0fb8c,88308,itajai,SC
d101c6da914ae3d53f7bee42283f2fe2,8072,sao paulo,SP
a00824eb9093d40e589b940ec45c4eb0,18590,bofete,SP
0015a82c2db000af6aaaf3ae2ecb0532,9080,santo andre,SP
808d4348b916efa08e766ebad39f61eb,2336,sao paulo,SP
fb3cfbc8a86f5d7fbb4d36b8df63f60d,21825,rio de janeiro,RJ
2d2c62bef4c8ba0dd74e0e228e808539,14096,ribeirao preto,SP
c1d1ebb4745cc43cb6f05e9c8a705c9a,8070,sao paulo,SP
ff063b022a9a0aab91bad2c9088760b7,9171,santo andre,SP
82bd0703a4aefd6b599e5bfdaed378fb,17510,marilia,SP
12a8eb0f8d1cd3270695bf2a99f55966,4607,sao paulo,SP
beadbee30901a7f61d031b6b686095ad,7097,guarulhos,SP
bc39d8938f90a3a2b98193723ed59774,7791,cajamar,SP
fd312b6bf05efac6c3772d5b52205d8a,18111,votorantim,SP
25cf099de44674fde97473224f9d59ab,6716,cotia,SP
7139dc5186aa238b006e066d8fbab2e4,13901,amparo,SP
d94a40fd42351c259927028d163af842,37443,baependi,MG
406740ee611378a662d274c7d8c43c4a,29056,vitoria,ES
0885aaf116795758dfeb5f1032487bcd,8541,ferraz de vasconcelos,SP
dfc5fb7259bb2b599ca565e6e9448f0f,9780,sao bernardo do campo,SP
41958cbd3335433c8740300e8cd600d5,5051,sao paulo,SP
3a3e46d10f74d8a6ca76e2b538f106a0,2522,sao paulo,SP
5a9b3bcab695173c820e53934574ae80,13320,salto,SP
2bf6a2c1e71bbd29a4ad64e6d3c3629f,28615,nova friburgo,RJ
7c4618c82226628831613e95e9c22f44,18136,sao roque,SP
06579cb253ecd5a3a12a9e6eb6bf8f47,4007,sao paulo - sp,SP
8ab42aa58097fd4668d60cc648225d5f,74150,goiania,GO
4978a02ea9c8be7a9b5480680f40334e,8215,sao paulo,SP
cb6c9f5888a7a090c75beaf615925792,29100,vila velha,ES
fe701d88b67eaca109dffd464d1be9f9,24900,marica,RJ
46dc3b2cc0980fb8ec44634e21d2718e,22240,rio de janeiro,RJ
fedaedd3ca31d56ab33e92035e4b361c,24310,niteroi,RJ
81f89e42267213cb94da7ddc301651da,19063,presidente prudente,SP
58f1a6197ed863543e0136bdedb3fce2,36407,conselheiro lafaiete,MG
df56d7b40d437f88407c5f78b63bc328,85812,cascavel,PR
165fc07beebdcb6190fba8a06db2a449,87015,maringa,PR
0691148aee60ca47977c187804f935ae,86010,londrina,PR
cac876b37d3abcd6bd76caca30277996,85816,cascavel,PR
70eea00b476a314817cefde4aad4f89a,13250,itatiba,SP
4f40d2ed38d1cc945364a7cd202a82c7,2337,sao paulo,SP
9cad4b68bb993ee401a3c5aaa2bc26dd,16200,birigui,SP
dbbcfe2c8d026742134ac3e28ccde274,81630,curitiba,PR
2fdde51ad3e12f297da656d4fbd5d0b5,89228,joinville,SC
7040e82f899a04d1b434b795a43b4617,1026,sao paulo,SP
83a75eea11694e36e56dd0cb2240229a,13905,amparo,SP
a1544b9ea0b2390e020537d4daa89049,13211,jundiai,SP
b8a0adc91af209270c2c725168eb00fd,14940,ibitinga,SP
20b54c376b794ed028df09a3cd88e8dc,9560,sao caetano do sul,SP
3fe7120d6257285ac6a3ce7cb071ccec,35044,governador valadares,MG
7daca0837f033a41a6f3428c18657533,15170,tanabi,SP
d66c305afaec317ebee552073a674429,33936,ribeirao das neves,MG
adbe70ab2c97442046d393988c8d1d27,9321,maua,SP
42bde9fef835393bb8a8849cb6b7f245,71551,brasilia,DF
89bc797e2e29667aa035d4368f9b7f92,2969,sao paulo,SP
f9eedec3129e8cc6b6429c42d0808c5b,22793,"rio de janeiro, rio de janeiro, brasil",RJ
66922902710d126a0e7d26b0e3805106,31842,belo horizonte,MG
32f1bb9dfa65bc7df5c0d9d95a616be4,4705,sao paulo,SP
05f51e13da97139648b8125c31e5f51b,31910,belo horizonte,MG
c43d924a0f1688ee9fae0efcd6f539d4,20710,rio de janeiro,RJ
7d456afc660226829370f3173d14520c,8820,mogi das cruzes,SP
1900267e848ceeba8fa32d80c1a5f5a8,14940,ibitinga,SP
157c3e4b42f81ac4a44e8b1ca2fe9876,3211,sao paulo,SP
08d2d642cf72b622b14dde1d2f5eb2f5,17512,marilia,SP
525e75a6fb1454a2325ab1734bcec221,6453,barueri,SP
0e982cff76cc0579f632cea8a0e38c9d,88316,itajai,SC
014c0679dd340a0e338872e7ec85666a,35180,timoteo,MG
6ee85be3693ed79a8e80718743d80655,3937,sao paulo,SP
d5ba419e26d246a0719437cf37d9b46d,3437,sao paulo,SP
15aac934c58d886785ac1b17953ea898,29480,muqui,ES
f789d2c4f2c2eb38fc4373e7a4b35264,36010,juiz de fora,MG
299c89a525fee36c567f4fe72f038100,63540,varzea alegre,CE
87b740daf17b5d1be335a64164ec6842,8615,suzano,SP
eb3071b9f0b0ddaa2df5ea130f09f26b,4281,sao paulo,SP
31da954dc0855f2495c6310f70a2f931,13601,araras,SP
63b9ae557efed31d1f7687917d248a8d,13720,sao jose do rio pardo,SP
ef9952469137ff190bacafe117f51537,38022,uberaba,MG
4a82168aaef173cbb6e46ae88728f919,84500,irati,PR
17e34d8224d27a541263c4c64b11a56b,14085,riberao preto,SP
e2aee0892199b1d92530e371abd825bf,86600,rolandia,PR
870d0118f7a9d85960f29ad89d5d989a,37708,pocos de caldas,MG
ec8879960bd2221d5c32f8e12f7da711,13253,itatiba,SP
a35124e2d763d7ca3fbe3b97d143200f,4041,sao paulo,SP
9198786624eaeb375793215cad26cfa6,89136,rodeio,SC
fe1b067411b8c5066e962aa146ccee03,19020,presidente prudente,SP
6b9b80d53ba3676eafe60268a810b5a1,31160,belo horizonte,SP
a938325a4b357fd23a6a4d5bb126408e,26510,nilopolis,RJ
f1b854361f4e15d5851b494df66f22b2,20020,rio de janeiro,RJ
9df5750209b83567ec144eb299d7d634,93032,sao leopoldo,RS
3d62f86afa7c73be2628a3be1423f5a0,12327,jacarei,SP
778323240ce2830d68aab11794e00bfb,13600,sao paulo,SP
a3dd39f583bc80bd8c5901c95878921e,41342,salvador,BA
4342d4b2ba6b161468c63a7e7cfce593,22793,rio de janeiro,RJ
06df0c10d34e459d9672bc77388742eb,87045,maringa,PR
89757206b887aed36f3e18d858460fea,3121,sao paulo,SP
d8b8f2cf9ff6ba0389072541cb42498c,73813,formosa,GO
3c03b12bab54d8b37d79d914bfdb1aa0,25561,sao joao de meriti,RJ
9d5a9018aee56acb367ba9c3f05d1d6a,74930,aparecida de goiania,GO
f9244d45189d3a3605499abddeade7d5,3029,sao paulo,SP
2b3b9ce054da76a7428df143a567b156,3572,sao paulo,SP
198c7ea11960a9844b544d9bcdca860c,37590,jacutinga,MG
a478c7961d6a992065b24e63b366f90b,89036,blumenau,SC
30c7f28fd3a5897b2c82d152bb760c17,24020,niteroi,RJ
66e0557ecc2b4dbea057e93f215f68d8,4771,sao paulo,SP
21e83881401b92b49fb09a16d3852291,38405,uberlandia,MG
55c96925041a14097b6a7825554f4ad5,2122,sao paulo,SP
daeb5653dd96c1b11860f72209795012,31310,belo horizonte,MG
228e4c1a0be164f613d41c24345f9d2c,86360,bandeirantes,PR
5145090ab595c0d0b8557199f5701fbf,82900,curitiba,PR
87e24fc7052259b1f7f607d61c10d8be,5734,sao paulo,SP
d66c11a9572221d92fbb8c4897db5f9b,20770,rio de janeiro,RJ
e2c92f9c1c7746d899d18f2e158bbff7,15054,sao jose do rio preto,SP
ea67327e24487bdfac5fbfa37ea124df,14940,ibitinga,SP
1d1bbb8ac1581824986f582583fff01d,89082,indaial,SC
c70c1b0d8ca86052f45a432a38b73958,13186,hortolandia,SP
9e6967d3cf386d284251784b18ccb485,9550,sao caetano do sul,SP
4e2627090e6e5b9fabba883a37897683,31565,belo horizonte,MG
15ead3a5037a918ddb520dfe39a3d2b9,36401,conselheiro lafaiete,MG
725af026f869236a8dd0ceb98564d156,35530,claudio,MG
7bac63f6603d382cc8d0832eb6c100a8,5713,sao paulo,SP
f8201cab383e484733266d1906e2fdfa,88137,palhoca,SC
74871d19219c7d518d0090283e03c137,4650,sao paulo,SP
e603cf3fec55f8697c9059638d6c8eb5,96080,pelotas,RS
