order_id,payment_sequential,payment_type,payment_installments,payment_value
b4b82a96ad1cd1dd5071980861bb2575,1,credit_card,2,50.69
d6461ecc120609d0cef78fea638e47fe,1,boleto,1,111.33
eddf262f362444dbd097ffd397117611,1,credit_card,2,61.73
78af2a39c54cf8bac845324f86cf81f0,1,credit_card,3,34.51
9b81934297f0b5aab6474d8eb7fb2b4e,1,credit_card,1,5.77
7416fee595e25348b79a5d82a55c725d,1,credit_card,1,95.76
7dcc6df2be2e64c78a83397fceadea30,1,credit_card,2,158.1
65312c6e4ce03c0fb633a4ac541949d8,1,credit_card,1,68.59
977ca490eb652320089f258d0431c2c4,1,credit_card,2,26.77
007beb35f98c075747e6fc4fd1c0cb73,1,credit_card,2,83.59
892e01736ad734f028d207bb6578ff85,1,credit_card,2,245.35
807cfbea3c04fa82a5bfda36d63e88d6,1,credit_card,5,287.53
d32fbb7b9c7d393b293c80e66091ee4b,1,credit_card,1,130.26
4213bf7933d48cf3705fd44b4e4c8ce3,1,credit_card,1,174.57
5471d26176ed00eac0441e43fe12ce01,1,credit_card,1,46.1
02875e2e1d01d7a1533215fb97510b06,1,boleto,1,207.65
1e098529b9705a78dba4c6b24ee2ef35,1,credit_card,1,76.78
d77d1461e81c281918bbfa4c878bdcc3,1,credit_card,4,101.38
cf1ff716be04ebeff7831c79c17f9151,1,credit_card,1,58.98
aa7968b0028d36ccc666016b18193b0b,1,credit_card,1,366.12
f826075f4109bb1b2f8d8123b117d81c,1,credit_card,1,46.88
e8549294b90188285cf1f7d6a35f758c,1,credit_card,3,57.33
09bb35a3939c3181b4a5619cb3918976,1,credit_card,2,116.94
9704b8f76b77e74be19dd79d9371b6b4,1,credit_card,5,134.15
8345e1e2a321e4b374a65fe12d8b30d3,1,boleto,1,54.32
d2feffdc8a5c6772992aafeff8b9bdef,1,credit_card,2,101.19
ad6aec326fc31e34aaa0ff7ab3788c43,1,credit_card,1,807.54
d1c0be9650d4276bd67e6f8cd3af248b,1,credit_card,8,231.66
4b1fd4c19cb4a9c1dc657af8a028d002,1,credit_card,4,420.13
aff32bb12b83b30724cae766b0270c64,1,credit_card,6,199.07
0f3f49e2316b72f49e23fea6ffaa2371,1,debit_card,1,24.28
4832ff0402c0e07fcf802721babe2b05,1,credit_card,1,1201.55
05ec9565bccc292561dec1d33bfefdfa,1,credit_card,5,62.92
ee5cc68a9c849b21b595655a944b417c,1,credit_card,1,73.17
cb853e8420ad49b1a4c1a35000a24f69,1,credit_card,6,218.63
b6cc6c3ee09a6542d7cb6fa9a4e13a9f,1,credit_card,1,26.68
6471b260244ab316f8331321d689aff8,1,credit_card,9,186.49
fbf5bc2dbcebfcaf6cd32cf61a87e28c,1,credit_card,2,129.78
3e2e0c0d125ba0b63ecec3768508fbfa,1,credit_card,5,138.15
9f3bb89658a46c809fdd407e86914f94,1,boleto,1,114.45
02b7cbd604df10c09427902dc682b0d3,1,boleto,1,48.08
7325155ebf88da418deb3ac20a5d7f85,1,boleto,1,278.0
afb23e950af5ba7626b9fcc4e1c63147,1,credit_card,4,214.14
44a36c78aa2626a8bdd0bc7f18c821a4,1,boleto,1,32.72
908227fe95698325710fe450d4b7018c,1,credit_card,2,76.09
6363b59d2e7f542672e0f11910c0c708,1,credit_card,1,32.29
cdb17e415cae13fddbaee8ab5e55e9e2,1,credit_card,1,89.48
e0324d1696ac7872c9dcc6ea30afad20,1,credit_card,1,52.58
341d0ee42d08b192c88aaa1c360f97e9,1,credit_card,6,154.42
f962d2edc594dccae522feb6446d2104,1,credit_card,1,1123.86
0f7f3fcd5523d759e8e17084e45439d5,1,boleto,1,142.56
6f0fe3a4d47a538537e0ff4486928014,1,credit_card,1,187.73
f62fdeb39023106b1bb98bee97a54a87,1,credit_card,8,164.29
63411626466603435cf74a3d51f8fc8a,1,credit_card,1,1196.78
7f5e0af4864278a71b1c273b11dfc090,1,credit_card,2,165.03
1610bbd775aa73327d7741d006c09fb2,1,credit_card,8,86.85
88543da9ad238e70098166896bf9ea06,1,credit_card,1,83.68
ac8f33e39cd4da19fb975a3b2e1bb57a,1,credit_card,10,537.0
eb9b354f1582c2c24333dc1eb187f47a,1,boleto,1,122.5
1586faea8b5e622028bb4d1e296d5b2d,1,credit_card,8,91.77
cc44fca1bc5f1313d254769c6e3d12db,1,credit_card,1,58.09
c7a60c45b05ec8fa2477a5291f1e8220,1,credit_card,1,30.77
7b60439ce00c75448babbcbfb0bdb6f0,1,boleto,1,112.02
dca3b709f4c0389495cb4fa1a063440c,1,credit_card,4,47.63
faed4646f30cd940f469d0dfb42c4b29,1,credit_card,3,70.04
314bb8fdc89b0dafae07549f10aaa5e0,1,boleto,1,169.73
0dd10699d5b56b4bfc60c02e8ac6533e,1,boleto,1,132.03
dcc3610bd6745b8ec0d84354631fbd3d,1,boleto,1,140.03
ce1102192008032289474c932a4c241a,1,boleto,1,99.06
dafb5cbb5a0e7ff890bd9f8db676b51b,1,credit_card,1,115.4
3568ebea6d5338487cf9c64e9f59abfe,1,credit_card,3,228.86
2b5781efb507c8378a255ae14c8661fd,1,credit_card,1,36.95
2e95926835baa8ca4f74e2602a69a84e,1,credit_card,8,469.89
dab4d0e2e34ccf6d7136c2a702fb5a5f,1,credit_card,4,226.32
408bba49e507e2efa9fbb77966ca4697,1,credit_card,6,178.78
560cd8ba09ed1425cee6fec9ded348cb,1,credit_card,5,55.1
6224401eebe13e25d470d8d6a9ef225e,1,credit_card,1,15.45
a79e71cf3a8c8b52b0fe82c772927688,1,credit_card,1,77.9
7d3cd94ead444e7d5a948a9e0021c426,1,credit_card,2,138.72
195f145ac1c5e473431a8b605fd8a7df,1,boleto,1,100.04
f05c1aa49a54cd865ee8ac61c2b15473,1,credit_card,1,166.62
d116a9f838daeae6ab2e694cad2045f8,1,credit_card,1,74.41
e00bfbddf86f0a755d3550dd87962824,1,credit_card,1,76.51
ca4b9f3ce6fc19e8533501cf8c6b832e,1,credit_card,1,0.01
53d67d7e562650461c0068ff08a53bbb,1,credit_card,2,130.25
b41a16657a96770a0b3e233b13555502,1,credit_card,1,64.0
934daa3b33591884346152a2c7f15ce5,1,credit_card,8,300.22
21eb47858aa7100e94ede112bf5ed1b3,1,credit_card,1,40.0
c58cff333993bb6b7161d7ec1350eef3,1,boleto,1,80.33
d2e870fac3d41a82545e1cf3ebaf5a4e,1,boleto,1,270.71
259db3e83679426c2af73687a8c579d4,1,credit_card,1,107.19
eeee28417bb0a24c511c9b96a03fb29b,1,credit_card,1,132.03
1a358c4ef8c7d066e7e526670d486f3e,1,credit_card,1,117.16
2a490849da4cef28b5edaea693b89ac7,1,credit_card,1,44.38
0edefae02733735c88d242ce6b781802,1,credit_card,8,92.9
7a4caa019e7bb13e8a2c00696be65ec5,1,boleto,1,22.13
51ec41884835ac1d486fd3f6b4b4bf0a,1,credit_card,9,90.17
35575d651196f286d8d73c2b92653aa1,1,credit_card,3,176.6
1d27a36f2b45a61e1fe2523a056c3561,1,credit_card,1,56.37
495f56726168b6a736cc1220b7d49be1,1,debit_card,1,210.42
6b11abc0295e397afb43aecade82621a,1,boleto,1,217.04
6714663b6b3db5c838d7590c6a7600e3,1,credit_card,1,173.27
73d68ef344ebda9bf0c80b7e3ed70e45,1,boleto,1,73.34
f654f714b94e829d982e2313f2343493,1,boleto,1,90.18
8076135356d195170fe9f8d5698182c4,1,credit_card,1,75.68
ca85e8b80de7543b68e7443fdfe051e4,1,credit_card,6,148.15
35431beb6e4dc0ce4426a0c9ecac0640,1,credit_card,5,102.1
331027db835328af30e85ce6c7b55655,1,credit_card,3,38.61
0f7a031ff7235289c8ce7270cac7c4ec,1,boleto,1,100.95
e9a673444938dfb3ee73bc31383f2921,1,credit_card,3,133.88
eb7df5ec433a5660c84c3a2e1bce192d,1,boleto,1,182.34
76c675dc22e413baabf77157c12c5efe,1,credit_card,1,67.36
75b7d764765f4cf3a5f03e7f3f35319f,1,boleto,1,24.09
1b0fd42cfc51e77567823cb398ef2e26,1,credit_card,1,98.65
b75a6018e7dd4580ea41116341ec362f,1,credit_card,1,37.53
77ae79f517b55536c4be2d6953ef30af,1,boleto,1,290.37
2eb223bca7f1fae261d99669d7e8b20d,1,credit_card,3,200.74
6ab8dac189301e155d1ff9208d98db3f,1,voucher,1,71.63
8a5dedf23891883d88a7f6e28b880c8f,1,credit_card,1,69.38
62d6b75c62b447ebcacb509154ae9958,1,credit_card,3,62.37
7d2a9b5d033ed3eb9cdfe92ba882a621,1,debit_card,1,83.05
05302619b1bff6733f64a97851af68cd,1,boleto,1,44.09
309d9fa2b3c76ea52c4ab89132f38adb,1,credit_card,5,107.46
e8b777112a2c5482e9005c327997cc21,1,credit_card,7,95.56
a43b47899fae27435d67c19684c2a5d3,1,credit_card,9,98.82
dacd9ea86285f197d0b7495e8af14781,5,voucher,1,12.34
94e9d4fb987019517b0aac56db0ae735,1,boleto,1,65.24
3571bf5785e29132d318f3c5222560f7,1,credit_card,4,45.39
c811577fd6f05e9a1e607f874d37204b,1,credit_card,2,69.56
b948bdde0e60c872c56a559f349c1a66,1,boleto,1,84.12
6f44e08b458a69c51d6c0c460358baf6,1,credit_card,1,119.88
d55318b1aeb088c57b1eb9759d0adc9a,1,credit_card,1,55.69
86f409689bcc6848577f53fcfa1154eb,1,credit_card,1,171.75
2fb41f7fd5712215690c4c8a37fdefc5,1,credit_card,3,144.56
05f54a9f4abf370b7c655d914159ab98,1,credit_card,5,67.36
4f72abdcedf8185382214a227cdb9e9b,1,credit_card,1,127.53
12a408b60b694ab095783ea92af18e1d,1,credit_card,6,66.67
1c1d7c04efff33ea9ebb71907b576f50,1,debit_card,1,87.18
c9fe3cca849fd78e942704ee0078cedf,1,credit_card,2,57.77
1ee8f299315c112e3442b232cb9c6f3c,1,credit_card,5,158.75
a1bbc50582a23583fb463282d7807e6a,1,credit_card,1,79.98
f29d2e7d66aaf2845c93e1fe45fabc8a,1,credit_card,3,179.22
3f8d6d4cd34333e5cada298b7b09b719,1,credit_card,1,128.34
0ba555009a855c3f87f818f23b4ccdbd,1,credit_card,1,180.53
648c8fc147248b2db527bd25821f67af,1,credit_card,4,219.63
e21677585042e206b003e3d9766064e0,1,credit_card,9,95.21
96ad1339a836acd49229ab6564bfba8f,1,credit_card,2,27.4
c5976da90bd31c7f760891b7db4e0c9b,1,credit_card,1,67.68
3caeb4389178c6b0cad926fcd9a939de,1,credit_card,1,52.57
77aa52452b1fc7afb9b3438922e09668,1,credit_card,1,108.78
bc2373d0e7ab7801b2b550f82b6327f6,1,credit_card,2,25.0
368a807c54f9394cce9b885904db58ee,1,credit_card,1,66.39
f9738bd11e7b55e079a85fd057acf232,1,boleto,1,99.74
d6717d9840d700bd7be08d9ca8bb791b,1,boleto,1,419.88
1167028eaef4a4e52b2ac530aa8beb9f,1,credit_card,8,117.1
7d86c4aa9e59504b23f16c7ca68954a7,1,credit_card,4,90.61
11720c3352cc89c305e6211b13e73084,1,credit_card,3,63.44
bac64cbfd217477d0b1d11fd3552ffbf,1,credit_card,1,61.23
f9e3b033a477076e2b9e014a852af668,1,credit_card,1,52.34
2d3390e82fa2179935440626c58baf1a,1,credit_card,1,59.89
cac424e74cd7f269d55aecca60a99333,1,boleto,1,40.17
a78c0962e6a2425978965be2eabb31f8,1,credit_card,1,79.7
1073c39f7b5d5091bb6dfd342d1f4be0,1,credit_card,6,144.12
a3c2dfa534b942bcc28371fdec7702d9,1,debit_card,1,89.3
d02a5a29d82eed1f82be00c04745ea7c,1,credit_card,1,51.92
3ba9c7e03e16689f18c77e2f5efd2af4,1,credit_card,1,15.79
992e5d6c51707533e0be958b2e283373,1,credit_card,4,43.09
bfab719f64f6c06620c60d71353b2b76,1,credit_card,1,52.59
7a3db786a9251bc1603dea2c4970e448,1,credit_card,10,236.71
3fd1a0108718230e45ed596af3c04ab7,2,credit_card,3,447.16
77e14af3a32e9b3c2eefbf56eac92cc6,1,credit_card,3,39.09
0d760576500ea8611379a97ddcebf3db,1,boleto,1,106.16
3ec8d477ad3b18290ba325fecaf053f3,1,credit_card,1,58.37
a37e63f75db3f7601cd0e95a5b63c083,1,credit_card,1,17.68
3cfb6e2f13d190a67c451cb4a359faee,1,credit_card,4,405.65
a98012aa8c697f2bcff9f8c2183e0f2b,1,credit_card,3,158.97
a78ac816235b4503a1af1b74fceb7a43,1,credit_card,1,37.19
89a05ddfc0652c91d7fb671794757d3d,1,credit_card,1,96.48
a1910c13f7264ec8e1b32221debcee26,1,debit_card,1,29.51
7a28faee4e4959f358d2fdbe66e22107,1,credit_card,10,255.46
b6cd84e6c9328ed77a9e0401e661eeb8,1,voucher,1,85.14
5a85ba245a3a3bcb21334e761e0ef1a2,1,credit_card,6,62.23
b0b49de4bb38c36e7acd74d879631d6f,1,credit_card,1,87.1
c1e204186043302a0a6e1f4d955460fe,1,credit_card,10,284.02
ead4584d779958e7605fe628d3f253f0,1,credit_card,7,193.0
1fce50c1831b6809773e5020edc716e2,1,credit_card,2,36.16
3b7620f0a3652abfdf6bc1b145b9117c,1,credit_card,10,148.2
5ab0d948812c5129aa5d2816e32c05fd,1,debit_card,1,93.13
4e0db43ba51c0e0ede8c48b094526132,1,credit_card,10,957.6
14f38e83e237f237348b97dd9f228d40,1,credit_card,5,53.58
00404fa7a687c8c44ca69d42695aae73,1,boleto,1,99.9
f6bce229e7e3fce75cf00f2028efbcac,1,credit_card,6,329.2
092fe64219d11b6fdc1bf61521c9685a,1,boleto,1,39.24
a739bf4717343c5f9c84196b61a9c53f,1,credit_card,1,67.83
c6d222a38df267553737a56da260cca3,1,voucher,1,121.91
9d02a36395b93b35ec7f46d79ee3e8b9,1,boleto,1,398.88
b5caac3d864a0915203a1789e69329b3,1,boleto,1,47.0
411d2a5826116cb819444537c0d0360d,1,credit_card,1,31.38
9f25f43e006aa4d61b6f1188696e93a8,1,credit_card,10,1032.44
c3c27f7cd6104efcb1a0d7793dd66fd2,1,credit_card,2,157.55
92d82a97b257e7e81b567f8ceb8b89a3,1,credit_card,4,83.21
92332bfe0b5269414ff8497677a10d5f,1,credit_card,1,114.45
54912035e047f9834df97cdfef0d2768,1,boleto,1,21.04
b2f6d9c004d4df667af498c97106b8f1,1,credit_card,1,178.89
626d1cc366da566023f1b3d8e202d568,1,credit_card,2,112.42
9e555160d5ee4c0a12a9451cc98afedc,1,credit_card,2,124.27
9cf677fc6e42f8256b310109fe5f2333,1,credit_card,1,132.02
89b9dca459730f82d38425daf378b9e0,1,credit_card,1,19.33
8bef37e0a778afcdf32118f376beb9de,1,credit_card,1,58.74
1a0e54c67a7d784f932f5cc4f953fbaf,1,voucher,1,71.14
4dea0f922f4dd1f6db6379f7ad64ede2,1,credit_card,1,38.35
e7f30a3abdc763c660d1dc442dce909f,1,credit_card,5,133.1
38f4de107b2ebaed574ce9233ad3f261,1,credit_card,2,163.78
b0631e643c8b1d98bfcade30d0e71e31,1,credit_card,2,115.0
79f0fd0747eee58c3980cc9cdb2afbb1,1,credit_card,1,72.39
e10d89c39c03d21e016420afd134cc17,1,boleto,1,114.34
96c9a85ac467d3065eb7f6d184672511,2,voucher,1,31.71
01eaa000fe5c9f80f535c3d0cad25a47,1,credit_card,2,151.92
f7057bf47ad8d184d0857bdaee0a1603,1,credit_card,1,28.29
56e2e07e6e0f8e73a5f1c73bcb74f270,1,credit_card,2,141.78
c90025afa3c59ad0768b713161777935,1,boleto,1,65.71
a5ab32d92df4aa22033de78a4c20dedb,1,boleto,1,138.6
1aecadf4362edaca7fa033e882076c8d,1,credit_card,3,50.74
3fd1a0108718230e45ed596af3c04ab7,1,credit_card,3,600.0
d479fa8a25e886f272e443a70acfb2d9,1,credit_card,1,62.44
f20439467653674ebac675290f67e15a,1,credit_card,1,136.08
3e01bcdfc97eab0de1ea04ac3848d32d,1,credit_card,1,45.09
f15a9d9b458aa040e6c47b6bb2311fb4,1,credit_card,10,235.64
061cafafafb36839a8ee7cf19ab807c6,1,boleto,1,166.7
d200a7526c6d29e8c2742a0bff8cff14,1,boleto,1,87.76
9cd3b6a2b07667e425975a219b4fc382,1,credit_card,3,88.22
9a5e2e79294284216bd97c19ba039cfe,1,credit_card,1,92.15
0dd96ab2fca2927658c83b7e2e954ec9,1,credit_card,1,54.0
108db8c088de8e42c648bc520cec8c44,1,boleto,1,25.24
cc3336764b2bc18f4eaa8f17f86bfd53,1,credit_card,3,64.77
615915458e5cdf8939ae422e043ca879,2,credit_card,10,112.68
3de642b372ed772362b5a3df6f583046,1,boleto,1,206.57
f09ab6762312942497f5c45240901ead,1,credit_card,2,195.91
428379472fdd9b3d36d545677e852e77,1,credit_card,6,120.09
afcb8a93dec4243dbcf29ed98e5b0d4b,1,boleto,1,53.37
2e509a0f39264c5e18d820911b16990e,1,credit_card,1,28.22
9675440ebf61a1a3482cc6308e3ebd28,1,credit_card,8,82.79
9a327776c4009cd0980497d9386b1472,1,credit_card,2,91.19
79340f2ac5af10a369d02c1acc89eb1a,1,credit_card,6,554.4
0bd6f6cbd1aa613a762bcc714ffcadd5,1,credit_card,6,131.17
b73183cb490ec16839818660ffc3d832,1,credit_card,4,142.85
735458a5d288ba55c03a10cb1b2dd481,1,credit_card,3,640.89
9526afac09af0c00e87b74eb7290b6ec,1,credit_card,2,31.01
fa2211e05a1ebb8eedfa015e5d6d7957,1,boleto,1,125.27
1871eea34c05e21129b1a6a25e0ec985,1,credit_card,4,41.68
924482525801c274a1c8e5d4a2f15725,1,credit_card,1,116.25
267db43542633efa0839c965b2ad2f31,1,credit_card,7,73.92
1688c2ea4929b519cfc4653742e736ec,1,boleto,1,93.78
30c3c6388d83af1e5d2919082f177a66,1,credit_card,4,255.49
4bb6e6f5af26e1f5951d934386615406,1,credit_card,4,94.74
252e3d8642591a131552842adb8230f7,1,credit_card,1,53.47
26aaee2edab376ed50356a504172fe42,1,credit_card,8,218.35
4fc55f5886d54eeddf2b8527f4d72485,1,credit_card,1,97.51
67c78c07a98cbe27b5acebd87a164192,1,credit_card,1,303.7
4cbc1adfd77a6cac701ee1f06cbfe633,1,credit_card,10,163.06
cd2a97948b841f4702799b800b8e5b29,1,credit_card,8,99.04
3b7febf42292030e8a4466053c383fab,1,boleto,1,176.12
ea440eac95a801c80784b5105a5e4a9f,1,credit_card,6,69.49
cb5c1ad1fb0068c83523238259a8e930,1,boleto,1,207.87
4703fef754ddf8addbed5b7935e2f868,1,boleto,1,59.01
6fcd1385684eaf7076ac0d72b1fab2db,1,credit_card,10,332.22
fea563d194760a0737be8bff36ca8c40,1,credit_card,7,77.57
a53e05ecd2ed1f46a2b8e1f5828be7c6,1,credit_card,10,3826.8
142c8688b5b13e21ac5a448a1688b9d7,1,credit_card,12,327.5
a7e30722ecb34ffbeb0fb198ff547677,1,credit_card,3,163.06
86430d523480a84b621ef0c347f56ff2,1,credit_card,6,549.7
842b4431d67fe173503b4239cbffb841,1,credit_card,2,166.35
c24b8b41e6857d59a27f2b150bb669d9,1,boleto,1,93.41
dfec7411ab4ba17202e5aa72bcd3a3e1,1,boleto,1,132.14
b9babcd3be5ab7aae890f68c9fb4ccc8,1,credit_card,1,70.24
28c35e27d64425be0368e275997f7779,1,credit_card,1,320.58
645fe97a0bdded23a1498357223769de,1,boleto,1,239.24
58654344ef4d9b4aefb2ee36618d9751,1,boleto,1,148.32
437ad5a02525073e622a0752d52e8e19,1,voucher,1,28.03
2e8d9e986f6497677962424952e47f48,1,credit_card,2,155.74
6b7de2635479caf94e86f987e12644da,1,credit_card,5,116.45
a1ad04708ac63bf780235612020e647e,1,credit_card,3,60.25
7073be83c3247747c26a69d5a689edbf,1,credit_card,2,62.45
e95cac7e9ed8e477d726d47f72f420c6,1,credit_card,2,77.29
a6ea59851ffee8cb73761179fc7bcb6c,2,voucher,1,89.25
371d3a892917017b32ada644ba1f301d,1,credit_card,3,79.44
e3f4b4c899325f23b973d9aee02d2071,1,credit_card,1,50.45
731fce79a6dfc4251b9ee57dc2f6b239,1,credit_card,1,93.31
2dfb87489b5804dbc8293320a24aac0f,1,credit_card,8,133.25
19b37f1efa2ddaf265496e78e245c19a,1,credit_card,2,49.45
29a78ee4f09c8306a3a5551825acc903,1,debit_card,1,56.17
0ea1fd1eeeb46df9770ac9d07e1e71e6,1,boleto,1,82.33
8f35c9d6cb15b3bc14a4a88374c6d3d6,1,debit_card,1,204.36
34e43b05d79a814bd90a43250ff10094,1,credit_card,4,40.75
e29cb1f5fe7801584de0f49a7423dc2c,1,credit_card,1,74.16
714e87e589c74ad0e8ddb6b9c9706abf,1,debit_card,1,97.52
23575ff1c8a0669132c47e895a24b5fb,1,credit_card,1,35.0
2717f8342150ce1ceff315167e350ad8,1,credit_card,2,59.69
d7449e15f5045562074cc57796341cf7,1,credit_card,1,222.27
33621dd1b751a02342dc065c32f1c96c,1,credit_card,2,116.17
fcdcf0cd9b77731f38b0c97a27038042,1,boleto,1,28.17
a27eb404169bf0159dcee550b59b9d5e,1,credit_card,3,67.77
804b3f6bad007a44efd1fd85f0291070,1,debit_card,1,319.8
bdb92d2b88b1514aebc54ba49ed0c20d,1,boleto,1,168.06
af7ae6bafcf0885e40e8c5fd1ef4c745,1,credit_card,6,336.31
40ea731f6fa10cf721b503b64f3b178e,1,credit_card,2,21.91
0a70fd0f23f627d0cc1ea16cb4169393,1,credit_card,1,56.69
e247c295703844ab1b844311e25046a5,1,credit_card,6,126.94
4cfdd4464ee3dbf59c17a69045429af4,1,boleto,1,1237.81
72169ffd15efc268ce012f931a368c4e,1,credit_card,1,37.61
1309fc445b40a153a53e94b46d2accb1,1,credit_card,4,268.13
c39345e6efbb71413c9fc98a3dc1a4c5,1,boleto,1,42.66
85b05a808acf9ce20564b3550e7ba749,1,credit_card,1,129.98
8c24ff4b5a28bb8f08034fca0e4e1263,1,credit_card,1,101.05
8e3ab8811f9c3a04413aa4e14f84b872,1,boleto,1,46.0
f8edef1bb71dfdec2bc42a061eea6275,1,credit_card,1,26.36
4df92d82d79c3b52c7138679fa9b07fc,1,credit_card,5,109.2
55c5b6e322eed3fe3dbbd82da9906019,1,credit_card,3,369.88
ba6fe5e92a31200b06b69c99171eacf8,1,credit_card,3,82.68
db0bd04c3beff2d041d364ce8d96b2f0,2,voucher,1,100.0
58c4df4904044782bb1361c5cb001538,1,credit_card,10,408.56
d4daa9ee1fe28458773297759dbfe2bc,1,boleto,1,810.52
abfcea2fcceafacc40dd9edf35aa1f5d,1,boleto,1,459.05
5dea57306e01caa42ad0b07b85042953,1,credit_card,4,175.16
d06632a45bfed8725d59741e45820839,1,credit_card,8,249.52
ee8dfce1f9bd464688d3b8906b0a4c12,1,credit_card,3,105.7
2f8faef508a5a7ba5de0b455cd768da8,1,boleto,1,95.67
2a8d909d2c102155c7ce2c9a24769447,1,credit_card,4,404.04
4bfc4fba07fff7db47e3017b9fe22ec6,1,credit_card,2,28.3
430e183eafa732301b3ecab620951c06,1,credit_card,1,78.09
21c71f62d2554e1ad6c8ba9dc7af2c62,1,credit_card,3,74.16
5435647d369f72442d1972b399a48ece,1,credit_card,2,33.0
55bf02fa5414e7b29c5b651c33626e9b,1,credit_card,4,197.49
457afd8c764234eb93f7a25268578440,1,boleto,1,228.82
8e350d5e83f49b662f870b48cf3f5b29,1,boleto,1,1006.32
edf3091b65403afebeb2a7cbb1682b6f,1,credit_card,2,137.81
80dfedb6d17bf23539beeef3c768f4d7,1,credit_card,8,3360.66
6533a0d9c1703a1ebf0115fb55e01834,1,credit_card,1,36.3
490f9c9fc86a9e753c5729f7119e84d7,1,boleto,1,43.18
04aecd02392f7ec523e0e3f208d7e890,1,credit_card,5,111.58
85c14f3be89a889592d53a5b8ff031bb,1,credit_card,3,89.36
04f87887045aa20403546af3facb8ad1,1,credit_card,2,161.01
563404de47cdc6763e7eced487016b66,1,credit_card,1,4.35
72096fec7f0a5c65db72ae549c086803,1,credit_card,5,518.25
ea974c111a2a711f43305d2968ffa86e,1,credit_card,8,99.43
54745af3cd64e980bb671452c9b01d15,1,credit_card,1,93.89
80dfedb6d17bf23539beeef3c768f4d7,2,credit_card,8,834.1
6abb2dd22e301e03c68d0b4e55cf5560,1,boleto,1,109.68
ca0f56eab306ab99911de4c96727a104,1,credit_card,4,173.85
2f29cfa739331301e37ea8e0cc5c863f,1,credit_card,4,58.64
fcf9b8fad0bf8c9ebbe6ac43a434d0d9,2,voucher,1,2.27
34f18b550eaf850333060c58ac00261c,1,credit_card,1,38.01
c77296df05b5ed399d2d111ec97b0b17,1,credit_card,6,324.72
7fc14928697eee65dc635592072afaa8,1,boleto,1,46.11
6103ae4e3648137cdabab734faf4c19e,1,credit_card,3,31.0
057e5b8975ad03882989369de7b803ff,1,boleto,1,82.5
aaab15da689073f8f9aa978a390a69d1,1,boleto,1,210.09
c972da56dd3849df6cfb9e1322aee6b5,1,credit_card,6,75.73
3745cc99bd10a2c16e31403fe9654502,1,credit_card,1,22.36
621be24850f6edd2e8dbd75a0f19668a,1,credit_card,2,317.16
02a001cb5f40b1fee4f0375c89cce463,1,boleto,1,97.44
cf6ed66599cd48144b174a41097963eb,1,boleto,1,156.77
9b67d7f926480a9b1dfda8f3595013a6,1,credit_card,1,83.23
738958f1bd5348249ab7a14f6a9959e3,1,boleto,1,60.0
fe1466a3d7546b7ae29bcd953b472339,1,credit_card,2,169.64
f3da0d205fb8a689ba773b74194ad85c,1,boleto,1,86.02
def59cab0d40fb6e73cf4a05911344df,1,boleto,1,80.45
bf79d036f5374ea92a94c50341ada3da,1,credit_card,3,176.39
527f95bc978265984802f8ef4ed9dd51,3,voucher,1,21.95
6c20d70e7c720f7895651a703e320b86,1,credit_card,7,76.72
f5450c4188fb856ef71d0ccd3ecf673a,1,credit_card,3,67.5
4c62b34217c704b6986322911ea89c80,1,credit_card,2,222.17
43d8b54629756a38a418dfef248957c2,1,credit_card,1,40.13
0baaa859b7ff0b4d1f674a1d5c3049f3,1,credit_card,8,436.49
45d415631ccea18d79bed1ea8088b58c,1,credit_card,3,118.17
a182c021b0561e70031de925b3991fb3,1,credit_card,4,176.99
9f3f85ddc354be372be6cde53a577cd5,1,credit_card,2,56.85
2a3f9da1b73d48af85d04f8550b3d156,1,credit_card,3,181.51
f19aee0ec494fa468b59ae57ea6af345,1,credit_card,10,882.87
3296617b0f860015465b3259c42115b2,1,boleto,1,71.83
a9016dde97a6a447890dd748aa844b85,1,credit_card,1,22.73
0540bf9189ef17aab470c4942f760e78,1,credit_card,1,160.14
57b27ed317a9d0ed3ed31b5a50392b51,1,credit_card,2,127.82
5802070896d144b2186d3c280570c99e,1,credit_card,1,82.98
d55ece0f3afa9b57b5a78038efddbbbc,1,boleto,1,236.58
e1a9073ab42d6cbd16dcf2aa7d695f6d,1,credit_card,2,102.44
fe05d1b3e709ca154c9f1377c91f6b05,1,credit_card,1,110.92
4ada6d6dfed2a3a67e95d23f336ae96b,1,debit_card,1,83.55
78be9d9900545877cde2773eb0cb05d7,1,boleto,1,43.0
05529f3e7ed5cd4214281f2bf60e89d6,1,credit_card,4,90.58
abcf5984d3741238d9c49184b7fa5941,1,credit_card,5,145.01
b84b9f8e6380570cdabdb0af246d6b9c,1,credit_card,2,248.94
446e20f85f1b9cf552376d6f31c983b2,1,boleto,1,89.11
8065dba483ac5b6fb4e77317735d87a1,1,credit_card,1,142.41
30b2ad103e6982881929c367f930ab29,1,credit_card,6,697.36
0580802ab0d4809dc16b4c9002c01a27,1,credit_card,4,156.0
15e0c6109167c1c2789e0bc78ddaa70a,1,credit_card,6,204.81
0858c9b11272c041d6de2fdcdbc392f1,1,credit_card,3,187.47
35546dd6349a2065ed8ac6ffbd2b7aba,1,boleto,1,352.95
ede7a83eecd35db0e8db274811529d98,1,credit_card,1,32.37
4bc45b40b7495543f90c2cfb8c409035,1,boleto,1,53.1
d8a6f310927336f8375b12a6f2391da3,1,credit_card,10,267.01
6fbb3d20bfc2d3afdc6478057599ea2c,1,boleto,1,86.54
4e71da193c31f98d4b7c85960d89cdd2,1,credit_card,10,231.27
ca98afe572ee9754ef0cd28c6b97758a,1,credit_card,10,220.74
4fc320374afd63a53d0b5607ef49113c,1,credit_card,7,148.64
90a0728a1ce3a04e661798e3db7d842b,1,credit_card,5,65.05
94aa3ae1cb5c1c152c6cc757b68bb659,1,boleto,1,54.69
082c30f193b1a499078fafbfa3a2d6a7,1,credit_card,2,286.64
a0fd3e8622e5fd64beaf31de61399b1e,1,credit_card,2,28.08
e544af259c17461504ff139fd5783179,1,boleto,1,27.77
04130ed2567c23daa988cca5f1860430,1,boleto,1,46.84
bd4ce88d696959198a72416bd32be0ca,1,credit_card,2,134.49
88d7788f2c5eb4f76ca8186a46e03fd8,1,boleto,1,55.43
c30c327fa4864049bf96aec00f7a05ca,1,credit_card,1,20.28
2ae6e5a2da4078c84661d1289e22742b,1,boleto,1,45.86
42ef77c2949646ec1d09f4f38b249508,1,credit_card,2,57.43
ef2c378cc37b127ef373094451b9b70f,1,credit_card,1,67.6
ed9ddf13b205161d8ca32de15a50a5c7,1,boleto,1,155.73
e0f9722525043b60edddacd46709fea1,1,credit_card,2,83.13
519e8e134cd15d39544f56d9ff932d3e,1,credit_card,1,51.22
50da05e57f65f5b3704cf0cac94bfad0,1,boleto,1,147.07
016f868b096c236312e8bcb818ccd11d,1,credit_card,1,37.77
80b74dde5b336c1f75c610521dedec08,1,credit_card,2,48.54
cc6c9b89f70b32d7fe075718e0fc58e7,1,credit_card,3,236.0
d44d3aabe5fd82754ca3b4696cdc90e7,2,credit_card,8,462.14
69ad29a3aba936e80ea906bf73c631a8,1,boleto,1,540.04
8b308e477ac0136cd944e507c62edace,1,credit_card,6,124.46
0916594b6973230f69379f83d3bac036,1,credit_card,1,29.09
8e96f3e6633f7601ec50f3a904c3a3a2,1,credit_card,1,54.33
17369d934e18e1cb2481bc11a9dcce78,1,credit_card,1,56.5
9af89743e7144e56b5e028a248174ef1,1,credit_card,2,103.14
5f0d18fd02d895b6b8d05a96e97d74e7,1,credit_card,2,74.03
59136c1fab3d9e26e60db2df573ae8e1,1,boleto,1,152.39
ae577e9c807a2335fb55c903ca5e90fc,1,credit_card,3,65.88
08b4c8a8808af1f771bd9602e193f9b6,1,credit_card,3,115.44
aabd0a7ecf741520be60dc59fc6002ee,1,credit_card,5,56.07
c1a3c19dff6500babf78f097560b3107,1,credit_card,1,143.49
87fa3e925b3406c52f70ca7c5faccce6,1,credit_card,2,72.68
9f80f54504b9a0002c494e13068044f0,1,credit_card,7,87.36
99268218a07f08ded2575058ffefb286,1,credit_card,2,282.31
550c5a737f2d08a5e934958da8fb29bb,1,credit_card,2,165.8
5e29bb4d91686c8d61f87779502db614,1,boleto,1,134.6
f38bf6fe56ece7d6029b0c1dfaa00276,1,credit_card,8,220.04
5d98c74c9456e1af5dd506e16a9d5993,1,boleto,1,172.4
5b922f60c60062b4c656c69ac0a5834f,1,credit_card,3,95.09
c8714809bc84ffb9c675dcf4a6455df9,1,credit_card,6,173.88
460e7c2c52aecac706c288aab6a044a0,1,boleto,1,89.75
6e7e6eaf0039ee7fee0886266ab15e3c,1,credit_card,1,137.99
f4db4affcb95da2a38c0713f619c8313,1,credit_card,1,26.63
8e1d33832d930d453a3a329a0fa4c604,1,credit_card,1,142.43
270c25da086ad763f34a2cd66c6aae7a,1,credit_card,1,50.1
15c4eca9bee7274388666b826430cb30,1,credit_card,5,155.98
72d4db7bdeb8827a6dcdb6a40f7149c4,1,credit_card,4,104.19
ef53159b7b28df06945b68eb2b65abc1,1,boleto,1,314.82
53b788f7cb182a99dbcf654bbdf21933,1,credit_card,1,93.2
635a1975ea58a2c4bf38ed733d7c9339,1,credit_card,2,113.46
3d4369dcce579868d4629c19b96260c9,1,credit_card,5,302.37
d314606b4bdfe800bef60e92196924f7,1,boleto,1,167.07
e24316b06e2bb70e3fe3a79a12d247ab,1,credit_card,3,182.61
bf98c50762b9fc7e06742bcd424e1e9f,1,credit_card,1,39.1
a87b470c41fa3b8f3fc5280ebae30da4,1,credit_card,1,235.64
b522474ba0639dd0385e4918d46ddcba,1,credit_card,1,83.14
dfc9bc36d5db98182f4b1dc41fe8e258,1,credit_card,1,8.1
e439c4c76d0ddcee47707e6353dc21af,1,boleto,1,228.03
66bc614bb924869b79b65d7f8077a385,1,credit_card,1,129.24
90a35d9f1707a645c3bd2dda9c3f2643,1,credit_card,1,110.36
703363ff17a413eaf90c960dc1a750b6,1,credit_card,8,138.6
88b09aac7b8d279dec75a3a810c21028,1,boleto,1,39.24
e576bdc500f0c1c9a1b2a3ccce7000fb,1,credit_card,6,60.35
7551a449a88847c6b76206cc5fbe5993,1,credit_card,2,117.94
38ca323a7d4915303945481eb5a7e9e2,1,credit_card,2,33.75
eb45ff263f9e77136f626c712add7354,1,boleto,1,124.7
5a0e97d0e542a67558fb34daa8038b33,1,credit_card,7,171.85
0d0b7c65e71700ed5fe8ae8d2baac37b,1,credit_card,10,250.68
191613fb4f2b5148a83470f7332551b8,1,credit_card,5,256.02
199e57082aefc964e7135792059718a9,1,boleto,1,53.23
7bbc66a921e0671f689e2bb419d3cf09,1,credit_card,1,56.39
96d921e9bfe801df7426999a566a8aeb,1,credit_card,1,32.37
40e6e449d7ed3885b35b3925d7403cb2,1,boleto,1,176.65
21bffa9bb2f8540013b0eb048699805d,1,credit_card,5,245.98
3af58300549c324fa418f079815fc952,1,credit_card,1,92.97
7b20d43785c16252f51ca77bceaa5ea0,1,boleto,1,377.27
42d8cfd4e239b47ae745848a8bdd5193,1,credit_card,6,67.98
2153e9009ecf443d84e5f48861fb7094,2,voucher,1,21.39
0e849e380bc578c72e6e7273210c74af,1,credit_card,12,628.65
32744f120083b73a94a86096a61ca1c8,1,boleto,1,136.59
a67f2f8a8a684916bd58ae4f6f2a4507,1,boleto,1,123.28
b2b7043343c97ca1dfc624e1d71e43df,1,credit_card,3,63.27
cf79d8a5a9b82bce4c9cb3e9469a9b0c,1,boleto,1,50.0
b12e5d725658a4566286153c51727af2,1,voucher,1,20.75
d568698e0ce60cca292f739e9a60e8d0,1,credit_card,3,211.59
928e8e158d1096bf9bad69d9e927b6b0,1,credit_card,3,458.34
858d458b39082890e96fbb1fed8c2a52,5,voucher,1,252.97
2f1170f5a9418a9cfe0602f39ee4aa99,1,credit_card,1,41.29
5f20455f0e74de9eae30de410c811013,1,credit_card,9,92.87
46d041b384bbdb77141815dd111b0e43,1,credit_card,1,42.78
8c1340adfa38dcce671b3e2eaece6cdb,1,boleto,1,104.37
9703eb84b4433601ca6171b79e26ce1c,1,boleto,1,55.1
f40ef9a47f9670b54b9e350f354795a2,1,credit_card,5,103.37
ca61177bf561a85529ab68e6e3870b34,1,boleto,1,53.09
d74e29bbba41049b6c17603fd9fabc58,2,credit_card,6,60.45
08eef0ee40e395cb547563fc31ab1bd7,1,credit_card,5,98.79
65b214a5e85949a6fcab64ff7e244426,1,credit_card,3,77.72
f60acdf6e4ce0842ce375a157ae600c0,1,credit_card,2,119.93
b5a1d012931f59ed905df201cf2aba80,1,credit_card,1,87.44
4526b32a6f35ff4b865facdf3ec8e567,1,credit_card,1,31.86
9e6356cd884202aa5e0d16e033c8c08a,1,boleto,1,47.0
f071b368fba027eb94d3880678104d50,1,credit_card,1,28.0
c79c512fd61a1008f15dbf7ca2a8c7cd,1,boleto,1,50.35
5b9ec93a929c3ac36c58426030b286c7,1,credit_card,1,114.09
1896eb87ee7c0749928d79d5ed329e02,1,boleto,1,84.64
c21dbddd7317624d1067278b35ca6915,1,credit_card,1,76.05
c23cbe2fda508079dda241b040935e11,1,credit_card,5,137.99
02d50facee2072550ae5a8ef3dc2e10f,1,credit_card,3,95.48
2e5e827b80515bc21c042a5181e32ec5,1,credit_card,1,42.58
6b8d21bbe1e219c7b5039f232ca30e46,1,boleto,1,71.64
f1be668faf7b301d7b9269d0dcacda99,1,credit_card,5,324.58
32510b081654e6d2e96fad5a6525660f,1,credit_card,12,207.24
38db33637385302252909c781f213e91,1,debit_card,1,128.82
685eef0e70bd850df886871cc0917e81,1,credit_card,6,337.56
2f1a5157e323f52d58fca608db06ac82,2,credit_card,3,47.15
4f3d4a1f5d64be803fb322242a968047,1,credit_card,1,92.26
0f1755872b47fe8564531daeef356987,1,credit_card,1,51.97
89564bd6a7ea1056554275f223301d84,1,boleto,1,130.84
90de07e389ed6cd973ae93d5b36f159c,1,credit_card,2,166.81
4000f82f3395a0f2a5ad6a4e32060a66,1,credit_card,1,83.23
b63d14d5b4f36c400c5a897287b48a1e,1,credit_card,2,203.77
890b59a3c92690ae11b0cfe321e979fc,1,credit_card,5,549.85
6a8ead05c1fec9733ff10c379faa4e59,1,credit_card,3,125.2
f425c83fa6d7f497e5f4a1c243401110,1,credit_card,1,167.2
f8f5a64c41c130ac24bbdd4421d97f6f,1,credit_card,2,29.05
6c4e1e1b0508d7c73164b8890daa28c6,1,credit_card,5,80.94
ab7645aa9bb508419e3dfcd8805edf76,1,credit_card,1,201.65
68a688be62a4e82e6f8450c215d3fdae,1,credit_card,2,224.87
9ea29024f36561184f0253cccb1b3fc7,1,credit_card,2,86.61
674dc699bdf7b477fcf8efa0b898802a,1,boleto,1,120.52
2071e513bccda6388b163977db471be8,1,credit_card,1,208.51
ed4681677f54e700fbd94ae70f1a85c6,1,credit_card,2,50.34
7d9ccfd5b1183560523d8351e2e22aa2,1,credit_card,2,116.94
0539642c2ba6dfd6c8ca8dbdb16d85d4,1,credit_card,2,202.73
afef48d3c8a0b1b7c9b7f8f922fb5674,1,credit_card,5,153.41
b7579d24f5b2dd3e20f2e57d0e07d170,1,credit_card,6,504.37
33ae336da56e5f632a69e131c877815f,1,boleto,1,239.81
ca4ced509eae117b7d3823b4ce2467dd,1,boleto,1,31.22
9cef7eef349dd605b870fce05c57765f,1,boleto,1,141.73
62bec84b920514dd9d777e095fb5be2b,1,credit_card,2,37.69
35bc36d5460374d96175822d91d79cd1,1,credit_card,6,268.48
7cd15a71ceaf712ec5e134996f2f8586,1,credit_card,1,367.2
64b6860d0ff4339bec73a08ed44a99f2,1,credit_card,1,58.62
b4e154c611973630ea64ad7f8daa133b,1,voucher,1,38.89
e9cdba9b8112d2c4cd5cd65431742977,1,credit_card,1,54.62
7f877edba51577b9054e7490ab7469e9,1,boleto,1,35.13
1f8d2442829de7b25f179e4128b7ed8f,1,boleto,1,65.87
d67ce32732e8d5413c4bb2358bf5bb16,1,boleto,1,79.88
c1e3705ddd242ae29dca5c5d3367cdda,1,credit_card,3,138.0
9dd2fd0bc65b8d4b92ff4ab91cab5b28,1,credit_card,1,150.39
a70e2a7c5779986b66893322855c4932,1,boleto,1,123.26
55ca27587481961b3a085c32da46f015,1,credit_card,4,141.55
fdc0c4c2efc395cf5b80b60f573097cd,1,credit_card,1,133.76
d90174017bf4d85298251ec0cf5a0bb7,1,boleto,1,142.13
1edc1b84ccb3322ee9f3c206a12c17ce,1,credit_card,1,54.8
48b20e2450ca3aafee885610dadf7f1f,1,boleto,1,147.15
5882459227aea6eb6f103342a29c76e3,1,credit_card,4,117.18
a94b9255b3c3ebd206b09a5625e39ea2,1,credit_card,10,695.99
f3a9c397a2fa5a2366b4b96bc15737f6,1,credit_card,5,116.98
f71640d90e6e9a31928e18730dbac95c,1,credit_card,2,168.18
ea2b2e907341618980eb6f87436f1c4a,1,credit_card,1,57.36
58f608b30531278060213cc7926bc6f5,1,credit_card,1,37.46
6c7378154382f7378b82fa860f68c758,1,credit_card,1,54.09
92b56c79ee136de9db64ceafdf002f72,1,credit_card,2,26.11
4ab8819fc4b34e4d6b2710f3121b2400,1,credit_card,2,62.59
d92197e1617b69200451debc2626c333,1,credit_card,3,314.95
dd445195b0424460abe3fe3bf4497228,1,boleto,1,63.13
4b0ad428488cc1b132333a293f9c1370,1,credit_card,1,72.14
a37e63f75db3f7601cd0e95a5b63c083,2,voucher,1,60.0
9cf62f240f501435b77f4d448a2b5f39,1,credit_card,1,93.1
4f7d7c29804187d1b3e013ac5fe1dae5,1,credit_card,10,190.0
a69d0f3cfd16e940ead155695b5fb184,1,credit_card,3,235.9
ff7cbd73d6ce84294d3d40ec1a7e12f3,1,credit_card,2,40.0
3004f445a284f236acf5d61bf2756364,1,boleto,1,159.26
f7059c86772ca15e9640e43be7c31fb1,1,boleto,1,76.83
c0b3a6ec68db87dd98bb317ea6835608,1,boleto,1,34.05
6cb295459b579361f0b6186ce45a76e4,1,credit_card,2,68.43
2213bee227bfb36c66ea52bfb3bc233a,1,boleto,1,46.22
c3cf38b5ae4bba4ccb2082824d3066e0,1,boleto,1,231.14
62e8878bf54a37544cf066414f3a2c72,1,boleto,1,167.8
4de51073bc1cd11e85fb03f29508b308,1,credit_card,2,136.6
43bbf51a29b5a969348978d51a55d72d,1,credit_card,1,31.38
fb4ac2c3fe6b4c0499e23ecf1cd6a462,1,credit_card,4,44.22
40ea731f6fa10cf721b503b64f3b178e,2,voucher,1,18.84
938ce9437524223bf05a48b84add7375,1,credit_card,8,322.58
b992cd122d05b330c88f6eab0181dfc6,1,credit_card,2,156.4
4157bbe2d286aea97eced684d71b229e,1,credit_card,1,550.93
664aece086c0b955e71ee4f88965a565,1,credit_card,2,61.0
5ef13293f44c9ba1b12e98237a956679,1,credit_card,5,131.96
119be2d35bae88654dc45922a1ea3830,1,credit_card,3,103.11
bcc3b9b2b1b0f27be6e2816968b08fc6,1,credit_card,6,117.93
18566c7a35287580c5ae220d2e5c84f4,1,credit_card,1,274.89
1857ec1a182661136fe7584592437d51,1,boleto,1,566.63
158a05ea7d6a7268559ca2f97476ee0a,1,credit_card,2,114.44
b41f51ebf23530b00f69e5602f81a653,1,credit_card,2,195.01
a4b19ba687d68b54e5598956990afa98,1,credit_card,8,369.6
2c8e244e1ac6be021c1587d33444bd8a,1,credit_card,1,66.78
ebd33d4995d183ba4c6ed1e273816aa7,1,boleto,1,91.23
31209eb386cfc93a1aeacf7d2da74f86,1,credit_card,3,238.81
15c0a0d5bd5e9c58f17414d100104093,1,boleto,1,131.08
98a1fffc0c110af1abb9aa2d4af96dd3,1,credit_card,1,42.47
85ee0b549c2d6696190c17f5b9be6991,1,credit_card,5,160.55
a43b47899fae27435d67c19684c2a5d3,2,voucher,1,100.0
49a7b21f7d2c538f5e051f749c16605b,1,boleto,1,100.33
6135f38f4bb6d100bd3b064ccaddf7b8,1,credit_card,4,82.73
d234a970b741b7ea0578de7dd3dba128,1,boleto,1,152.83
3c6956bf8f0e149d42761d50bf2ccb84,1,boleto,1,49.54
5f1c8f2e81ded8f245bc3e756524e2f7,1,voucher,1,95.21
396cf83a5c0a10f81804e755cae565ab,1,credit_card,5,364.05
a5db0385f8aea138fbbb47e6bb8c03e5,1,credit_card,2,77.57
3b6ba183ec307f2e980a01e66f596821,1,boleto,1,155.15
87218c61d4b05c0bc1b4f0872218a3c8,1,boleto,1,63.0
8929dd94b6e68f8d1c3258d5fe4700e7,1,credit_card,6,65.05
730817800ec1c4805e8a41e67459d4e2,1,credit_card,6,160.57
1e535b580b9c6e2e359da6d6202cbaac,1,boleto,1,190.06
7ac3402986077088fc8185e65ec5c7b1,1,credit_card,8,315.06
99022bc546d95ac49e5cc2ae5df73ae2,1,credit_card,1,68.91
03f3b08f9da8df7604b68b2fd5999e9a,1,credit_card,6,106.99
b61baa7b1523a2a7e4e1382f25e6f9de,1,credit_card,6,129.56
5a21bc094a00548eb4ede75095889e95,1,boleto,1,35.69
bbc78f387d75afb81df8da1498337e8e,1,credit_card,6,139.61
74661e530a952a7ca5c7631de0960ada,1,boleto,1,450.16
de9a3a4892ed94ca9e82655bdae1b840,1,credit_card,5,271.03
a0224d0bc0030c9226e9613d6561a7aa,1,credit_card,1,73.96
e8373361f5e06afd6a7e7971e68512dd,1,credit_card,4,106.08
4b084373ddadca63d02071a40596da80,1,credit_card,10,241.36
8413ac0b09301d03b78adeca5840866f,3,voucher,1,2.23
119875f10276db041c92209d8e71826c,1,credit_card,2,56.09
32df72b9f8dee31b9b3b8b8e31f2ba1d,1,credit_card,8,102.98
e44ab38a09c7c1c8491ba831c5527914,1,credit_card,8,85.14
ca32e37618d388555627885cae8a34d5,1,credit_card,3,37.65
d8ae8039b59ce1eb9a0f9579e07d30c7,1,boleto,1,176.49
1857e77a4bad8abb2db929f107430663,5,voucher,1,41.67
2ebae2ed985f7f0a3beb4fcb70fefa19,1,credit_card,4,303.72
318a41eb5de685684d15e6ce68fa5ab7,1,credit_card,3,59.0
ec4015e0b9b735844b7b6c8066835378,1,credit_card,3,91.95
d65f26752fd6834bfb0a567b581dde3b,1,credit_card,2,78.2
ddd05ce5cf8b84ccf7f200b027c7753f,1,credit_card,2,42.38
c13e96ee541f8f115bf9a364d29a6169,1,credit_card,1,87.66
527f95bc978265984802f8ef4ed9dd51,1,voucher,1,39.79
c4e8de1b1ec983e061c3ff765be41405,1,credit_card,8,85.27
35ae091cd580f7c6dbb7f8c1552740fd,1,credit_card,1,35.14
6af0669bfc3cbdfbc6559919441da2e8,1,credit_card,1,45.79
8a8485723ca5bd95fd69bab2f1057157,1,credit_card,1,109.3
c314dee9e9d49560087a6ccb64ea5850,1,credit_card,1,110.46
d78f157135db9ba4f043330c2b62dfb4,1,boleto,1,359.11
46a354ecffd29742e985db9b49cae302,1,credit_card,1,88.0
d8f4cab2c25988993e96c6c02a837ec9,1,credit_card,3,65.29
c65ca254bd0c624c11dd60d92955c989,1,credit_card,2,137.08
c7ec0aef506b16f956082d33b51e9aa1,1,boleto,1,156.03
3fbd798d7e8c262456edce32abaee496,1,credit_card,5,190.48
a7ed24c6e9dd5c83996984932b57c9dc,1,credit_card,1,72.14
f5306185c917952d794bb6da1280a050,1,credit_card,1,34.0
1ba88b07e29193945dafa8c04f4ea642,1,boleto,1,80.2
a091ad657d4d673814a9dc6b64829a42,1,credit_card,2,142.82
2e66dd346593941760c467271183f53c,1,credit_card,5,131.0
71a9bc15cae2d58e86e4be7ae0ddc592,1,credit_card,6,134.01
da28a815dd7996590e84c9e51dec1ff4,1,credit_card,5,125.38
c02f1c85742b8acbc1c02a8d7e6d71dd,1,credit_card,6,69.94
8facae71080d66f3601522b0f6e143bb,1,credit_card,4,51.14
110f6ca5866b291c8689e08bebf7f8f8,1,credit_card,5,712.29
259b2f71f29e6e67c6c737bb11e9b0a3,1,credit_card,3,180.6
82f2c3e9aac31446ce4f3edd3a876f8e,1,credit_card,1,18.17
4fb59cc4950521f470473ef761b30d7e,1,credit_card,4,208.48
bbf5ed9b1422ec62f85bb583115b56a1,1,credit_card,5,51.07
466a97f80260f9336c1be60a53042e14,1,credit_card,1,409.05
6b5a2cfa488fc5324f22cafe995bd8eb,1,credit_card,1,171.7
8b6746478f6b44e7b76097d1c2f4dbe6,1,credit_card,2,128.24
28915ae2a90c218f0c2b7f8e0fb280e0,1,boleto,1,63.25
738580878981997bfadf04c4c2fbd013,1,boleto,1,68.96
6cd1a4eb4b9a14b5a991a897f096d443,1,credit_card,4,62.76
f6d067206524168938aa5ef598260e4c,1,credit_card,6,220.04
5f1c6f4cf77108f298378c829da557c2,1,boleto,1,189.56
a77f068fe42de19045229fa9a9380ed5,1,credit_card,4,206.57
7b636347d9f87d9b9a48755fd8495709,1,credit_card,8,255.18
6811f439ad8873c28f8e1138e02229a5,1,credit_card,9,669.98
0c17d2ca8fea3e6d807410a0c0c44746,1,credit_card,4,241.25
f59ee70148bbdacff5fc0b6d1205252e,1,credit_card,1,35.0
d99c77f6eb93e9cdfca26e997f54530e,1,credit_card,1,43.22
d2c879fe9085258d38e3cb17af134189,1,credit_card,3,103.15
e179df200326739d8a8bc2353c2c7699,1,credit_card,10,622.64
462ac93c107f9de96346db36168256c1,1,credit_card,1,212.02
9d5cb46eb8b0851d32e0a86b6dea782c,1,credit_card,3,98.94
fe99f8be754e8a75c4201c7156bd99ee,1,credit_card,6,67.53
e6d0bbe2424dd2fc97db5851253f90d3,1,credit_card,10,153.79
3515fac755456eb1f251c50808fb6b12,1,credit_card,1,55.0
8a5f03e334444e1899c6eede50adfcd8,1,boleto,1,247.37
1a4cc8edf7721a5fa7f601f25703c793,1,credit_card,10,626.68
2d7fab68acf33daf2ba5fc66a9435377,1,boleto,1,85.26
0f9751081b734220a998be212c391523,1,credit_card,1,233.75
a7ecb6cd7ccbea584ec3f96ecc6fc8b1,1,credit_card,10,712.05
7c0b9b2385b65bd8c7aa778a843155e9,1,credit_card,2,151.6
bf88704e42dfbdcebd1a543c31583990,1,credit_card,1,219.06
e58f5be3f92e03a392967e08cd6647cd,1,credit_card,2,66.23
77e62c3d5d4bc9c33f9fbab23755728e,1,boleto,1,51.79
ad45318f69f5c8613267854b52b2996e,1,credit_card,2,43.69
630740e03f6373612399c5e8cca3c3c3,1,credit_card,6,183.63
85d142633f7411ccb6c6af60c196b8c5,1,boleto,1,34.13
23f563c1e12c5d6d279ecc446b5f933b,1,credit_card,10,185.39
2a520d819adb06eabf4557143110ade4,1,credit_card,2,95.21
e22a3e8048469ea68906f666d446c25c,1,credit_card,3,160.46
b0edc0b20a380c879d0775721c5b5b20,1,boleto,1,52.1
0ffaba549f161074760e4d3802fe8641,1,credit_card,6,128.97
527f95bc978265984802f8ef4ed9dd51,4,voucher,1,4.84
40b1be99be1654dadd7e49f038296ced,1,boleto,1,188.66
8dfcba64312b559340f9c9f65ac6205c,1,boleto,1,95.32
a849c2a7ea93e09f56fba22f019394da,1,credit_card,2,68.49
cc3de1b196170ae020cf79cde9883058,1,boleto,1,140.08
79ac824c2c87ae595b94b069e1c78aa0,1,credit_card,4,162.55
fdf6635fc014c7f771754eefe24ff684,1,credit_card,8,347.77
ada48b7ce9fee2a62cd265bd45a9c97b,1,credit_card,4,169.92
1bb460f1a118ffc0218e3c7e61a59029,1,credit_card,1,72.44
fdf0de381108943ba5c28f2ebce00782,1,credit_card,1,53.43
c1dc2aa07165a0844cc6a68cebfeae67,1,boleto,1,90.3
fe451ba1809fbc234c68216803496d39,1,credit_card,1,157.22
13b825fdc28948500cfc7a03eb975fbc,1,credit_card,1,42.85
aae35f8d7c5a9806060218e572d8370d,1,credit_card,1,28.87
d2a447028b1fbbc9200739e3fee4e22c,1,credit_card,6,62.11
832079e71d5ee058d10e1ee1abe0e0f9,1,credit_card,4,153.7
a3d974992b6e4d46af6f3c6259ad725d,1,credit_card,1,57.37
e32eb573740a87c938b90b290605b617,1,credit_card,3,75.63
db021dc0eafd8de55256243118e4a046,1,credit_card,7,274.84
fb7a9e3e0ff0d94790b472206462f2de,1,credit_card,1,26.68
03e4b19921428d651853f2935176e951,1,credit_card,2,63.27
dacd9ea86285f197d0b7495e8af14781,4,voucher,1,12.34
b410cd41ac56f6a246e23dc5158f12d9,1,credit_card,2,90.22
c111660003fe3dd242a376599653b22a,1,credit_card,1,62.28
fdef371165dea256526258defc0b326d,1,credit_card,6,68.45
2e4b9e7c90aaeb1b4a427c8bad708b3e,1,credit_card,2,83.41
f057c0b69a9b64e8579f7873e9d04cd3,1,credit_card,10,1247.96
7892239c80bff3601c4d78e1e57e6a61,1,credit_card,1,134.05
9bddf07b813124e63282b716df591c36,1,boleto,1,141.9
364bfe8be0f9a89a9a817d0e8ecd859c,1,credit_card,5,197.04
e7522d7d44b7cdc7e33f08062d37d269,1,boleto,1,157.45
55ef70439e782ff2c553a03782800960,1,boleto,1,39.0
b18c7057bf0a8cf25032b7dc0a680796,1,credit_card,1,96.8
b12e06af2feaab15941320b70896b799,1,credit_card,3,128.87
631252ac24a799cf8f1c7823248527d5,1,credit_card,4,69.36
76870eacf3fa50d0cce734ff1a826aa2,1,credit_card,1,47.23
6f1ea17aaf0660f7eea41df1f6fc9e27,1,credit_card,2,67.5
6828ba023d753e69328bc0b6e4153cb4,1,credit_card,1,59.84
19c1376b2449385d598bc89c73cdf380,1,credit_card,4,43.1
a7f50550b7c9925554fb9bda2d7d220a,1,credit_card,5,94.84
60f6e33dc906f7b5b4f5096f979ab9f6,1,credit_card,1,46.52
94ed99124b4c0ee155fd9bb057a14c2e,1,credit_card,2,60.23
d5af3f91478b15918f7250953622d89d,1,credit_card,4,199.0
3627f028b51748649d9f8e36ca465131,1,credit_card,1,34.27
69a8b09c27431364c37629468a6e156a,1,boleto,1,84.56
ae6770c71e1083a03742c4b82d98076c,1,boleto,1,124.7
c79bdf061e22288609201ec60deb42fb,1,credit_card,1,12.22
bb2e64c3040ceb9b7ca2bfc602adca08,1,credit_card,2,257.34
7c32a0c8814b54f798f9359f20699633,1,credit_card,3,176.56
af4c1c7ca3aa8d5d93c434ae5f59edca,1,boleto,1,70.14
208215ef3138230b69b97f3fb415e9bc,1,credit_card,1,37.45
1f89989c5a2afd61cf38495462b55b16,1,credit_card,3,72.46
2bc3d02aecb787b5e3272b681c0092e7,1,credit_card,1,74.87
55aeba08a7d54fd54220244c4dfdb559,1,credit_card,1,56.69
4a04b801500a7b7f5dbaefe223e00338,1,credit_card,2,111.91
fb87fe28380004e9d6ddcc862b23a82b,1,credit_card,1,196.01
1a5c3dad7f8ccf75ce213a3726a25af2,1,boleto,1,209.4
567cc2038bd5fc2994630f15ba392df9,1,credit_card,3,228.41
4fb22a6181117d7a0532aab46cef0e03,1,credit_card,3,180.93
eddcd0974bcd773f5734decebf0225a4,1,credit_card,1,128.89
ee3485f5152cb61d512769574a0a1419,1,credit_card,1,113.44
0bbbb66c440b6ff7b34420eb273868ae,1,credit_card,6,94.61
e4223b96432f4984fc69390438d80861,1,credit_card,1,34.0
b951958a518d9186c1b3196e445ccb08,1,credit_card,2,128.55
7ec44a8d0d3cf4b2933c5c6dff801adc,1,credit_card,2,95.59
1a4cc55b483d875e3b8bbd64a1b31bba,1,credit_card,1,67.05
7da5789072aa14cff7a42564283c6254,1,credit_card,6,60.22
52cf38023b42cb0b26ced61e1a900c47,1,boleto,1,165.96
df0a2eff6f0fc7262189d138f3defa0b,1,credit_card,4,425.94
16fdf4a442f237c6092adf2a86443dc9,1,credit_card,5,146.68
001427c0ec99cf8af737bd88e92fd444,1,credit_card,1,83.25
aeb970f75d1a1aa41b4fd895c60fcdeb,1,credit_card,6,119.99
d1c6fa11a0fb958619647d438f9e4849,1,credit_card,4,87.63
5c2b36b8e747abcc27f2d9ab379ed334,1,credit_card,3,98.74
60b276464a67309733a0662e758e9875,1,boleto,1,56.46
1a7c68f8b0d5a140d89aa6ab7f7b4409,1,credit_card,3,31.13
52907fff3c74ab7c7275c83de3d7ad17,1,credit_card,3,89.67
aa799c67bfe59b0de24f6db1dc1b776e,1,credit_card,8,240.4
fa1504a98e3482c59bb07d3024a15b14,1,credit_card,2,26.28
d389978f75f6d3117c609815dc04b989,1,credit_card,6,408.81
91e37208355ef2b54b5d8217ed81f365,1,boleto,1,32.63
26c9592d7817db41a41b0fd3e65219f3,1,credit_card,9,98.13
69f5eed47613a9d3cd0ae94d398cdd4e,3,voucher,1,19.99
394ff86ee81814bb5f88c7e8ad2812b3,1,credit_card,2,56.62
a67da1598758f2e830db1f553721799c,1,credit_card,9,473.36
2d2975aae2e55ee662ad28cb6fd145d1,1,credit_card,1,372.75
86278332ca8c82016ab4aa45191c71f4,1,credit_card,2,108.4
b390755d66d3ef7697796139c14782e3,1,boleto,1,143.45
3fcef6f64992de28b33bffa27537d868,1,credit_card,1,116.94
c26d8022e70e332fc205684fbc850c12,1,credit_card,5,129.2
bbb9be5bd8d6ef3bcd6c165902f3dca2,1,credit_card,3,116.94
b3a0eb2ed8d1c40cb723235fc937b654,1,credit_card,4,47.23
e7b87b156cde9f1d3a765da80d093d6a,1,credit_card,1,45.09
20a9f509874c4824696e6d56602adbff,1,credit_card,3,48.18
b9a9373fc111512d93f74cbafd0d15e5,1,credit_card,5,114.9
637be788712bee0367ea76b1d2b4e702,1,credit_card,8,82.5
92a40ff0f53b250065933f8b42431911,1,credit_card,4,191.88
1cbcd6f5fd482df88073ad0e5a411b39,1,credit_card,1,39.42
4e6d546fa72049694bdc912c60fc4953,1,credit_card,1,88.08
103d9703fa0f4778189330f41abcbb55,1,boleto,1,159.76
f057e285395efbc0c032cf9e4ccfd146,1,credit_card,1,38.0
a7f4bdd6d19c92879d484c48ada14fa9,1,credit_card,2,269.62
db8730baa35db478122207bf2b26590c,1,credit_card,1,63.4
2281b9a155dc821e33ba9e7360964450,1,credit_card,1,64.14
5ab86968467c65a96b9a6437e9e83164,1,boleto,1,799.87
4c2bda2a65cf17bca1d9c00daa0f8790,1,credit_card,5,52.69
9fc1cdaa591d198154efdbf0e8e33712,1,credit_card,4,72.66
69f5eed47613a9d3cd0ae94d398cdd4e,2,voucher,1,30.0
6363b59d2e7f542672e0f11910c0c708,2,voucher,1,194.98
e807a70014b92cf251b7b8f3768b023f,1,credit_card,6,67.88
ee3cbcc20d5984bc1074efa744139f47,1,credit_card,10,655.6
65ebd0b456e1fc3533b4c0645a90b366,1,boleto,1,161.67
36344f0d9c19b77add7676d9fd40d9d7,1,credit_card,1,31.8
33550c45cf1fd94c9f755293fb9591c0,1,boleto,1,108.06
9e4429e3ca6daefcb5a085302eb4d9a9,1,boleto,1,600.43
bef6f136b891658b2b57851b5afb5c99,1,credit_card,8,101.34
1c1975ccdbd34c48a241f30cc2258dbb,1,debit_card,1,123.21
b93b56bfb9867dddd26df4ee3efa2eb6,1,credit_card,8,917.8
15208e51dd3f6ccdf33a94148faea052,1,credit_card,1,67.13
d341bf71429128ec496e8012f3f8e2a0,1,credit_card,3,99.8
aaf067f5adccd2b8fdf1a9f651a9148a,1,credit_card,4,240.53
b1a5d5365d330d10485e0203d54ab9e8,1,credit_card,7,140.61
dd4ca62b4abb4a5fe11f24d45b63eb79,1,credit_card,3,155.05
7547e3b174d5790cf512240bf8a99bf2,1,credit_card,2,261.18
76a34d13a444dc9e514d59482291ba07,1,credit_card,10,1530.5
6c6971df6cfa20527e3e3d32aded78b1,1,credit_card,1,36.85
caaf47e44c959a733f8665acac275e69,1,boleto,1,318.32
e77b2b3ed9f949ad731cb0cc10a59000,1,credit_card,1,32.0
00254baeb6c932b0a8aeead91fbd02b5,1,credit_card,2,193.01
81194be55fc90582cc03fab5c592f817,1,credit_card,2,69.32
5e0d84280f3a96b37d0228b21ffeb4f6,1,credit_card,1,139.66
4c68cc2a641de6ebea2ffbd6a5ec347e,1,boleto,1,65.1
9633aa23810f64d3bec8f43b7778befa,1,credit_card,7,123.89
d208c0e6c8b9829a4ede83ff0caa36cb,1,credit_card,3,152.77
fc9d6087c02b8f60e1a365a3b6ae786e,1,boleto,1,51.84
d35d04877fd2f044b404b6e80567532b,1,credit_card,2,180.05
1446f87ab63443ca948c7faa3d7ef194,1,credit_card,1,109.17
a31ecde4565b9e5e70a4ac17fb47174c,1,boleto,1,39.49
bcca8157ee4f7b0cd2e0505b01764144,1,credit_card,1,167.52
828acc6ccec3081f5615750358c691db,1,credit_card,1,17.33
d8c2d5ded5aae20ac6a6e9ef34d9c3dd,1,credit_card,4,179.22
40542f414acd736bdacaeb85dc7df95a,1,credit_card,3,69.69
a8dbaf4197af2f96f35fb65ad457c912,1,boleto,1,153.72
f4d8046ef75f7f0f6cb957b00531b6f6,1,credit_card,1,75.65
4f8d2bf1636e6c775fbfb0d824880893,1,credit_card,10,101.14
126e645df0c526ccbc4b5561c91feb56,1,credit_card,5,164.79
527f95bc978265984802f8ef4ed9dd51,2,voucher,1,6.1
fbd8e4b53b733986be42e401224bd99f,1,voucher,1,68.12
19488ad1e6b3f423c4d8b3a3262efbda,1,credit_card,4,222.6
112a61419198a7ce9f0a908898e8507c,1,boleto,1,284.89
6bf136259829d50a608304ba02fb14b3,1,credit_card,1,61.05
3e3a2f955d45f35c654bd13bade8e0d3,1,credit_card,3,128.77
97f1dd40b5bea6a7e3cf78fd83a28cb1,1,credit_card,1,69.07
e537e63305719171bcf7cd7fa815d921,1,credit_card,2,110.39
a90f2cf8d5c323e4a3de7437de1ff1b7,1,credit_card,1,24.77
4d91816c61cb9557eb207bcbf0929f44,1,credit_card,2,58.71
a33c70384e5369223140d28308cc84a4,1,credit_card,3,228.8
11112c53dc1c411e991ae06fafeef392,1,boleto,1,57.17
a3df0981c7418c75ec3e64bcbaf4b82c,1,credit_card,2,143.52
201797d3f567dc70cc5732ecf055e346,2,voucher,1,9.92
243e95f7ef35f86a258727975245bd4d,1,credit_card,3,173.89
b67b6f2b2675c892382cac4ba30ef88d,1,boleto,1,113.77
85f8ffb0071e850ecba540ba938f32a9,1,credit_card,2,306.1
e1090e366ab626c68ca02d56a6dd1821,1,boleto,1,210.72
cd8676507ccbfc96f9e0908910b9e0bb,1,boleto,1,163.53
41139489fb8433d34419f648aa690815,1,credit_card,1,44.49
b8871d60cf4ec81490da7658b25c1c04,1,credit_card,1,6.39
4ea7a0509e9dc440b977de71fe9128cb,1,credit_card,1,63.0
4c6f9679175cfb7119be763dd898c8a1,1,boleto,1,109.5
cf597c14464cc1f0e5657952d0ce4818,1,credit_card,5,576.88
3334505458e0f039b5a43c32dfef2cef,2,voucher,1,136.73
a49f05cadcb7f056c2725a1463b7d7db,1,voucher,1,134.58
b956b417947842f743b0ca3d0c3fb1fa,1,voucher,1,453.48
9476149aec45b9b1774a161abcce8631,1,boleto,1,188.28
f25e32d51127cbef9f269ecae2c83573,1,boleto,1,70.72
ed3b18e876bbc16bfe330cd934aa0f68,1,credit_card,1,69.2
858d458b39082890e96fbb1fed8c2a52,1,credit_card,3,73.56
341dc4ea81fabe7de6af564b72fcf3e2,1,credit_card,2,162.63
7530b513e10d1b7a2b03962be180f627,1,credit_card,1,27.36
4477da12913cb6bd85fc066f52b27f91,1,boleto,1,151.81
af07804a2d53e8639954baf97fbf803a,1,voucher,1,194.2
677903861e5a22d39b6c208476a62fe4,1,credit_card,1,185.79
5be7a00f3302bbc55973ecf0d9322ba8,1,boleto,1,55.33
469e8e6e5a8946a3ba0e0835ae771e6b,1,credit_card,8,396.73
fcf9b8fad0bf8c9ebbe6ac43a434d0d9,1,credit_card,5,50.78
b42c74ef741f507b421d3dfb4949178f,1,credit_card,1,127.99
355704bb15561f1fe0bdc9dc064e4e1a,1,boleto,1,55.09
6a436bfc9dcfaf12d5075d521f38afe9,1,credit_card,5,206.95
4382b7af38e2034ff26273519819f2d2,1,credit_card,1,34.0
29124c072d8e7d7681a0bebfe267c67a,1,boleto,1,458.72
9e8994e6f853899f834bc1d3c25b1939,1,credit_card,5,369.22
f4b85a796ab70afd964c35ac15b29fa4,1,boleto,1,43.34
0f7477abc25a26f58ebc0d00d2a7cde5,1,credit_card,6,66.63
dd7bd4b50d554cf0c41fb4c0cfccdedc,1,boleto,1,51.56
0a1f877f7653fce5563de42726f033ca,1,credit_card,3,31.73
2e514f06a55a990840cf3f7131b45f55,1,credit_card,6,173.17
dc5f1b52c9effb2ca43d8ddbae249f10,1,credit_card,2,142.92
57f2a60c1d6d8f4fb076ac300e53bc1b,1,credit_card,1,108.25
3dcc4c9174a04ed82d42905c7dd139e7,1,boleto,1,36.68
dd42374a06906225a225f1e6edfed9b0,1,credit_card,5,144.03
e21e08b6eee6cda8f5cc69981707fa71,1,credit_card,6,90.88
b52b4c23e1d9e705c8d31ab607ae9b50,1,credit_card,1,34.29
e59dbfb7d81fd513f1ffa941fe849c57,1,credit_card,1,117.97
0ee7b1f086c44cbf2dc1efbdaa69bc19,1,voucher,1,108.0
da32e0ec629676994bea2c2fa8f0584a,1,credit_card,1,241.89
74bb37ec1177c69720bff87b248233cc,1,boleto,1,623.68
5c1ae756614f9d0fabf5173af5c9e55e,1,credit_card,5,109.89
7ed696782f4472458c5f1fc95bf5d6ed,1,credit_card,5,192.14
6275954c6646fe2a6fcc3b1f7771de04,1,credit_card,6,66.67
c5dad23638f05002b5af4579f0437709,1,credit_card,3,88.27
75132ec71e262337d5239bf757ce228f,1,credit_card,3,37.72
c09b25f84f52644793916c9d834ee48b,1,boleto,1,59.2
57b9cf4a37a14014639920e1f6d81e52,1,credit_card,3,294.7
ca8404db0c07ba332b8a7d83693af3a3,1,credit_card,6,62.59
6aad3bed746944c70143bcbcadb6c5ab,1,credit_card,4,119.64
dd1eff57387644bafd3823d2d49560b7,1,credit_card,1,54.62
1c2fb7f84aa77300fcb6b698481c1e2e,2,voucher,1,79.9
0df040f84e5295f7894177ffe53850b8,1,credit_card,1,93.7
4048b8311e92aa983ee72f0b5f1e8ce5,1,debit_card,1,32.79
aff043b28dfff4c65665fb42597daf94,1,credit_card,3,180.71
89c1a3d3179ce60a4f6debd3c0986711,1,credit_card,1,38.41
76eb969a695f694952f79db129b24c46,1,boleto,1,168.4
ada812c7806382c3085a5f5024bc17ca,1,boleto,1,37.25
d7c88b34559c799b7170fb42a1222ab7,1,boleto,1,215.6
ac00d3859c095d282f6bef69e0ed1b38,1,credit_card,2,89.16
b81fc2a4875952a72ef06b533847377e,1,credit_card,2,183.64
c3c637478a3bd7fb492aff16c4aa8ec0,1,credit_card,2,96.71
24c2ea18beb03e17972ed33b519950c1,1,credit_card,10,1915.13
edc8ed56158af55c22d0d8153e921879,1,credit_card,2,44.67
497b870cbbeda496567b5d75b81c5722,1,boleto,1,49.18
98f75acaf1c9b0c2424f3b0fc6a22bdc,1,credit_card,7,74.07
a9d12173450be22cabf7f56bfebc2565,1,credit_card,5,196.26
a00d80133807b3fcebee86be41116908,1,credit_card,3,134.88
503ff9670f30b2971bcb5df703a3f405,1,credit_card,9,113.12
66b5056a7febb8679fd88a5b42d59b05,1,credit_card,2,31.71
5802a2af7adc078756b394ca9f492087,1,credit_card,3,297.49
7f21d3ca84edda19b1982865712ca42e,1,boleto,1,22.84
adde6f841dc05dfe3899ed053001e5bc,1,credit_card,3,117.94
4f9a350ccfff326b528a0d7e24ca8743,1,credit_card,1,61.33
771d0ce9e2f9b65e92d4acec6372d453,1,credit_card,3,39.22
dbb96df7d9b75d3dfde8d10da0d65cde,1,credit_card,3,147.64
60c2fd4bd6d23ab4fa7a910b61dac591,1,credit_card,2,87.72
2d5a437d439fb3aed1979b2e5f9f6b39,1,credit_card,2,139.11
8413ac0b09301d03b78adeca5840866f,2,voucher,1,18.51
a6d934d331efb68761bccb25bc87d170,1,credit_card,7,165.67
e6bed0846d5d268bf1ebcf66eab19a42,1,credit_card,10,593.13
fc10f44eba425f75f88abffef84186e8,1,boleto,1,121.26
b4b86df50ff2b7209ced1549d9ea4b2e,1,debit_card,1,76.24
8057404f0b48f9bc5a2e1c8deab5a8d4,1,credit_card,5,213.74
e7438254f9ef8bf2a7e744f84c561452,1,credit_card,1,106.9
db0bd04c3beff2d041d364ce8d96b2f0,1,credit_card,10,382.22
edb87b920c0d70259a62d95cd4922c87,1,credit_card,4,224.1
6f4a84455372ad6b74c6ddd49e730539,1,credit_card,2,152.13
5a0c5e6a4fb3e680d5a9664cea3314c5,1,credit_card,6,266.0
fb2e0a2eb0a7cd9fc655c3fdda628acc,1,credit_card,5,1821.82
6224401eebe13e25d470d8d6a9ef225e,2,voucher,1,57.89
fe6fc04c1126046e3f641fee9303d4cf,1,credit_card,10,141.99
80bef000a2d88b3b23fab45c546c67ff,1,credit_card,1,107.66
eb5f1eb411fccd8696f979bcf81bb92e,1,credit_card,2,66.68
0494d7ef89583fcaf33a1cea4bcfeec2,1,boleto,1,64.05
5b5e27caef5edb9446df0a7c106285dd,1,credit_card,8,246.53
4db8f00462910a1daf07bd78e151c075,1,credit_card,3,62.0
488d5fc485f4624acb8132918763416c,1,credit_card,1,82.33
81c684bc700b0e67cd0461f8f1216b0b,1,boleto,1,85.89
15c8bb2579fbbb27773fefddd07e4111,1,credit_card,10,168.96
830e68f85c573a0b3ad78cc4915e0fcd,1,boleto,1,25.55
cb303a906d3da8596487dc9de116fae8,1,credit_card,1,23.2
c918c3225cd5d12cacf8c7e54e9444c5,1,boleto,1,33.24
80d83b7a6c9a79612f4957850ec91be4,1,credit_card,3,464.34
c5f9505b4bf9db0433b371002f7be6ff,1,credit_card,5,262.7
e63f16fab229756ce58f86d40747944e,1,credit_card,8,318.34
a1d8201182a838255aca3592492761d0,1,credit_card,3,87.94
01c998b70e420ec36563386a4b71c6bc,1,credit_card,2,106.87
32f0d08563a05bd541da24218934fdab,1,credit_card,4,349.1
1d9620d3304b1a785d94220904c4a33b,1,credit_card,1,73.15
b84394f64014d2bc61ef7e890cf10a0a,1,credit_card,1,82.13
49aa82d12066e455617693a42d2b8bb2,2,voucher,1,10.81
6533a0d9c1703a1ebf0115fb55e01834,2,voucher,1,21.99
101280a25cfcd2e133000129f24d17d7,1,boleto,1,276.49
b97ca938c0a55ff9a5b2a89081b4b677,1,credit_card,7,133.9
b6a89d6b9a0f7e821a59bdb3e44d8420,1,credit_card,1,13.05
4cfe6efc40f9645ef7b88440a1c64149,1,boleto,1,56.6
cad08f9cafe86a00a19ad9376c356779,1,debit_card,1,70.05
25e5f6a88a4525f820943240376c45c5,1,debit_card,1,98.81
8fc359cc10f3ab99032248ef5f152d4f,1,credit_card,1,48.37
a21f7cbfcb4757dd5866a2673dc059b6,1,credit_card,3,35.92
b038aba0da1e1ebf55076d3217291ad7,1,credit_card,2,267.01
10ae81c09f8af0de80d11ebb50e272ec,1,credit_card,4,58.71
a632507614b292ff5f60b5282ba78df1,1,credit_card,1,78.65
954945beeb5990c532ac06d464edf931,1,credit_card,2,25.1
b7ef6e87085339d9ef7be05148b8ea74,1,credit_card,8,178.47
7ede340903c485e891cba5b1064ecf5c,1,credit_card,2,113.2
cd9a4a2f34981d431266156f950ce0ef,1,credit_card,3,88.86
ff632bc583a94f23c59db4cbaa0ba2ab,1,credit_card,1,236.56
cc427984e779c3d1dd7e082f39a98fc6,1,credit_card,1,1395.76
e6be4d2a8e251c464dbb1c4e17c93bbc,1,credit_card,1,128.93
035c06c36cc8685238297b6af0c280f3,1,boleto,1,51.05
c1c46208ebd1440f4da5b7197c544d6c,1,credit_card,2,247.84
d468e4e85ee3a383eae43d3e8d9f116b,1,debit_card,1,103.5
d14319b7a9ffe116c1ba706238d3cd27,1,boleto,1,183.92
3be2b03f32e88489f49c64de449e6d98,1,boleto,1,126.54
c60c1ff560443153d7f50771e5fe9b92,1,boleto,1,116.46
f64d913f55a51b368d17498f8cdef01d,1,credit_card,3,130.0
606a4d197c2fcc7ea1b91a89c0843f1e,1,boleto,1,129.0
ebc00d28934c1edd775b307bf5cff160,1,boleto,1,30.1
33ca67f12b946d8830eb3805cc63761b,1,credit_card,1,87.7
19135c945c554eebfd7576c733d5ebdd,1,boleto,1,43.14
867f74e7d9350af5b0a100bb329fe38e,1,boleto,1,66.63
49f0e82d2c3c46134f551799b3990bf9,1,credit_card,6,67.44
22ea5431233830227f077473a051d55d,1,credit_card,3,108.9
6f28feea2823c775f5b8110ccf4fe754,1,credit_card,4,45.05
99154e0d0a403c1c7dc3f38886f6776b,1,credit_card,1,60.0
e51d5fd82a186a64728b4de03b0fd8f8,1,credit_card,1,86.15
9de73f3e6157169ad6c32b9f313c7dcb,1,credit_card,10,3899.0
b8871d60cf4ec81490da7658b25c1c04,2,voucher,1,46.36
acbd43df296646b7b242d1e25b18a646,1,boleto,1,284.96
c2be39a9987d992896de790f005d1bf4,1,credit_card,1,100.6
83ce09b55f29086739212db0e38aaca1,1,credit_card,2,139.61
f9a6aec1708cd20b564a6b2a29ed2290,1,credit_card,3,62.94
fb37b4e097b850ea9b2a568362742d10,1,boleto,1,81.63
9a7e8939f3e332415b9915a209e3607e,1,credit_card,4,42.51
2ac259040ff5632c80a28851fb876996,1,credit_card,3,175.6
776a4baf188ac5bceac98950a0c2d0e6,1,credit_card,5,56.6
a231611f82f7625fba490466e2606aa5,1,boleto,1,255.42
61bc36958b1d61ed45eb66755fcf5722,1,boleto,1,162.6
36b513ae01c274c623245660d7069dfa,1,credit_card,1,68.22
612951fa21ca749d62ad2b4f3e0757dc,1,credit_card,4,78.42
1fd64d652fae27df0e9aac1f4e605984,1,credit_card,2,197.35
3334505458e0f039b5a43c32dfef2cef,1,credit_card,1,10.92
d5499e385aef94ea76d2ea5e6a73e60a,1,credit_card,4,80.78
1b7efcda93ef629e74df8b1fcd2b1f92,1,credit_card,3,143.39
197fdb2270597913a3ba471f251d01c5,1,credit_card,4,84.16
0e09e160c7532013444616096bc75f89,1,debit_card,1,87.32
71bb4b0d814139920f939608c9d37685,1,boleto,1,130.16
b38d2e3c75d7bf6d8579c98cca3e7285,1,credit_card,2,255.42
48cfadf939f8bc6a5f3890799a9c62f5,1,boleto,1,34.95
0f8e3095c3090d9cad1011fb6368b7e3,1,credit_card,2,164.06
1857e77a4bad8abb2db929f107430663,6,voucher,1,41.67
94d2de9ad08d15bd3e714a984bd09bcb,1,credit_card,10,387.27
1857e77a4bad8abb2db929f107430663,1,credit_card,1,11.52
2c52873e8d170a8426be048f8321df84,1,boleto,1,396.8
f6f4791d4e9af576b54789af41c06f23,1,credit_card,8,86.93
c94517a93bb24f22495c95eb3f90adc5,1,credit_card,2,122.1
149bca3daf097d7695389efb9b491653,1,voucher,1,66.41
d5db5ade6120da8525cd7eac0608d009,1,credit_card,2,146.54
46216bad82195f8dec79cfde98c57acd,1,credit_card,1,49.34
ebc291ccb847d85f438a0b661490ac16,1,credit_card,3,119.84
d72653b199232133a82a28e6e340133c,1,credit_card,5,1570.21
e77d85bec584c36b9558adc732947c76,1,boleto,1,124.22
43101ee6b066954af2c1074445d240ec,1,credit_card,10,247.32
86ab312ff20b032420f0320b32a37f12,1,credit_card,1,179.48
54dfaf9697f69a07a441fc17ab325f5c,1,credit_card,2,71.15
63bc56e1d9a5857d87b6de9435e8d304,1,credit_card,10,214.41
030c7ec55b04c23a239cd70bd9750e18,1,credit_card,8,83.41
880995aee9550ecd4518103daaf74fa0,1,boleto,1,2457.44
7ac818621c9efe9a8f6ef6d66477fc3a,1,credit_card,4,121.64
5e8c4235c5941812c1831d835ae020fd,1,credit_card,1,148.69
8376f6035204b549b6bae5c4a7aa5a44,1,credit_card,1,73.54
aed5fd4c4ada58504679761465a6486e,1,credit_card,1,57.05
267e7e0b0615d34fa4c39c0a97cee1d5,1,boleto,1,117.63
733f26eccfda637ff829bb51444ac13b,1,boleto,1,45.11
31a9ca81d056ac824459a57e784fcfe6,1,credit_card,8,616.54
a2b2d6d1919f4f35f47c42de3f62a1fc,1,credit_card,10,105.51
acf06644cacca76ec575d6e2b7ca9c1d,1,credit_card,6,260.11
b1503f3f344c66cf0a3bdc1e2a6e3fcb,1,credit_card,2,142.3
793a1da0431a53a517bf77cc596a9d7b,1,credit_card,8,213.54
9b228d02d9abe567855fe2f934772858,1,boleto,1,351.0
37c784fc18298a8c578de2bf806fdcff,1,boleto,1,72.1
38776c227318fc6906defc2d197cb17a,1,credit_card,1,23.24
75e3a145a842715ed463a3a4ca34e489,1,credit_card,15,164.32
d416e69ac2b8a56d17f9b3ad10bb37b0,1,credit_card,8,457.86
4d3bfdf4c7d6578ea445d588371ae10e,1,credit_card,1,77.29
f967b3b4e10db096bfc62535abb40d43,1,credit_card,3,63.88
8603de8fb5551ed7faf81d2a31b8bf0e,1,credit_card,6,603.4
99bc267f49d76932cd195bfb2a94dd03,1,credit_card,1,163.08
5f4f8bd3b8bb2614ac31120209f8b1b4,1,credit_card,8,104.7
4703440eb9289d3769819920e98ec061,1,credit_card,4,315.61
05ebeda0c1aefd787e0ddc914af75039,1,credit_card,5,407.68
a2b3e75e2e444a9ce134788d66d5dec1,1,credit_card,1,62.48
88953f14c276491e60e060e8ef21b769,1,credit_card,1,46.01
f068cf7680252cb38a48b6c831c03342,1,boleto,1,72.83
d4e4ac3c423a38f131a755f777d2f73d,1,credit_card,10,243.16
2b2021afc839498368ab00d64c9f1912,1,credit_card,3,151.86
467d8823c7b37e758ad17a9a61c347bf,1,credit_card,2,207.27
91fcdc0357e6c76803fb5d654a0226a0,1,credit_card,8,220.04
4a9abb72c66423766ec1a903dc6c70fb,1,credit_card,7,70.04
168cd953540aa3251bdfb407cdc4b6d4,1,credit_card,1,89.1
ce5cc8db5db3cf165759073512ba3d82,1,credit_card,1,47.71
5b67d5593db6802b11d266e3c4d0e0b1,1,credit_card,5,104.85
9f7b07e872a431807e81c38d6328502a,1,boleto,1,232.07
8e580dc7233ba4a6f93b8de2fe826bb3,1,credit_card,6,138.97
f1367a0a8fa445363c4e6d5a529db4a5,1,credit_card,1,6.78
7678a9ec36abfc35527725816936da8e,1,credit_card,10,100.26
ba81383846b0b6c97b5160f986fa3707,1,credit_card,1,23.33
283b742fe68780cce8df4470d11ac981,1,credit_card,1,77.98
0c4d07bcd65a6ce95cbe8e8e228a98cf,1,boleto,1,44.52
3dbf83f783c5b8b10a714e9c887347ba,1,credit_card,1,121.39
8ffd7451dcd8c7f8dad79450d7f4708b,1,boleto,1,113.26
d8aa6831ce562b75f8b1974395f3eb1d,1,credit_card,7,155.45
13fc19d5bc2bd52fce8baeb3f31e5dd6,1,credit_card,2,57.65
059fd94aa8716f14743caff2f433be05,1,credit_card,10,1368.87
413cde030a614ac044fdc905c6849453,1,credit_card,2,161.01
255ad076f0ef8eeeaf912d66df4c2a1c,1,boleto,1,185.56
ee02295dfa5d0519664c1dcd4a70e87f,3,voucher,1,50.81
01ebb9ed879d6fa1da4857ed617972ab,1,boleto,1,43.86
0e5f77f8bef9424afd3d6e904e873275,1,credit_card,2,123.27
6abaad69b8b349c3a529b4b91ce18e46,1,credit_card,4,57.0
9951333a5f09b5c054baa1f1c43887c8,1,boleto,1,132.16
b4ee8b4e6cdba36455ad826db9938e35,1,credit_card,1,124.33
073df773abf715c8e62c999668a9cc49,1,credit_card,6,417.46
2ae6d828f4cf351ecb662a1f2c30aa93,1,boleto,1,86.94
4171f8b589ce09c1ea19d8d625777989,1,boleto,1,29.46
6e228f845ad0d104a3e3c343dbfd0c19,2,voucher,1,33.34
b2634f19a1007fd4a54a9fed9291230c,1,credit_card,1,37.77
1fbb2db5f09b8f2fe37fb58c85d2e301,1,boleto,1,151.74
f36d534d445a4b1a5cef4092573aa1f1,1,credit_card,4,104.22
a518b0e2cc4f320f21cf76b615df9869,1,credit_card,1,32.09
dacd9ea86285f197d0b7495e8af14781,6,voucher,1,12.33
aa2a0609fab50d659ead956ec8f69de1,1,credit_card,1,92.14
25d2a391f2bd247e905a176c97f355e6,1,credit_card,4,224.48
c40251d941c82933d4c4645793793577,1,credit_card,12,1125.9
57519b17e3776c2f4fa3a4e7fe69ccf8,1,boleto,1,32.38
49aa82d12066e455617693a42d2b8bb2,1,voucher,1,8.91
51a7e6cfd3daa5187a2f973c44a74a74,1,credit_card,1,40.79
85008a8fe3cde72dea5abbbc2be0a2f8,1,credit_card,1,46.01
03cfff56e65677083384243927b9915f,1,credit_card,3,245.68
40d9b709b3b6a77fcd309165705f58d7,1,credit_card,1,142.27
1e24c66f40e16d38609ed026af8b4c94,1,credit_card,8,93.15
9d6b1d10fd62d8f52d1ee875b4842c2e,1,boleto,1,137.47
363fe8f62de97e4334f5c88e3d9e73a8,1,credit_card,1,89.91
ef32bb24f4e81a29a305e5285c8d3d34,1,credit_card,4,224.31
8413ac0b09301d03b78adeca5840866f,4,voucher,1,0.34
676c554a88771af1264e81fa10e7e760,1,credit_card,3,285.76
394ff86ee81814bb5f88c7e8ad2812b3,2,voucher,1,20.0
c14c3f7884d25f88ef34bc018d3accc6,1,credit_card,4,44.09
2aaab7e991347226dbda1f61c6785f88,1,credit_card,1,86.9
d6229aca790acb92366c9888f1e0c181,1,credit_card,6,327.7
1086086dc8f1556f2238eb1d973e3ac7,1,boleto,1,135.14
0435b65bfd0a1cd1c48a82f5b405ea78,1,credit_card,4,154.14
f565be42bf5390f6cd98934cc4c17091,1,credit_card,2,99.9
871586e5b572f8c5d8b07b091e396e6e,1,credit_card,8,89.57
d44d3aabe5fd82754ca3b4696cdc90e7,1,credit_card,8,300.0
b144e2ac9863ed27bc59dbe4dd2f8773,1,credit_card,2,99.7
d42ee092dd327bf569aa4406ceb2ec61,1,credit_card,4,419.18
c48a0edfbe31112fc8f48c3acfb42e2b,1,credit_card,2,146.34
40deb01ced4c0d076432514cea0a091e,1,boleto,1,26.44
4f4cdcc0b6af1eb7d23872ddc92b5d05,1,debit_card,1,46.68
12c52aeb1dba3fcbef2e36accacca1e4,1,credit_card,1,69.03
e7d94ab6c93320816f9b59df54012a32,1,credit_card,2,52.46
cc0f9e4057df851c6911641bf7ea0459,1,credit_card,3,174.33
af32211fd3ca6faa65dcf8f3bd3f53bb,1,boleto,1,30.96
b52d29abb97a3978df1d8922bfe36fbe,1,credit_card,5,283.54
d128b5634e1faad98f4ef5ac2f7e2e97,1,credit_card,10,932.47
d409a253fa6f530d0aa7786bd667f9a7,1,credit_card,3,223.88
e5660f4c411090251a0a154f085bbfe8,1,credit_card,1,115.9
446783bed4af912fc010915b3ead3b91,1,boleto,1,696.63
00345f338696283410b7977d2e3efc89,1,credit_card,1,67.34
3ba9c7e03e16689f18c77e2f5efd2af4,2,voucher,1,50.0
4b0c92c783fce531bb5b76d0bb2636ac,1,credit_card,1,36.96
2e923e20cebdf4b6180a30475a3eed12,1,credit_card,5,59.37
9dd9eb1d7c035198b06f1775e0711a59,1,credit_card,4,80.78
38f6871a527b1bba63f4db9b0f3dee2d,1,boleto,1,21.49
45af011411986b48414c28e5be9b3632,1,credit_card,1,44.98
80ce2b07c4a46dfc98710e39bfe3bd26,1,credit_card,1,36.04
0b17b204a1785111272edfadb2aa9e94,1,credit_card,2,110.32
16180652c3b2890c8cc7a24b68663fc9,1,credit_card,1,28.77
2398edac04de9e5283b7c76995623906,1,boleto,1,162.15
0a15572811e0bc23e2963de1cdf344f0,1,credit_card,1,103.13
7b851c9a82166bba7e2bce7bc005a226,1,credit_card,1,53.68
db4d39113d1f1f359709384518d81e31,1,credit_card,6,97.8
b8585b755e4a6d296c78133909d74022,1,credit_card,1,36.75
25b66d9cb3dd45d25788fdb3e226c5b9,1,credit_card,2,129.11
320f28931983137e4e8dbaa4c160c770,1,boleto,1,119.19
21e66217f32d0775592d587a9cee5860,1,boleto,1,115.8
29a4fbb32fb0af037ac01c6154484f06,1,credit_card,1,44.8
7ec4063a8ed5b8e7ab1b7bdd7951ffa9,1,credit_card,3,121.39
e37dabbc051a3f58d73581522f7eef81,1,credit_card,1,96.22
7c456a887b23a75268a45a224d191c52,1,credit_card,2,194.26
7945d0d21f1940b67932b2541985e179,1,credit_card,3,208.55
5cf4f1db71ef2896c0c286637f7dffd1,1,credit_card,1,28.22
a1deb5a1e93bdf89bc4e5e00ec3691d6,1,credit_card,2,189.56
b9351dba71092089d0c4fdff1bb8c38b,1,credit_card,1,41.85
63c303bbfc61f7fea7c12039a331617e,1,credit_card,3,173.09
a8ab4d61b3fd92a9aa110f5940434d1e,1,credit_card,7,373.1
48dcd7368e7d1b9bedc55f16a3cc8188,1,credit_card,3,36.75
ba772856bdab971f8c7eae9e03cf8706,1,credit_card,1,62.91
bb112b59b8f03e372acab987c036fbf3,1,credit_card,3,135.51
6bfefd597dae9bcdc38e087a154ab6e5,1,credit_card,1,51.9
5ae5a2d65d23cd2e0d8a1ca9b0c5a3bf,1,debit_card,1,117.49
beef13df9e204c44aef29545324a9606,1,credit_card,2,107.28
38812ede52a6842d03eb017fc2c9d92c,2,voucher,1,3.1
7c28cd51bc7b7b5b8e81ae0bb7f17340,1,credit_card,2,27.86
8661d034c37aca81ad2a118217c354bb,1,credit_card,10,136.9
f2b609cb8300d9cf7f2731582909bd61,1,credit_card,8,166.74
5d4904af2abec966288d8236c091bbda,1,credit_card,1,58.6
f1367a0a8fa445363c4e6d5a529db4a5,2,voucher,1,30.0
4942bdcf4479ff8d6885299338758784,1,credit_card,6,73.34
ace8653b9b01a6d0347aa993f8e9b0a5,1,credit_card,8,88.27
5f15f0c533a12e29594c41ac50ce1379,1,credit_card,2,453.92
61ff26ac3b205fc54a7431bb3b032cf0,1,credit_card,10,267.51
65b5c34eac96c508fd60327de50a2d3c,1,credit_card,1,0.28
c8561f97a8ae2c73be7dc1a013203192,1,credit_card,7,361.2
49aa82d12066e455617693a42d2b8bb2,3,voucher,1,8.33
6ff14c785c89530b9a33206e62253d05,1,credit_card,8,236.7
26844c5a3b10d4ae5366ac6bfc55680a,1,credit_card,1,40.79
2153e9009ecf443d84e5f48861fb7094,1,credit_card,4,86.79
55da0b4274a986c801b561481e1d6c78,1,credit_card,1,41.55
f103be8682f589d58ea25909ad7d74f9,1,credit_card,1,62.38
05c882a9c704a528bfbaa15fd8805d43,1,credit_card,4,41.05
75fb23d26903b71ce3dd550ae22d2cc1,1,credit_card,1,61.02
4cbe8de031dbae0b80286a23fdc1cf91,2,voucher,1,1.5
a0fbae87b2c4f96a56e39ea7df0c1fd1,1,credit_card,6,173.82
79e339edd187057a60d7cbe59df7526f,1,credit_card,5,181.95
15820c28eeafa10a575899c57bba6cf9,1,credit_card,1,46.0
5b74abebfd5bc1d137d7ade71c5cfd36,1,credit_card,1,58.79
808ecdee681597379a39d3697c8b28f1,1,credit_card,1,56.69
e4ef0775ca01d0f6839f7d362041abef,1,credit_card,1,61.32
5933483834803a0e8e9fcd26cdb3774d,1,credit_card,7,101.92
442dccfb1443cb7035f2b7810f974dd9,1,debit_card,1,175.36
22d0b79a88fe360e41471c8477379673,1,credit_card,4,78.79
2c8d335aabf96328d817f48bdbccc430,1,credit_card,1,92.9
8719765a2c69491f63bc8b06f379488f,1,credit_card,6,208.88
f94a0462cf50552772e515493550bc4e,1,credit_card,1,53.7
272edf81c6d2434e61f4e15520a0512e,1,credit_card,4,187.57
31628e1ec1ce71d13a6d7b2b0c5db88a,1,credit_card,4,49.42
b4e517beb22f957e76469c4b7eed9f8b,1,credit_card,10,725.69
4ea8cf27d2783396b72f4f5f7b07250e,1,credit_card,3,174.36
8737b567a657802c6dd1761fdf3c256f,1,credit_card,3,262.16
7f6d16fab3bed015ec202cc66b21283f,1,credit_card,1,31.13
58ac90861e40974e190198a79144f7d0,1,credit_card,4,40.09
e79ce960e58239f855503114732d9d09,1,credit_card,2,48.73
9b27acea1ceeaf0e2c4409066b85c93d,1,credit_card,5,118.35
9a43b717c408493ff788aeb5d11d0684,1,credit_card,1,33.18
67268ca1e8a89d4c08b6517a4de13994,1,credit_card,1,30.69
f5bce854828285b05f16143027a664c6,1,credit_card,2,85.81
c0ac0672fbc1b9f9424dc334437a3564,1,credit_card,8,440.47
35a3fda780d64bcef27e2922fe37b24d,1,credit_card,6,65.79
4fe4120d5ff847b658ad80188256cb99,1,credit_card,3,101.14
149a156d90f9d0f82f554fba2f4a9cb0,1,boleto,1,78.77
f45074ae38f2e01d9b854ec8d40362ff,1,credit_card,1,13.78
4d280f7e02765cbee0a2ce0359dafb2e,1,credit_card,2,52.58
45655002c111b6037f3244f4692bb526,1,boleto,1,87.64
ebb5b8275a6a365d1243d225386bf299,1,credit_card,1,61.88
462f1226eadb17cabaa2323b360486aa,1,credit_card,10,554.4
ada852cf7a2944b2980679fbf593bf6e,1,credit_card,4,45.53
3ca573452c1546150e8fd1e02b5603a7,1,credit_card,1,104.87
be049b6fa688493e1676db5fafc0bbb3,1,credit_card,1,66.26
1857e77a4bad8abb2db929f107430663,3,voucher,1,41.67
a28f6c9d0933acd34c3ae149cc537b65,1,credit_card,4,170.54
cba3306126337d8de821145b22b9b0e0,1,credit_card,1,56.57
b6a89d6b9a0f7e821a59bdb3e44d8420,2,voucher,1,49.69
a49dc0169f9bb6d3ac9829bdebd12299,1,boleto,1,78.64
38e58cdf27a57490e8945bd9f8150e45,1,credit_card,3,316.58
83497c05dd75dfe740fb8b0c5482da3b,1,boleto,1,217.32
87c30aa444c21f77f5dcedb637f9ba85,1,credit_card,3,230.44
71b17a1dca06f13bc0c69595e244d3e7,1,credit_card,2,28.98
b26d171d404f1e506b8d41c6f70c4426,1,credit_card,1,44.1
2518a3eb047912b58514fc2f405ea73a,1,boleto,1,84.65
3c153f5d35e78b843022376a66dac30d,1,credit_card,4,40.09
14d296847a335160b30c1e6afe4d011b,1,credit_card,3,136.97
345bd783a6a07b70ed006d1b11df30e6,1,credit_card,1,34.6
bb6098323b5ddb5435b705192fe81ebc,1,boleto,1,111.8
a0f7769c320fd4c1900add6490eab094,1,credit_card,3,141.74
dda34d917fca93319316d959e22b9289,1,credit_card,10,1146.2
9eefad52e5b37dc3e94fc823d63057b5,1,credit_card,4,107.5
4ce23a326d80951e2de85a1870483eed,1,credit_card,6,63.1
7da11ffea33e5f6e42aeb19d45e50e31,1,boleto,1,64.0
39dab0c9ea1c7c66a1a516423f50c97a,1,boleto,1,65.0
c3297de5d87bdb1364601547517e83b0,1,credit_card,3,35.14
a0be4f22d143bef8121980995eaf15c9,1,credit_card,8,598.95
6dddec4ff6cf5567af3fe54023e28500,1,credit_card,3,145.65
81b1c5ab3c30ee9f67392bbd60dc0f58,1,boleto,1,175.82
54c5976111a966ff8a2224dd242cd07a,1,credit_card,4,273.88
9ae0aced36093f0e2cb7510c20b7ffc5,1,credit_card,3,87.94
f23681a0fffdb8051c674707c7e912ef,1,credit_card,1,85.58
ee8725c782f35716fe7a9e445bbf0a78,1,boleto,1,92.9
ed9e33c926c94cc5cc50a68696119dea,1,boleto,1,115.36
b7a4a66ce73fd0c32b0e380f5134d977,1,credit_card,1,73.15
a5c7e6bac2227411fff0d646ffdef74c,1,credit_card,1,76.17
2d5b43766328f55157cae1e85e1dd475,1,credit_card,1,56.85
591c776946bf5814d5438574a5b42327,1,credit_card,2,168.14
246a0dd11a624cd29b8c5dc2e56fa1dc,1,credit_card,1,81.31
bb44d0c37f5fcc456bbaefd9aef6adb8,1,credit_card,6,689.52
1d35b9b8088b6c9e1fcff77fdb44ef53,1,credit_card,1,152.16
3f84b0049b0be014bde59429ca8267fc,1,boleto,1,20.38
aa5472de2f22cca7b5a661f6fbc94389,1,credit_card,2,52.58
7477146d0d3adc1305846034436657ec,1,credit_card,1,114.36
5907e332dfb01556b0eff58839cc2f75,1,credit_card,10,101.34
3eb95f6a896852d771ecaa56c4f02349,1,boleto,1,313.53
9146e206bcd61ac9fb10f3a26336a7ec,1,credit_card,4,286.24
44cf3a952d8e1d64780add94ffd74dfe,1,credit_card,6,136.3
8f28f1dcfe373e3adad096ae2108087f,1,boleto,1,85.23
bf88003f2580db7589007ec44bc85695,1,boleto,1,40.79
8413ac0b09301d03b78adeca5840866f,1,credit_card,1,13.01
b7c4c48cbc6af3c8db4a65fe2347faae,1,credit_card,1,60.94
498021c6811da6622f31f7817f7a7af7,1,credit_card,8,492.93
6e61e9948a1e8b1389dd34c5c11fe90d,1,boleto,1,90.75
ac0d19143b07550124df5139ba1faa6a,1,credit_card,2,152.08
d9547df3c08b9a1d75ac31317de05c25,1,credit_card,3,36.1
a1dd8c3d72d95a11312293743c4064a6,1,credit_card,1,58.78
87334ea6311529ce3e36b18350d2d4b3,1,credit_card,1,49.34
4b6e9f4a9064668e8c026bf9409993de,1,credit_card,3,64.93
0dcfff35f1d2e0fb46301c92143663f9,1,credit_card,8,84.75
0562a20526fecdaa1eb5019bc3920cd9,1,boleto,1,73.72
8d6f2d65fb984460ec10037e22a06fa2,1,voucher,1,92.1
e49756b486c722bb970c4cadf35a2cc3,1,credit_card,8,104.28
a242b157f059b58578956fe8e3b35812,1,boleto,1,81.63
024602a52e3c89ca5f963affcd2bedad,1,credit_card,3,46.2
7cb5fd41ca3412b19772e1cbfd716952,1,credit_card,6,68.13
21f1cdf47b2ebf6d58a4e07191ac5a98,1,credit_card,1,32.72
49aa82d12066e455617693a42d2b8bb2,4,voucher,1,1.95
133a123493a55f389917093bd41fb184,1,credit_card,1,35.85
859c79a3ec5c558828c5f5a86e66841e,1,boleto,1,142.24
917a1e55e47868301492b1f8f765a6f8,1,credit_card,1,37.77
e47bfd40dd32463a27120cccaaf5aad9,1,credit_card,5,149.69
46cce235fa3f299c3093aedae4396900,1,credit_card,10,333.6
1a647a88b6fa7b167cb5414a372edeb1,1,credit_card,1,149.16
52689df16b83773c1004b27478ffe49c,1,credit_card,3,254.44
171494d5a0a3d21f98268f2aa9314a18,1,credit_card,1,133.85
0e4b26f1fb99fc0f0472dd5f403d36d4,1,credit_card,1,37.94
7ed1f028ae9291bb2f0e80683526867f,1,credit_card,2,116.94
2dcf5497d9dc70e0e723bbc2bd26fe7d,1,boleto,1,42.09
92b56c79ee136de9db64ceafdf002f72,2,credit_card,1,9.67
3ad8b95da1d9a9f797b5d79dffcdd15f,1,boleto,1,186.95
32980a0c990d84e3f2c3e9838a4abc1d,1,credit_card,8,553.38
191fa27b2a907e113d60ddfd7dc29696,1,credit_card,8,86.64
3d536bddbad51e46b6bf390bdc17cb04,1,credit_card,3,103.23
de4c5454fb8e64f76ec9689a472b23c7,1,credit_card,4,235.88
a4131292599279a50b734fb7fbf83c0c,1,credit_card,7,87.62
c72ab77b36e73ef2e5f95a0c2f9fa739,1,voucher,1,48.21
4aebd0c56cd8ca001a245fef3279e6bd,1,credit_card,1,87.36
4ddbc8366d7b18e042a35f6b4b5481e9,1,credit_card,3,165.95
218420c55032b9db817c110f06b85fde,1,credit_card,1,94.77
df258d3d30d51b9991fe71bb0e4f126c,1,credit_card,10,124.74
2026183f154b1d672b4bd513fde144c3,1,credit_card,3,83.41
67c03c278fad216ed9ab5573e8cc551e,1,credit_card,8,136.63
2bd3710aaa1caffa42b8d737e093fec2,1,credit_card,2,138.72
a739bf4717343c5f9c84196b61a9c53f,2,voucher,1,1522.42
7c33b548f0fee23cb4a8afe1f1333ee8,1,credit_card,2,275.98
449a5c83325ac51d98c821405c503183,1,credit_card,10,169.49
4ed9c32a4e9d45ab8b3b9596e69f7346,1,credit_card,1,21.04
0bc97d91a9a3a1923234614958556071,1,credit_card,6,338.74
bfb1d0f7664c36a532d74c4cf0da37af,1,credit_card,8,1240.85
abc5ec9ecaec740b498a37f19c29a8c0,1,credit_card,1,141.06
7700cd588241bdd7614416812683d789,1,boleto,1,114.37
2f1a5157e323f52d58fca608db06ac82,1,credit_card,3,47.16
3f9b6f8b34537b09fecc693148454b85,1,credit_card,3,38.62
e90da786f0f0041ca35e71de95ef4eb6,1,voucher,1,28.59
0937ee5de4e9482b7503bae26f9d243f,1,credit_card,6,168.14
432d80d2aab5e167192912051828b7fc,1,credit_card,2,114.21
98e109d3f1db912647c2140cdee13836,1,credit_card,1,48.3
e0820022dc8f9840abec5c1057054ba9,1,boleto,1,295.56
397a32bc626d3c1e951590a39c6f7929,1,debit_card,1,57.42
00df27e666004db9f14bce766fa5327c,1,credit_card,2,203.67
a9726615eb24e9b1fa84fe7f8c9a5b54,3,voucher,1,2.98
dfdbb5222ccb0db3a64c6a09ba0995b1,1,credit_card,5,492.46
f6dbef2d61321dedc716a1683d7b1509,1,credit_card,1,51.52
9de73f3e6157169ad6c32b9f313c7dcb,2,credit_card,1,135.44
f4d52c8679d7de408090a7c7ec487cf3,1,boleto,1,96.88
ea3a35b74d6cd2751271c60d423563f1,1,credit_card,6,574.0
24d2a265bbb8e667b3482b868457b7d6,1,boleto,1,31.0
8e231eb804b052ee611d6c4a9300e10f,1,credit_card,1,76.46
bcd3f65a42c31d80afe51626263a8644,1,credit_card,2,98.34
46c36a9b14438f007086c53a374abf1f,1,boleto,1,52.09
b313c4c6f6035467d515a2e7e6031950,1,credit_card,7,77.36
c12f6da2e568142b38a24c3c2bcf13a2,1,credit_card,1,45.69
0191bbb5166d4b9a68df11797d5acfa9,1,credit_card,4,153.07
0e19aa2216bf89063fdd8849774aea19,1,boleto,1,26.45
de364de7f162af086becab0daf5bba53,1,boleto,1,61.11
438dad6fa6e9ce3c50e4497b4232c7ce,1,credit_card,2,101.24
c80f02a8f0c066df7a56a2b61c8c0610,1,credit_card,1,103.36
974489a317d3b3f2e471a3e8d05ebeb1,1,boleto,1,62.83
3e02b2b05d2244a9fb8f748eaf4ab3ed,1,credit_card,1,7.58
e72ce58da5fa186692fb2a9d253c0cbd,1,credit_card,2,131.44
c0ab546d7eeab2e210dbc49084319e46,1,credit_card,7,236.13
6a4b27f33e33875ed99945d3e271698e,1,credit_card,7,372.27
15a1cd1da2bcaccc711512ecb5701c5d,1,boleto,1,81.18
7791eb26e081ed5f8dd15b40c45393a3,1,voucher,1,42.11
377ed239c64b69ab76ed4d18bdf76958,1,credit_card,5,115.04
2b161ac439724fda87d03abf890234b5,1,credit_card,1,93.63
a2f084633c53f198fb3ba4148fd4a148,1,boleto,1,39.59
3d6de6859857d943fc208268b533c0a9,1,credit_card,2,215.25
fb52c1aeadce7c26d4c57e429909eab6,1,credit_card,10,267.9
9e27a77121b82195690a4fb1994814ea,1,credit_card,2,68.73
d2669bd045e902f5d1038d1a0008fdbe,1,credit_card,2,220.2
72a704e8fb6c499fad9b26bd8873bd39,1,credit_card,1,33.99
3f0f2949423ea4caec394b9d09f075dd,1,credit_card,6,235.42
22ff7c206b68858435452298296c2fcb,1,credit_card,5,50.86
353f19bd937d256e95b40e479616f7f7,1,boleto,1,45.01
9a886ac42ca6eb5571fbdd1bdd8be02e,1,debit_card,1,37.86
5e0a798e395c3be05f7b2cc9f7ceb6b4,1,boleto,1,36.72
94eb86ebbf4bb41bd02ea3035a2a39cb,1,boleto,1,145.16
5190f963681eb5a3db66961c4fa05a66,1,credit_card,4,163.91
dfb37d2ceed290c718d7778273ba8b4a,1,credit_card,1,42.62
f9af701b20215d529fbc24a4884ccf73,1,boleto,1,116.36
7532f61a8fc7649fe822d89af2ff0a76,1,credit_card,3,36.35
9371a323185fe5bc627ed3065bf2fcd8,1,boleto,1,156.38
2ef4a11b6e24fdfbb43b92cb5f95edff,1,credit_card,1,84.63
489db951401825ce7d66665e5b5108bf,1,credit_card,1,38.29
2db1e25288f9a89e2ed181d8b6216f4a,1,boleto,1,222.2
07159640598ab46b708279254ec3be0f,1,credit_card,1,31.33
8e1ded141534096603108f1ee5c27735,1,credit_card,1,27.68
c63b161b8e0d866d60b95902f4d0046e,1,credit_card,8,181.52
032bc75236a1cbaf410bb596a509e774,1,credit_card,1,51.64
0b5588f04551d90ee148462bb65dfddf,1,debit_card,1,146.12
ffc5d47e40567b5f153d5cd17138eb89,1,credit_card,4,70.11
68045e87308a14e1d77f14ff287a2b3b,1,boleto,1,30.19
19d468d1424d2a259a1f3d3fa073f41a,1,credit_card,10,210.03
ff2ea5b20dfaf42bcf891f8aea31542b,1,credit_card,2,153.26
213035a57f21a80992c9c577de9e5484,1,credit_card,2,59.01
9c1becadc6a0c6445eb02167b8d1bbff,1,credit_card,3,36.69
354310406adf3de2d6793865cca4eb97,1,credit_card,8,779.06
5599a0eebfc7ecac5cffa25fe2d57e47,1,credit_card,8,97.61
bfb8512783ccd2271d2e96d3b856bf2b,1,credit_card,15,1683.41
e3c8ec2636b34ec7a41bf25dba83440f,1,credit_card,2,40.27
3e5851bac5137487999e438e2986af8e,1,credit_card,3,89.28
0b277c8a59b6fac83b512d46a575c8cc,1,credit_card,7,75.07
4df92d82d79c3b52c7138679fa9b07fc,2,voucher,1,100.0
a3b9ef87dc9bf6125988a6146005ccd6,1,credit_card,1,260.24
010d15deea8cae96ae86ea8097917a17,1,credit_card,10,300.55
5b8dcad724fe4568d2615017c056e69b,1,credit_card,10,259.85
50cb20f783b26639e858a27798b315b6,1,credit_card,5,122.42
b6480a468bd89b1732a3e73ba16a270c,1,credit_card,2,175.08
834545a0dc30bbf519e4d9c697eca0a1,1,credit_card,1,59.47
168a50979a16bb744fe45d11356ebedc,1,credit_card,3,66.59
10034668f0d3ab9832769f2f14e190fc,1,credit_card,2,41.58
01b2dd042de98a15b6a9a141bf71c344,1,credit_card,9,95.31
54a321486a622129adda771a323501f8,1,credit_card,2,117.13
02d8a3fffa425e73385cc7f7a6518fbe,1,credit_card,1,21.39
ac730ec54a5502ff2a207c2f485f3d83,1,credit_card,3,83.06
49dc298f34ef553977f998818dbeb38f,1,credit_card,2,163.25
fa3d745324c8a96e112e217b025689f1,1,credit_card,4,71.04
c9fbd3052dbd9c9ff427806225df3ad8,1,boleto,1,62.44
4e55f642a3b11a6cfcec80a9aebbb513,1,credit_card,6,135.04
3e9bba03e932414fa3ebd2ae83a0cffa,2,voucher,1,11.04
ae49e90268bf29c43b79c9e447278c84,1,credit_card,4,88.31
3b7999074565a5320366ad70c5aec08b,1,credit_card,1,57.29
c1d3d16d19447e6ae5ea015f6056b3cd,1,credit_card,10,362.39
3728cc076b9b664b82517f786f1a8361,1,credit_card,1,155.38
1c2fb7f84aa77300fcb6b698481c1e2e,1,credit_card,6,61.33
ee76c8b8bd42ca7913d033a9dea1383f,1,credit_card,1,231.27
39b07544f44827ecfb759a3544ccab72,1,boleto,1,420.96
b8f1d12f21b83fdb91d157f357617d90,2,voucher,1,57.7
bb8b0de6aab45a9395bd46092865b6ef,1,credit_card,10,1229.19
3f0f3c811e704a2423f25301eaedf047,1,credit_card,1,81.89
f3c7adf3b94a38f6822478ff79db46e7,1,credit_card,10,120.54
dacd9ea86285f197d0b7495e8af14781,1,credit_card,1,2.62
63943bddc261676b46f01ca7ac2f7bd8,1,credit_card,3,195.0
1e359230c99e4510d4ce63375b5c7f72,1,credit_card,4,48.34
f05099a928d90c394963b1f0d8360149,1,credit_card,10,195.79
a951336e450bb85ef1cd906edbcbb270,1,credit_card,2,1140.12
a5d7086b3574973a5df31d93bf524039,1,credit_card,2,95.34
3260c5040c13241b3f5f7bb7ed852c89,1,boleto,1,60.95
20c93204065c1cc43ac91fe4358f8983,1,credit_card,10,142.71
e81a8cb665767198e8d2e17dcd39af87,1,boleto,1,95.21
3ab2e0cca7a7831b28bb1bcff404f6c7,1,credit_card,7,356.11
b42c56d4b6b545d2b9c293472cf728bd,1,credit_card,1,37.38
c0e6116a3c6c2d732ec1b43bb7b5f307,1,credit_card,1,43.54
ab84bf29e9617a0fc438bb0a95a50d6d,1,credit_card,4,292.24
1c35ac660d7ef6691b25d20df3d6eccb,1,credit_card,7,74.03
914e07017d246eee143555a432b6746e,1,credit_card,2,169.7
6966b21d5a0ca10f795dc14508c1b7bf,1,credit_card,8,296.81
e8c8faf5a3bf5f4897ae8ca83902afe8,1,boleto,1,163.67
96874d51b07a419abc3260ea8e854fbc,1,credit_card,6,67.5
bc3f00ad0efe370a931d034fedaecf61,1,credit_card,1,57.1
5ce67f8655ea16aca378fdb87e3a8665,1,credit_card,1,93.1
995ca4e760797710d04230ca83a51ea7,1,credit_card,5,335.8
061bf20146d98ef4698d0324dc4392db,1,credit_card,2,58.13
8931c9e36c3b25b6ba7bfd32a38c1677,1,boleto,1,141.28
bb5dc4553cd94f942c0b3eb3ca1147eb,1,credit_card,3,35.09
b5ba129c3461e787bf826b827b5a03ab,1,credit_card,1,127.43
1790c6f253dae58fa859ae0c94bbffad,1,credit_card,3,38.62
ee02295dfa5d0519664c1dcd4a70e87f,1,credit_card,3,87.76
a1c47ee60da7efa582a5da058796df50,1,credit_card,1,87.51
3a4a16a0abedcdaf512f9c1a791049c0,1,credit_card,2,77.55
7b6900f9a0d0ecc69d4ac5bdc8b3ffd3,1,credit_card,10,548.42
b9301fa4912e6d5f755e12b4986c5f84,1,credit_card,2,128.88
32a9917a34f07cd1a2c04102e4989e4f,1,credit_card,8,608.88
e2faa52f99b7893fb663270530caf2fc,1,credit_card,2,29.85
3b336014b6a2b0774fb872f338dab7a2,1,credit_card,1,230.96
2b49d60af10ea7e2443376987ec8a184,1,credit_card,1,35.7
cc5a504c7761122bceafca452e63c2de,1,credit_card,6,187.41
e39e98d4f4a88b8e39f59e17c9d0a7b1,1,boleto,1,247.9
88040d9d01657ab39bf19c2f0a90f6d3,1,credit_card,5,106.85
0ec73995908cf00519d1da725119d114,1,credit_card,10,842.8
30b3d49467327cdceed755f76dc8d3f1,1,credit_card,1,62.18
0017afd5076e074a48f1f1a4c7bac9c5,1,credit_card,10,853.39
65bb139b1cb6db9d99a350fa4a7d68f0,1,credit_card,9,99.34
4f709a231b1d99a9e12f4f86f458dbcb,1,credit_card,8,368.11
4863e15fa53273cc7219c58f5ffda4fb,1,credit_card,3,75.17
72e4ee7d458b36222813e2b9707d9d25,1,credit_card,10,164.52
ea5a5e11ad8f97f731325b326cc2f3e5,1,boleto,1,65.71
a1259693d26fb84a646c5c4a913a7c40,1,credit_card,2,127.23
f988dc242c742c1dfde32b24032b8fb3,1,boleto,1,44.09
4fc320374afd63a53d0b5607ef49113c,2,voucher,1,268.9
715db622428425d51cc31f65a8b82eb0,1,debit_card,1,84.27
0fa1fab1d7c1211c824596ed5e111e3c,1,credit_card,10,269.53
bede3503afed051733eeb4a84d1adcc5,1,boleto,1,115.45
709e43f97cb2a47fa749503419163710,1,credit_card,6,433.59
33eef7fdc8d66d56aec3a027f087f8bc,1,boleto,1,90.35
9f1fdd62873c571b8206dd1cf23e208d,1,credit_card,4,412.2
d28edd4d734c48841154eae6d8a14539,1,boleto,1,78.65
f98a06b99cbcc7caef174bc5efa78a31,1,credit_card,2,234.64
1857e77a4bad8abb2db929f107430663,4,voucher,1,41.67
4ffcc2f0e8f54f36e73b83db8d8c494d,1,credit_card,7,70.89
feb4e69949791cedc24d210212eb73ce,1,credit_card,5,252.0
299c93716e44a3cc7521ffd9b2db1fc3,1,boleto,1,27.28
bb8a565ee080cd9009f0209bf124beaf,1,credit_card,1,106.21
4ff36f43b95e4fbebfa94b98f8f33847,1,credit_card,5,107.78
43d88b0e949865904334dd5b3ca63f50,1,credit_card,2,58.28
6c4e1e1b0508d7c73164b8890daa28c6,2,voucher,1,126.76
5be92ef6cf4a42ece07ad8bc3c00c70b,1,boleto,1,301.44
b5a1d012931f59ed905df201cf2aba80,2,voucher,1,50.0
ad7e012867d486bee881d0a10df0399c,1,credit_card,3,175.4
1857e77a4bad8abb2db929f107430663,2,voucher,1,41.67
807ab3e85f25f4d8abe5a1379b177d69,1,boleto,1,56.0
c38db22a86ae94a2a5a9dd2d5700f6cb,1,credit_card,2,99.9
7c83cd570176d1b7e42606920fd81d81,1,credit_card,8,243.76
39a2c5163845188e0148f36a05ff7ac7,1,boleto,1,176.78
90f0e72dfebcd41e26656d079d881674,1,credit_card,8,526.93
f5ce5c20560cb88a5e940f660077ba1e,1,boleto,1,187.76
d6c877d8995925578fdeb1d186915549,1,credit_card,2,457.52
875e51f9d6e1c16b9c8efd34fce58b13,1,credit_card,1,31.36
ed1436604076711db664bd5063508cc6,1,credit_card,1,135.0
bb93c6dd59d2881e38fba9891aa63b7e,1,boleto,1,40.22
40c95b7789cf4450c616a71d2efab73d,1,credit_card,3,105.85
f439741ef3997ceace2e3b92ad169e0b,1,voucher,1,308.3
b956b417947842f743b0ca3d0c3fb1fa,2,voucher,1,257.5
e6a9a4963c309a68db1f1a515e700764,1,boleto,1,33.95
30dd65877d1287c17a2d2198a5f80da4,1,credit_card,1,71.04
eada3ac7ed364835ff906f8b4c8b1f72,1,credit_card,1,45.01
70f357cca87c1162357bf3c0a993cbe5,1,credit_card,7,75.65
75d1b089800a77f3c4b653e297632423,1,credit_card,2,41.26
fdcca0e15a4d03e3fb89fb14664a3744,1,credit_card,2,29.59
06d68cf3fe78e8d27c1047fe0346abc4,1,boleto,1,69.84
35a3d210c364e3747478f468b0547bb2,1,credit_card,1,47.23
38812ede52a6842d03eb017fc2c9d92c,1,voucher,1,201.82
ff5912414bd207006a7af78477de9733,1,credit_card,1,72.15
9d5dfd77cf32bd319a504f77a137491b,1,credit_card,1,202.26
28bbae6599b09d39ca406b747b6632b1,1,boleto,1,191.58
9d70ddf4f9027ee7e5f0851c480d3fbe,1,credit_card,1,55.36
deb733aececa59120f37a6395d57c4c0,1,credit_card,3,86.73
f033bcb921f7c09fa9203df5177932c0,1,credit_card,1,117.94
962938a0eb303d087976fbcbe632723a,1,credit_card,2,49.63
7838ed6306a99eba3bb421c33864ccb5,1,credit_card,2,104.2
0d17115bd61c612a87f11a25e904f8fc,1,credit_card,1,244.95
d392709d59adcaff2d80dee55da91748,1,credit_card,5,52.01
39f71ba799c87ce196465bad51c55d0d,1,credit_card,1,47.4
828acc6ccec3081f5615750358c691db,2,voucher,1,99.83
151dd2f1d99d17f6c210997e09d67506,1,credit_card,4,55.91
94853d2e9f30e859446eaadc4d6bcbe2,1,boleto,1,857.79
58e005414df700025a261e572c2a9fc1,1,credit_card,2,191.58
4d91816c61cb9557eb207bcbf0929f44,2,voucher,1,37.64
ed9ffbb3fee532270f819cae7e6a87eb,1,credit_card,1,79.75
827e39f2fbd0101d81c2168ab6699f7c,1,credit_card,10,321.51
83fb50047ae335655fcb980c0a2430b5,1,boleto,1,256.43
84580325d236dbdc6585c81d12f5c9ab,1,credit_card,3,183.96
5b585b8178b9e47c6d423e0e79f415af,1,credit_card,1,44.09
2b0d020da35221c291bb03a55f70794a,1,credit_card,1,163.43
ee02295dfa5d0519664c1dcd4a70e87f,2,voucher,1,36.29
fe52796ecc672e9bd061049987e19829,1,credit_card,2,123.85
5533f1edcb0023c063b64b627abc4024,1,boleto,1,271.54
c11b5924ad0d8c5d5d391d87178f00a8,1,credit_card,4,123.22
1f186ad4ad389666cd9482ce1942038d,1,credit_card,2,35.4
b5f7ed4633fb5be4575467a3ecd2ebc0,1,credit_card,10,325.7
0b3d6a94ff1d643af663f55ca8418520,1,credit_card,1,121.09
672e1607b26c5a9e1ec3e1e537af3257,1,credit_card,6,347.05
41c291a561e0257e25d6a75037e5a6a1,1,credit_card,1,52.5
9371ddc98fdf148feec83c1ddbdaaef5,1,boleto,1,393.08
8cefcd4d626074f8b6fa9c501659da8e,1,credit_card,5,468.63
3811e225018df1f58837ddec911d3e55,1,credit_card,3,125.53
4cbe8de031dbae0b80286a23fdc1cf91,1,credit_card,4,47.84
4f5dbf6461099742aada5e5960f721c4,1,credit_card,1,43.62
bc0dce0474c363f867cd5784ca5ab763,1,credit_card,9,365.73
5268c3dc8d619070c0a2e5d9403a9945,1,credit_card,3,149.09
d6b40eecfed664621ea3e0076d2a58aa,1,boleto,1,41.71
5a77e4bc8ac96edc52bed4bc00eaab7c,1,boleto,1,45.95
dacd45999c3175778f90426dc0dfbebc,1,boleto,1,161.77
4bfccd93522d928f8732e455310da85b,1,voucher,1,20.28
9863811d92f6ae6fdc407813b2e6a285,1,credit_card,2,119.44
f5ef1b1dc8aed14279eeb0f4b745d887,1,credit_card,2,68.02
2e266d1d2bf4cdf6d74ee51b92bab016,1,boleto,1,173.88
68eb31d36231dd3fc97baf5cb6f73103,1,credit_card,1,179.34
cd74303942bee59edc3379f0a6433c62,1,debit_card,1,38.53
96de2b7f7f3c401fbee3eef068376da6,1,boleto,1,32.15
73840bb583b69b1d181d54f3f755a4e2,1,credit_card,2,203.08
5ad4c42b55f95ad02ba670fecbcd0540,1,credit_card,8,273.85
c49f6b5cef87291f38f2b1fccf57c3c6,1,boleto,1,51.12
47378b461210a310c95e17323f7dd726,1,boleto,1,144.14
41713846ac2af0e189ba1b8ba8288e64,1,boleto,1,132.82
73cfaa863221d5987b3f6aa644affca3,1,boleto,1,70.89
79104bbe8dd124c763911a2821546889,1,credit_card,5,57.16
224a802cf146cefcba3907e02acce34e,1,credit_card,3,151.99
7a2305c60573b7af60dd941db4629ec7,1,credit_card,3,201.92
25d6858f3b1d2f332623bdccb12db9eb,1,voucher,1,174.19
f2a5336cc1662ad56b16f4ed6e4b2de5,1,credit_card,1,429.7
0a9fc736e210f495e2023d3a9e10319a,1,credit_card,7,204.46
908227fe95698325710fe450d4b7018c,2,voucher,1,7.7
f34c3736b33b7d0c9eaaac33ac7b1ba5,1,credit_card,3,211.24
b5b4d7badbb01d0d2b9d6c5a060bc058,1,credit_card,1,41.83
5d8614cc1b5fa0f33976b87215bbdb0c,1,credit_card,14,417.45
23f553848a03aaab35bb3f9f87725125,1,credit_card,2,117.77
7e3b7b3527cce28aa98702e05fda566e,1,credit_card,8,123.15
a9016dde97a6a447890dd748aa844b85,2,voucher,1,20.05
a951133aeeb49076723a581a3eb8d51b,1,credit_card,1,73.05
e5da8f29d47b6f0f3ef8ab33a013a0b3,1,credit_card,1,74.16
a43f06aa18fbe7db935630bd59aa0cdb,1,credit_card,2,157.32
4dd077c76e72e73742c4af14ebfbd4d1,1,credit_card,2,151.62
ed9bc2af2e1ae9d510b862314efd8e72,1,boleto,1,864.6
ccbbefa45f3de84ef18124da1beedf7d,1,credit_card,7,77.65
e4096fb3855821fb19ff9025c7ce4edf,1,credit_card,6,66.78
ddb831adbe504c02601f03328420af4d,1,credit_card,3,192.8
52245a1eec5d9e4278acd0e934e3aa3e,1,credit_card,1,154.29
06aa0aa8c22027ebb953d501c4238512,1,credit_card,2,78.78
ec3c91446200b1b6f5d6f20fc5a61ab6,1,credit_card,3,170.87
cf82b80e79a66336306b0c6c151f64ef,1,credit_card,4,261.09
858d458b39082890e96fbb1fed8c2a52,4,voucher,1,252.97
675d6533ed09bea158fd932431474b82,1,credit_card,10,255.76
e4406088398131aed8c21c5a4ec3442b,1,credit_card,4,109.55
b22b324b1e1fbc78c0f7006c3eacc3a4,1,credit_card,2,76.61
fa1885a7cb632c832c660cc710bae77f,1,boleto,1,98.34
62dedcd31d4b3c43f9adbab2d7fd84d4,1,credit_card,1,57.27
93b4851a0e1121b652d1a222c342dc71,1,credit_card,8,88.74
01c1f3c10d2641a10cfd97ffaac0b3f5,1,credit_card,9,95.64
60eeb6cfb0da0d3db8ccd8a0ca15f272,1,credit_card,1,78.86
67d413d255c5eb97d120a90d68e2c3d9,1,boleto,1,108.88
5dbbced030c8556f919a3b392a589b7e,1,voucher,1,102.38
49ca71290aca256140005165217e2644,1,boleto,1,65.63
defe6c6f7875ec5d8409143a3d850eaa,1,credit_card,4,337.77
f37f4d49c3bec3fe208ac7f86a58a97d,1,credit_card,1,49.0
6ec56173121c5972d0fd631f0f084d93,1,credit_card,8,82.84
0778b810e2b38affa71607aa32043365,1,credit_card,4,43.09
55d4004744368f5571d1f590031933e4,1,credit_card,6,231.56
4bb1efeacab943b0b5364e7121fbcd62,1,credit_card,1,289.31
5f53ad559baa843298f7772942dbc6fb,1,credit_card,5,165.71
f73eb3272fd7648a3f673c87768d61a3,1,credit_card,4,85.6
5528a3c9850e07ac5eeea39f275d6c5e,1,credit_card,8,304.47
7b1ade884cd7da23e0f853fd00807d38,1,credit_card,2,210.41
1b34ffce967c05f131db610cabde984f,1,boleto,1,53.63
e354b2d0793a71a63da3f45920085835,1,credit_card,7,616.84
d13bd0cdf8acb0062b969df660e560e1,1,credit_card,1,88.62
3517c4c24184e3c518a1c8319dc60765,1,credit_card,5,141.23
86ed2440255dfb35605f2d01dc0a545a,1,credit_card,4,68.89
4b71239d777b69336e70a98790387836,1,credit_card,3,177.43
0baad26e1a67410a85b2b38558dade2f,1,credit_card,9,96.83
8e17072ec97ce29f0e1f111e598b0c85,1,credit_card,5,59.32
7699e05f3c451052397a0248cf24a821,1,credit_card,3,88.9
8b693238573589337ab106bbf08ed2b3,1,boleto,1,74.25
642e30dc3dee21998e3692a38e312bb3,1,credit_card,2,104.99
75754d7bcffc106c7017989bd4b40873,1,credit_card,6,96.83
d9164ce0fa1f133d586e4373c8571614,1,credit_card,5,54.5
8d3e3ee88c55c4666fda9d82a922a036,1,credit_card,2,89.03
c90a73b5ef059a234ef5d65c235ae154,1,credit_card,7,77.64
3f06b341424a7ec67dd957609ee3cba6,1,credit_card,3,38.53
475222e589bbaeac43093fcf2c855301,1,boleto,1,117.63
dcfd7c52a6963113ae9c4e12ceebde69,1,credit_card,1,37.89
a6bb9d1aab3f3b84ce39c8164836fc87,1,boleto,1,89.3
bd61a1bf4bb521167f6718320f9f5508,1,credit_card,8,389.12
504de5f90c4a0b094b0bc81db7999cdb,1,credit_card,3,178.27
75e005e5bcbda5404c4c3f5dcb16f7ae,1,boleto,1,48.01
84f9634e0295cecca0f76ae5cf5634f2,1,boleto,1,43.09
f6f1f2a565bc0c1d761799e42d923401,1,credit_card,3,226.9
cf49cb20f726614d8f2bbd281489b0b3,1,credit_card,1,83.14
723f4709e0dc0b2fc27c8d68792c2ba6,1,boleto,1,22.36
2f7c0d4ae58c91fc32165eed84560e35,1,credit_card,2,64.23
5dd4ba32ddd49be56001b6436d8ef44c,1,credit_card,1,110.65
25a82fa3e495b6124f9d196f8ab78dfc,1,credit_card,2,42.1
b57b0a8e4374e4aa14d959fe79f4765a,1,credit_card,3,39.13
db7ba1651fa9b12357f71dd1606ec722,1,boleto,1,91.16
10d68bf5b2b29ed413ad7b19c7c601de,1,credit_card,1,92.15
3e02b2b05d2244a9fb8f748eaf4ab3ed,2,voucher,1,48.55
e4e87503e23bd920473b4bbe54e015b5,1,credit_card,5,223.0
a30c919a89ae0abb92170254dcf8ff02,1,credit_card,3,179.35
3478b113b28e0c77c5b870f927de40cc,1,credit_card,1,52.04
869e47849cdcd2a24f33ab52accd0e89,1,credit_card,8,82.92
b5b17e32ff5821a918338446a51c6ce7,1,credit_card,1,52.84
bdccf03ca8600528b6f897db4f6329ef,1,credit_card,5,52.13
65b5c34eac96c508fd60327de50a2d3c,2,voucher,1,22.1
ac28921ef185c0a4f81b4fbbdf4d645e,1,credit_card,2,116.0
dd38e6620e0995c23a9f4c9c71dbdc1d,1,credit_card,6,71.82
c94380d457c5b733057185e23d14b4ed,1,boleto,1,85.8
c6051ea41588b7a6ae49a458fcba5ac9,1,boleto,1,138.39
1b0bc086985717610dbca11d3324771c,1,credit_card,3,147.52
edc8ed56158af55c22d0d8153e921879,2,voucher,1,100.0
d65342a5836898c61a3ca324c2226927,1,credit_card,5,256.43
6b6a02cd68662e796263b55aeced16ad,1,credit_card,4,233.64
2702240ee3035b40fae068d0f55e47e5,1,credit_card,5,108.16
e7138235cbd7170b72054b66531ad713,1,credit_card,2,109.0
13d3f4e508a98d94177dcdb34a8469c3,1,boleto,1,40.76
435f2daeb635ed643b734989e51553c6,1,credit_card,1,49.84
5b0abacd375bd7093422a42eaf889d7d,1,credit_card,1,59.96
45b1b3b169e059058cccd3eed24aa5cd,1,boleto,1,47.69
5db54d41d5ebd6d76cb69223355601f5,1,credit_card,2,136.26
bca67f1d036be009d17824489da2f178,1,credit_card,2,145.06
dbb2c9fcb812c0eb6a8b856435e484d7,1,credit_card,10,273.06
46095dff98fab25f0cb4306a0430612f,1,credit_card,3,73.38
ca4b9f3ce6fc19e8533501cf8c6b832e,2,voucher,1,53.23
37f699e1c2746962c33774a34872fad7,1,credit_card,2,279.3
c77e3aa4caf8e752789d9b7ce1caf352,1,credit_card,4,109.77
29cb6a71f2aefea7831e8dc7c7afb690,1,credit_card,8,142.2
215a2af7298ced2c65d785d397e04880,1,credit_card,8,811.94
7533138abe254f5d3856101e4a21e5f2,1,credit_card,1,68.53
923e0c030350975afcfa4ffbc70c0146,1,credit_card,1,50.86
34c109afdbe68c271dced774877af8f3,1,credit_card,2,48.0
1fa3133aa187f5523ca99748f5b5578f,1,credit_card,1,98.04
af42887f85d980291a066176c4d13709,1,boleto,1,100.0
e17d3302a2923d0185757dfca4243419,1,boleto,1,57.31
b83dec1771b70a81dedd9db612fca052,1,boleto,1,76.08
55529dc7cb99d0befad66b19ad9adc8d,1,boleto,1,57.06
af6abe9c52e60044f9a708a55cb9b189,1,credit_card,2,1118.05
a1ad04708ac63bf780235612020e647e,2,voucher,1,100.0
7b07a49f82fe58fb4d678aabda69b963,1,credit_card,1,94.35
1acdd343f32412c986586a4f0c828460,1,credit_card,4,107.78
854963422ef4369edb2416355e8323bd,1,credit_card,1,150.7
fd74a95ccfea489d33e78d0c076a640f,1,credit_card,10,338.84
fea523ebb7e205d346f445544e0a18fd,1,credit_card,1,69.69
71dab1155600756af6de79de92e712e3,1,credit_card,10,1988.55
1f04f45771eed910a8d58e5c52604660,1,credit_card,4,77.15
2f2c7830ba7d481daf04619aafd7878f,1,credit_card,1,27.61
4bfccd93522d928f8732e455310da85b,2,voucher,1,22.43
2e58df496a6b55819b859024268f5d55,1,credit_card,3,44.1
c87cf593c8c9e0e59f1039a2bb8e5d44,1,credit_card,5,503.65
4d4810e2bd5834782a256daea7025330,1,boleto,1,33.61
65e9a241667deddeffb1542389e94964,1,credit_card,1,42.87
78ce53a063eb2907f9727aac2c678339,1,credit_card,8,2606.01
1afbdc6ed9143871e5b8be14ce2762e0,1,credit_card,6,710.48
eda3f5678e561d64fa75367186df15ab,1,credit_card,8,353.67
5d00da307fb1f170ba75e37b6ff2343d,1,credit_card,4,139.66
6e57a0a9be49f002ca81bd94ec9b7021,1,boleto,1,167.47
67b0f99f4462dd93418ed97b21a6c725,1,credit_card,6,64.98
5cd498954e2b37d71b315166809b4bd7,1,boleto,1,181.59
db5a41f8a08f620920c7c413e91a4438,1,boleto,1,133.38
c626db29ab3699e67c95a88bb63aa471,1,voucher,1,57.68
911e42ae2c0cf7e1050b31ac36d8b2c2,1,credit_card,1,73.26
7d9648a2cdd2164cead7a7f126262c0c,1,credit_card,1,145.34
ce4d8859d85000477949b11c78144074,1,boleto,1,57.42
29dd98e6aa533a04b48bbdf6427eb090,1,boleto,1,154.19
c4160802efad8c9cbde695407bb04a7f,1,voucher,1,63.28
160e42cafe7b4cd5750459a45e25e307,1,boleto,1,43.52
79ce453b9e3dc21f91d306eb1df8bb2a,1,credit_card,3,115.94
d4c2cda5ee1ebae34af938976048ccaa,1,boleto,1,476.34
1fe7938fdd30309ca9b8628091e0dcc4,1,credit_card,6,62.78
4b806b93edf76523f25669be3962bd2f,1,credit_card,5,331.68
3f1dd297747aab080b039b92ef7809a7,1,debit_card,1,81.43
cbbac32b13e7fbbcc8e815705213e1e0,1,credit_card,2,117.51
68e3cd57e173ebad230c2879e6c78401,1,boleto,1,21.04
de003338463979d8a9be8b8d3e598efa,1,credit_card,6,159.36
bbd1b9ebbc5a09d51caaa2d10e0f93b5,1,credit_card,4,86.25
b0bfe907b9812101e7b442221ffb8f07,1,credit_card,4,163.06
93cb3576b5e361f46b9a9f1720a3eb06,1,credit_card,1,37.95
1525ae17b338cdbe83eafba4135425d8,1,credit_card,8,216.58
74da83fb91c2ae842aa99326a002cde7,1,credit_card,3,77.57
6c936253ed9ab81f5293da5081ba8a9a,1,boleto,1,39.6
0068fb0e223115e911d362627e8b8800,1,boleto,1,91.79
db6f3a04842dc0b863498c5d8534ae73,1,credit_card,6,60.59
7b1e41f3fe006429cbf78032fcb218d7,1,boleto,1,108.55
3f6a06dd65ecc8c3c8bf73dd9f5ade29,1,boleto,1,162.5
5451f2c09029166e1682b8f0d0ce98b6,1,credit_card,8,96.22
9e24613b913b312f009ec05b56b339d4,1,credit_card,2,54.51
9e782eef55c0f6f0a4de48f967232e91,1,credit_card,1,74.18
1b767ee7dada9fcf77567007fb90c2a8,1,credit_card,3,412.88
c48c006cc34f94c1fb2aa8afd2c1cc9f,1,boleto,1,173.94
029f7a5aabaadfcdfe8c0eddb59a1069,1,credit_card,1,76.34
7f33b2f7072ae341ce1f0f20a6d9e9ab,1,credit_card,10,215.01
146b5dee10d8a77d71b6e9341fe0a154,1,credit_card,1,48.56
17f7971d77f3b781ed3a2846c5d41946,1,boleto,1,51.22
4b47ca7c3201379f99ee4c1f4d0c80b0,1,credit_card,2,96.47
6886aae7a8428ce1fa707bc8fb70acf8,1,credit_card,4,48.13
a2f1b733d3d3cb7185e9661387534161,1,credit_card,2,196.36
70613a4d0fcc3ad95dd80f90a7d05a59,1,credit_card,3,209.21
975314569c698f3bd86f7f7013f19acf,1,credit_card,8,98.83
c577af5e9d5dbecf0ac65ff28cb8ad45,1,credit_card,4,234.72
4acae38053fac34d667306b2de1445ee,1,credit_card,3,183.32
8eb2c9d9099a3b53d1ebe9579ab8c1a3,1,voucher,1,42.51
d1872a759d4c1e5437aa708d64ff592c,1,credit_card,2,44.38
9f24306ad42ec0b914ff60357df376ff,1,credit_card,2,67.57
bf9ff7bda0e211e564cf059ef5649e4e,1,credit_card,1,457.07
0468a84e6df93886189d80fce46bbfee,1,boleto,1,224.78
858d458b39082890e96fbb1fed8c2a52,3,voucher,1,252.97
93dacd550574d8a7b38362c2a6f040b8,1,credit_card,3,113.71
2d4725d49513bce62ea366e8f0e213ed,1,boleto,1,150.47
71df939ed0ea6fc3549a76728ae598d6,1,credit_card,2,72.99
5393e88fa91aba9ea46a9f403d287df1,1,credit_card,2,69.14
177ec1b1bde2badda1cbca0f19f1aed4,1,boleto,1,65.56
61b5e339a1a45b4d6eb6a2cdf40da6a4,1,debit_card,1,77.89
dbe5b409519c5dfb85b5b0955913e5af,1,credit_card,5,105.66
13525797d8c75a8c92126b1efe3f1e1a,1,credit_card,4,146.02
8bd34a173d34d6aa86d5e4a0627f7b97,1,credit_card,2,47.35
3b43489e5e595593e63470f9e524d325,1,credit_card,6,64.4
9a43b717c408493ff788aeb5d11d0684,2,voucher,1,72.98
3bfd703ce884b8a0a65e63f2d4db6393,1,credit_card,3,270.0
5a2fc8deabae69566f89581221d9a0dd,1,boleto,1,284.9
d6df48bb0f7ae326cc10448785ab0a11,1,credit_card,1,97.72
6938607d864e891477d4b5d25ad507eb,1,credit_card,9,358.14
49d6c0bdfef33c709ed283eb19d8b3d0,1,credit_card,1,35.84
4be2cc8a10974da63ebe8651f2dcc5c7,1,credit_card,1,72.99
1116eef143ff0ec32867729b83df8530,1,credit_card,1,39.88
fc504e55e65297119164294412b4635a,1,boleto,1,40.24
d704a9711f8054198d01cb7bc07ec101,1,credit_card,2,26.15
a9726615eb24e9b1fa84fe7f8c9a5b54,2,voucher,1,23.01
e57ab4127be9907d3078d0227c45e63e,1,credit_card,4,46.72
6042c0c3800159373b3343dd442c86bd,1,credit_card,1,123.79
f1205199f6295174f518734d954e5da3,1,credit_card,3,186.23
becacb74a2852573d3b095348a9da1ed,1,credit_card,4,75.25
ce0474c2f50a216ddec3b17b6852a5f2,1,credit_card,1,78.65
853f6531ac67b7e58f3f8104ef85bd66,1,boleto,1,72.65
9af5f003f0da353f6c32a5c5e0c83b39,1,credit_card,2,353.31
98dd9c43c306401e85dec3ca829faea3,1,credit_card,2,142.1
33b50846ef5349564b8be2af1d6000aa,1,credit_card,10,854.33
e91d77b27ccd3bac6b23a34a44ae3db1,1,credit_card,8,127.01
427e94c44e8cd05d6b4958f49f5199ab,1,credit_card,1,53.17
23a0c1ef37b1e2599235e834bbb55673,1,credit_card,9,189.16
c158a29fefce1c895e70154ee3963633,1,credit_card,1,147.16
ae8a569660d9208ffed48d06824629a3,1,credit_card,4,96.65
b1600c1915c18f85050002d08b6274a3,1,credit_card,3,343.95
1d28088d0d3f5967393dad85006377b2,1,boleto,1,27.68
49be32fc8ebc94c8e0de530d87883bb4,1,boleto,1,48.44
ecca17940ac000efeca3a8bbb3866591,1,credit_card,3,155.22
f3f48b527972908a9a5c7f5593eea307,1,credit_card,10,159.74
4185621f3aaf889fde42176d1f902b20,1,credit_card,2,57.86
4b7e81be5da17ae60c44ba5992fac95d,1,credit_card,10,1225.59
b60e4bb897c3faf7417e11850072fab0,1,credit_card,1,23.1
68764c1cae62d3a314f53f05475f5ca7,1,credit_card,1,204.9
1bda6a57a0819d9483894ff53a9fb742,1,boleto,1,185.03
a954b5c6ed542bc3970ff1181cb20ef7,1,credit_card,8,114.14
e31a910f74f5bbf483db4595290864ca,1,credit_card,3,44.09
ac4b7ecdaaa68d5c37e626e9a1f49005,1,credit_card,5,595.49
8791e495e7f1b8d77696f42ff295d945,1,credit_card,2,35.4
1da43de9c3856e95d783cf969181e42a,1,boleto,1,165.3
58ea2f39b960352a146343ee46c38bb2,1,credit_card,3,100.54
e3e5126cb05e7c16dd2ef864271fa8e6,1,boleto,1,231.27
dd8b90a226aafeea68fd6144f173f2d7,1,boleto,1,26.38
56c3277583e16009c925fdf116df420f,1,boleto,1,31.38
978c88fce8bfdad5559f67f50abfb7da,1,credit_card,1,72.4
4b3be677878505d6696458ae4b209876,1,credit_card,4,218.64
2f04cf66091d02e84a7996ba8a645c12,1,credit_card,1,35.36
4beacb05ac875340b9874e53f3f4bbbb,1,boleto,1,60.1
3cfb7adfbc262ab9088ebe345a8aaef1,1,boleto,1,42.77
ca3e242e59ebe1f51d7b8bcb568a38ba,1,credit_card,2,156.75
882d810d98542e6512788b9a49d6d886,1,boleto,1,92.75
08e8db59cdb3cd620eda092781cf84ad,1,credit_card,1,163.6
316c859aa0c2b794a3db879c5eb09153,1,boleto,1,76.76
5c7ffa6a8321eb05f96b3f941cf874e5,1,boleto,1,286.77
335046c7c87cf6b4d47ce63b22c563b8,1,credit_card,1,61.51
858d458b39082890e96fbb1fed8c2a52,6,voucher,1,252.97
15c8f741c0b7deafafea8af0f7bb6852,1,credit_card,1,287.77
50dca56efe42d2213549482d6a885d6f,1,boleto,1,226.23
68a6a32c41cd1cfeab8e2e1507813e84,1,credit_card,3,32.68
8fc45fcea7ef26a592a2f96dc5fd9b05,1,debit_card,1,22.77
a83bbd7210fc35296b93c16a48be49b8,1,credit_card,3,66.6
bcce0481b3f582ede8d29c5b4bcdffdd,1,boleto,1,32.38
a8cec343b0975de8649d3679eb20b587,1,credit_card,2,150.0
38a86eb53c2309d6234fc9bad96331ac,1,voucher,1,412.64
563404de47cdc6763e7eced487016b66,2,voucher,1,20.0
599f88486aefa57adef7d260eb589778,1,credit_card,1,29.46
03c16ffcf7b8792fa870d8cd7abc4b7f,1,credit_card,8,150.28
7714757e3e3208a4bb46a46e52596c78,1,credit_card,4,88.08
a4e716425319a6fefa5bf8c58eeccfcd,1,credit_card,1,131.16
1d58535a7efa4ccc8eab9bf3b16111c7,1,credit_card,1,42.27
4d1e8e1f2a630776ccfc291515e610b8,1,boleto,1,65.0
96eb9d1d1588412109dae29e68f86e86,1,credit_card,1,89.55
35ed6b2bbd7deca1e23166bbe62f49ca,1,boleto,1,125.33
150195a0ae1d6d4d5727ff6054fa709e,1,credit_card,8,197.16
ebcb5b268095abb9ff8739f83b939864,1,credit_card,2,27.75
8f7176f38b6ac3f5e924b9b05716440c,1,credit_card,6,307.68
d931b40ce94a288787de6e568f9a76b3,1,credit_card,2,95.33
f0134bd71e6bbd312d86f1f073d60b72,1,credit_card,1,63.46
5c1cabc415efcc828343f3b4b284b026,1,credit_card,4,92.57
3e9bba03e932414fa3ebd2ae83a0cffa,1,voucher,1,26.18
e4c09ee4522daa0f32bd2e6b2f5ed048,1,credit_card,8,914.27
bfc2396e870e56354fb163b76c9c1e3b,1,credit_card,5,62.6
bc54eadd50eb0e830200b242f32152bd,1,boleto,1,790.32
2fab8b6042a5dc17a01cbca94aa6e055,1,debit_card,1,82.65
0f750136a7458e323a95eb451e1d47cc,1,credit_card,4,122.5
0749bdde40245b5fb3b375dadfd4ebe3,1,debit_card,1,71.38
28ac52cca188141d6fb38c1e8bee7e1c,1,credit_card,5,56.79
45f470a790aede4d492919f4df65b123,1,boleto,1,179.27
11d6810af0b0d8982e3d67b4dae4374a,1,credit_card,1,49.12
1e9bf802b8192eb97af61fd92b586471,1,credit_card,1,38.68
693264d23ad645c479b42deea5eceec0,1,boleto,1,20.95
55c3e087340bf45947dd9df30b3808d3,1,credit_card,5,268.9
f8b40129171baf5eeb5ef5ea1af01386,1,boleto,1,51.05
5bc73b0c41be139e802a0e8f361713db,1,credit_card,5,102.84
87889791f729ac3bc040d1633961d826,1,credit_card,3,264.9
65ded6e061f051ce3ae4a69b6870ac24,1,credit_card,10,173.82
fcfb5461769cc63d4c83cc3dd5c2ec55,1,credit_card,2,83.45
3f6efc4ada967d7b5ad1b6c30ca43b96,1,boleto,1,313.2
cf848a1927357659bfc5aec6664e9254,1,credit_card,2,178.08
ee8dd407e306b0808fd6fddc17ea6f78,1,boleto,1,21.94
81277706855c514ff89aaaf67d45db24,1,credit_card,7,99.92
a3f40d7f1e3446fb6bd73bb0373b0996,1,credit_card,1,29.38
dacd9ea86285f197d0b7495e8af14781,3,voucher,1,12.34
c3172e32bc52d8dde2aa5c6cb36cddfd,1,boleto,1,127.45
a15a0b2ddcff917321e721b84d7217cd,1,credit_card,5,201.04
b5247f083ab1483738dc1a173aac237a,1,credit_card,4,276.27
61d9b48d85b81cc207e948c13dbd633b,1,credit_card,1,27.79
6e5cff6677f960e7b16b2bae2b941c9d,1,credit_card,2,86.5
90c0d4df184cd39fe38d7b3de0cbd878,1,credit_card,2,134.28
66b073eb59202fd98ae224db60ccb476,1,credit_card,10,102.64
af91d510d187f304483d1081272ad705,1,boleto,1,51.52
58274272cfde0e71c0ee61eaee5a60e1,1,credit_card,3,133.14
9edb5899606254447166a651aa65c063,1,credit_card,1,62.13
809d874fcf0f3327664fd7eefe923676,1,credit_card,3,69.09
fa200e49cb5e3ae19cde414d9d9161d4,1,credit_card,3,91.03
117a6f28c5cf04526b4869a9291c9d61,1,credit_card,1,66.47
ef524a601004635e7bd1ec43937e961f,1,credit_card,1,51.69
d47b9b1166f0cb84c9cc7b8a507808ff,1,boleto,1,161.54
8acc03c83b14de718a6f275727b3001d,1,credit_card,4,144.56
78b5b205705f30bb989c4a6c7f8822e4,1,credit_card,2,96.88
483c22865f4aa9d0bd3cceb535b176ab,1,boleto,1,35.0
4cdae837c07c681dc80adebc6ee90b99,1,credit_card,5,132.13
2a4e23a666338d87ea9c2777d71bed0c,1,debit_card,1,38.17
4cdbb26aa0dc8e7179f33edf59722fa8,1,debit_card,1,63.12
fda462df0b5a0cf1f8316eabeb9525b5,1,credit_card,10,395.46
481bab4ab953e59fd75574754371e676,1,boleto,1,56.6
f31cf521d461f5b8b5b1456a0448495e,1,credit_card,10,363.76
373021bf39310f6dcba6e36f71719d4e,1,credit_card,1,97.45
d80e0abae74765187eb4970037b244c8,1,credit_card,1,62.59
256c2127e05b924a7cbf69f95e3c4830,1,boleto,1,24.88
b9968318b0149a5239e1b401ffb54ace,1,credit_card,4,47.51
7f8b38a8af20de6f906cfd9a585dae13,1,credit_card,1,120.18
41b6c4ea42d874899cb2547558f9e577,1,credit_card,1,28.75
6ec56173121c5972d0fd631f0f084d93,2,voucher,1,40.65
ab2bbb9188a3ad23926472cabceb9d4d,1,credit_card,8,371.32
dcfd7c52a6963113ae9c4e12ceebde69,2,voucher,1,40.0
0bb77e62d791c3e5b009815ac19825be,1,credit_card,3,157.24
eed6de9f4e402f8a8f204646b98307ab,1,boleto,1,77.27
b8f1d12f21b83fdb91d157f357617d90,1,credit_card,3,49.53
6e228f845ad0d104a3e3c343dbfd0c19,1,credit_card,1,26.84
45ccd2f1dba595badc92a8c34c88381f,1,boleto,1,89.65
d2a0cfdf8f3b718afce8a4b9d943614a,1,credit_card,4,93.86
1a46043f18f483b119bbeebb563aa77a,1,voucher,1,40.1
e1247131e29e9f01c5ba3db262a4cd25,1,credit_card,1,91.76
057c9f435d8e14fda9a72b7bbf8b381d,1,voucher,1,90.99
0c734449f0a8246894a537f0d4355dc8,1,credit_card,7,151.39
69f5eed47613a9d3cd0ae94d398cdd4e,1,credit_card,1,5.06
1b7e84be9e271a4dde8983c8da30ee72,1,credit_card,10,101.6
a6d9999c33b017f6d907c296e13db22c,1,debit_card,1,95.66
cf4f9b14dc732f5f824b66bc35c3cf69,1,credit_card,2,33.0
a6ea59851ffee8cb73761179fc7bcb6c,1,credit_card,1,13.62
dacd9ea86285f197d0b7495e8af14781,2,voucher,1,12.34
f83bde2f77db7c7343f2bd54bb17fda3,1,credit_card,3,217.64
51e8e9b5d80b938a3268cdffe95a59dc,1,credit_card,2,98.88
d1f4276166cee5a37d01beb15e2426fc,1,boleto,1,24.62
5d2d954e72e7ec31baa0a784aa82a1d6,1,boleto,1,77.08
665c70dad359d52a11ec77814605ab19,1,credit_card,5,118.62
1d75f74f2b35e491804fe25e4c5fd4dc,1,credit_card,8,196.5
36e4e23cd12bdb0504acb89751e85bc8,1,credit_card,2,288.27
6c80694f60ad5694975dc614b2a7e723,1,credit_card,1,199.8
6a333077739385e594ea01b12faf9323,1,credit_card,2,131.73
bcdc8da39b779f95c0542643fa9beea7,1,credit_card,2,261.42
0d8ac7eb8e52447e022b8e4a30ff6394,1,boleto,1,96.43
54d84dc0eff0132dfeae935a6c27eb45,1,credit_card,4,86.72
0029f17cf0e7640c5cb6825af681303f,1,credit_card,1,113.44
0997090fe6882d45c6a71660aaffaba2,1,credit_card,6,71.53
6e4a56e7ceec57f1cd7fea6278c4c710,1,boleto,1,258.51
bfdfcb5b457a83ebc43eccb8d8531f7f,1,boleto,1,145.01
b72a28958acaa4abcff7b24c1b517c42,1,credit_card,4,221.14
4bd68cb4a5f7a692f05af3eb298c4039,1,boleto,1,33.68
f46423982b1927442355a79e98c8bb29,1,credit_card,5,61.75
baeda1a6ab86cb05572b31817ab4e413,1,boleto,1,56.26
a65b4ca3851f2b54790d82614f404348,1,boleto,1,71.92
576e5a5f6d1ed0b333acc88bee3b8c25,1,credit_card,1,51.43
880e262ca224fc654e306f76653f4d25,1,credit_card,2,98.35
85031edc7b58dbec75ff2e24d7365e13,1,credit_card,1,30.86
6b5fb7a597834a8211623075d4b8e079,1,credit_card,8,102.92
cfda3e5bd8b79ab7fc0bbd0c485d6414,1,credit_card,1,22.29
ab042583eff2cb1ffe2110a95da95d4b,1,credit_card,3,158.22
f67f6b887c390a91e5077e54f3fb5823,1,credit_card,1,53.83
1116eef143ff0ec32867729b83df8530,2,voucher,1,50.0
b02709d4e987b97b8713543629c82401,1,credit_card,1,99.16
90ff3cffbad0c03e76cdb32a788a649e,1,boleto,1,34.68
a3b5da7c8f8d9a1edf856dd01f9c91cb,1,credit_card,1,50.56
99c272b1c830220b1aa0047b42e9964e,1,boleto,1,73.83
e1ccac2f83d9ae0c22cd16e9573c3f5c,1,credit_card,6,164.79
f1b69a785e2f47e44415f46f270f1545,1,boleto,1,189.88
e11dbf8f73df2ef44ac68c5dd90b3892,1,credit_card,2,104.31
294a10c9e4939e8c4f1974b73970ff96,1,credit_card,5,189.04
777446e0a25e3916df8257965158c82b,1,boleto,1,144.99
ca978d2459ea2c5ef6d5fde02be26b9c,1,credit_card,3,108.59
e7673cc4ac15a894f6d03cef60d88fcd,1,boleto,1,105.71
504d232ad4b0cb2e0d3e8c99a98c9938,1,credit_card,2,90.88
9c5bfba7de6a4abbb6ba0baab78d1622,1,credit_card,10,231.27
35761fa89b5d047af6632b23b0cecf01,1,credit_card,1,199.7
1182df110fbf0a14dfb08dd06c560836,1,credit_card,1,49.84
8e81e473c93d414e73105233e248347b,1,credit_card,5,156.44
8e500747ed0fbfd6b89bb11955b3ccbf,1,credit_card,2,20.28
a22b607df785ae2bd6fada8c68de0986,1,boleto,1,65.77
6c2df403c867a6aa913b387d92999d43,1,credit_card,2,163.08
9b81934297f0b5aab6474d8eb7fb2b4e,2,voucher,1,30.0
