order_id,order_item_id,product_id,seller_id,shipping_limit_date,price,freight_value
67d413d255c5eb97d120a90d68e2c3d9,1,076e4ce53c8914382e7ff3732511b17e,59fb871bf6f4522a87ba567b42dafecf,2017-06-21 04:05:13,99.99,8.89
38776c227318fc6906defc2d197cb17a,1,d39d1b0a696aa782911206ec3c023ab1,5f3ae9136c875522250f8184f253413a,2018-06-14 15:13:01,14.95,8.29
438dad6fa6e9ce3c50e4497b4232c7ce,2,5dbf50af9485478b933f1028e108640d,582d4f8675b945722eda7c0cb61ba4c7,2018-04-25 16:31:47,5.99,19.32
1e24c66f40e16d38609ed026af8b4c94,1,2b4609f8948be18874494203496bc318,cc419e0650a3c5ba77189a1882b7556a,2018-05-15 16:30:55,79.99,13.16
bb2e64c3040ceb9b7ca2bfc602adca08,4,96d1c06692244e2fed6e1f9aa9552770,00ee68308b45bc5e2660cd833c3f81cc,2017-11-09 11:25:22,62.0,2.34
be049b6fa688493e1676db5fafc0bbb3,2,12f066474dfa3c415c169051c5e1967e,7040e82f899a04d1b434b795a43b4617,2018-05-09 18:14:54,17.9,15.23
d99c77f6eb93e9cdfca26e997f54530e,1,0b0918a3b5efe0c8ea609a26b14e1bff,ea8482cd71df3c1969d7b9473ff13abc,2018-04-25 19:51:01,24.99,18.23
3e01bcdfc97eab0de1ea04ac3848d32d,1,3b0f7951038b105522c2d566b54421f7,562fc2f2c2863ab7e79a9e4388a58a14,2018-02-05 16:52:51,29.99,15.1
c11b5924ad0d8c5d5d391d87178f00a8,2,553e0e7590d3116a072507a3635d2877,1c129092bf23f28a5930387c980c0dfc,2018-03-22 12:47:35,47.9,13.71
a3d974992b6e4d46af6f3c6259ad725d,1,081cac4fc215928a462eb2c06a14dffe,a2deecd5398f5df4987110c80a1972a3,2018-08-21 17:09:09,39.0,18.37
259b2f71f29e6e67c6c737bb11e9b0a3,1,2a2d22ae30e026f1893083c8405ca522,1a3df491d1c4f1589fc2b934ada68bf2,2017-09-25 13:25:13,159.0,21.6
a739bf4717343c5f9c84196b61a9c53f,1,d6160fb7873f184099d9bc95e30376af,53243585a1d6dc2643021fd1853d8905,2017-09-14 19:03:47,1549.99,40.26
ada812c7806382c3085a5f5024bc17ca,1,a36eaac6306e0910249219f203efc877,179d859f51292aac5c10806a356f7af9,2018-07-26 04:45:16,22.0,15.25
e63f16fab229756ce58f86d40747944e,1,a22e92e1c32bdf3db91e0170a8b18408,b32be1695eb7ec5f10f72d9610a12527,2017-12-15 12:31:01,299.0,19.34
8f7176f38b6ac3f5e924b9b05716440c,2,98a8c2fa16d7239c606640f5555768e4,001cca7ae9ae17fb1caed9dfb1094831,2017-09-08 16:15:20,109.0,44.84
b4b82a96ad1cd1dd5071980861bb2575,1,e3b997f50d2aa487a92ed84d4125b590,4830e40640734fc1c52cd21127c341d4,2017-08-04 14:05:24,38.0,12.69
4cbe8de031dbae0b80286a23fdc1cf91,1,54d9ac713e253fa1fae9c8003b011c2a,955fee9216a65b617aa5c0531780ce60,2018-01-17 13:28:30,29.5,19.84
f068cf7680252cb38a48b6c831c03342,1,e7be446dd7fa8f165244b63de1b85802,08633c14ef2db992c11f840f04fad4cd,2018-03-19 04:20:28,49.9,22.93
72a704e8fb6c499fad9b26bd8873bd39,1,c211ff3068fcd2f8898192976d8b3a32,da8622b14eb17ae2831f4ac5b9dab84a,2017-12-29 21:08:41,24.9,9.09
b038aba0da1e1ebf55076d3217291ad7,1,8f3a1c2358138bedfb98645db449110c,d921b68bf747894be13a97ae52b0f386,2018-05-24 21:31:35,215.0,52.01
28bbae6599b09d39ca406b747b6632b1,1,1cdfaf0cc5abd6063d3a10ae3318f345,da8622b14eb17ae2831f4ac5b9dab84a,2017-12-12 02:50:09,169.9,21.68
472e24b86f260b32d88c77ddc166659c,1,cc1cb33bcc814aeaa4631761a34bd23e,5d3bb11474a06bdc23fb9e89f1164ee0,2017-08-17 17:25:18,78.8,12.05
914e07017d246eee143555a432b6746e,1,3b60d513e90300a4e9833e5cda1f1d61,c826c40d7b19f62a09e2d7c5e7295ee2,2018-02-12 15:55:59,159.77,9.93
9371ddc98fdf148feec83c1ddbdaaef5,1,cfe9e8e1f0400c8cc665d41722f34086,1025f0e2d44d7041d6cf58b6550e0bfa,2018-01-23 03:39:33,370.0,23.08
e7673cc4ac15a894f6d03cef60d88fcd,1,c53136cc2d9c25f291925712487f22eb,cca3071e3e9bb7d12640c9fbe2301306,2017-12-04 03:26:22,87.85,17.86
d92197e1617b69200451debc2626c333,1,00faa46f36261af8bbf3a4d37fa4841b,b372ee768ed69e46ca8cdbd267aa7a38,2018-05-31 09:31:38,295.0,19.95
4ea7a0509e9dc440b977de71fe9128cb,1,abf923da81737ee0bde792182948a693,af7cdac9d9897cddead9c6b08976c642,2018-08-22 11:50:57,49.99,13.01
29a4fbb32fb0af037ac01c6154484f06,1,53078c8d0c5db76c536e1d2244ac63e4,729b2d09b2a0bdab221076327f13d050,2018-02-28 12:29:22,29.7,15.1
e3f4b4c899325f23b973d9aee02d2071,1,995e25d9b46dee183004994645768d95,955fee9216a65b617aa5c0531780ce60,2018-08-28 18:44:20,42.0,8.45
25d2a391f2bd247e905a176c97f355e6,1,b0a8a49ada74c34192709d0c9490d915,700f03c207639c22d933381ff60b35c2,2017-11-16 13:46:48,209.99,14.49
99c272b1c830220b1aa0047b42e9964e,1,2028bf1b01cafb2d2b1901fca4083222,cc419e0650a3c5ba77189a1882b7556a,2017-07-25 02:15:24,56.99,16.84
66b5056a7febb8679fd88a5b42d59b05,1,e89607ddfcf953bc7a85adaca52e122a,8bb48dc19fccaa8613b6229bf7f452a2,2017-11-16 19:50:44,15.6,16.11
5e0d84280f3a96b37d0228b21ffeb4f6,1,180534717d1776626e418844a26a7c8f,67883baaae6134ee81b271a542613728,2018-08-23 13:30:36,130.0,9.66
65ded6e061f051ce3ae4a69b6870ac24,1,25f86162fee18735fffdb762dcb10d7c,1a3df491d1c4f1589fc2b934ada68bf2,2017-12-01 13:15:50,149.9,23.92
84580325d236dbdc6585c81d12f5c9ab,3,b532349fe46b38fbc7bb3914c1bdae07,1025f0e2d44d7041d6cf58b6550e0bfa,2018-05-18 14:14:41,35.0,17.92
4de51073bc1cd11e85fb03f29508b308,1,25e2023ed83352bde98dc1490d14c3d8,ff1fb4c404b2efe68b03350a8dc24122,2018-08-13 17:25:15,99.0,37.6
ede7a83eecd35db0e8db274811529d98,1,f51dde119b9a90e3c7464f0cc45c0953,128639473a139ac0f3e5f5ade55873a5,2018-05-17 09:54:29,18.9,13.47
c4f4ee4a762d4a787e43c9b8eecaf3f6,1,b6e352d888ba31d8999af279cd63aa24,f61c63d13f7cd800549d5acdd390ae72,2017-12-11 04:13:59,59.9,17.67
5cd498954e2b37d71b315166809b4bd7,3,896a64a7f34cdfef2c60ce59fa2a148f,82bd0703a4aefd6b599e5bfdaed378fb,2016-10-12 03:56:16,44.9,15.63
bbb9be5bd8d6ef3bcd6c165902f3dca2,1,a0f12db60a5019ce1a4c21fce1697574,3d871de0142ce09b7081e2b9d1733cb1,2017-12-22 00:10:45,99.0,17.94
10ae81c09f8af0de80d11ebb50e272ec,1,583f158587cdecda3e8bdea694021e39,955fee9216a65b617aa5c0531780ce60,2018-04-13 08:30:22,45.0,13.71
dfdbb5222ccb0db3a64c6a09ba0995b1,1,42bb409da80c21a2ab7f65ec0c4f04d8,01cf7e3d21494c41fb86034f2e714fa1,2017-05-09 12:30:58,439.9,52.56
7547e3b174d5790cf512240bf8a99bf2,1,57aae7271c7c24614b0d663c6df83f35,d05ae8f7a5bd1d2a690a44cd079e4e27,2017-11-23 10:27:04,252.0,9.18
0d17115bd61c612a87f11a25e904f8fc,1,3cb883c745ef0016bbfc89e032b5a853,a416b6a846a11724393025641d4edd5e,2018-07-25 17:05:19,227.17,17.78
e95cac7e9ed8e477d726d47f72f420c6,1,e756f3f73af3c08dad566b84cf5c66d7,643214e62b870443ccbe55ab29a4dccf,2018-05-17 17:50:49,69.9,7.39
f4d52c8679d7de408090a7c7ec487cf3,1,dca8cbb1c9d8a2db0fbc0c36b8d1a7bc,6560211a19b47992c3666cc44a7e94c0,2017-09-19 03:26:15,89.0,7.88
a2f084633c53f198fb3ba4148fd4a148,1,750dcfda0a9788bba89c94bb82a322db,53e4c6e0f4312d4d2107a8c9cddf45cd,2018-03-05 03:15:48,22.99,16.6
9e4429e3ca6daefcb5a085302eb4d9a9,1,1dec4c88c685d5a07bf01dcb0f8bf9f8,712e6ed8aa4aa1fa65dab41fed5737e4,2017-12-21 03:56:29,559.0,41.43
34f18b550eaf850333060c58ac00261c,1,e0cf79767c5b016251fe139915c59a26,da8622b14eb17ae2831f4ac5b9dab84a,2017-11-19 22:26:33,29.9,8.11
d13bd0cdf8acb0062b969df660e560e1,1,eafcf8d34ca443153c06cf1f6ee22d0f,bd0389da23d89b726abf911cccc54596,2018-03-01 09:55:40,62.9,25.72
a70e2a7c5779986b66893322855c4932,1,9c16099894e4002d54e17033e06bdbc8,8a8835a43bda99fd37310ad76c457510,2018-08-09 04:05:14,53.99,7.64
0c734449f0a8246894a537f0d4355dc8,1,f5b952758d88a5995ae5c8208a63b913,dfc475d54e1b6dbeeb7d7d9bdaa63827,2018-06-20 02:57:34,125.0,26.39
dacd9ea86285f197d0b7495e8af14781,1,fa87bc5ccdd8ea6e54117916e485cb48,1900267e848ceeba8fa32d80c1a5f5a8,2018-04-24 21:11:15,44.99,19.32
f0ef9b99abb2937dd8698615e6c2f909,1,757e8df3e7c5c52482db573f5f368e1d,522620dcb18a6b31cd7bdf73665113a9,2018-02-09 06:48:29,79.0,42.58
db021dc0eafd8de55256243118e4a046,1,ae083e4a334a4210ae0ef7323f1584c5,0df3984f9dfb3d49ac6366acbd3bbb85,2018-03-20 10:07:56,259.9,14.94
b4ee8b4e6cdba36455ad826db9938e35,1,7bb567b3d3e446fd872e217d27d8682d,3092c0b297aacfb4bb6e056ebe13b9b8,2018-02-07 22:56:21,89.9,34.43
e5141c749e377be251981ba3ff55b1e7,1,73326828aa5efe1ba096223de496f596,d13e50eaa47b4cbe9eb81465865d8cfc,2018-08-23 04:50:05,79.9,8.72
4d3bfdf4c7d6578ea445d588371ae10e,1,9d838a7fbaba7fca5f1fad259984063a,897060da8b9a21f655304d50fd935913,2018-03-29 19:30:36,59.0,18.29
28915ae2a90c218f0c2b7f8e0fb280e0,1,8db7c6497625f4f17d770bd01912cbe8,7a67c85e85bb2ce8582c35f2203ad736,2017-04-17 03:45:26,12.99,15.45
f05099a928d90c394963b1f0d8360149,3,cfb133b7458336455fa60b97ac3aaba9,3d871de0142ce09b7081e2b9d1733cb1,2017-08-22 02:45:10,35.0,16.41
e24316b06e2bb70e3fe3a79a12d247ab,1,f3c5707e7c539ab6533e3611da02b648,d1c281d3ae149232351cd8c8cc885f0d,2018-02-22 12:35:30,160.99,21.62
05ec9565bccc292561dec1d33bfefdfa,1,8dc8cdb4e5a2d2f2af019bc5a255e907,e333046ce6517bd8bb510291d44f0130,2018-08-09 11:30:16,49.0,13.92
b02709d4e987b97b8713543629c82401,1,afe03a970bfcfb89d67682980d6ffed5,95e03ca3d4146e4011985981aeb959b9,2018-08-07 11:35:28,80.5,18.66
2b49d60af10ea7e2443376987ec8a184,1,0b43cf5c79d088cfca305c4ac3ce50b0,db4350fd57ae30082dec7acbaacc17f9,2017-04-03 09:15:09,14.9,20.8
e79ce960e58239f855503114732d9d09,1,33a07ea8a7b3dbab277c180e9f1233ea,8f2b51a30523cdecddc2f179f351c7d6,2017-06-29 22:55:08,37.0,11.73
c39345e6efbb71413c9fc98a3dc1a4c5,1,e0cf79767c5b016251fe139915c59a26,da8622b14eb17ae2831f4ac5b9dab84a,2018-05-04 03:35:25,29.9,12.76
ca0f56eab306ab99911de4c96727a104,1,4fcb3d9a5f4871e8362dfedbdb02b064,8581055ce74af1daba164fdbd55a40de,2017-09-18 15:35:24,143.8,30.05
4f7d7c29804187d1b3e013ac5fe1dae5,4,0ceb0bfefd73a9c9dc6f918182841cc1,89d9a386b0b6e5fc8403071b03f7206a,2018-02-27 21:47:39,33.4,14.1
48dcd7368e7d1b9bedc55f16a3cc8188,1,1891f20b2a27a8b700d7a7ff5a7a0039,d2374cbcbb3ca4ab1086534108cc3ab7,2017-08-01 13:03:25,24.9,11.85
1f04f45771eed910a8d58e5c52604660,2,ad4b5def91ac7c575dbdf65b5be311f4,897060da8b9a21f655304d50fd935913,2018-02-23 13:50:57,23.48,20.74
a7ecb6cd7ccbea584ec3f96ecc6fc8b1,1,81ffa58b323a87cc1fe4a7cc9b6f5f98,fa1c13f2614d7b5c4749cbc52fecda94,2018-01-18 17:29:19,699.9,12.15
c38db22a86ae94a2a5a9dd2d5700f6cb,1,53b36df67ebb7c41585e8d54d6772e08,7d13fca15225358621be4086e1eb0964,2018-05-15 17:36:39,99.9,0.0
c158a29fefce1c895e70154ee3963633,1,b8ce63487e1d8881dac505b123c8e9b6,adbc26658d6c7b4b6219f9d934598091,2017-12-29 09:30:42,130.0,17.16
38db33637385302252909c781f213e91,2,1f08ab38da3a77a8e0bd17e63df35827,3d0cd21d41671c46f82cd11176bf7277,2017-09-06 12:44:33,50.9,13.51
8d3e3ee88c55c4666fda9d82a922a036,1,4660d9b4ae2a49dc7a5cac39499b204b,7ddcbb64b5bc1ef36ca8c151f6ec77df,2017-08-28 22:15:16,76.99,12.04
6a436bfc9dcfaf12d5075d521f38afe9,1,8dfb264673631eed595f12828b0ff2c6,10ff823eda2b032e2c93d17a7d294736,2017-10-09 20:56:23,189.99,16.96
b12e06af2feaab15941320b70896b799,1,2267b228a5bcef6dcc0fd584a4512908,57e632711dec9ec14ca7546769483e7e,2018-08-10 12:30:15,110.0,18.87
aa2a0609fab50d659ead956ec8f69de1,1,6c6a78e0768babe7473b5eccf0fc6076,cca3071e3e9bb7d12640c9fbe2301306,2018-01-26 10:49:42,34.22,11.85
1a0e54c67a7d784f932f5cc4f953fbaf,1,bbaef2eadf31fe3ea6702077398be06c,cc419e0650a3c5ba77189a1882b7556a,2017-06-22 22:06:26,56.99,14.15
5933483834803a0e8e9fcd26cdb3774d,1,d2fdf77a5b302a3adfb145131a217f2e,4a3ca9315b744ce9f8e9374361493884,2017-01-27 22:40:22,89.9,12.02
3e2e0c0d125ba0b63ecec3768508fbfa,1,6a31191d5ac5852b0478f6e245ac5b02,7357b52d27cbaa90f81a96cbc1279396,2018-07-30 09:32:01,118.13,20.02
cb5c1ad1fb0068c83523238259a8e930,1,349ce46a0e2e20054aa9d80c48af8816,d6b1ce66b035a475f00c017792ff9769,2018-06-08 03:10:13,169.99,37.88
d28edd4d734c48841154eae6d8a14539,1,53759a2ecddad2bb87a079a1f1519f73,1f50f920176fa81dab994f9023523100,2018-01-25 09:07:48,49.9,28.75
cb853e8420ad49b1a4c1a35000a24f69,1,2bc88b31190908684ebece09e5358592,12b9676b00f60f3b700e83af21824c0e,2017-10-13 09:28:11,199.0,19.63
98f75acaf1c9b0c2424f3b0fc6a22bdc,1,67b0d38a61d8e4c1c1df7d56276302aa,0ea22c1cfbdc755f86b9b54b39c16043,2017-06-08 10:35:11,59.9,14.17
bcce0481b3f582ede8d29c5b4bcdffdd,1,7f457254a89d62960399e075711b3deb,ea8482cd71df3c1969d7b9473ff13abc,2018-04-23 05:50:47,24.99,7.39
08e8db59cdb3cd620eda092781cf84ad,1,7185389e32acf9c5c5f61e6a23c0ab3a,972d0f9cf61b499a4812cf0bfa3ad3c4,2017-11-29 23:31:44,137.8,25.8
af4c1c7ca3aa8d5d93c434ae5f59edca,1,3f26ccc2d547ea9b11e5ef9673fb40dc,2138ccb85b11a4ec1e37afbd1c8eda1f,2018-01-15 07:27:11,48.99,21.15
24d2a265bbb8e667b3482b868457b7d6,1,1bef08f119466a85a83919d5b80facd3,d2374cbcbb3ca4ab1086534108cc3ab7,2017-10-17 03:49:25,15.9,15.1
6f1ea17aaf0660f7eea41df1f6fc9e27,1,8d99a7ed81f061ceed740d8900be880a,4a3ca9315b744ce9f8e9374361493884,2017-04-28 13:35:16,48.9,18.6
f3f48b527972908a9a5c7f5593eea307,1,4fb651ace30be388c0e95f48f3308e5a,8444e55c1f13cd5c179851e5ca5ebd00,2017-12-14 01:58:27,139.9,19.84
d72653b199232133a82a28e6e340133c,1,25292482a61cb3298df8dbe15ea69daf,edb1ef5e36e0c8cd84eb3c9b003e486d,2018-06-18 09:56:04,1499.65,70.56
a951336e450bb85ef1cd906edbcbb270,1,95320d70592f898880af9c3d5394728c,fdb9095204a334cd8872252ffec6f2db,2017-08-22 11:35:17,220.0,65.03
ca32e37618d388555627885cae8a34d5,1,53d9d735cbf1969f1f2661b9b2c661be,709e16e2b25c7474d980076c6bfc4806,2018-08-22 13:09:56,23.9,13.75
b4b86df50ff2b7209ced1549d9ea4b2e,1,fa23bf270fb9880690b07d09b9f9ff20,1b8356dabde1d35e17cef975c3f82730,2017-03-06 14:55:08,58.99,17.25
18566c7a35287580c5ae220d2e5c84f4,1,223d34a3d9334039f5ff9511dc044bbb,53243585a1d6dc2643021fd1853d8905,2017-10-17 21:49:47,246.62,28.27
2d5b43766328f55157cae1e85e1dd475,1,f1d116eef76f1c526a5f2c5ce1daeaeb,cd68562d3f44870c08922d380acae552,2017-07-21 20:50:23,45.0,11.85
ebd33d4995d183ba4c6ed1e273816aa7,1,73326828aa5efe1ba096223de496f596,d13e50eaa47b4cbe9eb81465865d8cfc,2018-08-29 19:05:24,82.49,8.74
1a7c68f8b0d5a140d89aa6ab7f7b4409,1,f361fccba568fabe00db466f80626d1e,85d9eb9ddc5d00ca9336a2219c97bb13,2018-07-10 11:18:07,12.9,18.23
a4b19ba687d68b54e5598956990afa98,1,6cdd53843498f92890544667809f1595,ccc4bbb5f32a6ab2b7066a4130f114e3,2018-02-26 16:46:38,349.9,19.7
feb4e69949791cedc24d210212eb73ce,1,4a9bd3957391943f2cf8a75a915c4b8a,7a67c85e85bb2ce8582c35f2203ad736,2017-08-29 18:45:27,229.99,22.01
035c06c36cc8685238297b6af0c280f3,1,71d22271ee986bf5a46a2c199da0265b,259f7b5e6e482c230e5bfaa670b6bb8f,2018-03-29 02:55:37,39.9,11.15
98e109d3f1db912647c2140cdee13836,1,97017430754804328eb9597b7f85da03,ea8482cd71df3c1969d7b9473ff13abc,2018-08-23 13:10:11,29.99,18.31
5599a0eebfc7ecac5cffa25fe2d57e47,1,60a3aec19dc1a866e9cf6a6b4430916d,4a3ca9315b744ce9f8e9374361493884,2017-11-07 11:06:18,84.0,13.61
5528a3c9850e07ac5eeea39f275d6c5e,2,40562621def0bbc3080d94f54b9d1f61,1835b56ce799e6a4dc4eddc053f04066,2017-11-14 17:49:42,76.5,15.69
1bb460f1a118ffc0218e3c7e61a59029,2,2e513e110e3f95926fa3d1ac44444ff4,8b321bb669392f5163d04c59e235e066,2018-07-03 08:30:44,17.99,18.23
6bfefd597dae9bcdc38e087a154ab6e5,1,aa280035c50ba62c746480a59045eec4,fa40cc5b934574b62717c68f3d678b6d,2018-05-02 22:10:23,35.9,16.0
413cde030a614ac044fdc905c6849453,1,d5991653e037ccb7af6ed7d94246b249,25c5c91f63607446a97b143d2d535d31,2017-11-06 16:50:11,137.9,23.11
503ff9670f30b2971bcb5df703a3f405,1,068ceaa8a3d9d385cbf53d5335f89f80,10ff823eda2b032e2c93d17a7d294736,2018-03-22 14:49:53,93.5,19.62
8413ac0b09301d03b78adeca5840866f,1,e67307ff0f15ade43fcb6e670be7a74c,f4aba7c0bca51484c30ab7bdc34bcdd1,2017-05-15 21:55:24,18.99,15.1
e6a9a4963c309a68db1f1a515e700764,1,9319e2f1f22df2c8e4a74f8b8f392e24,2138ccb85b11a4ec1e37afbd1c8eda1f,2017-02-05 21:45:04,22.99,10.96
0e849e380bc578c72e6e7273210c74af,1,c8194120cffeb4eea08d08e91ed1d284,52562a9f449c3dc3d53f5f5b9ed74903,2017-05-09 15:42:26,589.9,38.75
f19aee0ec494fa468b59ae57ea6af345,1,b9471cbef91a12be725aa96bea7d4763,fd435faa3c0422b60440ea3480d0e77c,2018-08-23 14:11:12,749.0,133.87
9e555160d5ee4c0a12a9451cc98afedc,1,629e019a6f298a83aeecc7877964f935,c003204e1ab016dfa150abc119207b24,2017-11-22 12:30:52,109.9,14.37
df258d3d30d51b9991fe71bb0e4f126c,1,574597aaf385996112490308e37399ce,febab0275244b9a49a623f0bd613ca2f,2017-07-05 13:44:01,49.0,13.37
31a9ca81d056ac824459a57e784fcfe6,1,7d7e7f5c80b1d85e3d7054c3dfeee632,fa1c13f2614d7b5c4749cbc52fecda94,2018-06-12 09:29:59,599.9,16.64
2aaab7e991347226dbda1f61c6785f88,1,7d4f932dd4fa16256c20de073329eacc,855668e0971d4dfd7bef1b6a4133b41b,2018-08-06 15:10:12,9.99,7.39
76eb969a695f694952f79db129b24c46,1,c4baedd846ed09b85f78a781b522f126,a1043bafd471dff536d0c462352beb48,2017-10-16 10:25:57,99.0,69.4
d55318b1aeb088c57b1eb9759d0adc9a,1,9c8175269cef413a4b94529295cc1991,a23266650e7c84bb93fbbba502137478,2018-01-03 22:13:25,39.9,15.79
f5450c4188fb856ef71d0ccd3ecf673a,1,368c6c730842d78016ad823897a372db,1f50f920176fa81dab994f9023523100,2018-01-19 08:19:30,49.9,17.6
e00bfbddf86f0a755d3550dd87962824,1,97407223aaefebbaeb89d285e7c64f75,fb3cfbc8a86f5d7fbb4d36b8df63f60d,2018-07-03 12:31:41,59.9,16.61
7c456a887b23a75268a45a224d191c52,1,e53e557d5a159f5aa2c5e995dfdf244b,88460e8ebdecbfecb5f9601833981930,2018-04-24 11:55:21,74.9,22.23
93b4851a0e1121b652d1a222c342dc71,1,d04857e7b4b708ee8b8b9921163edba3,9f505651f4a6abe901a56cdc21508025,2018-06-28 19:04:28,67.99,20.75
d6717d9840d700bd7be08d9ca8bb791b,2,7d40b684cc830baa8f7760f6fb1528c0,8c16d1f32a54d92897cc437244442e1b,2017-11-08 02:15:53,199.0,10.94
5907e332dfb01556b0eff58839cc2f75,1,4c2394abfbac7ff59ec7a420918562fa,cc419e0650a3c5ba77189a1882b7556a,2018-01-11 23:35:25,84.99,16.35
bc2373d0e7ab7801b2b550f82b6327f6,1,2cf9ec82c2ca858baedfb2c2e5c06b6f,57c764b4a836300be881e2ff86e449f9,2017-12-21 13:16:23,9.9,15.1
a77f068fe42de19045229fa9a9380ed5,1,d500c64ef3ac31087d21f93faacec268,4ba52dfeba874da5b9ee7b17c7494f04,2017-10-27 19:06:27,188.0,18.57
a5d7086b3574973a5df31d93bf524039,1,89b121bee266dcd25688a1ba72eefb61,2eb70248d66e0e3ef83659f71b244378,2018-05-30 21:01:24,79.9,15.44
635a1975ea58a2c4bf38ed733d7c9339,1,257b784332308b51af0d6c72ef30fda8,fa1a9dec3a9940c072684a46728bf1fc,2018-05-17 23:12:41,89.9,23.56
1d35b9b8088b6c9e1fcff77fdb44ef53,1,99444c1e11fc38755dae86f5c67d3d1a,d2374cbcbb3ca4ab1086534108cc3ab7,2018-02-15 18:20:26,59.9,16.18
40c95b7789cf4450c616a71d2efab73d,1,5101f008a270fb10336de6703f32221e,c33847515fa6305ce6feb1e818569f13,2018-08-08 15:31:36,79.0,26.85
4be2cc8a10974da63ebe8651f2dcc5c7,1,2481a472d98c582b46bc2dfeae6f539f,391fc6631aebcf3004804e51b40bcf1e,2017-10-18 23:26:15,59.55,13.44
517e0a52c193102990befc46a5c5245a,1,bb0697bdc552a255c992d331ca09afe3,8b11118053756a9a2932f447e11fc1b5,2016-10-10 23:11:28,79.99,11.17
e576bdc500f0c1c9a1b2a3ccce7000fb,1,e435ceb7ced9b8446defd858630454ed,620c87c171fb2a6dd6e8bb4dec959fc6,2017-12-28 13:16:26,27.75,25.63
8e580dc7233ba4a6f93b8de2fe826bb3,1,bb225b185b631d856dc1580ca5c3708e,01fdefa7697d26ad920e9e0346d4bd1b,2017-09-03 21:25:17,118.9,20.07
08b4c8a8808af1f771bd9602e193f9b6,1,c93558f621dc5b9277a19f009b83aaaf,3fe7120d6257285ac6a3ce7cb071ccec,2018-01-16 14:12:23,99.99,15.45
ae49e90268bf29c43b79c9e447278c84,1,31af99e01af722adb2067b365a311998,4830e40640734fc1c52cd21127c341d4,2018-05-14 17:52:52,79.99,8.32
9e782eef55c0f6f0a4de48f967232e91,2,2756f88aa420dd0c5aa25b2db78d4664,ef506c96320abeedfb894c34db06f478,2017-10-12 22:56:12,22.99,14.1
808ecdee681597379a39d3697c8b28f1,1,67371c87cd852c73a336fc6ca6c66537,35ef5aa32949680f627efec3c23e705c,2017-05-22 18:35:26,39.9,16.79
75754d7bcffc106c7017989bd4b40873,2,65e3848513c9ab70bf542e5d694cf072,a416b6a846a11724393025641d4edd5e,2017-05-18 22:55:11,36.85,33.74
f15a9d9b458aa040e6c47b6bb2311fb4,1,cf1d8e226162a1d0ad61f29b7ed72d82,7d456afc660226829370f3173d14520c,2017-05-22 22:05:13,26.0,5.52
ba772856bdab971f8c7eae9e03cf8706,1,9fe172fa8e662ca8572cf12abf8bce23,cab85505710c7cb9b720bceb52b01cee,2018-08-16 20:55:31,49.9,13.01
b97ca938c0a55ff9a5b2a89081b4b677,1,98a4301b1aacd45984603af55b7a1de4,1900267e848ceeba8fa32d80c1a5f5a8,2018-08-20 23:30:12,53.0,13.95
2398edac04de9e5283b7c76995623906,1,521a361808bedd9fffb32181e501e09b,5b179e9e8cc7ab6fd113a46ca584da81,2017-07-31 03:30:11,149.9,12.25
e44ab38a09c7c1c8491ba831c5527914,1,770c257cdfc072fb50ebf2bbd6696fe1,f3da5b2ff499efb8d4a6d371d175d7dd,2018-03-06 10:35:42,69.9,15.24
d416e69ac2b8a56d17f9b3ad10bb37b0,1,76603a4bccfedb23ac477d3cf1f69ce1,411f3b52d857390502ee4e4d5ceabc2d,2018-05-29 12:15:01,219.04,9.89
5435647d369f72442d1972b399a48ece,1,298f838b1798d952580d034bf84bd33a,002100f778ceb8431b7a1020ff7ab48f,2018-01-16 14:36:32,17.9,15.1
cf597c14464cc1f0e5657952d0ce4818,1,628f5ed6c14790dcb9233c8dbf596175,04308b1ee57b6625f47df1d56f00eedf,2018-08-26 23:25:10,554.9,21.98
6a4b27f33e33875ed99945d3e271698e,1,fa4e84908e2dca7e8d5c267baa88cfbb,3ef37b7ca6dd2b80bd8af81a62504996,2017-03-08 19:05:10,350.0,22.27
dab4d0e2e34ccf6d7136c2a702fb5a5f,2,dd6a505f83dd3c6326aa9856519e0978,fa40cc5b934574b62717c68f3d678b6d,2017-02-17 10:18:19,49.9,18.92
32f0d08563a05bd541da24218934fdab,2,5c3aca5c078a343b3b873362e7ac2fcc,056b4ada5bbc2c50cc7842547dda6b51,2018-05-15 11:51:47,159.99,14.56
092fe64219d11b6fdc1bf61521c9685a,1,61d01171a3784bab50137290350e5332,4992e76a42cb3aad7a7047e0d3d7e729,2017-08-21 03:50:26,29.9,9.34
0e4b26f1fb99fc0f0472dd5f403d36d4,1,e71f3cd0a0ef69b7fd173b32322dc6da,520b493b57809f446cb0a233bb3e25c7,2017-11-09 16:30:29,28.0,9.94
408bba49e507e2efa9fbb77966ca4697,1,03613e666b3919a3e807eac45a8f2731,edd066cd02126d7800f9b66e980e9931,2017-10-05 20:49:25,147.0,31.78
46d041b384bbdb77141815dd111b0e43,1,aef29ba8f524551d01c5497f60832b2c,cea729054f157f5870bdd321a958d994,2018-08-14 21:30:10,14.0,7.39
a231611f82f7625fba490466e2606aa5,1,6de8bea41c968204fa93e4c2016d1bbb,aac29b1b99776be73c3049939652091d,2017-06-05 04:50:20,239.0,16.42
3de642b372ed772362b5a3df6f583046,1,d0a672bae47ae7c26b8e1e2ec152edcf,94e93ce877be27a515118dbfd2c2be41,2017-05-24 02:30:51,152.9,53.67
0562a20526fecdaa1eb5019bc3920cd9,1,3d92028223ae14160bf1938a522de2b8,7aa4334be125fcdd2ba64b3180029f14,2017-03-30 23:32:32,61.9,11.82
e6be4d2a8e251c464dbb1c4e17c93bbc,1,cac9e5692471a0700418aa3400b9b2b1,7ea5bfa6c340f58f8e71fc1f0412b0d6,2018-03-29 13:48:51,115.0,13.93
45d415631ccea18d79bed1ea8088b58c,1,112e1856649c6762c1ca6058d07f2633,440dd6ab244315c632130ecfb63827b1,2017-11-28 22:53:28,99.9,18.27
21f1cdf47b2ebf6d58a4e07191ac5a98,1,67bd616e1ba0d3d3e8545f3113b0140d,e9779976487b77c6d4ac45f75ec7afe9,2018-05-18 18:50:33,14.49,18.23
7532f61a8fc7649fe822d89af2ff0a76,1,0aabfb375647d9738ad0f7b4ea3653b1,37515688008a7a40ac93e3b2e4ab203f,2017-12-21 18:13:18,24.5,11.85
341dc4ea81fabe7de6af564b72fcf3e2,1,d76c049f36a5b4975aa3cf095a6fa499,3bb548e3cb7f70f28e3f11ee9dce0e59,2018-07-10 16:31:58,124.85,37.78
7d86c4aa9e59504b23f16c7ca68954a7,1,e8d7b12572b213ba22acebb8983a4615,8d92f3ea807b89465643c219455e7369,2017-01-31 16:38:10,63.9,26.71
f67f6b887c390a91e5077e54f3fb5823,1,bdcf6a834e8faa30dac3886c7a58e92e,2a84855fd20af891be03bc5924d2b453,2018-05-20 21:31:48,35.9,17.93
33b50846ef5349564b8be2af1d6000aa,1,a95e101cee281e7cd36dfef5f80fabfe,31ae0774c17fabd06ff707cc5bde005f,2017-09-20 09:30:17,799.99,54.34
168cd953540aa3251bdfb407cdc4b6d4,2,36ba5561e351eef68d3554697132a9a8,49067458c68f7701fd334ce326accbe0,2018-02-14 13:50:29,29.45,15.1
4d280f7e02765cbee0a2ce0359dafb2e,1,b84520a57891e7a8ae2c68741dcc7146,6560211a19b47992c3666cc44a7e94c0,2018-07-03 15:29:48,45.0,7.58
36e93f41a4f115938915bf5add9a68a7,1,f1d116eef76f1c526a5f2c5ce1daeaeb,cd68562d3f44870c08922d380acae552,2017-07-25 13:25:19,48.0,11.85
dbb2c9fcb812c0eb6a8b856435e484d7,1,bffaf1f457823d803fd2df7bacfe08dc,2a84855fd20af891be03bc5924d2b453,2018-04-10 09:35:20,219.0,54.06
df147d110784e81110ece3cae5fafee2,1,aca2eb7d00ea1a7b8ebd4e68314663af,955fee9216a65b617aa5c0531780ce60,2018-01-19 06:32:38,69.9,13.08
aa799c67bfe59b0de24f6db1dc1b776e,1,6ff2272628904adc50a60b0d755e9526,7e93a43ef30c4f03f38b393420bc753a,2017-02-02 20:14:15,222.4,18.0
a6bb9d1aab3f3b84ce39c8164836fc87,1,80a08e4dfa5115b34f674eca035a01dd,54a1852d1b8f10312c55e906355666ee,2018-07-10 03:11:22,79.99,9.31
abfcea2fcceafacc40dd9edf35aa1f5d,1,c7df652246ed7b3300aaf46960c141e4,427165bf50f8ca07efc7bdc2bfcf1688,2018-05-07 03:50:54,440.0,19.05
54745af3cd64e980bb671452c9b01d15,1,e9cf370eb883adbdcb4b8738057a9d8b,014d9a685fd57276679edd00e07089e5,2018-08-22 14:30:20,79.99,13.9
337ace5c193fb745fca018fd1e542c9c,2,951e2998189b05082eab2080036b135b,ea8482cd71df3c1969d7b9473ff13abc,2018-02-14 01:49:44,24.99,17.63
02875e2e1d01d7a1533215fb97510b06,1,fd1446e03cb63518fdc2d2e91f6208b2,aba1721a889e04decc910aa13b768ef4,2017-08-31 02:24:28,199.0,8.65
15c8f741c0b7deafafea8af0f7bb6852,1,7814c273ab16783d73a9863ebfa8b141,1025f0e2d44d7041d6cf58b6550e0bfa,2018-04-11 22:09:41,250.0,37.77
86ed2440255dfb35605f2d01dc0a545a,1,4cc8bfa581f41841ce5e24aba773a44a,1835b56ce799e6a4dc4eddc053f04066,2017-09-15 08:45:18,56.99,11.9
e1a9073ab42d6cbd16dcf2aa7d695f6d,2,e03102efbc2229024c89be731f0aedcb,2c9e548be18521d1c43cde1c582c6de8,2018-04-12 10:49:46,34.9,16.32
c90a73b5ef059a234ef5d65c235ae154,1,7c1bd920dbdf22470b68bde975dd3ccf,cc419e0650a3c5ba77189a1882b7556a,2017-08-09 18:36:15,58.99,18.65
8929dd94b6e68f8d1c3258d5fe4700e7,1,5c973b4202aac5c372a483e712306f4f,391fc6631aebcf3004804e51b40bcf1e,2018-01-29 02:30:36,49.95,15.1
082c30f193b1a499078fafbfa3a2d6a7,1,00faa46f36261af8bbf3a4d37fa4841b,b372ee768ed69e46ca8cdbd267aa7a38,2017-11-27 20:27:42,270.0,16.64
2e8d9e986f6497677962424952e47f48,1,2029248294c186017ecfc48cecd47bbd,d50d79cb34e38265a8649c383dcffd48,2017-10-09 00:56:12,129.99,25.75
a0fd3e8622e5fd64beaf31de61399b1e,1,4a25d757ff72fad7534f478c90be77e6,92eb0f42c21942b6552362b9b114707d,2018-01-18 14:17:34,12.98,15.1
9703eb84b4433601ca6171b79e26ce1c,1,a237de12bdf0bfe4fe220bae65a89731,6c7d50c24b3ccd2fd83b44d8bb34e073,2017-08-31 02:24:50,37.5,17.6
89a05ddfc0652c91d7fb671794757d3d,1,b857b608c3be71c9902466b752bed1da,b274baf5bbd142410eb2958cf685d684,2018-07-30 11:46:15,79.0,17.48
f0134bd71e6bbd312d86f1f073d60b72,1,54e5939fcd9ae70ad0f59f612d6d29bd,48436dade18ac8b2bce089ec2a041202,2018-08-21 09:24:12,49.9,13.56
f967b3b4e10db096bfc62535abb40d43,1,87db1d6af39ede804084ef2f8e6b9b46,a673821011d0cec28146ea42f5ab767f,2017-12-12 13:34:23,44.99,18.89
1525ae17b338cdbe83eafba4135425d8,1,6a9678c02c9aaec51699e995ab18e48f,67883baaae6134ee81b271a542613728,2018-07-24 08:35:15,199.0,17.58
7a2305c60573b7af60dd941db4629ec7,1,eab67bf937aaadc19f83383a331d2dd9,7c67e1448b00f6e969d365cea6b010ab,2017-04-12 21:15:10,169.99,31.93
52cf38023b42cb0b26ced61e1a900c47,2,aca2eb7d00ea1a7b8ebd4e68314663af,955fee9216a65b617aa5c0531780ce60,2018-02-23 06:50:53,69.9,13.08
78ce53a063eb2907f9727aac2c678339,1,3ecf69ee1fe21cfd40b30cbea549e563,59417c56835dd8e2e72f91f809cd4092,2017-04-25 21:22:51,2589.0,17.01
aae35f8d7c5a9806060218e572d8370d,1,c023dc7b323cb5a452d21cd0742c9bf1,113e3a788b935f48aad63e1c41dac1bd,2017-12-10 23:31:47,13.77,15.1
f3da0d205fb8a689ba773b74194ad85c,1,aca2eb7d00ea1a7b8ebd4e68314663af,955fee9216a65b617aa5c0531780ce60,2018-01-12 02:36:44,69.9,16.12
b1503f3f344c66cf0a3bdc1e2a6e3fcb,1,cac9e5692471a0700418aa3400b9b2b1,7ea5bfa6c340f58f8e71fc1f0412b0d6,2018-01-17 22:39:24,124.99,17.31
33eef7fdc8d66d56aec3a027f087f8bc,2,cb43c6e1c451902b51f4f4ff512302df,582d4f8675b945722eda7c0cb61ba4c7,2018-06-28 05:12:55,45.49,8.65
7ec44a8d0d3cf4b2933c5c6dff801adc,1,681953ccd5c33207d75571a4bfbe127d,777a0c55737f34ffeb78010f7542ab41,2018-08-22 18:15:08,76.95,18.64
a00d80133807b3fcebee86be41116908,1,719d571299707561c34ba04ab867b32a,0ef83d7d83ed97cd2a0049ac8be5f88a,2018-04-26 18:30:41,52.99,14.45
9a327776c4009cd0980497d9386b1472,1,e71ce72b19b83080d97cf4f06c90d096,376a891762bbdecbc02b4b6adec3fdda,2018-03-29 22:47:54,72.0,19.19
6e61e9948a1e8b1389dd34c5c11fe90d,1,58306668d7263e8ebd2d5c69ef31cc23,6ec1a01e866584bb679eb9b098345919,2017-10-05 02:14:36,72.99,17.76
6c20d70e7c720f7895651a703e320b86,1,5d096ee78b3150e1dcab797e13884824,53e4c6e0f4312d4d2107a8c9cddf45cd,2017-12-14 12:10:09,64.99,11.73
4bb1efeacab943b0b5364e7121fbcd62,5,ff2c1ec09b1bb340e84f0d6b21cc7dbb,1835b56ce799e6a4dc4eddc053f04066,2018-05-07 14:15:16,29.99,21.03
995ca4e760797710d04230ca83a51ea7,1,7d939f237f8e9c3892bbb1ee73cd1434,59b22a78efb79a4797979612b885db36,2018-03-23 14:55:42,249.0,86.8
962938a0eb303d087976fbcbe632723a,1,259bd66612b61aa4e82ce3cde9272bbc,955fee9216a65b617aa5c0531780ce60,2017-12-22 09:31:20,32.0,17.63
a3b5d696f2dc3df83942f644beb879da,1,aca2eb7d00ea1a7b8ebd4e68314663af,955fee9216a65b617aa5c0531780ce60,2018-01-12 02:38:00,69.9,13.08
cbb8c3748ad61bcd4011720d8a58a3a0,1,72ca7a219f9f5b1be88c79e3aedd0152,de23c3b98a88888289c6f5cc1209054a,2018-08-22 14:30:14,118.0,13.49
4bb1efeacab943b0b5364e7121fbcd62,1,ff2c1ec09b1bb340e84f0d6b21cc7dbb,1835b56ce799e6a4dc4eddc053f04066,2018-05-07 14:15:16,29.99,21.03
4beacb05ac875340b9874e53f3f4bbbb,1,907539b8216ca1250e5e974b4047699d,6560211a19b47992c3666cc44a7e94c0,2017-12-21 15:13:25,45.0,15.1
a8ab4d61b3fd92a9aa110f5940434d1e,2,3adb4888b6e99ae73176ac7979dc03a0,bd4889b5e9133b35b66e42a8665cea5c,2017-09-20 20:55:12,165.0,21.55
b83dec1771b70a81dedd9db612fca052,1,1afc67ca54fdc1dd0774a3727a44b8a1,080102cd0a76b09e0dcf55fcacc60e05,2018-05-07 05:31:17,53.99,22.09
c79c512fd61a1008f15dbf7ca2a8c7cd,1,9b7f6da9aa9f1e413a63bec7924fdd38,e5a38146df062edaf55c38afa99e42dc,2018-08-27 04:10:42,35.0,15.35
88d7788f2c5eb4f76ca8186a46e03fd8,1,94475071013412139f862c0bd7e3bb37,955fee9216a65b617aa5c0531780ce60,2018-05-04 02:35:11,39.99,15.44
10d68bf5b2b29ed413ad7b19c7c601de,1,2ff995aead9c63a1f37a07b3664ead37,8b9d6eec4a7eb7d0f9d579ce0b38324d,2018-08-24 17:10:39,74.99,17.16
02d50facee2072550ae5a8ef3dc2e10f,2,ef66e63137bdd1b2e44aa968646fc1e3,1025f0e2d44d7041d6cf58b6550e0bfa,2018-01-19 00:10:43,38.4,9.34
36344f0d9c19b77add7676d9fd40d9d7,1,9275e1f75faf1d3d1f54e4cb63d12a36,70a12e78e608ac31179aea7f8422044b,2017-07-31 18:42:48,19.95,11.85
d44d3aabe5fd82754ca3b4696cdc90e7,1,816f6efbb3598f798900557f628e8a56,2bf6a2c1e71bbd29a4ad64e6d3c3629f,2018-05-16 12:10:43,738.0,24.14
4a59b00152497e88a6a4ab7bfe77e04b,1,165f86fe8b799a708a20ee4ba125c289,7ddcbb64b5bc1ef36ca8c151f6ec77df,2017-11-10 16:16:42,146.99,16.66
ee8725c782f35716fe7a9e445bbf0a78,1,f25bbb88c1a219c21b1af6b99895b960,aaed1309374718fdd995ee4c58c9dfcd,2017-09-18 04:46:05,65.9,27.0
38db33637385302252909c781f213e91,1,1f08ab38da3a77a8e0bd17e63df35827,3d0cd21d41671c46f82cd11176bf7277,2017-09-06 12:44:33,50.9,13.51
1edc1b84ccb3322ee9f3c206a12c17ce,1,35b951a4450662e330e5a1cb60fa11ff,5656537e588803a555b8eb41f07a944b,2018-07-24 06:35:11,46.89,7.91
ab84bf29e9617a0fc438bb0a95a50d6d,3,386eebb43722ab502f04f7900bd2451b,8b28d096634035667e8263d57ba3368c,2018-01-29 18:38:40,57.9,15.16
33550c45cf1fd94c9f755293fb9591c0,1,57eea82fdaafa70e1bda51d338583f9b,3c7c4a49ec3c6550809089c6a2ca9370,2017-12-11 04:18:38,99.9,8.16
c23cbe2fda508079dda241b040935e11,1,de22daecfcb85b59fdeeb4fc2d9ed80e,83e197e95a1bbabc8c75e883ed016c47,2017-08-03 12:23:40,119.9,18.09
17369d934e18e1cb2481bc11a9dcce78,1,f532ec9a55ee4e466e1c8fc913563ad5,3be634553519fb6536a03e1358e9fdc7,2018-03-01 00:07:52,39.9,16.6
b6cc6c3ee09a6542d7cb6fa9a4e13a9f,1,e1723cc3f4bc8a361b57f8c8b97959af,8b321bb669392f5163d04c59e235e066,2018-01-09 14:31:20,18.9,7.78
a53e05ecd2ed1f46a2b8e1f5828be7c6,1,dd113cb02b2af9c8e5787e8f1f0722f6,821fb029fc6e495ca4f08a35d51e53a5,2018-02-01 14:31:30,3690.0,136.8
35bc36d5460374d96175822d91d79cd1,1,f4f67ccaece962d013a4e1d7dc3a61f7,8581055ce74af1daba164fdbd55a40de,2018-03-08 17:49:03,229.04,39.44
87218c61d4b05c0bc1b4f0872218a3c8,1,3f29ff76d9ee5fd080b96ce49afc6c94,f8db351d8c4c4c22c6835c19a46f01b0,2017-12-12 02:50:19,47.9,15.1
467d8823c7b37e758ad17a9a61c347bf,1,d1c427060a0f73f6b889a5c7c61f2ac4,a1043bafd471dff536d0c462352beb48,2017-12-19 14:56:49,149.99,57.28
7a0ec92566b936a1e15fcf8b9f934f2c,1,8ed094bfe076c568f6bb10feada3f75d,7c67e1448b00f6e969d365cea6b010ab,2018-05-29 03:15:11,179.9,46.07
ee76c8b8bd42ca7913d033a9dea1383f,1,f1c7f353075ce59d8a6f3cf58f419c9c,37be5a7c751166fbc5f8ccba4119e043,2017-07-28 15:50:18,205.0,26.27
a78ac816235b4503a1af1b74fceb7a43,1,df6e62772d439c7afc2d284339cf9425,8bb48dc19fccaa8613b6229bf7f452a2,2018-03-23 14:31:50,24.4,12.79
101280a25cfcd2e133000129f24d17d7,1,eb53f94fdc60278efcef123bb275658a,da8622b14eb17ae2831f4ac5b9dab84a,2018-03-06 09:31:07,249.9,26.59
71dab1155600756af6de79de92e712e3,7,308e4e21ae228a10f6370a243ae59995,7c67e1448b00f6e969d365cea6b010ab,2018-02-15 19:11:08,76.99,40.69
875e51f9d6e1c16b9c8efd34fce58b13,1,5f4717c32cb957e5faf8d9271dce3fd5,e9779976487b77c6d4ac45f75ec7afe9,2018-04-09 20:49:10,23.49,7.87
96d921e9bfe801df7426999a566a8aeb,1,82e4ad16521ca131d95e198d507db370,128639473a139ac0f3e5f5ade55873a5,2018-07-22 21:05:12,18.9,13.47
e0820022dc8f9840abec5c1057054ba9,1,fbce4c4cb307679d89a3bf3d3bb353b9,c33847515fa6305ce6feb1e818569f13,2018-06-14 02:56:20,129.0,18.78
1c1975ccdbd34c48a241f30cc2258dbb,1,1eba879220bd0981a0e2fbab499ed4e1,5058e8c1e82653974541e83690655b4a,2018-01-26 16:13:10,89.99,33.22
1fa3133aa187f5523ca99748f5b5578f,1,1b97621fc0e6ac58cfb272d5ccf8c15b,dc8798cbf453b7e0f98745e396cc5616,2017-06-07 19:22:56,24.9,4.67
b951958a518d9186c1b3196e445ccb08,1,7435b3acc47c0cccaf692a61002d8908,ff063b022a9a0aab91bad2c9088760b7,2018-02-01 10:19:15,89.0,39.55
0580802ab0d4809dc16b4c9002c01a27,1,8097e6d8de77768d9f72295263e440fa,01bcc9d254a0143f0ce9791b960b2a47,2018-01-19 17:36:23,121.35,34.65
0540bf9189ef17aab470c4942f760e78,1,e3af4b7c220aca1535b34416de24dfb7,1ca7077d890b907f89be8c954a02686a,2018-03-21 22:28:08,45.99,7.39
4d4810e2bd5834782a256daea7025330,1,686f5682d2be7689714c5fae465de396,1127b7f2594683f2510f1c2c834a486b,2017-08-21 03:25:12,18.51,15.1
7838ed6306a99eba3bb421c33864ccb5,2,38d070104c7e27171e177d581758a90f,fb89df7f89fd1b8f03fa2acca1ba7364,2017-12-26 11:13:28,37.0,15.1
ee5cc68a9c849b21b595655a944b417c,2,999f8a403c25d68c828a6915e13e89d9,2138ccb85b11a4ec1e37afbd1c8eda1f,2017-07-12 10:50:18,26.99,13.42
eed6de9f4e402f8a8f204646b98307ab,1,173e9fe34bfe97f3a5e6dc57fe897b74,ba143b05f0110f0dc71ad71b4466ce92,2018-06-11 03:31:11,57.89,19.38
cfda3e5bd8b79ab7fc0bbd0c485d6414,1,f124ba93c961061c1358bab8b90730ba,7040e82f899a04d1b434b795a43b4617,2018-08-17 07:25:06,14.9,7.39
828acc6ccec3081f5615750358c691db,1,4372c58b785f6a6e66899e62099b6ef2,f45122a9ab94eb4f3f8953578bc0c560,2017-09-11 13:15:10,89.99,27.17
7b851c9a82166bba7e2bce7bc005a226,1,19421075ae0b585f2dc13ff149e2119d,4c2b230173bb36f9b240f2b8ac11786e,2018-03-05 20:09:25,45.9,7.78
4703fef754ddf8addbed5b7935e2f868,1,635b74f3dd5462e3c133b42cd9299fa2,b2ba3715d723d245138f291a6fe42594,2017-05-05 07:32:44,44.9,14.11
23575ff1c8a0669132c47e895a24b5fb,1,0aabfb375647d9738ad0f7b4ea3653b1,37515688008a7a40ac93e3b2e4ab203f,2017-07-24 21:15:23,19.9,15.1
d8c2d5ded5aae20ac6a6e9ef34d9c3dd,1,226b3973913b6154cb1102026822360d,ad420dd0c4f92f8af951ac24b86d0cf5,2018-07-25 12:03:12,160.0,19.22
9f25f43e006aa4d61b6f1188696e93a8,2,056063b2634974ef86ccb7da2d3d0dbf,165fc07beebdcb6190fba8a06db2a449,2017-08-22 10:24:30,499.0,17.22
32980a0c990d84e3f2c3e9838a4abc1d,1,f8763c8e0ef828c6d393b091888f9eb8,11fb6f6d341adbe19e81733701704635,2018-08-15 15:55:17,399.0,154.38
ebb5b8275a6a365d1243d225386bf299,1,42080692a4543e17940c60a980613abb,5656537e588803a555b8eb41f07a944b,2018-08-14 18:25:16,38.89,22.99
1688c2ea4929b519cfc4653742e736ec,1,1a4f338579cef9360aa407e3d97b4c89,18a349e75d307f4b4cc646a691ed4216,2018-07-04 03:31:31,24.0,22.89
37f699e1c2746962c33774a34872fad7,1,c10524227a6e64172e6eddcc91279aab,b499c00f28f4b7069ff6550af8c1348a,2018-05-02 08:51:58,215.99,63.31
a7f50550b7c9925554fb9bda2d7d220a,2,171b509779ad4fe0cbed2a3d95d10c68,76d5af76d0271110f9af36c92573f765,2018-01-18 14:36:25,38.7,8.72
74661e530a952a7ca5c7631de0960ada,1,202a77df8644deb5f8006aea1e013d5d,7142540dd4c91e2237acb7e911c4eba2,2018-02-28 02:28:48,429.9,20.26
4bb1efeacab943b0b5364e7121fbcd62,3,ff2c1ec09b1bb340e84f0d6b21cc7dbb,1835b56ce799e6a4dc4eddc053f04066,2018-05-07 14:15:16,29.99,21.03
71a9bc15cae2d58e86e4be7ae0ddc592,1,776ef0ee36e20757c513e64903f1fa8a,70a12e78e608ac31179aea7f8422044b,2017-07-26 19:30:09,98.0,36.01
dd1eff57387644bafd3823d2d49560b7,1,c6336fa91fbd87c359e44f5dca5a90ed,4c2b230173bb36f9b240f2b8ac11786e,2017-11-24 12:11:32,45.9,8.72
d7449e15f5045562074cc57796341cf7,1,e2b9252181ddde232e0bfb68df262610,e24fc9fcd865784fb25705606fe3dfe7,2017-02-04 18:59:08,192.0,30.27
3be2b03f32e88489f49c64de449e6d98,2,53759a2ecddad2bb87a079a1f1519f73,1f50f920176fa81dab994f9023523100,2018-02-21 02:56:07,49.9,13.37
371d3a892917017b32ada644ba1f301d,1,eaa53c85856d19bc9f611f5628b4ce7b,ac9b01377919cdbd2a1bbb8d5837c70b,2018-08-09 19:05:18,55.9,23.54
90a0728a1ce3a04e661798e3db7d842b,1,5c973b4202aac5c372a483e712306f4f,391fc6631aebcf3004804e51b40bcf1e,2017-12-04 22:53:55,49.95,15.1
2d5a437d439fb3aed1979b2e5f9f6b39,1,4298b7e67dc399c200662b569563a2b2,88460e8ebdecbfecb5f9601833981930,2018-07-09 11:30:28,124.9,14.21
9704b8f76b77e74be19dd79d9371b6b4,1,aba86c093ccdbac75b09111d57e50004,7c67e1448b00f6e969d365cea6b010ab,2017-07-17 17:43:25,116.6,17.55
fd74a95ccfea489d33e78d0c076a640f,2,d1fbb5683c8e93f314d0f2bf40d07761,dc4a0fc896dc34b0d5bfec8438291c80,2017-10-19 15:07:12,95.03,21.5
55ef70439e782ff2c553a03782800960,1,e38ae1121c1566bb56b728d8079b2d75,e9bc59e7b60fc3063eb2290deda4cced,2017-07-19 03:03:58,23.9,15.1
4171f8b589ce09c1ea19d8d625777989,1,317a8d8e17b2b10b8074de17b3ca6073,4a3ca9315b744ce9f8e9374361493884,2017-05-04 12:35:52,18.5,10.96
35431beb6e4dc0ce4426a0c9ecac0640,1,39d5577b413907bf3a1d2f9ab9510863,cca3071e3e9bb7d12640c9fbe2301306,2018-01-18 13:28:27,84.26,17.84
2ae6e5a2da4078c84661d1289e22742b,1,7e0dc102074f8285580c9777f79c90cf,e26901d5ab434ce92fd9b5c256820a4e,2017-04-13 05:45:23,34.9,10.96
e7522d7d44b7cdc7e33f08062d37d269,1,e0d64dcfaa3b6db5c54ca298ae101d05,7d13fca15225358621be4086e1eb0964,2018-05-17 03:31:39,144.0,13.45
314bb8fdc89b0dafae07549f10aaa5e0,1,57f2bc497c1a3ebe41ba7a06d78ed159,6560211a19b47992c3666cc44a7e94c0,2017-08-01 02:23:52,55.0,7.86
908227fe95698325710fe450d4b7018c,1,d1b1a0e78589ee89279d0be1e4a8b905,8a432f4e5b471f8da497d7dc517666e2,2018-08-07 00:44:11,69.0,14.79
7d3cd94ead444e7d5a948a9e0021c426,2,fc5dd987f12a7b823a76a44aa1ba88f6,49067458c68f7701fd334ce326accbe0,2018-03-09 16:15:49,29.45,16.79
7892239c80bff3601c4d78e1e57e6a61,1,8c591ab0ca519558779df02023177f44,a1043bafd471dff536d0c462352beb48,2017-05-18 20:05:10,99.99,34.06
5cf4f1db71ef2896c0c286637f7dffd1,1,3e878bb44e2c5b7fc755e304cc8236a4,6c99c983ce3b6ba0ab813e6790e81691,2018-07-31 13:30:15,9.99,18.23
e77b2b3ed9f949ad731cb0cc10a59000,1,569ffd16f8032478cbeb9800f2e94ba0,20cb7c2fde3e5bf10f0bbe7394e1c6a9,2017-06-21 21:30:15,16.9,15.1
72d4db7bdeb8827a6dcdb6a40f7149c4,1,aaa09cd0acd316f7816145408dd73449,cab85505710c7cb9b720bceb52b01cee,2017-07-06 14:43:33,69.9,34.29
dab4d0e2e34ccf6d7136c2a702fb5a5f,1,014a8a503291921f7b004a5215bb3c36,fa40cc5b934574b62717c68f3d678b6d,2017-02-17 10:18:19,36.9,15.76
15c0a0d5bd5e9c58f17414d100104093,1,a62e25e09e05e6faf31d90c6ec1aa3d1,634964b17796e64304cadf1ad3050fb7,2018-03-08 02:15:35,108.0,23.08
e8c8faf5a3bf5f4897ae8ca83902afe8,1,59c5e6e108b88212fb98525c9000ecfb,7c67e1448b00f6e969d365cea6b010ab,2017-08-11 04:23:35,144.94,18.73
0f750136a7458e323a95eb451e1d47cc,1,e44f675b60b3a3a2453ec36421e06f0f,218d46b86c1881d022bce9c68a7d4b15,2018-03-01 16:05:27,107.0,15.5
e0324d1696ac7872c9dcc6ea30afad20,1,060e9bdedfae37724dbce0b3270d76ae,6560211a19b47992c3666cc44a7e94c0,2018-06-20 12:19:00,45.0,7.58
39a2c5163845188e0148f36a05ff7ac7,1,04bd5aedb2f07b8078ef7dcbfb79db00,a3a38f4affed601eb87a97788c949667,2017-08-24 02:30:07,159.9,16.88
8b693238573589337ab106bbf08ed2b3,1,f9471562478eba8761bc985b968a0092,3785b653b1b82de85ab47dd139938091,2018-03-15 02:30:31,54.9,19.35
563404de47cdc6763e7eced487016b66,1,490b7f74cbef35be4b6b69bb5f177386,9b00ed88b7fdb95d6ff76e27c1b52d16,2018-01-08 17:56:43,12.5,11.85
9b67d7f926480a9b1dfda8f3595013a6,1,44d097d59e8430f88a67517cd0c4f865,6560211a19b47992c3666cc44a7e94c0,2017-11-14 10:30:22,69.0,14.23
2153e9009ecf443d84e5f48861fb7094,2,7dfaf5d5673b7663f59e93262a2e393b,2138ccb85b11a4ec1e37afbd1c8eda1f,2017-12-14 19:35:22,39.99,14.1
46d041b384bbdb77141815dd111b0e43,2,dff6fc6c464afef2e1838ae9c787f125,7b07b3c7487f0ea825fc6df75abd658b,2018-08-13 21:30:10,14.0,7.39
3e5851bac5137487999e438e2986af8e,1,38da2dd3fddf4b5eda6d46d781fde41b,609e1a9a6c2539919b8205cf7c4e6ff0,2018-08-14 07:10:11,61.9,27.38
7c456a887b23a75268a45a224d191c52,2,e53e557d5a159f5aa2c5e995dfdf244b,88460e8ebdecbfecb5f9601833981930,2018-04-24 11:55:21,74.9,22.23
8e231eb804b052ee611d6c4a9300e10f,1,93ad397044e27dfead96813e2f895acd,86ccac0b835037332a596a33b6949ee1,2017-06-26 15:23:25,59.6,16.86
3627f028b51748649d9f8e36ca465131,1,eaa3c87492892d3e6861f0939b4dbada,d91fb3b7d041e83b64a00a3edfb37e4f,2017-08-31 22:55:16,26.0,8.27
cb303a906d3da8596487dc9de116fae8,1,bbdffddcafb9e370fbc41a538d738318,113e3a788b935f48aad63e1c41dac1bd,2017-12-18 00:11:43,8.1,15.1
8e96f3e6633f7601ec50f3a904c3a3a2,1,0a41699cb57f40c605d3cfdddd61673b,1da3aeb70d7989d1e6d9b0e887f97c23,2017-09-01 18:55:17,44.99,9.34
fbf5bc2dbcebfcaf6cd32cf61a87e28c,1,d0b9d3d449a97f582b325f11b512bfd2,83e197e95a1bbabc8c75e883ed016c47,2018-03-05 19:31:09,117.5,12.28
8a5f03e334444e1899c6eede50adfcd8,1,d322eb25f02924adba73e58dbc36b29c,7e93a43ef30c4f03f38b393420bc753a,2018-01-10 18:08:07,225.0,22.37
e31a910f74f5bbf483db4595290864ca,1,be4e205f4a7283ce05c3b9365d283adc,1da3aeb70d7989d1e6d9b0e887f97c23,2018-01-29 11:50:54,29.99,14.1
e8549294b90188285cf1f7d6a35f758c,1,de20d07a4cb6565ed32339ba6a9ea541,f3da5b2ff499efb8d4a6d371d175d7dd,2018-07-09 01:31:34,39.28,18.05
14d296847a335160b30c1e6afe4d011b,1,32aeecc02aa5adcb7f75155a80a47836,4be9ae93c4fc0f41713d71a4194ee1b3,2018-08-21 17:35:15,109.9,27.07
5bc73b0c41be139e802a0e8f361713db,1,9e2ce829b01f3d1a0a9d5ddf7ee21864,835f0f7810c76831d6c7d24c7a646d4d,2017-09-20 22:08:21,69.9,32.94
eddcd0974bcd773f5734decebf0225a4,1,4b04a764c875af7101955fbcd3989b7e,834f8533b2ecb6598dd004ff3de7203a,2018-08-02 14:25:10,112.8,16.09
3e02b2b05d2244a9fb8f748eaf4ab3ed,1,4858799008e3cd4fcab9c61fbc63a2a0,6edacfd9f9074789dad6d62ba7950b9c,2018-05-10 15:35:14,40.9,15.23
caaf47e44c959a733f8665acac275e69,1,830814a623453adb6e343fb0260e3810,f9903dd0f812c7e771fcad47b6fff231,2018-06-22 05:16:42,289.99,28.33
da28a815dd7996590e84c9e51dec1ff4,1,80736543f7c5c511bccb61d1544d9d0b,4a3ca9315b744ce9f8e9374361493884,2018-07-25 16:00:13,107.5,17.88
ef2c378cc37b127ef373094451b9b70f,1,a10e0fcb1c409869c3c6da4eb13b7612,855668e0971d4dfd7bef1b6a4133b41b,2017-10-17 13:49:24,50.0,17.6
30b2ad103e6982881929c367f930ab29,1,2add772ac1b21ad0f2a8f7bfda8723db,610f72e407cdd7caaa2f8167b0163fd8,2018-09-04 16:05:18,656.43,40.93
a1dd8c3d72d95a11312293743c4064a6,1,55f166570845e0a7b4456edac9c420b7,2646baaf662d4d92ac48f047e35db92d,2018-06-01 15:31:19,49.9,8.88
30dd65877d1287c17a2d2198a5f80da4,1,c25174e1e4fd7fe5c3420869d61fe2a6,3d871de0142ce09b7081e2b9d1733cb1,2017-11-16 17:08:02,54.9,16.14
1bb460f1a118ffc0218e3c7e61a59029,1,2e513e110e3f95926fa3d1ac44444ff4,8b321bb669392f5163d04c59e235e066,2018-07-03 08:30:44,17.99,18.23
c95614cc539582d4d37f7effd5aa7375,1,53ea9da485f6aed8a6f03a85831fe021,7d13fca15225358621be4086e1eb0964,2018-03-13 02:31:39,219.0,19.41
314bb8fdc89b0dafae07549f10aaa5e0,2,5215505db2113a032810c3644c346a38,6560211a19b47992c3666cc44a7e94c0,2017-08-01 02:23:52,99.0,7.87
4ab8819fc4b34e4d6b2710f3121b2400,1,c25174e1e4fd7fe5c3420869d61fe2a6,3d871de0142ce09b7081e2b9d1733cb1,2018-02-13 14:15:27,49.9,12.69
329465dad46fffab333860e92e7ac984,1,92c1eb75a887a500d9689fbad65e27e3,7c67e1448b00f6e969d365cea6b010ab,2017-02-03 22:14:53,199.98,25.0
2b2021afc839498368ab00d64c9f1912,1,bb7181410b4e02f93f3697f765db53c7,855668e0971d4dfd7bef1b6a4133b41b,2017-11-22 22:35:28,119.99,31.87
3eb95f6a896852d771ecaa56c4f02349,1,50627d7c3dd43902d64134574befe12f,70a12e78e608ac31179aea7f8422044b,2018-04-19 07:51:18,299.0,14.53
39b07544f44827ecfb759a3544ccab72,1,de533fe5b9448ea9792195806938dbf5,1025f0e2d44d7041d6cf58b6550e0bfa,2018-08-08 02:55:14,196.8,13.68
24c2ea18beb03e17972ed33b519950c1,1,8a12c0e223d9dbd49ccfcd2ad25d1b30,b839e41795b7f3ad94cc2014a52f6796,2018-05-17 09:54:21,1890.0,25.13
f37f4d49c3bec3fe208ac7f86a58a97d,1,eac57d7040ec6879d14da7d9eb35e954,f3da5b2ff499efb8d4a6d371d175d7dd,2017-11-30 23:14:27,34.9,14.1
1d28088d0d3f5967393dad85006377b2,1,7c4a8bec217df1de0df2b5aaf8175b65,7040e82f899a04d1b434b795a43b4617,2017-10-11 03:04:21,19.9,7.78
0d0b7c65e71700ed5fe8ae8d2baac37b,3,01ff1ff8aa5dec93e9938b989393a4ca,0c7533c71df861ec58ad7ff999ed0e8d,2018-02-11 22:10:33,53.9,3.89
992e5d6c51707533e0be958b2e283373,1,64d33e6bd1b905a31c2f96f584e6a0c8,ea8482cd71df3c1969d7b9473ff13abc,2018-01-04 12:52:24,27.99,15.1
21eb47858aa7100e94ede112bf5ed1b3,1,c211ff3068fcd2f8898192976d8b3a32,da8622b14eb17ae2831f4ac5b9dab84a,2018-01-05 17:29:22,24.9,15.1
b7579d24f5b2dd3e20f2e57d0e07d170,1,5f1d10ccc8198967ca0278fdfd474a51,054694fa03fe82cec4b7551487331d74,2017-04-28 15:02:38,447.0,19.28
a0224d0bc0030c9226e9613d6561a7aa,1,8443cb4cf7bf64bd0ff6e70cd9c2b246,6fd52c528dcb38be2eea044946b811f8,2018-06-04 23:31:18,58.67,15.29
497b870cbbeda496567b5d75b81c5722,1,81ea712c5f76a3b1c0e4c3dbc5126404,282f23a9769b2690c5dda22e316f9941,2018-03-01 02:10:58,36.7,12.48
767754680a13ebd92bee7405c6beea73,1,86c43103446290e7efacad3701cd654d,6560211a19b47992c3666cc44a7e94c0,2018-04-23 09:31:22,35.0,18.23
ad6aec326fc31e34aaa0ff7ab3788c43,1,bea6df30df5a4d9e7edb50d44857dd54,850f4f8af5ea87287ac68de36e29107f,2017-10-18 09:49:10,789.0,18.54
2d4725d49513bce62ea366e8f0e213ed,1,29e4631be78811ab993ae12613053b53,8581055ce74af1daba164fdbd55a40de,2017-07-17 04:03:45,138.0,12.47
a041155864e5141116458291313b35c2,1,29bedbfbe73ea473396306b4f0c010ec,5b179e9e8cc7ab6fd113a46ca584da81,2016-10-10 15:56:28,89.9,27.96
0f9751081b734220a998be212c391523,1,2068e3435a38f6a3cc95ba89a96378ab,cee48807215b30a12ca2ca10ffb5f250,2017-10-13 14:07:13,199.9,33.85
d8a6f310927336f8375b12a6f2391da3,1,7754574f8aeca545b663be749e5db05c,08d2d642cf72b622b14dde1d2f5eb2f5,2017-11-27 09:50:35,249.5,17.51
1688c2ea4929b519cfc4653742e736ec,2,1a4f338579cef9360aa407e3d97b4c89,18a349e75d307f4b4cc646a691ed4216,2018-07-04 03:31:31,24.0,22.89
91fcdc0357e6c76803fb5d654a0226a0,1,952670bc019a73f0933157ec82ff6e4f,37be5a7c751166fbc5f8ccba4119e043,2017-08-29 16:08:45,205.0,15.04
c1d3d16d19447e6ae5ea015f6056b3cd,1,3f9db4ff95890df33167856d315a05bc,5563732abe64c3036cb97ad924128dd1,2017-12-27 10:09:52,130.0,12.21
edc8ed56158af55c22d0d8153e921879,1,0fef1ed59f95cde0a1318e54d2bebac5,c3867b4666c7d76867627c2f7fb22e21,2017-07-27 12:25:12,119.0,25.67
c7ec0aef506b16f956082d33b51e9aa1,1,87ac7e3e844a79b97f7b98cecfbc69db,aaed1309374718fdd995ee4c58c9dfcd,2017-05-22 03:25:20,140.3,15.73
0749bdde40245b5fb3b375dadfd4ebe3,2,a7a9c0eede9320acf479daf444835d90,b2ba3715d723d245138f291a6fe42594,2018-02-26 21:47:44,19.9,15.79
3b7620f0a3652abfdf6bc1b145b9117c,2,cac2a35a7d2ff513045a3114a29b4398,70a12e78e608ac31179aea7f8422044b,2017-08-16 20:55:17,39.95,34.15
d2669bd045e902f5d1038d1a0008fdbe,1,58a60c7961bc8fb3a05841dc6d594658,fffd5413c0700ac820c7069d66d98c89,2017-12-05 13:12:26,194.0,26.2
59136c1fab3d9e26e60db2df573ae8e1,1,d22f287512fb5bda6efc5c8e6216c6db,f84a00e60c73a49e7e851c9bdca3a5bb,2018-01-18 02:34:25,134.2,18.19
a79e71cf3a8c8b52b0fe82c772927688,1,c045b19fdb30a3035c56d04c6fe2e622,259f7b5e6e482c230e5bfaa670b6bb8f,2018-05-07 10:57:12,59.9,18.0
f6d067206524168938aa5ef598260e4c,1,c6ea63369936552872ae890c82175b4b,37be5a7c751166fbc5f8ccba4119e043,2017-07-10 20:55:15,205.0,15.04
79340f2ac5af10a369d02c1acc89eb1a,1,f7740e5b4337a3cc4a8a204553101a85,04308b1ee57b6625f47df1d56f00eedf,2018-03-08 13:29:47,535.9,18.5
057c9f435d8e14fda9a72b7bbf8b381d,1,658fc236815a88341f858edcdb0ec78a,0ed6ce5d87fd9c69eaacaeb778d67235,2018-05-02 00:11:29,72.9,18.09
56e2e07e6e0f8e73a5f1c73bcb74f270,2,389d119b48cf3043d311335e499d9c6b,1f50f920176fa81dab994f9023523100,2018-07-09 21:12:09,49.9,20.99
916c26a4b35875fa3e5237c9abb44c2c,1,30f2abe62a0f5fb21e4361e83e19f3d8,cab85505710c7cb9b720bceb52b01cee,2018-04-19 19:31:05,79.9,7.42
1acdd343f32412c986586a4f0c828460,1,66077cc774ac8ba7c7fcb45fd8e03474,01cf7e3d21494c41fb86034f2e714fa1,2017-07-13 12:15:17,89.9,17.88
6a333077739385e594ea01b12faf9323,1,a50acd33ba7a8da8e9db65094fa990a4,8581055ce74af1daba164fdbd55a40de,2018-01-19 16:51:07,117.3,14.43
676c554a88771af1264e81fa10e7e760,1,d285360f29ac7fd97640bf0baef03de0,d650b663c3b5f6fb392b6326366efa9a,2018-05-08 21:31:31,269.0,16.76
02b7cbd604df10c09427902dc682b0d3,1,54d9ac713e253fa1fae9c8003b011c2a,955fee9216a65b617aa5c0531780ce60,2018-03-12 03:51:07,35.0,13.08
57519b17e3776c2f4fa3a4e7fe69ccf8,1,0b0918a3b5efe0c8ea609a26b14e1bff,ea8482cd71df3c1969d7b9473ff13abc,2018-04-02 04:08:47,24.99,7.39
1a358c4ef8c7d066e7e526670d486f3e,1,656e0eca68dcecf6a31b8ececfabe3e8,e9bc59e7b60fc3063eb2290deda4cced,2017-11-28 08:11:22,98.9,18.26
90c0d4df184cd39fe38d7b3de0cbd878,2,fb979d44fd4269b2ea30e300b66c89f3,c5f7e746b7e6d07def6c0dae9903279b,2018-08-24 07:44:15,49.0,18.14
db7ba1651fa9b12357f71dd1606ec722,1,aca2eb7d00ea1a7b8ebd4e68314663af,955fee9216a65b617aa5c0531780ce60,2017-12-12 04:17:24,75.0,16.16
9d70ddf4f9027ee7e5f0851c480d3fbe,1,4299211de0fa49785bb3115aa2b25c61,71039d19d4303bf9054d69e9a9236699,2017-11-28 15:47:29,19.9,7.78
4acae38053fac34d667306b2de1445ee,2,4a0c2a56e65c941a0bb9874c47dd66d8,a673821011d0cec28146ea42f5ab767f,2017-11-29 11:55:26,79.9,11.76
f36d534d445a4b1a5cef4092573aa1f1,1,10070e29929f7c7d609ee3201f236b8e,8a130737016f838139d31878787a39c9,2018-03-26 00:50:25,95.2,9.02
df3c03ee5c240bfffaa5e3dfaeb4699b,1,5dddb31154cbd968caa4706ef0f4e0f0,df560393f3a51e74553ab94004ba5c87,2017-07-18 22:55:23,79.9,16.32
c1e3705ddd242ae29dca5c5d3367cdda,2,261244fc4d0197d8772346872f5b0f5e,6c7d50c24b3ccd2fd83b44d8bb34e073,2017-12-04 21:51:27,37.9,31.1
cf4f9b14dc732f5f824b66bc35c3cf69,1,a8d44734cde6fbd2f5c32818da67b97a,f8db351d8c4c4c22c6835c19a46f01b0,2017-07-24 15:50:09,17.9,15.1
35761fa89b5d047af6632b23b0cecf01,1,84fa04b89f708a4fdfa1d828a277a150,7b07b3c7487f0ea825fc6df75abd658b,2017-03-28 10:01:56,190.0,9.7
acbd43df296646b7b242d1e25b18a646,2,b112694f32005c5254383ccf38bfd11f,e9bc59e7b60fc3063eb2290deda4cced,2018-08-06 04:05:21,95.9,26.52
f15a9d9b458aa040e6c47b6bb2311fb4,3,cf1d8e226162a1d0ad61f29b7ed72d82,7d456afc660226829370f3173d14520c,2017-05-22 22:05:13,26.0,5.52
2c52873e8d170a8426be048f8321df84,1,e940125d0a3c309f58f41cd21e39af06,6039e27294dc75811c0d8a39069f52c0,2017-12-01 05:35:41,369.9,26.9
621be24850f6edd2e8dbd75a0f19668a,1,86b905f8e48ccc43feec909bd9b934fb,710e3548e02bc1d2831dfc4f1b5b14d4,2018-07-05 15:15:55,299.99,17.17
2b0d020da35221c291bb03a55f70794a,1,99e6f14f74a00605ad9cfe8c4bb29385,850913d59ce317156b00f3705f1c3edb,2018-04-06 20:49:57,155.0,8.43
438dad6fa6e9ce3c50e4497b4232c7ce,3,5dbf50af9485478b933f1028e108640d,582d4f8675b945722eda7c0cb61ba4c7,2018-04-25 16:31:47,5.99,19.32
d479fa8a25e886f272e443a70acfb2d9,1,53759a2ecddad2bb87a079a1f1519f73,1f50f920176fa81dab994f9023523100,2017-11-30 13:33:55,49.0,13.44
19d468d1424d2a259a1f3d3fa073f41a,1,9a78fb9862b10749a117f7fc3c31f051,a7f13822ceb966b076af67121f87b063,2017-05-16 15:55:11,169.96,40.07
4bb6e6f5af26e1f5951d934386615406,1,3fbc0ef745950c7932d5f2a446189725,06a2c3af7b3aee5d69171b0e14f0ee87,2018-07-04 11:31:07,66.99,27.75
2518a3eb047912b58514fc2f405ea73a,1,abcadf3aeced9a5dd2c23cb61ca09a4c,5bffbafbb22daf6d3bfc216a46db8708,2017-03-16 21:17:57,69.99,14.66
25b66d9cb3dd45d25788fdb3e226c5b9,1,130482add9fd75ccb6c57ba007694a2d,87142160b41353c4e5fca2360caf6f92,2017-08-22 07:05:12,105.0,24.11
df258d3d30d51b9991fe71bb0e4f126c,2,574597aaf385996112490308e37399ce,febab0275244b9a49a623f0bd613ca2f,2017-07-05 13:44:01,49.0,13.37
a28f6c9d0933acd34c3ae149cc537b65,1,8317b177579dd27ff068b83205e2169b,4869f7a5dfa277a7dca6462dcf3b52b2,2018-05-21 17:57:36,157.0,13.54
75e005e5bcbda5404c4c3f5dcb16f7ae,1,ab330e1b64fde92d3b4d4d6980a38576,e0878efa0e0b7e5313ac0b43bc04c081,2018-03-08 02:50:49,39.9,8.11
6fcd1385684eaf7076ac0d72b1fab2db,1,2d1d20d3c91d3940c6079a3bad529402,17e34d8224d27a541263c4c64b11a56b,2017-12-05 09:30:24,309.56,22.66
1afbdc6ed9143871e5b8be14ce2762e0,1,fb01a5fc09b9b9563c2ee41a22f07d54,522620dcb18a6b31cd7bdf73665113a9,2018-01-26 20:20:20,689.89,20.59
bede3503afed051733eeb4a84d1adcc5,1,8db75af9aed3315374db44d7860e25da,4e922959ae960d389249c378d1c939f5,2017-09-26 04:05:52,100.0,15.45
ebc00d28934c1edd775b307bf5cff160,1,d357105bd504c78d8470ffd247747eab,b88e7c57cb2d8b973b7dd4a2bfa14b36,2017-05-29 03:35:19,15.0,15.1
1cbcd6f5fd482df88073ad0e5a411b39,1,d425f8ccf937bdc4c55eb96ef872d812,42fb44130ac3134cde8e35cf8ec7df25,2017-03-28 11:40:21,24.9,14.52
62dedcd31d4b3c43f9adbab2d7fd84d4,1,b7ff94c9416e098a62e75a26f3a53268,13dd308f81fea30cc670c656b2b46cc3,2018-08-06 00:24:16,38.9,18.37
96de2b7f7f3c401fbee3eef068376da6,1,9689d8153681f3d8bc3e88622c013b08,e5a3438891c0bfdb9394643f95273d8e,2018-01-09 04:33:31,20.3,11.85
469e8e6e5a8946a3ba0e0835ae771e6b,1,e9eebb8e8ba0fadb9020f8ba1c003b48,620c87c171fb2a6dd6e8bb4dec959fc6,2017-02-14 14:34:59,379.9,16.83
cbd72908cd519d4501d42b94604a313a,1,6cdd53843498f92890544667809f1595,ccc4bbb5f32a6ab2b7066a4130f114e3,2018-04-04 18:35:23,349.9,26.97
380c501bd03f8059ea933d24459206b0,1,d3d2f358e7e92dbbbc0a37d0b7435253,b335c59ab742f751a85db9c411a86739,2017-09-10 21:15:17,139.9,21.47
5e29bb4d91686c8d61f87779502db614,2,439d0c278b77ddc4b1488de210c8df35,259f7b5e6e482c230e5bfaa670b6bb8f,2018-02-01 03:15:48,54.9,17.28
46a354ecffd29742e985db9b49cae302,2,e5215437680ffc2cfdb0ce9088870176,cc3d14116804f7209f3884f6367f1152,2018-02-09 12:55:42,29.9,14.1
b75a6018e7dd4580ea41116341ec362f,1,40f9995eecfc68f54991ca49582e9885,7040e82f899a04d1b434b795a43b4617,2018-02-19 16:47:53,19.9,17.63
cf79d8a5a9b82bce4c9cb3e9469a9b0c,1,ee97db3ef647a016f3bb7376f8a3ffcd,dee656f0f566ed1aa85bd137c943f08f,2017-12-04 03:32:35,34.9,15.1
01c1f3c10d2641a10cfd97ffaac0b3f5,1,10714d6a49c0af9ccdab2d806887c5f5,9616352088dcf83a7c06637f4ebf1c80,2017-12-06 22:18:02,59.9,35.74
2c8d335aabf96328d817f48bdbccc430,1,bd69e6d599b9a3d9c298617c14e46f9f,1900267e848ceeba8fa32d80c1a5f5a8,2017-10-25 06:49:06,80.0,12.9
56c3277583e16009c925fdf116df420f,1,d4f5afce58ebf89ef1186236c54d2594,128639473a139ac0f3e5f5ade55873a5,2017-12-07 04:39:00,18.9,12.48
246a0dd11a624cd29b8c5dc2e56fa1dc,1,5a0783457f0264ade6beeac64ba145f4,52f9db5cfb423382a2fa5c9e39303202,2018-06-04 12:29:46,62.99,18.32
7cd15a71ceaf712ec5e134996f2f8586,1,e9c1abcc7126360336d8f56d49041a8c,679769a98cfcc6da877c8486ff1c13f3,2017-11-17 12:10:23,349.0,18.2
9cf62f240f501435b77f4d448a2b5f39,1,fb6782985a98aa8a59238f58239f6f1e,955fee9216a65b617aa5c0531780ce60,2018-02-08 13:49:11,79.99,13.11
313c8d52d3e2c7c1fa9e1e1882171a24,1,81b02d54ef048c9d96b59460939023bd,f35b3c613c4f7b2275f4185d0a3c59ec,2018-04-23 05:50:32,614.99,12.66
3f84b0049b0be014bde59429ca8267fc,1,4c82c8d31845d751d797debc3d03697f,ce27a3cc3c8cc1ea79d11e561e9bebb6,2018-08-21 17:30:06,12.99,7.39
d468e4e85ee3a383eae43d3e8d9f116b,1,197f7d1d3a8b0bf0c8f0394ff71b574b,76d5af76d0271110f9af36c92573f765,2018-04-16 15:10:59,88.0,15.5
337ace5c193fb745fca018fd1e542c9c,1,703655144396d09091d9280259c9e51b,ea8482cd71df3c1969d7b9473ff13abc,2018-02-14 01:49:44,24.99,17.63
2ebae2ed985f7f0a3beb4fcb70fefa19,1,7f967740bec1ec031ac460084afcb4b1,bafc5aa11e413978be29040f51342e70,2017-12-12 19:55:30,289.99,13.73
d389978f75f6d3117c609815dc04b989,1,bed95d69e90e758da84f50f57dc0e31b,1336efc61c316ddf92c899eb817f7cae,2018-06-19 21:37:01,359.99,48.82
c0b3a6ec68db87dd98bb317ea6835608,1,20f23f339bacbc1863017f4d0619cee4,7ecd59e5e20407131822c1a68ac59c1f,2018-06-14 03:13:13,16.99,17.06
e17d3302a2923d0185757dfca4243419,1,a54f350cdb1f303fe39221171d003852,23613d49c3ac2bd302259e55c06c050c,2018-07-05 02:58:53,39.9,17.41
2e66dd346593941760c467271183f53c,2,b30bd2570ba0ad3ce06e785a7b23d544,4a3ca9315b744ce9f8e9374361493884,2017-05-25 19:03:05,50.4,15.1
6714663b6b3db5c838d7590c6a7600e3,1,3dd2a17168ec895c781a9191c1e95ad7,de722cd6dad950a92b7d4f82673f8833,2018-02-15 09:31:29,149.9,23.37
928e8e158d1096bf9bad69d9e927b6b0,1,332842d24e84234cd91299a225de76ab,634964b17796e64304cadf1ad3050fb7,2018-05-28 20:30:51,399.0,59.34
a518b0e2cc4f320f21cf76b615df9869,1,5a6e53c3b4e8684b13388d6aa4afdf12,7299e27ed73d2ad986de7f7c77d919fa,2017-06-01 23:05:14,16.99,15.1
78b5b205705f30bb989c4a6c7f8822e4,1,10335f29114548c89998eb43398f58e5,6560211a19b47992c3666cc44a7e94c0,2017-12-21 17:31:18,89.0,7.88
49d6c0bdfef33c709ed283eb19d8b3d0,1,9b31e696365ea4d66a169a1767538f2a,bf00385a5f7fc1ef39a13c2e9ee50a5f,2018-08-29 17:55:10,26.9,8.94
b1600c1915c18f85050002d08b6274a3,1,4c9c5d9cbd2475b109784b48a70a5c70,d921b68bf747894be13a97ae52b0f386,2018-05-17 06:51:20,320.0,23.95
15c8bb2579fbbb27773fefddd07e4111,2,9ecadb84c81da840dbf3564378b586e9,1025f0e2d44d7041d6cf58b6550e0bfa,2017-09-26 13:35:18,38.4,17.92
df147d110784e81110ece3cae5fafee2,2,aca2eb7d00ea1a7b8ebd4e68314663af,955fee9216a65b617aa5c0531780ce60,2018-01-19 06:32:38,69.9,13.08
d341bf71429128ec496e8012f3f8e2a0,1,84f456958365164420cfc80fbe4c7fab,4a3ca9315b744ce9f8e9374361493884,2018-06-14 22:01:37,84.9,14.9
191fa27b2a907e113d60ddfd7dc29696,1,c2a1ff8408a1c857c8730e4d12da714e,95e03ca3d4146e4011985981aeb959b9,2017-06-18 22:05:13,69.9,16.74
d128b5634e1faad98f4ef5ac2f7e2e97,1,fdfb90feb49d2b41b8283a8ec6e95590,f5a590cf36251cf1162ea35bef76fe84,2018-08-23 11:10:02,799.0,133.47
6ff14c785c89530b9a33206e62253d05,1,7c6fbb3a5346dfd607386155c6f628f8,c70c1b0d8ca86052f45a432a38b73958,2018-08-27 16:55:26,110.32,8.03
b2b7043343c97ca1dfc624e1d71e43df,1,b80b2895a4edf092d99f63d8d96d84e5,c3cfdc648177fdbbbb35635a37472c53,2017-08-09 15:11:59,49.9,13.37
457afd8c764234eb93f7a25268578440,1,418b40c9e83b7e5ac79e4a7ef975ebbe,4917cee8d902e13428c3ec4b1ca6f315,2017-08-28 03:25:03,159.0,69.82
ab7645aa9bb508419e3dfcd8805edf76,1,1a69b9ec6d25d7656d024ad51f55c0ec,9e6229250fedbe05838fef417b74e7fb,2017-12-29 11:52:31,179.9,21.75
c0e6116a3c6c2d732ec1b43bb7b5f307,1,1c9b5793de6c3d9117b6218552c87a8f,3c7c4a49ec3c6550809089c6a2ca9370,2017-11-03 19:15:19,13.99,7.78
d1872a759d4c1e5437aa708d64ff592c,1,cb6c1c21ebc9c153a7baf319c515657a,85d9eb9ddc5d00ca9336a2219c97bb13,2017-08-08 21:35:15,31.9,12.48
3b7620f0a3652abfdf6bc1b145b9117c,1,cac2a35a7d2ff513045a3114a29b4398,70a12e78e608ac31179aea7f8422044b,2017-08-16 20:55:17,39.95,34.15
a98012aa8c697f2bcff9f8c2183e0f2b,3,c6e513054b982283c1cbbb2a45d02d83,f8db351d8c4c4c22c6835c19a46f01b0,2018-05-15 23:11:49,22.9,0.78
ecca17940ac000efeca3a8bbb3866591,1,10717ff440b2320081989126e858b220,00ee68308b45bc5e2660cd833c3f81cc,2018-02-21 11:27:25,138.0,17.22
2702240ee3035b40fae068d0f55e47e5,1,d75e2e75d4471019ee14ae21d5f61704,013900e863eace745d3ec7614cab5b1a,2018-04-09 08:08:58,87.5,20.66
a65b4ca3851f2b54790d82614f404348,1,736f1b87428f9cfe5f5184c4ac0fbe05,1dc2de47ee26a0a5b12dc14fd6dc0dea,2018-02-28 02:08:50,55.9,16.02
d416e69ac2b8a56d17f9b3ad10bb37b0,2,76603a4bccfedb23ac477d3cf1f69ce1,411f3b52d857390502ee4e4d5ceabc2d,2018-05-29 12:15:01,219.04,9.89
331027db835328af30e85ce6c7b55655,1,9f94fe66050fae9e9351d5c83f4667c8,8cbac7e12637ed9cffa18c7875207478,2018-02-09 13:15:34,22.5,16.11
2e266d1d2bf4cdf6d74ee51b92bab016,1,3dd2a17168ec895c781a9191c1e95ad7,de722cd6dad950a92b7d4f82673f8833,2018-03-20 02:50:56,149.9,23.98
0dd96ab2fca2927658c83b7e2e954ec9,1,c6336fa91fbd87c359e44f5dca5a90ed,4c2b230173bb36f9b240f2b8ac11786e,2017-07-13 02:05:22,39.9,14.1
85b05a808acf9ce20564b3550e7ba749,1,775882cccdd5199956853d6117b0e650,d91fb3b7d041e83b64a00a3edfb37e4f,2017-02-17 09:22:39,115.0,14.98
0f7a031ff7235289c8ce7270cac7c4ec,1,c5d8b84a90f73bd09c30e71e76caaa11,6039e27294dc75811c0d8a39069f52c0,2018-03-01 02:10:46,79.9,21.05
15a1cd1da2bcaccc711512ecb5701c5d,2,361d8cb449a8b6a7c58b4a0c8ef23888,cac4e0bc1a3269fa2b6ea5e763f6115b,2018-04-04 03:10:25,17.8,18.77
8b6746478f6b44e7b76097d1c2f4dbe6,4,1b2066a33aee5851ee3e44b10b36b3c8,1025f0e2d44d7041d6cf58b6550e0bfa,2018-08-06 22:31:38,20.89,11.17
52245a1eec5d9e4278acd0e934e3aa3e,1,3877d1c5a012c0c315cb72f7588b7a56,a17f621c590ea0fab3d5d883e1630ec6,2018-01-16 17:49:04,36.33,15.1
9cf677fc6e42f8256b310109fe5f2333,2,f646af315b0f3a597f69213537ca2199,3df020b72d3d44b3af9d110fa3940b65,2017-10-16 23:14:24,49.9,16.11
dd7bd4b50d554cf0c41fb4c0cfccdedc,1,5999995b8f64d769dbc6f592b86d6f8a,c013e57c075a06e5b5c48ee03c525719,2018-06-20 11:02:34,36.99,14.57
a1deb5a1e93bdf89bc4e5e00ec3691d6,1,bee2e070c39f3dd2f6883a17a5f0da45,4e922959ae960d389249c378d1c939f5,2018-04-10 12:15:06,180.0,9.56
626d1cc366da566023f1b3d8e202d568,1,4fe644d766c7566dbc46fb851363cb3b,c31eff8334d6b3047ed34bebd4d62c36,2018-07-05 04:30:55,99.99,12.43
d47b9b1166f0cb84c9cc7b8a507808ff,1,710e89a75e7f980a83c21d9f884ae13a,6560211a19b47992c3666cc44a7e94c0,2017-06-12 12:45:41,149.0,12.54
0ee7b1f086c44cbf2dc1efbdaa69bc19,1,99a4788cb24856965c36a24e339b6058,4a3ca9315b744ce9f8e9374361493884,2018-02-09 04:50:21,86.9,21.1
09bb35a3939c3181b4a5619cb3918976,1,e24f73b7631ee3fbb2ab700a9acaa258,0cbcee27c791afa0cdcb08587a2013a8,2017-11-30 03:51:10,99.0,17.94
32510b081654e6d2e96fad5a6525660f,1,c233a2dd158de2f5877ef680906a2c33,da8622b14eb17ae2831f4ac5b9dab84a,2018-05-07 22:31:28,179.9,27.34
8d6f2d65fb984460ec10037e22a06fa2,1,ecb054d15ac79df23f143de21d0dea23,0be8ff43f22e456b4e0371b2245e4d01,2018-01-26 14:17:58,24.9,21.15
dcfd7c52a6963113ae9c4e12ceebde69,1,b4183f86c9a0c7a13138ff4575114f76,4c03b9dd4c11ee2cb35c96c49efc9420,2017-05-22 19:02:38,59.9,17.99
37c784fc18298a8c578de2bf806fdcff,1,146f38b5c222913dbe6606e5a25cd318,c3867b4666c7d76867627c2f7fb22e21,2017-11-14 03:26:37,55.0,17.1
8cefcd4d626074f8b6fa9c501659da8e,1,d8b6376a7527727f3f1d4a92dc155a6e,750303a20e9c56b2a6bc45cdce0b897d,2018-06-28 20:07:46,409.0,59.63
edf3091b65403afebeb2a7cbb1682b6f,1,475e8a9ddbebf13af503d1c7eccadb1a,f8db351d8c4c4c22c6835c19a46f01b0,2018-05-13 21:15:26,118.9,18.91
489db951401825ce7d66665e5b5108bf,1,4ebab6a2135a2477b657bda38646b64b,7aa4334be125fcdd2ba64b3180029f14,2017-08-08 19:25:21,25.6,12.69
73840bb583b69b1d181d54f3f755a4e2,1,3dd2a17168ec895c781a9191c1e95ad7,de722cd6dad950a92b7d4f82673f8833,2018-06-06 13:57:57,149.9,53.18
6275954c6646fe2a6fcc3b1f7771de04,1,368c6c730842d78016ad823897a372db,1f50f920176fa81dab994f9023523100,2017-11-30 17:37:49,49.0,17.67
32a9917a34f07cd1a2c04102e4989e4f,1,9bfc55df037ce3ac01bfd84781adf7e5,7d13fca15225358621be4086e1eb0964,2018-02-22 11:55:49,590.0,18.88
7b1ade884cd7da23e0f853fd00807d38,1,b192be433004cc1f10b467c0e9ea309b,de722cd6dad950a92b7d4f82673f8833,2018-08-07 20:05:19,179.9,30.51
55aeba08a7d54fd54220244c4dfdb559,1,9ac3471b9357338ea8054108a00389e3,0afccdb8a34ee5c79f7c06faf2b4d56e,2017-12-01 02:14:00,39.9,16.79
ed9ddf13b205161d8ca32de15a50a5c7,1,6f33a4a09ae1180a0ee1ff4682b2d21f,725c32fa80c2faacc4fc88450d27314e,2017-12-11 04:17:40,139.99,15.74
48b20e2450ca3aafee885610dadf7f1f,1,071b82cad6de748755bb587ff3feec2e,7a67c85e85bb2ce8582c35f2203ad736,2017-08-16 03:25:33,129.99,17.16
591c776946bf5814d5438574a5b42327,1,fda6e6a7a94613adeb9bc945a6dbcc10,59b22a78efb79a4797979612b885db36,2018-08-02 16:31:41,149.0,19.14
4ff36f43b95e4fbebfa94b98f8f33847,1,35afc973633aaeb6b877ff57b2793310,4a3ca9315b744ce9f8e9374361493884,2017-10-02 12:04:24,89.9,17.88
af91d510d187f304483d1081272ad705,1,6f58431a7150fa91bac9f28f5454a8e8,5656537e588803a555b8eb41f07a944b,2017-10-02 03:49:15,25.89,25.63
bac64cbfd217477d0b1d11fd3552ffbf,1,054515fd15bc1a2029f10de97ffa9120,e9779976487b77c6d4ac45f75ec7afe9,2018-06-11 09:12:26,43.0,18.23
4bfccd93522d928f8732e455310da85b,1,d2fd481184c11c7b14fd8e62f60b86b1,1da3aeb70d7989d1e6d9b0e887f97c23,2018-01-31 12:31:23,33.99,8.72
f9a6aec1708cd20b564a6b2a29ed2290,1,43423cdffde7fda63d0414ed38c11a73,b1fc4f64df5a0e8b6913ab38803c57a9,2017-10-03 07:49:07,55.0,7.94
52245a1eec5d9e4278acd0e934e3aa3e,3,3877d1c5a012c0c315cb72f7588b7a56,a17f621c590ea0fab3d5d883e1630ec6,2018-01-16 17:49:04,36.33,15.1
bbc78f387d75afb81df8da1498337e8e,1,cac9e5692471a0700418aa3400b9b2b1,7ea5bfa6c340f58f8e71fc1f0412b0d6,2018-01-08 15:55:24,124.99,14.62
b4e154c611973630ea64ad7f8daa133b,1,7cc67695a7648efc5e7a755603402b49,95e03ca3d4146e4011985981aeb959b9,2018-02-09 01:53:31,29.99,8.9
b6480a468bd89b1732a3e73ba16a270c,1,3dd2a17168ec895c781a9191c1e95ad7,de722cd6dad950a92b7d4f82673f8833,2018-05-07 02:30:54,149.9,25.18
0baaa859b7ff0b4d1f674a1d5c3049f3,1,8e48c45980a3fee42f12f7986a4b68d5,e5e33c0d8e7e002f398f5dc4cbbb338f,2018-06-10 21:52:34,415.7,20.79
15c8bb2579fbbb27773fefddd07e4111,3,9ecadb84c81da840dbf3564378b586e9,1025f0e2d44d7041d6cf58b6550e0bfa,2017-09-26 13:35:18,38.4,17.92
fa2211e05a1ebb8eedfa015e5d6d7957,1,36e11e6e23d31fb19391c75b1ed80a9a,65febd49fd28ec955651299159b1f527,2018-05-30 02:18:31,99.99,25.28
a3df0981c7418c75ec3e64bcbaf4b82c,1,c42a54d639771f80d5ea22dd39a0d845,cf2384dd2f1dddea3f838efed0945e65,2017-11-30 00:56:40,125.9,17.62
f5bce854828285b05f16143027a664c6,1,a92930c327948861c015c919a0bcb4a8,6560211a19b47992c3666cc44a7e94c0,2018-08-13 08:50:22,78.0,7.81
91e37208355ef2b54b5d8217ed81f365,1,394b16cd32e9f883365dd7ebac4edbe0,8b321bb669392f5163d04c59e235e066,2018-04-03 02:47:56,14.4,18.23
5d8614cc1b5fa0f33976b87215bbdb0c,1,1d8cb1d3317a3090bc73ecde425d334c,7202e2ba20579a9bd1acb29e61fe71f6,2017-08-23 22:25:13,399.9,17.55
495f56726168b6a736cc1220b7d49be1,1,a291cc846d74d97f01611894f983073b,de722cd6dad950a92b7d4f82673f8833,2018-07-26 13:24:40,189.9,20.52
f31cf521d461f5b8b5b1456a0448495e,1,060cb19345d90064d1015407193c233d,8581055ce74af1daba164fdbd55a40de,2017-06-04 21:45:10,147.9,21.27
677903861e5a22d39b6c208476a62fe4,1,6d3d8ade6b793a08b041b6bc653c08ca,5343d0649eca2a983820bfe93fc4d17e,2018-03-21 08:49:33,39.0,22.93
94d2de9ad08d15bd3e714a984bd09bcb,1,553db989ee7f8afb98f8fb680d30050c,fa1c13f2614d7b5c4749cbc52fecda94,2018-03-15 18:31:17,369.8,17.47
ca4b9f3ce6fc19e8533501cf8c6b832e,1,b36e7193e7cc82714005b7aba1deb3c5,c68fb906c8f4b4b946d8386bfa6e5467,2018-08-01 18:30:43,39.38,13.86
b5ba129c3461e787bf826b827b5a03ab,1,5fc604f5f76a23b94565f06a830fa835,cee48807215b30a12ca2ca10ffb5f250,2017-10-26 13:14:51,111.9,15.53
e7d94ab6c93320816f9b59df54012a32,1,210a8305d79b2f5719cbafb2c026797f,f8db351d8c4c4c22c6835c19a46f01b0,2017-05-08 02:25:06,36.9,15.56
8fc359cc10f3ab99032248ef5f152d4f,1,a0ab96e461d74537772b84950f26a257,128639473a139ac0f3e5f5ade55873a5,2018-04-16 14:55:20,34.9,13.47
f62fdeb39023106b1bb98bee97a54a87,1,9a07babc9b1d5d84b1e2422f8b55fd42,c66dccfb3f109511246da627dd5a2498,2018-03-29 18:15:20,113.0,51.29
ae577e9c807a2335fb55c903ca5e90fc,1,437c05a395e9e47f9762e677a7068ce7,f84fa566034f5e8e880a07ec624c56af,2018-03-26 21:48:47,47.65,18.23
8719765a2c69491f63bc8b06f379488f,1,3552627a68384dc559f0fd4cce173269,3c487ae8f8d7542beff5788e2e0aea83,2018-08-24 15:49:35,199.9,8.98
738580878981997bfadf04c4c2fbd013,1,9a7c0784b8058269d176b3089c946ed0,1900267e848ceeba8fa32d80c1a5f5a8,2018-07-31 19:44:14,54.99,13.97
b63d14d5b4f36c400c5a897287b48a1e,1,032e8352e7d34cc2558d4ae22132866c,5a9b3bcab695173c820e53934574ae80,2018-08-02 15:05:11,139.0,64.77
5c7ffa6a8321eb05f96b3f941cf874e5,1,3225c54bb2785c33f49f50398fcdb88c,c60b801f2d52c7f7f91de00870882a75,2018-04-12 03:15:31,270.0,16.77
fd74a95ccfea489d33e78d0c076a640f,1,d1fbb5683c8e93f314d0f2bf40d07761,dc4a0fc896dc34b0d5bfec8438291c80,2017-10-19 15:07:12,95.03,21.5
b5caac3d864a0915203a1789e69329b3,1,1b0e39ec889889ea1d492603d8512bfb,e26901d5ab434ce92fd9b5c256820a4e,2017-06-01 03:15:12,32.9,14.1
073df773abf715c8e62c999668a9cc49,1,55c241d4a5f20682cdeaec642cb06fa8,dd55f1bb788714a40e7954c3be6df745,2018-01-19 20:09:18,399.9,17.56
c6051ea41588b7a6ae49a458fcba5ac9,1,e24f73b7631ee3fbb2ab700a9acaa258,0cbcee27c791afa0cdcb08587a2013a8,2018-03-20 03:08:25,115.0,23.39
08eef0ee40e395cb547563fc31ab1bd7,1,f78c2e2b9562f4eb436a275b2a230531,620c87c171fb2a6dd6e8bb4dec959fc6,2017-12-08 04:14:32,69.9,28.89
4f72abdcedf8185382214a227cdb9e9b,1,7d1a667dbc183583078324f912d42c6b,2089a6d640999f9b9141ac719b2af596,2018-02-28 09:35:31,112.0,15.53
ff632bc583a94f23c59db4cbaa0ba2ab,2,43b54d1fc56ff394092a3dff6be2d39f,c70c1b0d8ca86052f45a432a38b73958,2018-05-13 22:53:41,110.32,7.96
ca978d2459ea2c5ef6d5fde02be26b9c,1,163da86e86f0089de089399c28c3fcbb,9f505651f4a6abe901a56cdc21508025,2018-03-13 09:29:07,99.0,9.59
5f53ad559baa843298f7772942dbc6fb,1,3dd2a17168ec895c781a9191c1e95ad7,de722cd6dad950a92b7d4f82673f8833,2018-01-24 23:20:11,149.9,15.81
9af5f003f0da353f6c32a5c5e0c83b39,1,a62e25e09e05e6faf31d90c6ec1aa3d1,634964b17796e64304cadf1ad3050fb7,2018-02-06 13:31:35,108.0,9.77
bb8b0de6aab45a9395bd46092865b6ef,1,3cc4d754aa53f733c4141170236195ec,2b3e4a2a3ea8e01938cabda2a3e5cc79,2017-11-07 19:50:13,1199.99,29.2
d35d04877fd2f044b404b6e80567532b,3,31c4cfda24c7c817aa9761fa55185dd2,897060da8b9a21f655304d50fd935913,2017-12-07 15:13:59,19.9,16.11
b144e2ac9863ed27bc59dbe4dd2f8773,2,f83fd2b539bc73678c65be8d418be8c1,270d3ef21830ad0ecf3a6c53d08a533a,2017-12-12 14:14:32,38.0,11.85
cac424e74cd7f269d55aecca60a99333,1,ab44178963b4bf809adc477810f9175d,537eb890efff034a88679788b647c564,2018-07-04 16:50:20,24.9,15.27
cdb17e415cae13fddbaee8ab5e55e9e2,1,a16f2c3edfeabc364393b012e19e2a15,06a2c3af7b3aee5d69171b0e14f0ee87,2018-03-29 12:08:07,61.99,27.49
00df27e666004db9f14bce766fa5327c,1,c5b72065154ec27c2d1ed8a654c3348f,b33e7c55446eabf8fe1a42d037ac7d6d,2017-11-23 11:55:31,190.83,12.84
f5ef1b1dc8aed14279eeb0f4b745d887,1,4a41bfa11528f2c8133c8fceb4494e84,1d29dfba02015238dfbe2449a5eaa361,2018-01-29 17:26:08,52.9,15.12
51ec41884835ac1d486fd3f6b4b4bf0a,1,49eeae59754cbcf1abeeffb8f51184ee,972d0f9cf61b499a4812cf0bfa3ad3c4,2017-11-30 03:11:40,69.2,20.97
88543da9ad238e70098166896bf9ea06,1,46bbd7e6d1f636953ddaf38d4abdf115,e8dba4d70f7f2b20e775d09cae01142d,2018-08-16 11:04:24,74.99,8.69
6f0fe3a4d47a538537e0ff4486928014,1,db5efde3ad0cc579b130d71c4b2db522,4869f7a5dfa277a7dca6462dcf3b52b2,2018-02-25 22:47:01,175.0,12.73
ce5cc8db5db3cf165759073512ba3d82,1,592ff96534d1910c18025cee34d5c8de,e9d99831abad74458942f21e16f33f92,2017-05-25 18:10:18,38.99,8.72
4477da12913cb6bd85fc066f52b27f91,1,44053ed0088d0655ed338810cd2d4d51,fdb9095204a334cd8872252ffec6f2db,2017-08-21 03:32:48,142.0,9.81
195f145ac1c5e473431a8b605fd8a7df,1,fb495e971326b55afcb1f473adf0afb8,4d6d651bd7684af3fffabd5f08d12e5a,2018-02-05 03:55:37,79.0,21.04
7ede340903c485e891cba5b1064ecf5c,1,c6dd917a0be2a704582055949915ab32,7a67c85e85bb2ce8582c35f2203ad736,2018-04-24 10:11:07,89.99,23.21
68045e87308a14e1d77f14ff287a2b3b,1,566a4f2c4385f36d15c00dfcaae132d1,8b321bb669392f5163d04c59e235e066,2018-04-03 02:50:17,21.9,8.29
49ca71290aca256140005165217e2644,1,4520766ec412348b8d4caa5e8a18c464,16090f2ca825584b5a147ab24aa30c86,2017-09-06 04:31:21,40.0,25.63
5ebce795f868b14058961eb09ebf1cbc,1,c5d8b84a90f73bd09c30e71e76caaa11,6039e27294dc75811c0d8a39069f52c0,2018-03-12 03:55:51,79.9,23.43
1871eea34c05e21129b1a6a25e0ec985,1,21a60ea134ec6f7e1544c4c71b998235,1900267e848ceeba8fa32d80c1a5f5a8,2017-09-28 20:45:31,8.99,11.85
7b60439ce00c75448babbcbfb0bdb6f0,1,593236d0ff46b4299b4787fb8d43f7f0,0dd184061fb0eaa7ca37932c68ab91c5,2018-05-18 14:10:18,69.0,43.02
3caeb4389178c6b0cad926fcd9a939de,1,2ac7c9339ff85fff3e1aee3eaf7bb315,8a2d12a90e92f012ce5226fc6592b653,2018-02-15 21:35:28,29.9,22.67
25d6858f3b1d2f332623bdccb12db9eb,1,6f3b5b605d91b7439c5e3f5a8dffeea7,7d13fca15225358621be4086e1eb0964,2018-08-14 15:50:07,155.0,19.19
40d9b709b3b6a77fcd309165705f58d7,1,4298b7e67dc399c200662b569563a2b2,88460e8ebdecbfecb5f9601833981930,2018-08-07 16:25:28,119.5,22.77
061cafafafb36839a8ee7cf19ab807c6,1,b33eafe0578ff59c3c9c0853a365e3b6,9baf5cb77970f539089d09a38bcec5c3,2018-04-04 03:10:51,154.99,11.71
199e57082aefc964e7135792059718a9,1,3a07f82957867a5eb477dc7f2f60c2aa,6560211a19b47992c3666cc44a7e94c0,2018-03-29 03:35:22,38.0,15.23
b7ee003a15e0771e300ba4fa565c1cde,1,99a4788cb24856965c36a24e339b6058,4a3ca9315b744ce9f8e9374361493884,2017-06-12 22:45:14,89.9,13.65
3fd1a0108718230e45ed596af3c04ab7,1,c935bc1beb7be8accee684358fb0d47f,ce248b21cb2adc36282ede306b7660e5,2018-06-27 14:54:17,999.87,47.29
4e6d546fa72049694bdc912c60fc4953,1,aca2eb7d00ea1a7b8ebd4e68314663af,955fee9216a65b617aa5c0531780ce60,2017-11-24 10:30:45,75.0,13.08
149bca3daf097d7695389efb9b491653,1,49e4da381c1d39e7df445cb2209e2359,5a413ade68e8f8d93071a7f52a64cb9e,2018-08-22 14:11:03,55.0,11.41
74da83fb91c2ae842aa99326a002cde7,1,b0961721fd839e9982420e807758a2a6,1f50f920176fa81dab994f9023523100,2017-07-05 13:05:14,59.9,17.67
afb23e950af5ba7626b9fcc4e1c63147,1,0b2c18d8e73e17348a011241525cb089,6560211a19b47992c3666cc44a7e94c0,2017-10-25 19:25:59,199.0,15.14
1f31a04201c7a177ad2e98405b18f8ef,1,d2b42ba1cc7c04d6f6e4ea54392b95fa,8b321bb669392f5163d04c59e235e066,2018-03-16 16:50:44,18.0,8.29
9b27acea1ceeaf0e2c4409066b85c93d,1,6463e442310f2f4f321c83a32d8c662b,c70c1b0d8ca86052f45a432a38b73958,2018-08-01 12:44:36,110.32,8.03
b18c7057bf0a8cf25032b7dc0a680796,1,c6a5b2b8610b3206be072c211b70ba69,3d871de0142ce09b7081e2b9d1733cb1,2017-10-01 22:29:18,79.0,17.8
e91d77b27ccd3bac6b23a34a44ae3db1,1,fff6177642830a9a94a0f2cba5e476d1,7a67c85e85bb2ce8582c35f2203ad736,2017-09-11 11:45:17,109.99,17.02
3f8d6d4cd34333e5cada298b7b09b719,1,c1116dd3986bccfc56e1573680b2af20,381c83fdca332ea6afd896da20bf6e4a,2018-08-17 07:15:12,119.0,9.34
99154e0d0a403c1c7dc3f38886f6776b,1,f361fccba568fabe00db466f80626d1e,85d9eb9ddc5d00ca9336a2219c97bb13,2017-09-12 23:15:18,15.9,14.1
029f7a5aabaadfcdfe8c0eddb59a1069,2,0a4093a4af429dc0a9334300e5c13ae5,da8622b14eb17ae2831f4ac5b9dab84a,2018-03-09 16:29:19,29.9,8.27
99154e0d0a403c1c7dc3f38886f6776b,2,f361fccba568fabe00db466f80626d1e,85d9eb9ddc5d00ca9336a2219c97bb13,2017-09-12 23:15:18,15.9,14.1
2e66dd346593941760c467271183f53c,1,b30bd2570ba0ad3ce06e785a7b23d544,4a3ca9315b744ce9f8e9374361493884,2017-05-25 19:03:05,50.4,15.1
3f0f2949423ea4caec394b9d09f075dd,1,e68a5a5626c4b1bfc5ca78202f898300,7a67c85e85bb2ce8582c35f2203ad736,2017-05-11 15:45:18,199.99,17.65
b38d2e3c75d7bf6d8579c98cca3e7285,1,d322eb25f02924adba73e58dbc36b29c,4869f7a5dfa277a7dca6462dcf3b52b2,2017-10-26 16:49:24,239.0,16.42
c7a60c45b05ec8fa2477a5291f1e8220,1,c6e513054b982283c1cbbb2a45d02d83,f8db351d8c4c4c22c6835c19a46f01b0,2018-03-26 11:31:03,22.9,7.87
0b277c8a59b6fac83b512d46a575c8cc,1,e8978d476d166c952ffba0ba4b94097e,dc4a0fc896dc34b0d5bfec8438291c80,2017-06-18 21:50:12,59.9,15.17
709e43f97cb2a47fa749503419163710,1,aecd0c211a5e24ca163d35e5087189ed,7b07b3c7487f0ea825fc6df75abd658b,2017-05-04 16:22:52,399.76,33.83
b81fc2a4875952a72ef06b533847377e,1,7afa8c8eca2a26b599823eed4975a820,835f0f7810c76831d6c7d24c7a646d4d,2017-08-04 09:23:03,169.9,13.74
8345e1e2a321e4b374a65fe12d8b30d3,1,20b0f2e1b898d6ab3155af3b923794ed,2ff97219cb8622eaf3cd89b7d9c09824,2018-03-15 02:30:31,44.9,9.42
208215ef3138230b69b97f3fb415e9bc,1,97b3b8e8ed22d0ceb3b3c520e806a334,8b321bb669392f5163d04c59e235e066,2018-05-16 21:30:23,14.6,22.85
f64d913f55a51b368d17498f8cdef01d,1,9a78dffd6ee3b0b5ef8c7bcc3363cb60,244c2f1bff6afe1f2eaf9bfe9b2aed38,2018-01-17 09:16:20,99.0,31.0
c94517a93bb24f22495c95eb3f90adc5,2,06edb72f1e0c64b14c5b79353f7abea3,391fc6631aebcf3004804e51b40bcf1e,2017-08-22 17:30:10,45.95,15.1
71dab1155600756af6de79de92e712e3,9,308e4e21ae228a10f6370a243ae59995,7c67e1448b00f6e969d365cea6b010ab,2018-02-15 19:11:08,76.99,40.69
8a8485723ca5bd95fd69bab2f1057157,1,5727b4e9463bfa0b43bf97397c4b7c44,2199e7fe213c16213bf5d6a7eadc9a5d,2018-03-20 13:35:32,82.0,27.3
aa5472de2f22cca7b5a661f6fbc94389,1,7e48d9554094858ee2269c4ef809f50e,6560211a19b47992c3666cc44a7e94c0,2018-06-18 22:36:21,45.0,7.58
7b6900f9a0d0ecc69d4ac5bdc8b3ffd3,1,0081787b18cce4acc2d1adec4520d7ba,71592660bbcb6a4664e97b6f8b68babc,2018-03-12 11:15:35,521.9,26.52
335046c7c87cf6b4d47ce63b22c563b8,1,4182ad8f6fd91b6064f2d1097d8a4291,c9aafcd0621b2207c10e32c649cada4d,2018-08-09 17:10:18,34.5,27.01
67c03c278fad216ed9ab5573e8cc551e,2,af4328f3b25c46d425187cffe0858540,53e4c6e0f4312d4d2107a8c9cddf45cd,2018-02-16 19:20:25,33.8,18.54
5a77e4bc8ac96edc52bed4bc00eaab7c,1,8dff5399c7a5552ee041c8bb465e5288,db4350fd57ae30082dec7acbaacc17f9,2017-03-30 23:32:34,34.99,10.96
35a3d210c364e3747478f468b0547bb2,1,52a646aa308987e28c375b41081de428,430315b7bb4b6e4b3c978f9dfa9b0558,2018-05-02 18:10:04,29.0,18.23
0a1f877f7653fce5563de42726f033ca,1,ac1290e4432c1f2662b71ac47da47691,2138ccb85b11a4ec1e37afbd1c8eda1f,2018-05-17 18:36:09,13.5,18.23
03cfff56e65677083384243927b9915f,1,e9ba3ec00ccd563b43e5de69a74a43d7,fa1c13f2614d7b5c4749cbc52fecda94,2017-02-14 20:21:46,229.9,15.78
b390755d66d3ef7697796139c14782e3,1,90ba8b896e0237e45804c8da0f058dc9,f4db9b37944bcb8873e6b456ee190bbf,2017-12-01 20:17:06,129.99,13.46
56e2e07e6e0f8e73a5f1c73bcb74f270,1,389d119b48cf3043d311335e499d9c6b,1f50f920176fa81dab994f9023523100,2018-07-09 21:12:09,49.9,20.99
e2d5b94a4565c77d5c35af59bb8eea79,1,82e4ad16521ca131d95e198d507db370,128639473a139ac0f3e5f5ade55873a5,2018-07-30 02:55:25,18.9,13.47
830e68f85c573a0b3ad78cc4915e0fcd,1,2f2242912bd9f5bde4a86e128e8905d7,d4e4b5192cba4e0e66eb12a9d347239d,2017-03-28 11:45:54,9.9,15.65
c58cff333993bb6b7161d7ec1350eef3,1,67217c43d81dea5a93bea48c23f4e156,18a349e75d307f4b4cc646a691ed4216,2018-04-09 03:28:47,65.0,15.33
71dab1155600756af6de79de92e712e3,1,90b58782fdd04cb829667fcc41fb65f5,7c67e1448b00f6e969d365cea6b010ab,2018-02-15 19:11:08,179.99,76.5
cf82b80e79a66336306b0c6c151f64ef,1,3da76d120922f2c5c94b3ec02db563c9,dfa0c4c6229ab200a4a1336b4d7128ff,2018-06-13 09:31:59,139.0,75.54
25a82fa3e495b6124f9d196f8ab78dfc,1,7fa9cd17cea7ecbac9778cc86b7f9033,520b493b57809f446cb0a233bb3e25c7,2017-08-21 13:45:16,27.0,15.1
19c1376b2449385d598bc89c73cdf380,1,380b4664ba5bb18cc9db78ee6bac3558,6560211a19b47992c3666cc44a7e94c0,2017-09-19 23:24:25,29.0,14.1
4bfc4fba07fff7db47e3017b9fe22ec6,1,b6475dae3a2796ed87cabc7b8e8debcf,eb5b6204dde3a6e03b5f1bb8479f055b,2018-03-12 23:20:24,19.9,8.4
d90174017bf4d85298251ec0cf5a0bb7,1,eb2d962076aa9c2485ef20775d7ca6b0,8444e55c1f13cd5c179851e5ca5ebd00,2018-04-18 03:15:34,122.3,19.83
fdef371165dea256526258defc0b326d,1,04d752c2cda8f0972a8ab10ac9abdf12,7ad32824caee82087b3e2e5f33b1bf32,2018-06-29 12:31:22,50.0,18.45
94539d5722ad55c3ae8c7369974b67ab,1,f2169c25db6a579fde210bf8ce7ce9d7,d6b664fa0667064c6d76394e7848d790,2018-03-20 17:40:47,950.0,62.91
460e7c2c52aecac706c288aab6a044a0,1,50fcba527cde578e212f114ba5cfdfef,7a67c85e85bb2ce8582c35f2203ad736,2018-02-08 02:54:08,72.99,16.76
6e5cff6677f960e7b16b2bae2b941c9d,1,7808e6dbab3a59c8a918adc4d6e12776,c3cfdc648177fdbbbb35635a37472c53,2018-08-14 09:30:11,70.9,15.6
bf9ff7bda0e211e564cf059ef5649e4e,1,04f92f94955d380b722ed941f2e6e51c,41ab63a91b8b264e8c8780368bf1dd5b,2018-06-18 16:30:57,399.79,57.28
fb37b4e097b850ea9b2a568362742d10,1,de17feec1983829fec4bc58cadaa43f3,835f0f7810c76831d6c7d24c7a646d4d,2017-12-27 06:58:30,69.9,11.73
fb2e0a2eb0a7cd9fc655c3fdda628acc,1,5ec9cc4e1217d387b9fedfa362b7bc24,40db9e9aa57f7bb151bcda6b0f9bdbb7,2018-08-06 10:10:10,1788.0,33.82
38812ede52a6842d03eb017fc2c9d92c,1,165f86fe8b799a708a20ee4ba125c289,7ddcbb64b5bc1ef36ca8c151f6ec77df,2018-03-22 16:45:27,169.99,34.93
ff2ea5b20dfaf42bcf891f8aea31542b,2,c075b8e131353552218860f1c421e4ef,f80edd2c5aaa505cc4b0a3b219abf4b8,2018-02-08 10:16:08,64.9,11.73
6a8ead05c1fec9733ff10c379faa4e59,1,62177bb58dda374cc02e6cd2616996a1,955fee9216a65b617aa5c0531780ce60,2018-05-16 08:55:32,110.0,15.2
4acae38053fac34d667306b2de1445ee,1,4a0c2a56e65c941a0bb9874c47dd66d8,a673821011d0cec28146ea42f5ab767f,2017-11-29 11:55:26,79.9,11.76
1b0bc086985717610dbca11d3324771c,1,1e618d311a1b7f88a9d96ec50aa85582,d94a40fd42351c259927028d163af842,2017-10-26 14:21:18,129.0,18.52
80d83b7a6c9a79612f4957850ec91be4,1,78976d6eae26536628ef574944bc7b0f,ca3bd7cd9f149df75950150d010fe4a2,2018-03-23 17:11:01,387.2,77.14
428379472fdd9b3d36d545677e852e77,1,8b5a6c234469d41bbd08bffea91feb3e,d2374cbcbb3ca4ab1086534108cc3ab7,2018-04-24 17:50:29,106.9,13.19
31628e1ec1ce71d13a6d7b2b0c5db88a,1,68d5c8f49bad9f5b366b4f40db6c7fdf,8f119a0aee85c0c8fc534629734e94fd,2017-03-10 17:05:20,34.9,14.52
d2a447028b1fbbc9200739e3fee4e22c,1,db580783a754f97648c304e049cf4d76,3d8fa2f5b647373c8620330c4e077a9f,2018-08-21 16:31:49,52.99,9.12
45ccd2f1dba595badc92a8c34c88381f,1,a3fd6c4ecde9035c3e8dd4e0fd8b8048,537eb890efff034a88679788b647c564,2018-05-31 03:55:14,19.9,15.14
43d88b0e949865904334dd5b3ca63f50,1,2028bf1b01cafb2d2b1901fca4083222,cc419e0650a3c5ba77189a1882b7556a,2018-03-26 17:15:42,49.99,8.29
66bc614bb924869b79b65d7f8077a385,2,907539b8216ca1250e5e974b4047699d,6560211a19b47992c3666cc44a7e94c0,2018-02-05 11:15:51,45.0,14.12
b5f7ed4633fb5be4575467a3ecd2ebc0,3,8aa87bc5f3053b4df2b05a2d3059790b,9aa388272ee334b6ae07bc73706e254a,2018-08-06 22:44:21,84.0,28.17
cc427984e779c3d1dd7e082f39a98fc6,1,9bc0b0cf5d074be7d532d216a92ec874,731ef20c231d9a7103a425e83fd91271,2017-11-03 21:10:17,564.0,133.88
8dfcba64312b559340f9c9f65ac6205c,1,781883ae609d8782630ad91af967e018,134a288e7de827ec5ec62e3ec9c3a295,2017-06-15 03:03:48,80.0,15.32
60eeb6cfb0da0d3db8ccd8a0ca15f272,1,57e089e3103f5cda6a4ce23b77399bdb,aafe36600ce604f205b86b5084d3d767,2017-11-23 10:50:45,59.9,18.96
3517c4c24184e3c518a1c8319dc60765,1,d401d9445df5a515a304b386278b4844,afe0067131b73e40875c9b6c10bd2e21,2017-09-13 11:25:21,119.9,21.33
e22a3e8048469ea68906f666d446c25c,1,775596b5ab8f1cb5890c7263c1c92bc4,c731d18cea9bf687ffee82a241c25b11,2017-09-01 10:05:04,139.0,21.46
9de73f3e6157169ad6c32b9f313c7dcb,1,0eb41884a8773e019708fb8409fd8347,c510bc1718f0f2961eaa42a23330681a,2018-06-13 12:55:49,3899.0,135.44
b9351dba71092089d0c4fdff1bb8c38b,1,fc13bac52be6640d9a77f54894e2c0e6,729b2d09b2a0bdab221076327f13d050,2018-07-31 22:05:11,28.99,12.86
9371a323185fe5bc627ed3065bf2fcd8,1,96d80c8b6c6545a30eb5bdc4961455f3,4e922959ae960d389249c378d1c939f5,2018-03-30 02:27:47,148.0,8.38
9dd9eb1d7c035198b06f1775e0711a59,2,3af6d5f9fdb78f106c003ce49d7f0186,42b729f859728f5079499127a9c2ef37,2018-07-10 16:50:17,32.9,7.49
0540bf9189ef17aab470c4942f760e78,2,6b00cb3fe05c73d0acef3fd949a34c0f,1ca7077d890b907f89be8c954a02686a,2018-03-21 22:28:08,45.99,7.39
e247c295703844ab1b844311e25046a5,1,6c712952b8ef62f8d06a0314917400c8,620c87c171fb2a6dd6e8bb4dec959fc6,2018-03-09 20:56:10,69.9,57.04
f1205199f6295174f518734d954e5da3,1,c8a1b14dcfbb5ab61591ab868d362d10,2e1c9f22be269ef4643f826c9e650a52,2018-05-22 02:31:17,40.49,23.37
242ae20c1813b0ad28b3b7b7597ea721,1,756d52539899974a9b2ae56aff0b6a2e,bc302730ea8cf49b5c74f579febb5bbf,2018-01-26 14:53:30,499.99,68.31
9146e206bcd61ac9fb10f3a26336a7ec,2,7bc34251fed67b7d8a0251d7ad8eff3c,c3867b4666c7d76867627c2f7fb22e21,2018-02-22 13:27:08,125.0,18.12
446783bed4af912fc010915b3ead3b91,1,1dec4c88c685d5a07bf01dcb0f8bf9f8,712e6ed8aa4aa1fa65dab41fed5737e4,2018-03-15 13:55:46,589.0,107.63
c8561f97a8ae2c73be7dc1a013203192,1,7814c273ab16783d73a9863ebfa8b141,1025f0e2d44d7041d6cf58b6550e0bfa,2017-10-30 20:05:06,250.0,111.2
62d6b75c62b447ebcacb509154ae9958,1,c448475cc4766baebabe30ee6d5f3fb7,3d871de0142ce09b7081e2b9d1733cb1,2018-02-06 16:51:15,49.0,13.37
a8dbaf4197af2f96f35fb65ad457c912,1,e0d64dcfaa3b6db5c54ca298ae101d05,2eb70248d66e0e3ef83659f71b244378,2018-05-18 08:55:23,134.9,18.82
c9005699b095802a8c29533ef432d578,1,48a59a89c4c68ff3e20a8b7586f33337,e81e1f9c3e762e620f3fb60a51499e16,2018-03-04 21:30:22,380.0,18.42
33ca67f12b946d8830eb3805cc63761b,1,d189fbf8b5d79a670cebcaaad68d77b2,0d85bbda9889ce1f7e63778d24f346eb,2017-08-25 13:25:11,59.9,27.8
eda3f5678e561d64fa75367186df15ab,1,d285360f29ac7fd97640bf0baef03de0,b33e7c55446eabf8fe1a42d037ac7d6d,2017-11-08 13:50:23,334.89,18.78
2f29cfa739331301e37ea8e0cc5c863f,1,7f4e034245e45549110139d1de248f83,4b9750c8ad28220fe6702d4ecb7c898f,2018-02-25 23:30:27,48.9,9.74
fe52796ecc672e9bd061049987e19829,1,ae16b1d896c15ed60614a0d88c4abf03,70c27847eca8195c983ed7e798c56743,2018-08-16 18:25:15,107.99,15.86
3e9bba03e932414fa3ebd2ae83a0cffa,2,4dfb5b21cf54e026b36472ea52d67e6d,e5a3438891c0bfdb9394643f95273d8e,2018-01-26 13:55:50,10.5,8.11
03c16ffcf7b8792fa870d8cd7abc4b7f,1,696c39c44288187022347dcb177ac304,97512d3fc193b2d1dfcdba0f9d1f0f8a,2018-05-02 15:12:17,63.99,11.15
ebc291ccb847d85f438a0b661490ac16,1,b8b426747049f2d3d6e00b486d47dedb,01fdefa7697d26ad920e9e0346d4bd1b,2018-01-12 20:28:02,99.9,19.94
c0ac0672fbc1b9f9424dc334437a3564,1,1782400950423c9b12600278b8ef65d3,fe2032dab1a61af8794248c8196565c9,2017-11-17 08:30:24,419.0,21.47
71dab1155600756af6de79de92e712e3,11,90b58782fdd04cb829667fcc41fb65f5,7c67e1448b00f6e969d365cea6b010ab,2018-02-15 19:11:08,179.99,76.5
85ee0b549c2d6696190c17f5b9be6991,1,461f43be3bdf8844e65b62d9ac2c7a5a,7d13fca15225358621be4086e1eb0964,2018-03-23 17:55:43,123.0,37.55
dbb96df7d9b75d3dfde8d10da0d65cde,1,601a360bd2a916ecef0e88de72a6531a,7a67c85e85bb2ce8582c35f2203ad736,2017-04-19 12:25:04,129.99,17.65
685eef0e70bd850df886871cc0917e81,5,53759a2ecddad2bb87a079a1f1519f73,1f50f920176fa81dab994f9023523100,2018-01-05 21:09:39,49.9,19.57
ac730ec54a5502ff2a207c2f485f3d83,1,0c5b17c1b54fc1dc48752ddb8caab6fc,2ff97219cb8622eaf3cd89b7d9c09824,2018-08-17 11:05:16,69.0,14.06
2aaab7e991347226dbda1f61c6785f88,3,7d4f932dd4fa16256c20de073329eacc,855668e0971d4dfd7bef1b6a4133b41b,2018-08-06 15:10:12,9.99,7.39
40deb01ced4c0d076432514cea0a091e,1,5581bb179770e44255d6bb9b9e1bcca9,3c03b12bab54d8b37d79d914bfdb1aa0,2018-03-19 04:20:27,18.89,7.55
e58f5be3f92e03a392967e08cd6647cd,1,707ad2b2f447c0b9d0a7da2f8e7621b3,fb89df7f89fd1b8f03fa2acca1ba7364,2018-04-19 08:50:57,48.0,18.23
fe05d1b3e709ca154c9f1377c91f6b05,1,693794dd88f66112dd42d743d2e1edb5,b335c59ab742f751a85db9c411a86739,2017-10-18 21:49:32,93.02,17.9
c9fbd3052dbd9c9ff427806225df3ad8,1,389d119b48cf3043d311335e499d9c6b,1f50f920176fa81dab994f9023523100,2017-12-04 02:52:34,49.0,13.44
2b161ac439724fda87d03abf890234b5,1,2bd9b51a9ab079e095aca987845d3266,81f89e42267213cb94da7ddc301651da,2018-08-21 23:04:03,75.0,18.63
0bbbb66c440b6ff7b34420eb273868ae,1,aca2eb7d00ea1a7b8ebd4e68314663af,955fee9216a65b617aa5c0531780ce60,2018-04-12 10:55:10,69.9,24.71
675d6533ed09bea158fd932431474b82,1,bffdb7d6bdb994823039ac983d6d30ec,70c27847eca8195c983ed7e798c56743,2018-08-05 21:24:19,238.99,16.77
dafb5cbb5a0e7ff890bd9f8db676b51b,1,c9e53dd69a11a579c7cf58da80dbe762,2e1c9f22be269ef4643f826c9e650a52,2018-03-06 10:29:48,95.49,19.91
71dab1155600756af6de79de92e712e3,6,90b58782fdd04cb829667fcc41fb65f5,7c67e1448b00f6e969d365cea6b010ab,2018-02-15 19:11:08,179.99,76.5
7d3cd94ead444e7d5a948a9e0021c426,3,07ffc018eaf23e086370dea42c74077b,49067458c68f7701fd334ce326accbe0,2018-03-09 16:15:49,29.45,16.79
1fa3133aa187f5523ca99748f5b5578f,3,66bd6e465a87926adb15dec604948867,dc8798cbf453b7e0f98745e396cc5616,2017-06-07 19:22:56,24.9,9.34
af7ae6bafcf0885e40e8c5fd1ef4c745,1,04c48a5fe31aedc4ef3896c005fd483c,620c87c171fb2a6dd6e8bb4dec959fc6,2017-03-23 15:20:25,319.9,16.41
99022bc546d95ac49e5cc2ae5df73ae2,1,28e2f0b2af65c93f3b38636759d81d98,7357b52d27cbaa90f81a96cbc1279396,2018-05-21 18:30:34,53.65,15.26
fbd8e4b53b733986be42e401224bd99f,1,ee0c1cf2fbeae95205b4aa506f1469f0,cc419e0650a3c5ba77189a1882b7556a,2017-11-20 16:48:41,53.99,14.13
41b6c4ea42d874899cb2547558f9e577,1,7ce94ab189134e2d3c05f496d635419c,8b321bb669392f5163d04c59e235e066,2018-02-06 13:32:00,13.65,15.1
dd445195b0424460abe3fe3bf4497228,1,d5c263f4d651ba657c900ce70a4be7de,dd55f1bb788714a40e7954c3be6df745,2018-04-23 06:11:37,47.9,15.23
6b8d21bbe1e219c7b5039f232ca30e46,1,ad2037645597db38527fe3afbe226af2,e9779976487b77c6d4ac45f75ec7afe9,2018-01-11 02:07:54,55.49,16.15
de9a3a4892ed94ca9e82655bdae1b840,1,53ea9da485f6aed8a6f03a85831fe021,7d13fca15225358621be4086e1eb0964,2018-03-13 08:15:31,219.0,52.03
a9d12173450be22cabf7f56bfebc2565,2,efdd9c83779dc22fdcbfdce64ffef671,9d5a9018aee56acb367ba9c3f05d1d6a,2017-09-25 20:55:09,63.33,2.21
f3c7adf3b94a38f6822478ff79db46e7,3,6c3effec7c8ddba466d4f03f982c7aa3,37515688008a7a40ac93e3b2e4ab203f,2017-11-30 02:29:42,24.5,10.92
252e3d8642591a131552842adb8230f7,1,6a97716560716501532a300ceec3c24f,f0b47fbbc6dee9aafe415a6e33051b3f,2018-08-14 15:05:00,44.99,8.48
becacb74a2852573d3b095348a9da1ed,1,368c6c730842d78016ad823897a372db,1f50f920176fa81dab994f9023523100,2018-04-23 18:55:25,53.9,21.35
75754d7bcffc106c7017989bd4b40873,1,44f90f085c7a825863cbf867990e1513,a416b6a846a11724393025641d4edd5e,2017-05-18 22:55:11,26.14,0.1
6cb295459b579361f0b6186ce45a76e4,1,af2d506fb01b724e03591349ad36b67e,4b9750c8ad28220fe6702d4ecb7c898f,2018-08-22 07:30:27,48.9,19.53
26c9592d7817db41a41b0fd3e65219f3,1,656e0eca68dcecf6a31b8ececfabe3e8,5f67c6082caacb26e431a7b17940cece,2018-03-07 10:30:40,82.8,15.33
be049b6fa688493e1676db5fafc0bbb3,1,12f066474dfa3c415c169051c5e1967e,7040e82f899a04d1b434b795a43b4617,2018-05-09 18:14:54,17.9,15.23
35575d651196f286d8d73c2b92653aa1,1,5a848e4ab52fd5445cdc07aab1c40e48,c826c40d7b19f62a09e2d7c5e7295ee2,2017-11-20 10:06:35,122.99,14.36
45ccd2f1dba595badc92a8c34c88381f,3,ed4dfdaab6c24770fc6f34ad50c89ac1,3903c788ded8dc03b5ebab37a2f3e9a1,2018-06-04 03:55:14,12.0,7.57
15c4eca9bee7274388666b826430cb30,1,4b96786612ebe7463132fce2c4dca136,d94a40fd42351c259927028d163af842,2018-05-11 18:09:51,129.0,26.98
bb2e64c3040ceb9b7ca2bfc602adca08,3,96d1c06692244e2fed6e1f9aa9552770,00ee68308b45bc5e2660cd833c3f81cc,2017-11-09 11:25:22,62.0,2.34
869e47849cdcd2a24f33ab52accd0e89,1,6914791ca3bbae73b7111d6b3ecbc814,4a3ca9315b744ce9f8e9374361493884,2018-03-08 18:31:10,67.7,15.22
e1c810cb179481ffaa80d2cb9585933d,1,d37c7b44350fea9327f32f3e603f682b,0241d4d5d36f10f80c644447315af0bd,2017-11-27 22:57:23,39.9,15.11
0f8e3095c3090d9cad1011fb6368b7e3,1,951098957e7871bfeab769de5e3871a8,710e3548e02bc1d2831dfc4f1b5b14d4,2017-08-10 11:55:16,149.99,14.07
b52d29abb97a3978df1d8922bfe36fbe,2,6463e442310f2f4f321c83a32d8c662b,4be6b962d83299498bae2190f95d6566,2018-05-14 17:30:50,138.9,17.16
2f2c7830ba7d481daf04619aafd7878f,1,500e3950a78a1d326f2bf3dc389799c2,0ea22c1cfbdc755f86b9b54b39c16043,2018-05-24 10:30:45,19.9,7.71
6f4a84455372ad6b74c6ddd49e730539,1,c93b1a2e204567ed8b8b59a99456f8c4,05d2173d43ea568aa0540eba70d2ca76,2018-02-19 01:55:20,94.8,57.33
b956b417947842f743b0ca3d0c3fb1fa,1,f3bdb4d3d673cd7bb48636be1d431c0f,a2e874074c877c5a05abae80ad6e488f,2018-02-02 12:50:39,686.21,24.77
0494d7ef89583fcaf33a1cea4bcfeec2,1,f2ee381460f893efb6f459e95cd57695,272f092de69afedd4d2969440b37f18f,2017-08-29 02:47:48,29.9,34.15
35ed6b2bbd7deca1e23166bbe62f49ca,1,a62e25e09e05e6faf31d90c6ec1aa3d1,634964b17796e64304cadf1ad3050fb7,2018-02-21 02:47:57,108.0,17.33
c48a0edfbe31112fc8f48c3acfb42e2b,1,b514de4b3d95c155ea6535df020af4b5,1025f0e2d44d7041d6cf58b6550e0bfa,2018-05-17 15:51:52,39.9,8.88
54dfaf9697f69a07a441fc17ab325f5c,1,ef23a80c3e7f9c63e9956f6f54b1cf15,1d29dfba02015238dfbe2449a5eaa361,2018-05-14 13:31:20,52.9,18.25
299c93716e44a3cc7521ffd9b2db1fc3,1,67bd616e1ba0d3d3e8545f3113b0140d,e9779976487b77c6d4ac45f75ec7afe9,2018-05-16 03:11:46,14.49,12.79
1790c6f253dae58fa859ae0c94bbffad,1,8ae935cab2de3f74f4960de6ee604f90,9539213aa8e023c01937bef95dc006da,2018-02-05 13:31:24,29.9,8.72
ef53159b7b28df06945b68eb2b65abc1,2,aca2eb7d00ea1a7b8ebd4e68314663af,955fee9216a65b617aa5c0531780ce60,2017-12-15 02:54:19,75.0,29.94
f20439467653674ebac675290f67e15a,1,666696771a5dd7a28816eab47b70d966,8bb48dc19fccaa8613b6229bf7f452a2,2018-01-11 18:31:45,118.0,18.08
49410e2fb311cf8b70baeea98a3cdbf1,1,787a7fee45732e04f90ace8fda0ed076,537eb890efff034a88679788b647c564,2018-08-05 22:23:53,19.9,27.42
28915ae2a90c218f0c2b7f8e0fb280e0,2,e2dd0cb9b99517a86cbc9441cbb55348,c731d18cea9bf687ffee82a241c25b11,2017-04-17 03:45:26,24.0,10.81
c12f6da2e568142b38a24c3c2bcf13a2,1,717c660fd7ed52fdaa650d509dda7912,4be6b962d83299498bae2190f95d6566,2018-03-13 18:15:47,32.9,12.79
201797d3f567dc70cc5732ecf055e346,1,a0b7d5a992ccda646f2d34e418fff5a0,95f83f51203c626648c875dd41874c7f,2018-03-23 18:31:28,69.9,15.35
674dc699bdf7b477fcf8efa0b898802a,1,78efe838c04bbc568be034082200ac20,0241d4d5d36f10f80c644447315af0bd,2018-05-24 09:30:48,99.9,20.62
c811577fd6f05e9a1e607f874d37204b,2,0cb255418b89587f063171ca707b85e7,1a932caad4f9d804097d7f8e615baed1,2018-05-22 19:54:26,16.5,18.28
4382b7af38e2034ff26273519819f2d2,1,cd8ae7bcd06f2f7a49f20424afa80f60,7586919161935337bf6b6d7ff5779648,2018-03-08 17:15:39,19.9,14.1
892e01736ad734f028d207bb6578ff85,1,4bc3ab2ff016887e619e587a993af3bf,7e93a43ef30c4f03f38b393420bc753a,2018-01-11 15:09:27,229.0,16.35
5cd498954e2b37d71b315166809b4bd7,2,896a64a7f34cdfef2c60ce59fa2a148f,82bd0703a4aefd6b599e5bfdaed378fb,2016-10-12 03:56:16,44.9,15.63
cf848a1927357659bfc5aec6664e9254,1,3dd2a17168ec895c781a9191c1e95ad7,de722cd6dad950a92b7d4f82673f8833,2018-05-15 20:31:14,149.9,28.18
c577af5e9d5dbecf0ac65ff28cb8ad45,2,0615dcf981da53a5ca8777cd6a80361b,213b25e6f54661939f11710a6fddb871,2018-08-24 20:25:11,119.85,36.09
a1d8201182a838255aca3592492761d0,1,a4244677524382339c909db6013a34b3,57e632711dec9ec14ca7546769483e7e,2017-12-20 22:50:55,71.0,16.94
5be92ef6cf4a42ece07ad8bc3c00c70b,2,2b4662eb979b4254e70b334e76ba0470,c33847515fa6305ce6feb1e818569f13,2018-06-27 03:17:52,129.0,21.72
854963422ef4369edb2416355e8323bd,1,de41aaf0880256b515a29b86285a45c7,0cbcee27c791afa0cdcb08587a2013a8,2017-07-27 20:06:26,135.0,15.7
6c936253ed9ab81f5293da5081ba8a9a,1,0aabfb375647d9738ad0f7b4ea3653b1,37515688008a7a40ac93e3b2e4ab203f,2017-12-26 09:35:33,24.5,15.1
f565be42bf5390f6cd98934cc4c17091,1,53b36df67ebb7c41585e8d54d6772e08,7d13fca15225358621be4086e1eb0964,2018-05-15 15:51:38,99.9,0.0
57f2a60c1d6d8f4fb076ac300e53bc1b,1,d950221a89e7555306dc5daef996e134,612170e34b97004b3ba37eae81836b4c,2018-08-16 23:35:15,92.5,15.75
42d8cfd4e239b47ae745848a8bdd5193,1,c045b19fdb30a3035c56d04c6fe2e622,259f7b5e6e482c230e5bfaa670b6bb8f,2018-03-02 10:50:48,54.9,13.08
fc504e55e65297119164294412b4635a,1,57d79905de06d8897872c551bfd09358,ea8482cd71df3c1969d7b9473ff13abc,2018-07-24 05:05:16,21.99,18.25
ddb831adbe504c02601f03328420af4d,1,fb09ab0eb676b60b254250a28fd46e10,2eb70248d66e0e3ef83659f71b244378,2018-04-03 15:31:19,169.9,22.9
6b5fb7a597834a8211623075d4b8e079,1,0a2fff0d95ef3bbb7dffc618f9542ba9,d650b663c3b5f6fb392b6326366efa9a,2018-02-14 14:29:32,95.0,7.92
53d67d7e562650461c0068ff08a53bbb,1,c5094dcc60249dcf1a398e907db8d607,3d871de0142ce09b7081e2b9d1733cb1,2018-01-12 12:27:56,109.0,21.25
8b308e477ac0136cd944e507c62edace,1,ac8e7cf3a658f63dc68dd7f3b8b5f97b,218d46b86c1881d022bce9c68a7d4b15,2017-12-18 22:50:56,107.0,17.46
05c882a9c704a528bfbaa15fd8805d43,1,7541919b37eec10cb22469315a0c7328,7d76b645482be4a332374e8223836592,2018-01-18 18:37:24,19.9,21.15
b9a9373fc111512d93f74cbafd0d15e5,1,10335f29114548c89998eb43398f58e5,6560211a19b47992c3666cc44a7e94c0,2018-02-01 20:52:18,89.0,25.9
b42c74ef741f507b421d3dfb4949178f,1,2ae94d219369eb83f204effd82cb9f31,9f505651f4a6abe901a56cdc21508025,2018-08-28 22:55:23,119.0,8.99
6e228f845ad0d104a3e3c343dbfd0c19,2,bac2d18d169f029e0721b8aca9c8f269,e5a3438891c0bfdb9394643f95273d8e,2017-12-05 09:49:26,13.3,16.79
dbe5b409519c5dfb85b5b0955913e5af,1,64cc3c7698b70c71f7f1ce671c112ad0,ececbfcff9804a2d6b40f589df8eef2b,2018-04-23 06:11:47,68.49,37.17
5f20455f0e74de9eae30de410c811013,1,f175de424f961785861228372285f0be,594f9aaa48e5bf431f011ddc5669b0d5,2018-05-07 15:31:29,65.9,17.17
9a5e2e79294284216bd97c19ba039cfe,1,2ff995aead9c63a1f37a07b3664ead37,8b9d6eec4a7eb7d0f9d579ce0b38324d,2018-07-31 14:31:39,74.99,17.16
db5a41f8a08f620920c7c413e91a4438,2,1fe1f9dca96414bdc282cddb276db70e,3df020b72d3d44b3af9d110fa3940b65,2017-10-23 04:25:08,49.9,16.79
2d3390e82fa2179935440626c58baf1a,1,0e13a44cd53f64403d91654786b6adcf,577719699805dd125d5b6fdde5943bba,2018-06-19 22:31:16,41.5,18.39
ed4681677f54e700fbd94ae70f1a85c6,1,54d9ac713e253fa1fae9c8003b011c2a,955fee9216a65b617aa5c0531780ce60,2018-01-15 14:30:23,29.5,20.84
90a35d9f1707a645c3bd2dda9c3f2643,1,d2085f7e0f9533605386960fc7e987ec,aac29b1b99776be73c3049939652091d,2017-12-08 16:59:01,12.49,15.1
b2634f19a1007fd4a54a9fed9291230c,1,4473f3e5c65952b074ef987fa5c24662,ea8482cd71df3c1969d7b9473ff13abc,2018-02-08 20:56:05,29.99,7.78
7ac3402986077088fc8185e65ec5c7b1,2,8c591ab0ca519558779df02023177f44,a1043bafd471dff536d0c462352beb48,2017-11-08 14:26:06,89.99,15.03
eb7df5ec433a5660c84c3a2e1bce192d,2,e4b0f340d2552f744b4c2d48dffbc0e2,1835b56ce799e6a4dc4eddc053f04066,2018-05-21 03:55:50,47.99,12.79
438dad6fa6e9ce3c50e4497b4232c7ce,4,5dbf50af9485478b933f1028e108640d,582d4f8675b945722eda7c0cb61ba4c7,2018-04-25 16:31:47,5.99,19.32
5ab0d948812c5129aa5d2816e32c05fd,1,675f7d81de5e3dce0491b9b0ce921748,a2e874074c877c5a05abae80ad6e488f,2017-12-07 20:31:48,76.96,16.17
ee5cc68a9c849b21b595655a944b417c,1,8c8cb3d0f2853c44cbf9561c7d93beaa,ef506c96320abeedfb894c34db06f478,2017-07-12 10:50:18,15.99,16.77
5a0c5e6a4fb3e680d5a9664cea3314c5,1,65c61dcb0156cdde1a197f99b91488e2,66dc1b1632bd6a3e508510c5b3492107,2017-11-30 18:51:18,249.5,16.5
6811f439ad8873c28f8e1138e02229a5,1,cd9895374edea6a67749d331b0b32070,8ae520247981aa06bc94abddf5f46d34,2017-12-14 11:31:27,649.0,20.98
f8b40129171baf5eeb5ef5ea1af01386,1,827c4a77226a3e7ef259d61eaa775df9,b14db04aa7881970e83ffa9426897925,2018-06-18 05:31:19,39.9,11.15
bcd3f65a42c31d80afe51626263a8644,1,89b121bee266dcd25688a1ba72eefb61,2eb70248d66e0e3ef83659f71b244378,2018-06-03 23:36:24,79.9,18.44
d6b40eecfed664621ea3e0076d2a58aa,1,4ebab6a2135a2477b657bda38646b64b,7aa4334be125fcdd2ba64b3180029f14,2017-10-09 04:14:23,25.6,16.11
8737b567a657802c6dd1761fdf3c256f,1,cc971e0365873137b8bef2ebad633e6f,7a67c85e85bb2ce8582c35f2203ad736,2017-10-30 19:49:38,239.99,22.17
a9016dde97a6a447890dd748aa844b85,1,1e4aad71e70ec3236b054032c42d3494,e7d5b006eb624f13074497221eb37807,2018-05-02 16:53:42,29.99,12.79
2717f8342150ce1ceff315167e350ad8,1,0cf13ac73dbcf6586ba63b89dd1f780a,b14db04aa7881970e83ffa9426897925,2017-06-08 13:25:12,47.0,12.69
52689df16b83773c1004b27478ffe49c,2,57414a165829139b9b534f0b4a794fe0,a254c682cc01e119f83530446f1df9a9,2018-03-23 13:35:42,95.9,31.32
fa1885a7cb632c832c660cc710bae77f,1,4745d118bc09758d0a4bf795b7bb5cb7,bb5bd94c8f59cc050072d2930c869cac,2018-04-16 04:10:53,79.9,18.44
c48c006cc34f94c1fb2aa8afd2c1cc9f,1,389d119b48cf3043d311335e499d9c6b,1f50f920176fa81dab994f9023523100,2017-11-30 04:53:48,49.0,37.97
5ef13293f44c9ba1b12e98237a956679,1,016711f78a6a87696645db0a6a834826,a5cba26a62b8b4d0145b68b841e62e7f,2017-12-06 22:05:06,119.0,12.96
a951133aeeb49076723a581a3eb8d51b,1,6adab229374835b551f6402e0dc53267,f8db351d8c4c4c22c6835c19a46f01b0,2018-07-31 15:35:19,49.9,23.15
8bef37e0a778afcdf32118f376beb9de,1,0cf13ac73dbcf6586ba63b89dd1f780a,b14db04aa7881970e83ffa9426897925,2017-01-24 19:33:29,47.0,11.74
2aaab7e991347226dbda1f61c6785f88,2,7d4f932dd4fa16256c20de073329eacc,855668e0971d4dfd7bef1b6a4133b41b,2018-08-06 15:10:12,9.99,7.39
2fb41f7fd5712215690c4c8a37fdefc5,1,391a014a66920fa0ce468319264e0232,ce27a3cc3c8cc1ea79d11e561e9bebb6,2017-09-04 23:15:18,129.9,14.66
43bbf51a29b5a969348978d51a55d72d,1,11fae4b61d8f3af1e807e521d268810d,128639473a139ac0f3e5f5ade55873a5,2018-01-22 14:13:34,18.9,12.48
d4daa9ee1fe28458773297759dbfe2bc,2,b2855c4e42b8a50f359904c6763eeddc,17a053fcb14bd219540cbde0df490be0,2018-05-17 02:57:14,369.9,35.36
c918c3225cd5d12cacf8c7e54e9444c5,1,0bb7cb61f1957f79dac582ab66ccdc1f,e26901d5ab434ce92fd9b5c256820a4e,2017-08-30 02:55:35,23.9,9.34
89564bd6a7ea1056554275f223301d84,1,0efc91aa52d1f0669126d3000a94279b,d1c281d3ae149232351cd8c8cc885f0d,2017-05-11 23:32:49,109.99,20.85
23f553848a03aaab35bb3f9f87725125,1,cac9e5692471a0700418aa3400b9b2b1,36890be00bbfc1cdb9a4a38a6af05a69,2018-06-15 09:31:23,99.2,18.57
68a688be62a4e82e6f8450c215d3fdae,2,5526b1ae9ab2688cf600783cece249df,0b90b6df587eb83608a64ea8b390cf07,2018-05-16 21:31:21,98.44,13.81
807ab3e85f25f4d8abe5a1379b177d69,1,4ce9ab528124f89e091b17d11aa2e97c,7e3f87d16fb353f408d467e74fbd8014,2017-12-04 02:55:36,41.9,14.1
9bddf07b813124e63282b716df591c36,1,16679d68bdbed3fb97af806424d7f2b7,9b013e03b2ab786505a1d3b5c0756754,2018-06-19 02:17:52,29.0,18.3
9d70ddf4f9027ee7e5f0851c480d3fbe,2,14ff2fd93669cee55ac37385a7409d5d,71039d19d4303bf9054d69e9a9236699,2017-11-28 15:47:29,19.9,7.78
11720c3352cc89c305e6211b13e73084,1,47a517d507c8d62a3bbc91d747b5b7af,b56906f7fd1696e043f1bcce164c487b,2018-04-11 16:10:57,49.0,14.44
7699e05f3c451052397a0248cf24a821,1,2b4609f8948be18874494203496bc318,cc419e0650a3c5ba77189a1882b7556a,2018-04-09 11:27:43,79.99,8.91
00254baeb6c932b0a8aeead91fbd02b5,1,18901878788fec7ddc55e64d1ace8187,e8b4225284fbb02d16f200513f1f395d,2018-05-14 22:14:46,149.9,43.11
b313c4c6f6035467d515a2e7e6031950,1,ac9fba4745c7352cc4038631be412f70,86ccac0b835037332a596a33b6949ee1,2017-04-20 17:50:18,52.5,24.86
432d80d2aab5e167192912051828b7fc,1,568e52d4c670b4d5130bae2dbf211c40,8581055ce74af1daba164fdbd55a40de,2017-04-03 15:50:16,92.1,22.11
ef53159b7b28df06945b68eb2b65abc1,3,aca2eb7d00ea1a7b8ebd4e68314663af,955fee9216a65b617aa5c0531780ce60,2017-12-15 02:54:19,75.0,29.94
2a520d819adb06eabf4557143110ade4,1,b79a274e7373a1bfcbd788a239591dec,8444e55c1f13cd5c179851e5ca5ebd00,2017-12-27 11:56:19,79.9,15.31
7b1e41f3fe006429cbf78032fcb218d7,1,3354a4e684f5e7199f9407db70ccd92b,7a67c85e85bb2ce8582c35f2203ad736,2018-05-14 03:52:08,89.99,18.56
1fe7938fdd30309ca9b8628091e0dcc4,1,c756c946d61f5ffc068418badfb6302c,6560211a19b47992c3666cc44a7e94c0,2018-01-30 09:36:06,55.0,7.78
2e509a0f39264c5e18d820911b16990e,1,4c82c8d31845d751d797debc3d03697f,ce27a3cc3c8cc1ea79d11e561e9bebb6,2018-07-18 12:10:19,12.99,15.23
e47bfd40dd32463a27120cccaaf5aad9,1,7f7da198305ad62091daf841ed6acc6e,c0563dd588b775f2e37747ef6ad6c92c,2017-12-18 18:10:46,139.9,9.79
341d0ee42d08b192c88aaa1c360f97e9,1,53b36df67ebb7c41585e8d54d6772e08,4869f7a5dfa277a7dca6462dcf3b52b2,2017-12-05 12:19:01,133.0,21.42
20a9f509874c4824696e6d56602adbff,1,44b3c2d28ae185727a80fc99e0d330ae,1127b7f2594683f2510f1c2c834a486b,2018-05-11 09:31:11,34.47,13.71
ca85e8b80de7543b68e7443fdfe051e4,1,601a360bd2a916ecef0e88de72a6531a,7a67c85e85bb2ce8582c35f2203ad736,2017-06-08 18:25:07,129.99,18.16
92332bfe0b5269414ff8497677a10d5f,1,67b10b3b7931ff8a983d42650dbc3bc5,4e922959ae960d389249c378d1c939f5,2018-03-13 20:56:07,98.0,16.45
1d9620d3304b1a785d94220904c4a33b,1,5b226d7c52f86ac72457617f78cff95d,1835b56ce799e6a4dc4eddc053f04066,2017-11-24 11:55:56,56.99,16.16
5c1cabc415efcc828343f3b4b284b026,1,948cf1d0e3086dc58ca7332b39abda1d,3d871de0142ce09b7081e2b9d1733cb1,2017-11-30 00:38:06,79.0,13.57
58654344ef4d9b4aefb2ee36618d9751,2,77fa3381855b6763c52ca3b72824f508,6560211a19b47992c3666cc44a7e94c0,2017-10-17 12:07:48,49.0,15.16
642e30dc3dee21998e3692a38e312bb3,1,810e2944bca9850b934e1570ba372e7d,1025f0e2d44d7041d6cf58b6550e0bfa,2018-05-16 17:10:27,78.0,26.99
f4b85a796ab70afd964c35ac15b29fa4,1,73932133f40320ca7c542cba422a6461,e5c84227854980f1db19a58958c551d9,2018-08-16 04:35:15,25.06,18.28
550c5a737f2d08a5e934958da8fb29bb,1,8c292ca193d326152e335d77176746f0,7e1fb0a3ebfb01ffb3a7dae98bf3238d,2018-01-23 22:50:09,150.0,15.8
462ac93c107f9de96346db36168256c1,1,8317b177579dd27ff068b83205e2169b,4869f7a5dfa277a7dca6462dcf3b52b2,2017-11-17 13:06:54,195.9,16.12
320f28931983137e4e8dbaa4c160c770,1,2772d1e494d431a05b7bcc95b02163b6,d4910f1cdcfdabd48d6b316e395d4a23,2018-08-20 04:50:21,95.28,23.91
213035a57f21a80992c9c577de9e5484,1,6b770b5934dbdb29064efdf34bfa6cf5,4da0e408c99d2fdc2126dc9fce518060,2017-08-17 11:45:13,42.9,16.11
7da11ffea33e5f6e42aeb19d45e50e31,2,569ffd16f8032478cbeb9800f2e94ba0,20cb7c2fde3e5bf10f0bbe7394e1c6a9,2017-10-24 03:08:46,16.9,15.1
73d68ef344ebda9bf0c80b7e3ed70e45,1,389d119b48cf3043d311335e499d9c6b,1f50f920176fa81dab994f9023523100,2017-09-14 04:50:19,59.9,13.44
1e9bf802b8192eb97af61fd92b586471,1,3e442d09f9dfef002aadf31960869f65,85d9eb9ddc5d00ca9336a2219c97bb13,2017-03-16 21:44:39,20.9,17.78
318a41eb5de685684d15e6ce68fa5ab7,1,edba1f070ba4f8137a89925f6c016bfa,0df3984f9dfb3d49ac6366acbd3bbb85,2017-10-10 08:49:23,44.9,14.1
a091ad657d4d673814a9dc6b64829a42,1,19c91ef95d509ea33eda93495c4d3481,06a2c3af7b3aee5d69171b0e14f0ee87,2018-06-15 20:15:18,122.99,19.83
b72a28958acaa4abcff7b24c1b517c42,1,7bdb28a55646012fb3348058d629d9bc,d23019c84ffae2d5ef2270367b8605fc,2018-06-20 20:58:36,59.9,65.21
615915458e5cdf8939ae422e043ca879,1,3354a4e684f5e7199f9407db70ccd92b,7a67c85e85bb2ce8582c35f2203ad736,2018-04-26 17:30:39,89.99,22.69
267db43542633efa0839c965b2ad2f31,1,60cfed7bb114878f269131d2857b226d,c42fd8e4d47dfb18ce5222f2dd7752f9,2017-03-15 10:38:32,26.0,1.99
f38bf6fe56ece7d6029b0c1dfaa00276,1,f1c7f353075ce59d8a6f3cf58f419c9c,37be5a7c751166fbc5f8ccba4119e043,2017-07-05 14:10:21,205.0,15.04
776a4baf188ac5bceac98950a0c2d0e6,1,5403528d987ad26e8d7cb25940411987,6560211a19b47992c3666cc44a7e94c0,2018-06-29 14:51:50,49.0,7.6
32f0d08563a05bd541da24218934fdab,1,5c3aca5c078a343b3b873362e7ac2fcc,056b4ada5bbc2c50cc7842547dda6b51,2018-05-15 11:51:47,159.99,14.56
f6dbef2d61321dedc716a1683d7b1509,1,67523567791b73064e78d6a5731f379c,4e922959ae960d389249c378d1c939f5,2017-05-04 22:25:24,37.0,14.52
731fce79a6dfc4251b9ee57dc2f6b239,1,dca8cbb1c9d8a2db0fbc0c36b8d1a7bc,6560211a19b47992c3666cc44a7e94c0,2017-05-04 15:45:16,79.0,14.31
e4c09ee4522daa0f32bd2e6b2f5ed048,1,8f61327bbc1b9096bd97323ab64fc6bd,4a3ca9315b744ce9f8e9374361493884,2018-08-06 22:30:45,884.0,30.27
4f9a350ccfff326b528a0d7e24ca8743,1,2885aad25d7d1963d3731a9a6ec86306,51f108f62cb87d61918159902c8f8583,2018-08-22 11:10:16,37.91,23.42
bcc3b9b2b1b0f27be6e2816968b08fc6,1,9ecadb84c81da840dbf3564378b586e9,1025f0e2d44d7041d6cf58b6550e0bfa,2018-01-22 13:49:58,38.4,16.11
2ac259040ff5632c80a28851fb876996,2,422879e10f46682990de24d770e7f83d,1f50f920176fa81dab994f9023523100,2018-01-03 17:48:18,49.9,37.9
9951333a5f09b5c054baa1f1c43887c8,1,83ddda548094ac28ff6290b22b843f99,5d0363b33554b373851fc1622e4d5f3c,2018-06-20 02:31:21,122.0,10.16
5cd498954e2b37d71b315166809b4bd7,1,896a64a7f34cdfef2c60ce59fa2a148f,82bd0703a4aefd6b599e5bfdaed378fb,2016-10-12 03:56:16,44.9,15.63
3dcc4c9174a04ed82d42905c7dd139e7,1,7f0362988b16ac7b5f65dc5fd0fbc77f,5656537e588803a555b8eb41f07a944b,2017-07-27 02:23:19,20.89,15.79
a15a0b2ddcff917321e721b84d7217cd,1,e0d64dcfaa3b6db5c54ca298ae101d05,4869f7a5dfa277a7dca6462dcf3b52b2,2017-07-20 09:43:52,185.0,16.04
6dddec4ff6cf5567af3fe54023e28500,1,3a7c9b0413d7b9cc7f4a18318fc5afb3,7a67c85e85bb2ce8582c35f2203ad736,2017-06-05 23:35:18,129.99,15.66
1610bbd775aa73327d7741d006c09fb2,1,e3a3f867448d4e54c737944db7122dbd,7a67c85e85bb2ce8582c35f2203ad736,2018-01-16 23:28:16,65.99,20.86
1586faea8b5e622028bb4d1e296d5b2d,1,21fb5057dd6a737df6851a7ab7a130da,b14db04aa7881970e83ffa9426897925,2017-02-19 17:16:38,69.0,22.77
5e0a798e395c3be05f7b2cc9f7ceb6b4,1,a54ab3c55cdb34ad7006d087ff4b6a9c,d673a59aac7a70d8b01e6902bf090a11,2018-03-28 02:55:33,27.9,8.82
62e8878bf54a37544cf066414f3a2c72,1,aca2eb7d00ea1a7b8ebd4e68314663af,955fee9216a65b617aa5c0531780ce60,2018-03-09 02:35:37,69.9,14.0
168cd953540aa3251bdfb407cdc4b6d4,1,cc71cac6380211ba2e17e2b35459488b,49067458c68f7701fd334ce326accbe0,2018-02-14 13:50:29,29.45,15.1
4703440eb9289d3769819920e98ec061,1,f0f719ace174d68fdc838d8d6c4ce26e,0ef83d7d83ed97cd2a0049ac8be5f88a,2018-02-07 09:55:32,278.0,37.61
1309fc445b40a153a53e94b46d2accb1,1,e7e0728e9e488b0a67ef4d95e98ee4c8,13d058e4eeac2ce8217660b2f8a05812,2018-03-01 13:50:38,209.99,58.14
1446f87ab63443ca948c7faa3d7ef194,1,84d587fc7738e0359fa9ec3e9620c45c,76d64c4aca3a7baf218bf93ef7fa768d,2017-11-14 15:26:26,64.9,14.64
6b6a02cd68662e796263b55aeced16ad,1,992197904e1d4f0bf3994652373188e4,a3dd39f583bc80bd8c5901c95878921e,2017-10-23 15:49:19,215.56,18.08
20c93204065c1cc43ac91fe4358f8983,1,2d4086091519b04cd687a38e33dc276c,87142160b41353c4e5fca2360caf6f92,2017-04-13 15:50:12,125.0,17.71
46c36a9b14438f007086c53a374abf1f,1,6e77b89d36e50217e6793780a8ce5c82,ea8482cd71df3c1969d7b9473ff13abc,2018-02-23 12:31:18,37.99,14.1
f25ef046203c850005cd4200f7f8c190,1,5a6e53c3b4e8684b13388d6aa4afdf12,7299e27ed73d2ad986de7f7c77d919fa,2017-05-09 15:30:17,16.99,14.52
73cfaa863221d5987b3f6aa644affca3,1,368c6c730842d78016ad823897a372db,1f50f920176fa81dab994f9023523100,2018-08-30 03:45:18,49.9,20.99
8661d034c37aca81ad2a118217c354bb,1,417cb83dd485ee72fb499bc6c5cd69c1,1025f0e2d44d7041d6cf58b6550e0bfa,2018-08-06 01:15:08,125.0,11.9
2db1e25288f9a89e2ed181d8b6216f4a,1,c42a54d639771f80d5ea22dd39a0d845,cfa5ab0e4d3fc212fd0b3410e7081c62,2018-04-27 02:31:40,179.99,42.21
1b0fd42cfc51e77567823cb398ef2e26,1,e9cf370eb883adbdcb4b8738057a9d8b,014d9a685fd57276679edd00e07089e5,2018-08-20 22:29:19,79.99,18.66
44cf3a952d8e1d64780add94ffd74dfe,1,461f43be3bdf8844e65b62d9ac2c7a5a,7d13fca15225358621be4086e1eb0964,2018-05-02 01:30:53,123.0,13.3
de4127c6a206a16556d30c1fdeb8a9e7,1,e3425df9bd51be69917273c9dd92ed5e,86ccac0b835037332a596a33b6949ee1,2017-04-13 15:15:05,66.89,15.68
5b922f60c60062b4c656c69ac0a5834f,1,7094fadc9773845c7d453e51b04289a8,d2374cbcbb3ca4ab1086534108cc3ab7,2018-02-19 16:29:41,81.5,13.59
5dea57306e01caa42ad0b07b85042953,1,d285360f29ac7fd97640bf0baef03de0,2eb70248d66e0e3ef83659f71b244378,2018-07-26 01:47:22,155.97,19.19
e2faa52f99b7893fb663270530caf2fc,1,8d4ff8de5e399964646ef5f4ee698076,1336efc61c316ddf92c899eb817f7cae,2017-06-07 01:31:37,18.0,11.85
110f6ca5866b291c8689e08bebf7f8f8,1,fb01a5fc09b9b9563c2ee41a22f07d54,522620dcb18a6b31cd7bdf73665113a9,2018-02-21 10:55:28,689.89,22.4
3ca573452c1546150e8fd1e02b5603a7,1,33fac76e7f17367dedaef7954bbb33b4,56642bcb79900e777d68e91915cb4267,2017-12-18 16:17:25,88.0,16.87
c0e02613bf15378f18d3498361a76c9d,1,b60a0c8bd0333c69ee70565973709bbf,ccc4bbb5f32a6ab2b7066a4130f114e3,2018-06-13 04:51:55,555.0,30.95
29cb6a71f2aefea7831e8dc7c7afb690,1,c50d3caa214edb26f1000f949b5e46e4,7722b1df1b0e383e000397b2c11e3e19,2017-05-04 10:03:07,129.9,12.3
560cd8ba09ed1425cee6fec9ded348cb,1,a237de12bdf0bfe4fe220bae65a89731,6c7d50c24b3ccd2fd83b44d8bb34e073,2017-12-06 13:56:30,37.5,17.6
842b4431d67fe173503b4239cbffb841,1,1c12e2e95f36322f3a5ab8153a76bd73,ce7d1888639e6fb06b2749cbfdac1ff7,2018-02-21 20:10:32,138.0,28.35
c0ab546d7eeab2e210dbc49084319e46,1,759d6e247dae636cc8e135f50052865e,7c67e1448b00f6e969d365cea6b010ab,2017-07-12 16:03:26,159.99,76.14
e11dbf8f73df2ef44ac68c5dd90b3892,1,e9a19740a95180e871a7fd864bf65dd7,0885aaf116795758dfeb5f1032487bcd,2018-08-16 18:45:20,94.9,9.41
645fe97a0bdded23a1498357223769de,1,d2a6a1234a2a54138b50cfea40992d78,c66dccfb3f109511246da627dd5a2498,2018-08-23 04:35:30,225.0,14.24
8376f6035204b549b6bae5c4a7aa5a44,1,6a7410f88fe57e3fd4e353cfc04e7b31,406822777a0b9eb5c50e442dd4cd3ec5,2017-11-22 19:31:00,55.9,17.64
4f3d4a1f5d64be803fb322242a968047,1,89321f94e35fc6d7903d36f74e351d40,16090f2ca825584b5a147ab24aa30c86,2018-04-09 17:50:18,27.9,18.23
01eaa000fe5c9f80f535c3d0cad25a47,1,6b7de889f456ee35f031172d358b2cd2,594f9aaa48e5bf431f011ddc5669b0d5,2018-08-17 16:31:27,135.9,16.02
f1367a0a8fa445363c4e6d5a529db4a5,1,eb356ef61e2262adcadc023b9522609d,6560211a19b47992c3666cc44a7e94c0,2017-11-17 15:26:21,29.0,7.78
22ea5431233830227f077473a051d55d,1,ec811f847a08d7ad8203b790a1db3070,bd4889b5e9133b35b66e42a8665cea5c,2018-05-11 09:13:41,81.6,27.3
e39e98d4f4a88b8e39f59e17c9d0a7b1,1,905434463b9e660873f4c2833b75ae07,232a6014e7b10cba61c6c2b2ea6bb4b0,2018-03-08 02:50:58,189.9,58.0
d78f157135db9ba4f043330c2b62dfb4,1,de845f191115e91fadc9624c144488c7,87142160b41353c4e5fca2360caf6f92,2017-03-28 09:13:51,279.0,80.11
fb87fe28380004e9d6ddcc862b23a82b,1,bee2e070c39f3dd2f6883a17a5f0da45,4e922959ae960d389249c378d1c939f5,2018-02-19 13:29:12,180.0,16.01
427e94c44e8cd05d6b4958f49f5199ab,1,195a72beccf48da20d71e2d7530b470a,36a968b544695394e4e9d7572688598f,2017-05-22 21:55:10,44.9,8.27
4b084373ddadca63d02071a40596da80,1,226be9996759442f90f73b7d24c6baff,c6a7539d424a8402232c2228d7a03c5e,2017-12-08 16:00:33,40.5,19.84
aa2a0609fab50d659ead956ec8f69de1,2,6c6a78e0768babe7473b5eccf0fc6076,cca3071e3e9bb7d12640c9fbe2301306,2018-01-26 10:49:42,34.22,11.85
b5f7ed4633fb5be4575467a3ecd2ebc0,1,8aa87bc5f3053b4df2b05a2d3059790b,9aa388272ee334b6ae07bc73706e254a,2018-08-06 22:44:21,84.0,28.17
363fe8f62de97e4334f5c88e3d9e73a8,1,dbb67791e405873b259e4656bf971246,9c0e69c7bf2619675bbadf47b43f655a,2018-03-30 14:15:34,81.99,7.92
7a4caa019e7bb13e8a2c00696be65ec5,1,4678fb24818cab9ec956d9b610435d9f,138dbe45fc62f1e244378131a6801526,2018-06-14 03:13:37,6.9,15.23
1871eea34c05e21129b1a6a25e0ec985,2,21a60ea134ec6f7e1544c4c71b998235,1900267e848ceeba8fa32d80c1a5f5a8,2017-09-28 20:45:31,8.99,11.85
bb2e64c3040ceb9b7ca2bfc602adca08,2,96d1c06692244e2fed6e1f9aa9552770,00ee68308b45bc5e2660cd833c3f81cc,2017-11-09 11:25:22,62.0,2.34
a8cec343b0975de8649d3679eb20b587,1,b0d010ca0b17fe7e3587343f2c68be43,0f80a40c312b2472dca482cf50f5186f,2018-08-28 11:25:24,129.9,20.1
c87cf593c8c9e0e59f1039a2bb8e5d44,1,7612afaa8218e79b3011243ed9edea9c,821fb029fc6e495ca4f08a35d51e53a5,2018-08-09 14:44:50,427.9,75.75
c48a0edfbe31112fc8f48c3acfb42e2b,2,b514de4b3d95c155ea6535df020af4b5,1025f0e2d44d7041d6cf58b6550e0bfa,2018-05-17 15:51:52,39.9,8.88
f057c0b69a9b64e8579f7873e9d04cd3,1,4ec8f9faf220dfbee99dc36f001ac968,270297ead4c65a6cd2593960d2af6b21,2018-07-10 19:30:19,1199.95,48.01
7b20d43785c16252f51ca77bceaa5ea0,1,9fa1e97015f5c5e76add50079bb0ab44,8931a84a914b3fe9b1ddaa4d704947ca,2017-08-07 04:15:35,360.0,17.27
c1d3d16d19447e6ae5ea015f6056b3cd,2,31fa8a1e88207a7ca942495d88e590c2,5563732abe64c3036cb97ad924128dd1,2017-12-27 10:09:52,210.0,10.18
b5f7ed4633fb5be4575467a3ecd2ebc0,2,a743637eea3be2e0ab81acc155c9cce2,972d0f9cf61b499a4812cf0bfa3ad3c4,2018-08-07 22:44:21,87.27,14.09
80b74dde5b336c1f75c610521dedec08,1,f7f59e6186e10983a061ac7bdb3494d6,729f06993dac8e860d4f02d7088ca48a,2018-02-01 21:58:02,34.9,13.64
449a5c83325ac51d98c821405c503183,1,3dd2a17168ec895c781a9191c1e95ad7,de722cd6dad950a92b7d4f82673f8833,2018-01-28 23:18:29,149.9,19.59
88953f14c276491e60e060e8ef21b769,1,1e8aa599b7a43efac798dff87503a424,620c87c171fb2a6dd6e8bb4dec959fc6,2017-07-20 15:15:22,29.9,16.11
eada3ac7ed364835ff906f8b4c8b1f72,1,c81ab664e91744dcc7c09dd12d97aeae,3dbbce181edfaa4a597ec858c382d2ec,2017-11-27 20:35:22,29.9,15.11
ce0474c2f50a216ddec3b17b6852a5f2,1,c1e27ff552754f8bcfd0095de514432f,34056b8b55c1775a22af2331670a799c,2018-06-12 14:47:09,58.9,19.75
c5976da90bd31c7f760891b7db4e0c9b,1,362b773250263786dd58670d2df42c3b,4c2b230173bb36f9b240f2b8ac11786e,2018-02-28 19:27:54,59.9,7.78
72096fec7f0a5c65db72ae549c086803,1,f50df3b65ee30912ca3e462971e1334f,5c6d4016c2a288f074fa0848a2b653d2,2018-03-07 18:48:20,499.0,19.25
b9968318b0149a5239e1b401ffb54ace,1,72172e982e8b92155069e4201c92c0bb,e9779976487b77c6d4ac45f75ec7afe9,2018-03-13 01:10:22,37.49,10.02
96eb9d1d1588412109dae29e68f86e86,1,385a33a408e9c35c9fbc2025c12f3784,1c68394e931a64f90ea236c5ea590300,2018-06-06 10:57:05,75.9,13.65
5f1c6f4cf77108f298378c829da557c2,1,bee2e070c39f3dd2f6883a17a5f0da45,4e922959ae960d389249c378d1c939f5,2018-05-02 07:31:04,180.0,9.56
5a2fc8deabae69566f89581221d9a0dd,1,657247f6f60543b93e3cc708a8e6329c,7ddcbb64b5bc1ef36ca8c151f6ec77df,2018-01-18 02:35:21,248.99,35.91
0539642c2ba6dfd6c8ca8dbdb16d85d4,1,e5cac955339b48ea3b9773f034623e29,fa1c13f2614d7b5c4749cbc52fecda94,2018-03-01 15:31:28,189.9,12.83
917a1e55e47868301492b1f8f765a6f8,1,c1f5307decb89342351bec53668cffd9,ea8482cd71df3c1969d7b9473ff13abc,2018-02-01 19:18:19,29.99,7.78
2153e9009ecf443d84e5f48861fb7094,1,36940188c2ad1a212b94931a08cc3c29,2138ccb85b11a4ec1e37afbd1c8eda1f,2017-12-14 19:35:22,39.99,14.1
9bddf07b813124e63282b716df591c36,3,16679d68bdbed3fb97af806424d7f2b7,9b013e03b2ab786505a1d3b5c0756754,2018-06-19 02:17:52,29.0,18.3
0d760576500ea8611379a97ddcebf3db,1,99a4788cb24856965c36a24e339b6058,4a3ca9315b744ce9f8e9374361493884,2017-09-25 03:37:38,89.9,16.26
83ce09b55f29086739212db0e38aaca1,1,cac9e5692471a0700418aa3400b9b2b1,7ea5bfa6c340f58f8e71fc1f0412b0d6,2018-01-29 12:29:58,124.99,14.62
7714757e3e3208a4bb46a46e52596c78,1,aca2eb7d00ea1a7b8ebd4e68314663af,955fee9216a65b617aa5c0531780ce60,2017-11-08 12:47:12,75.0,13.08
89c1a3d3179ce60a4f6debd3c0986711,1,d1a57f4402dbfe2cb1c271ad0da64311,2ff97219cb8622eaf3cd89b7d9c09824,2018-06-19 18:58:04,28.9,9.51
0e09e160c7532013444616096bc75f89,1,a0b940038a7c1b3af0958334fdbf3212,2eb70248d66e0e3ef83659f71b244378,2018-04-24 17:58:16,79.9,7.42
8ffd7451dcd8c7f8dad79450d7f4708b,1,4c82a40c8390fbe525e50bd06fcebe80,2089a6d640999f9b9141ac719b2af596,2018-07-06 05:31:09,99.9,13.36
39dab0c9ea1c7c66a1a516423f50c97a,1,87283a98b24f9f1ac3a31b631073cf47,cab85505710c7cb9b720bceb52b01cee,2017-05-15 09:45:19,49.9,15.1
fe99f8be754e8a75c4201c7156bd99ee,1,56ad64ea1d19bc4b26b61088d89e6f41,30a2f535bb48308f991d0b9ad4a8c4bb,2017-06-08 14:43:00,49.9,17.63
58c4df4904044782bb1361c5cb001538,1,cce5fb9f7c1ec276edfcf70741b519bb,dbb9b48c841a0e39e21f98e1a6b2ec3e,2017-05-21 22:02:47,289.9,17.95
eddf262f362444dbd097ffd397117611,1,ea44caac707f7f1325182a538007f838,855668e0971d4dfd7bef1b6a4133b41b,2017-07-26 17:25:26,50.0,11.73
b52b4c23e1d9e705c8d31ab607ae9b50,1,49f906609418f32ad932aa7a24396268,d2374cbcbb3ca4ab1086534108cc3ab7,2017-08-03 15:35:48,17.5,16.79
68764c1cae62d3a314f53f05475f5ca7,1,d538285bd15e067ff40beb6f988b794d,f45122a9ab94eb4f3f8953578bc0c560,2018-08-27 16:15:24,189.99,14.91
86278332ca8c82016ab4aa45191c71f4,1,c819922a96f5ae043d8f960f6635ba98,4e922959ae960d389249c378d1c939f5,2017-11-21 23:35:39,93.0,15.4
a49dc0169f9bb6d3ac9829bdebd12299,1,d04857e7b4b708ee8b8b9921163edba3,9f505651f4a6abe901a56cdc21508025,2018-07-26 04:05:38,69.99,8.65
b57b0a8e4374e4aa14d959fe79f4765a,1,1d23d07e957a7e3a0a951b8df7361990,537eb890efff034a88679788b647c564,2018-04-26 00:16:35,20.9,18.23
ea3a35b74d6cd2751271c60d423563f1,2,a767d41b71a909a1dd1e969f4b50732c,582d4f8675b945722eda7c0cb61ba4c7,2017-03-23 13:06:45,269.9,17.1
685eef0e70bd850df886871cc0917e81,1,389d119b48cf3043d311335e499d9c6b,1f50f920176fa81dab994f9023523100,2018-01-05 21:09:39,49.9,19.57
63943bddc261676b46f01ca7ac2f7bd8,1,f1d4ce8c6dd66c47bbaa8c6781c2a923,1f9ab4708f3056ede07124aad39a2554,2018-02-12 13:10:37,174.9,20.1
4f4cdcc0b6af1eb7d23872ddc92b5d05,1,a7d06b7704b157e36c45b898fa555dd5,534a01cc6df1e034e05c32028a291fa2,2017-10-20 10:35:16,38.9,7.78
0916594b6973230f69379f83d3bac036,1,b72e2daf4a916d46eb0076071027d05b,e5a3438891c0bfdb9394643f95273d8e,2017-05-25 19:15:26,13.99,15.1
3ab2e0cca7a7831b28bb1bcff404f6c7,1,04a58e66cae7d954a87cb7fbb67b204c,1703bc09972dab9782e7a9194943b69f,2018-07-19 18:15:23,249.9,106.21
c577af5e9d5dbecf0ac65ff28cb8ad45,1,53759a2ecddad2bb87a079a1f1519f73,1f50f920176fa81dab994f9023523100,2018-08-14 20:25:11,49.9,28.88
a4131292599279a50b734fb7fbf83c0c,1,b9adb834b99082140e354bdd3bda7eb5,cca3071e3e9bb7d12640c9fbe2301306,2017-03-09 15:01:34,75.7,11.92
acbd43df296646b7b242d1e25b18a646,1,65618ab7607d1878a338904c41cff515,4b5f66b7adcf57f1ecc0d3c07dd6b177,2018-08-02 04:05:21,140.0,22.54
3811e225018df1f58837ddec911d3e55,1,b694e2087c446e6905b08cd9360cfe45,3b15288545f8928d3e65a8f949a28291,2017-09-29 09:15:13,99.99,25.54
e8373361f5e06afd6a7e7971e68512dd,1,b31f144164588b921d0dd301c3a3f78b,35857757f553273b1056c1cabdace7fb,2017-07-28 15:30:14,85.0,21.08
3b6ba183ec307f2e980a01e66f596821,1,397192d59d6294262d63b01e93b3d4dd,1336efc61c316ddf92c899eb817f7cae,2017-05-18 02:55:15,119.0,36.15
fd74a95ccfea489d33e78d0c076a640f,3,382db2ed3015c04d4b844d2a0712494c,dc4a0fc896dc34b0d5bfec8438291c80,2017-10-19 15:07:12,95.03,10.75
730817800ec1c4805e8a41e67459d4e2,1,4413a608a42bd21bbf9d5abbd58c249a,7ddcbb64b5bc1ef36ca8c151f6ec77df,2017-10-27 14:56:28,146.99,13.58
7ac3402986077088fc8185e65ec5c7b1,1,8c591ab0ca519558779df02023177f44,a1043bafd471dff536d0c462352beb48,2017-11-08 14:26:06,89.99,15.03
9675440ebf61a1a3482cc6308e3ebd28,1,6f0f907c9cf458139bac7f01777b9bbf,6560211a19b47992c3666cc44a7e94c0,2018-08-27 22:05:08,75.0,7.79
ff2ea5b20dfaf42bcf891f8aea31542b,1,c075b8e131353552218860f1c421e4ef,f80edd2c5aaa505cc4b0a3b219abf4b8,2018-02-08 10:16:08,64.9,11.73
77ae79f517b55536c4be2d6953ef30af,1,d285360f29ac7fd97640bf0baef03de0,4869f7a5dfa277a7dca6462dcf3b52b2,2018-05-09 04:30:43,276.0,14.37
c6d222a38df267553737a56da260cca3,1,5dee2c14e1989141e15d341d4c62d72a,670c26e0f1bf8d0576271d5cfaec6d2b,2017-12-05 18:17:30,87.5,34.41
71dab1155600756af6de79de92e712e3,2,308e4e21ae228a10f6370a243ae59995,7c67e1448b00f6e969d365cea6b010ab,2018-02-15 19:11:08,76.99,40.69
ea5a5e11ad8f97f731325b326cc2f3e5,1,75d6b6963340c6063f7f4cfcccfe6a30,cc419e0650a3c5ba77189a1882b7556a,2018-02-27 07:15:24,56.99,8.72
827e39f2fbd0101d81c2168ab6699f7c,1,39184c850194aa002371b2d16c373f3e,7ad32824caee82087b3e2e5f33b1bf32,2018-05-25 14:55:20,299.0,22.51
267db43542633efa0839c965b2ad2f31,2,1fdac0720456c9b74b0a93aeb821d5a2,c42fd8e4d47dfb18ce5222f2dd7752f9,2017-03-15 10:38:32,26.0,19.93
ce4d8859d85000477949b11c78144074,1,8058b0067728a211c68874081e7352d4,41da412d33e8da4f22baf55cb1bde82c,2018-03-13 02:10:26,39.5,17.92
30c3c6388d83af1e5d2919082f177a66,1,b91b2431ca8a681073c72cab18054e6e,a416b6a846a11724393025641d4edd5e,2018-08-10 17:50:28,239.5,15.99
7838ed6306a99eba3bb421c33864ccb5,1,38d070104c7e27171e177d581758a90f,fb89df7f89fd1b8f03fa2acca1ba7364,2017-12-26 11:13:28,37.0,15.1
7945d0d21f1940b67932b2541985e179,1,8904945d082f72652bf4a89f155c83bb,fa1c13f2614d7b5c4749cbc52fecda94,2017-10-18 23:46:50,199.9,8.65
c40251d941c82933d4c4645793793577,1,bc297f26ff9d18614a6243eaeeb6ef9b,8f580d36c1e9d6fbce95283403c7d447,2018-04-22 22:50:33,1097.8,28.1
baeda1a6ab86cb05572b31817ab4e413,2,baf25ed4f8f70238cc87230379471454,128f9bfbe4c7d5185033914b1de3d39a,2018-06-06 03:14:38,9.9,18.23
e3c8ec2636b34ec7a41bf25dba83440f,1,22311cca452c2d005ff0da91d0dd3f83,891071be6ba827b591264c90c2ae8a63,2018-06-19 13:06:27,24.99,15.28
25e5f6a88a4525f820943240376c45c5,1,cf5fb18f3ac3f373759295cc8ba3e2c3,1eade46fba20122dc4aefb379f8c636b,2017-12-01 14:19:31,80.99,17.82
1b7e84be9e271a4dde8983c8da30ee72,1,35afc973633aaeb6b877ff57b2793310,4a3ca9315b744ce9f8e9374361493884,2018-03-21 12:49:12,86.9,14.7
52245a1eec5d9e4278acd0e934e3aa3e,2,3877d1c5a012c0c315cb72f7588b7a56,a17f621c590ea0fab3d5d883e1630ec6,2018-01-16 17:49:04,36.33,15.1
58f608b30531278060213cc7926bc6f5,1,97017430754804328eb9597b7f85da03,ea8482cd71df3c1969d7b9473ff13abc,2018-07-09 15:30:37,29.99,7.47
eb9b354f1582c2c24333dc1eb187f47a,1,e44f675b60b3a3a2453ec36421e06f0f,218d46b86c1881d022bce9c68a7d4b15,2017-12-18 03:58:27,107.0,15.5
8c1340adfa38dcce671b3e2eaece6cdb,1,12715d8bb61f9c2c26219377d9737584,8fdca8e349553f99bc738833a62c8802,2017-07-04 02:44:10,89.99,14.38
abc5ec9ecaec740b498a37f19c29a8c0,1,303719bf7adc0897358c3dcc3c7a6190,bacb1f0ed56ad24198f5810d2b3fe9a5,2017-05-04 22:55:09,119.9,21.16
d6461ecc120609d0cef78fea638e47fe,1,ce37d2059b251687831f016e8698725b,0432ead42b6c8a0bdf68154add917fdf,2017-08-22 03:26:19,89.9,21.43
c0e6116a3c6c2d732ec1b43bb7b5f307,2,f2ecbb02b6da187a9f14b8ac5781faec,3c7c4a49ec3c6550809089c6a2ca9370,2017-11-03 19:15:19,13.99,7.78
d80e0abae74765187eb4970037b244c8,1,d8a3b568800dd60242c366e5e02184e4,f8db351d8c4c4c22c6835c19a46f01b0,2018-02-22 17:50:34,49.9,12.69
ea440eac95a801c80784b5105a5e4a9f,1,095cb863f2b04911455ad33f5177062e,2059c39f76271d4ca3f15b5ffaccc8b8,2017-04-26 16:15:19,53.9,15.59
126e645df0c526ccbc4b5561c91feb56,1,a4c7e73a8ce075149b5f6592fdd29367,87142160b41353c4e5fca2360caf6f92,2017-09-01 15:04:21,149.0,15.79
f103be8682f589d58ea25909ad7d74f9,1,89d49f6d10ff422902b2c2cb05da7f1c,9646c3513289980f17226a2fc4720dbd,2017-05-23 12:18:51,49.9,12.48
7f877edba51577b9054e7490ab7469e9,1,878c61936b5c51f321ac165750d97a0b,6a8b085f816a1f75f92dbac6eb545f8f,2018-08-20 03:25:31,16.9,18.23
d77d1461e81c281918bbfa4c878bdcc3,1,a884ac1fcc9d95f1d0d3a731610a9a4c,f84fa566034f5e8e880a07ec624c56af,2018-06-18 07:15:15,85.9,15.48
23a0c1ef37b1e2599235e834bbb55673,1,20f160a9cf2e856ee5eba259e9ae33f9,17e34d8224d27a541263c4c64b11a56b,2017-07-21 07:05:15,174.92,14.24
4d1e8e1f2a630776ccfc291515e610b8,1,2078312a2dcf1fcd8a38eabcf5dd033a,30a2f535bb48308f991d0b9ad4a8c4bb,2018-01-18 02:31:46,49.9,15.1
5a85ba245a3a3bcb21334e761e0ef1a2,1,ea44caac707f7f1325182a538007f838,855668e0971d4dfd7bef1b6a4133b41b,2017-09-21 20:10:16,50.0,12.23
4e55f642a3b11a6cfcec80a9aebbb513,1,947a46e4f6dcc04e256398abf33e272e,acce39e832338debb07b02385cde5967,2018-08-07 22:45:10,119.9,15.14
80dfedb6d17bf23539beeef3c768f4d7,1,4ca7b91a31637bd24fb8e559d5e015e4,59417c56835dd8e2e72f91f809cd4092,2017-05-05 20:50:13,3999.0,195.76
e537e63305719171bcf7cd7fa815d921,1,e8316a4667e5870c85e906b1f062bde1,7c67e1448b00f6e969d365cea6b010ab,2018-02-06 15:12:52,79.99,30.4
c3cf38b5ae4bba4ccb2082824d3066e0,1,6cdedcaa72a7ac7fd354bc71adb02ddf,59b22a78efb79a4797979612b885db36,2018-02-26 07:30:40,199.0,32.14
43101ee6b066954af2c1074445d240ec,1,059dce566827cd3b3274f2b986d5c0db,44073f8b7e41514de3b7815dd0237f4f,2017-08-30 10:56:08,216.76,30.56
40e6e449d7ed3885b35b3925d7403cb2,1,7b1f55eb9b85b0aa6b1d4c16108eac61,1e8b33f18b4f7598d87f5cbee2282cc2,2018-03-02 18:48:52,159.9,16.75
9d5cb46eb8b0851d32e0a86b6dea782c,1,d35825dd1741eee134506022d73f4e71,4c498c7345e89aebad651544829beca0,2018-05-16 15:41:40,79.69,19.25
4dea0f922f4dd1f6db6379f7ad64ede2,1,93b67da06834e15a3594134d43ee4ebe,dbd66278cbfe1aa1000f90a217ca4695,2018-06-12 20:11:50,27.2,11.15
7791eb26e081ed5f8dd15b40c45393a3,1,ab5da1daa941470d14366f4e76a99dd2,d91fb3b7d041e83b64a00a3edfb37e4f,2018-03-02 09:35:57,26.0,16.11
665c70dad359d52a11ec77814605ab19,2,50e1b118f266b655f613f753914c42db,1835b56ce799e6a4dc4eddc053f04066,2018-05-11 17:56:53,39.99,19.32
ccbbefa45f3de84ef18124da1beedf7d,1,f3d2cb3d6e117a40abaf754e4d2fcf8a,b29d3380981c51df13fc6fbe87e1763d,2018-07-16 20:15:23,62.9,14.75
a543320aceee9be9a814f4808aacaf3f,1,5411e9269501a870cabf632f05655131,3d871de0142ce09b7081e2b9d1733cb1,2017-11-17 01:51:08,109.0,18.01
63c303bbfc61f7fea7c12039a331617e,1,c4b5776ae19c3e9ee28323b38d41c72f,1554a68530182680ad5c8b042c3ab563,2018-02-01 18:39:45,149.9,23.19
bb93c6dd59d2881e38fba9891aa63b7e,1,044f05bc9de36e8a693a83e4bc79dd0d,ea8482cd71df3c1969d7b9473ff13abc,2018-06-15 04:57:32,24.99,15.23
85008a8fe3cde72dea5abbbc2be0a2f8,1,57f202d5e0ed7a3a2d75e479e1579cfe,3d871de0142ce09b7081e2b9d1733cb1,2017-10-03 15:24:47,29.9,16.11
527f95bc978265984802f8ef4ed9dd51,1,fb98e86cfbfbff699907f0a84784d474,41b39e28db005d9731d9d485a83b4c38,2017-07-11 17:20:16,64.9,7.78
a3b5da7c8f8d9a1edf856dd01f9c91cb,1,6b61c9889ff5ea54a786b54fff36251f,8fdca8e349553f99bc738833a62c8802,2017-08-15 10:44:01,17.5,7.78
7da11ffea33e5f6e42aeb19d45e50e31,1,569ffd16f8032478cbeb9800f2e94ba0,20cb7c2fde3e5bf10f0bbe7394e1c6a9,2017-10-24 03:08:46,16.9,15.1
15208e51dd3f6ccdf33a94148faea052,1,7fd5ed44c2c119be619555591475b233,da8622b14eb17ae2831f4ac5b9dab84a,2017-12-29 01:30:52,54.9,12.23
504d232ad4b0cb2e0d3e8c99a98c9938,1,cec09725da5ed01471d9a505e7389d37,4d6d651bd7684af3fffabd5f08d12e5a,2017-07-12 19:23:14,69.9,20.98
f31cf521d461f5b8b5b1456a0448495e,2,98d61056e0568ba048e5d78038790e77,8581055ce74af1daba164fdbd55a40de,2017-06-04 21:45:10,169.0,25.59
22d0b79a88fe360e41471c8477379673,1,7f72a8900b3d2fc8fa2635b7836d6e6e,7299e27ed73d2ad986de7f7c77d919fa,2018-07-10 14:55:18,64.99,13.8
88b09aac7b8d279dec75a3a810c21028,1,247fa5b4e2f524a22b21ef256ffc23e4,3bdff180c7e1f6551a643b99c265a120,2017-06-29 02:30:23,29.9,9.34
e10d89c39c03d21e016420afd134cc17,1,cfd414b4463647f58c7775eaae06893d,f8db351d8c4c4c22c6835c19a46f01b0,2017-06-21 03:10:25,98.9,15.44
9a886ac42ca6eb5571fbdd1bdd8be02e,1,89f055104adb9365d7f7b5c475f77742,6b15924333bd1a741595fe981ea04822,2017-04-20 00:34:00,26.9,10.96
60c2fd4bd6d23ab4fa7a910b61dac591,1,67e927f7378303fc91ee4c3fc301bf5a,0951a6e282947e09cd47969f4ed0b47f,2018-08-09 14:30:55,79.9,7.82
488d5fc485f4624acb8132918763416c,1,aca2eb7d00ea1a7b8ebd4e68314663af,955fee9216a65b617aa5c0531780ce60,2018-05-25 12:00:05,69.9,12.43
45b1b3b169e059058cccd3eed24aa5cd,1,f71f42e2381752836563b70beb542f80,85d9eb9ddc5d00ca9336a2219c97bb13,2017-12-11 02:33:28,31.9,15.79
88040d9d01657ab39bf19c2f0a90f6d3,1,76521b4860cdf82824bb5fa481a8262d,3c7c4a49ec3c6550809089c6a2ca9370,2018-02-14 09:35:26,98.9,7.95
2e514f06a55a990840cf3f7131b45f55,1,20f0c3fea244885a018ecb6e263aa9d9,213b25e6f54661939f11710a6fddb871,2018-08-01 12:30:13,41.95,10.41
e59dbfb7d81fd513f1ffa941fe849c57,1,9feeadd6b97835152e83e1b25b46f5c4,3fd1e727ba94cfe122d165e176ce7967,2017-12-20 17:30:37,104.9,13.07
a67f2f8a8a684916bd58ae4f6f2a4507,2,5cb1a29179d1883d7ab5424629fe67aa,0bf0150d5b9d60d9cd2906003332f085,2017-03-30 02:45:46,49.9,11.74
ea2b2e907341618980eb6f87436f1c4a,1,22234a1dd91ce8e88c7b108d198c40ad,e9779976487b77c6d4ac45f75ec7afe9,2018-04-02 20:47:14,49.49,7.87
924482525801c274a1c8e5d4a2f15725,1,a4aa7c1427c31344e5f7cc3d839fe562,66922902710d126a0e7d26b0e3805106,2017-11-29 22:54:03,90.0,26.25
6f28feea2823c775f5b8110ccf4fe754,1,67d2c4ee8fd08752a32aae5f878740aa,ef506c96320abeedfb894c34db06f478,2018-03-29 11:32:34,22.99,22.06
fe451ba1809fbc234c68216803496d39,1,9e4a852f41aff52bafff133d9deb5eee,3d871de0142ce09b7081e2b9d1733cb1,2018-01-17 23:36:21,139.0,18.22
7d3cd94ead444e7d5a948a9e0021c426,1,7eaf66aca1ed54df09b3c864b7416110,49067458c68f7701fd334ce326accbe0,2018-03-09 16:15:49,29.45,16.79
04f87887045aa20403546af3facb8ad1,1,2ff995aead9c63a1f37a07b3664ead37,8b9d6eec4a7eb7d0f9d579ce0b38324d,2018-07-24 16:31:45,72.99,88.02
a242b157f059b58578956fe8e3b35812,1,ed2067a9c1f79553088a3c67b99a9f97,cbd996ad3c1b7dc71fd0e5f5df9087e2,2018-06-14 05:16:16,67.8,13.83
db8730baa35db478122207bf2b26590c,1,3ebd44ce3c5f4ef6af43b9f0b1df1729,26d6bbee02420494d471c9f6436929c0,2018-06-15 08:31:14,35.99,27.41
a8ab4d61b3fd92a9aa110f5940434d1e,1,3adb4888b6e99ae73176ac7979dc03a0,bd4889b5e9133b35b66e42a8665cea5c,2017-09-20 20:55:12,165.0,21.55
9cd3b6a2b07667e425975a219b4fc382,1,9eec04a029e2b9372276f3748011b493,ececbfcff9804a2d6b40f589df8eef2b,2018-05-10 21:11:41,75.25,12.97
7a3db786a9251bc1603dea2c4970e448,1,2b8d2d937f84136de5b941aba77d4bcc,a13580f0e8f782b7a543885a0ef99f08,2017-12-04 10:31:50,199.99,36.72
6f44e08b458a69c51d6c0c460358baf6,1,a936128139f1e619828901ea0e771330,bd0389da23d89b726abf911cccc54596,2018-02-15 14:15:49,104.4,15.48
6c4e1e1b0508d7c73164b8890daa28c6,1,9674b7f245c1d659972605a979ac3dcf,17a053fcb14bd219540cbde0df490be0,2017-07-21 00:50:16,149.98,57.72
466a97f80260f9336c1be60a53042e14,1,f32ac4ba1acc078eadefc29c8d76a9e2,eb4df17aed01d918c65f0f8d650900c0,2018-02-01 20:59:02,399.0,10.05
96ad1339a836acd49229ab6564bfba8f,1,23384f296aa1bf6461d22912093a9847,891071be6ba827b591264c90c2ae8a63,2018-06-19 21:31:22,20.0,7.4
b61baa7b1523a2a7e4e1382f25e6f9de,1,348ddc765722b7885d765f63eed52eed,93bef6edaa84956e8e575016449b6351,2017-08-02 22:05:37,115.0,14.56
c72ab77b36e73ef2e5f95a0c2f9fa739,1,ccc8daa0204a0488c019ae676ed5fab2,620c87c171fb2a6dd6e8bb4dec959fc6,2018-08-06 14:50:11,29.9,18.31
78af2a39c54cf8bac845324f86cf81f0,1,090ab1523d3fe5832c09a55b7195e32b,ef506c96320abeedfb894c34db06f478,2017-04-06 11:02:22,19.99,14.52
8f28f1dcfe373e3adad096ae2108087f,1,36ea81e90d1292dcdc3ad8abb09c20fe,a420f60ff1aa9acc80d0e42959f2b313,2017-12-21 02:34:22,73.5,11.73
397a32bc626d3c1e951590a39c6f7929,1,9b6ee5c8c553ff804dc0b0c2d06baa49,0df3984f9dfb3d49ac6366acbd3bbb85,2017-04-20 14:02:06,42.9,14.52
b8871d60cf4ec81490da7658b25c1c04,1,06edb72f1e0c64b14c5b79353f7abea3,391fc6631aebcf3004804e51b40bcf1e,2018-05-10 12:54:26,39.99,12.76
218420c55032b9db817c110f06b85fde,1,b6e352d888ba31d8999af279cd63aa24,f61c63d13f7cd800549d5acdd390ae72,2018-07-26 18:25:10,79.9,14.87
5451f2c09029166e1682b8f0d0ce98b6,1,a9b36aaa68ebd315701524c822800f29,1ce3ae5a399804d1a87e706f8a813c3e,2018-03-07 08:29:03,79.9,16.32
f4d8046ef75f7f0f6cb957b00531b6f6,1,7c1bd920dbdf22470b68bde975dd3ccf,cc419e0650a3c5ba77189a1882b7556a,2017-08-17 20:30:16,58.99,16.66
2bd3710aaa1caffa42b8d737e093fec2,1,349ce46a0e2e20054aa9d80c48af8816,d6b1ce66b035a475f00c017792ff9769,2018-05-04 14:15:19,120.0,18.72
d55ece0f3afa9b57b5a78038efddbbbc,1,0e2d52789a024cfd6f9204778320a8e5,f181738b150df1f37cb0bd72e705b193,2017-05-31 02:50:18,219.0,17.58
1c35ac660d7ef6691b25d20df3d6eccb,1,42a2c92a0979a949ca4ea89ec5c7b934,813348c996469b40f2e028d5429d3495,2017-07-03 23:35:09,59.9,14.13
d9547df3c08b9a1d75ac31317de05c25,1,d4d1de9db08cae166ea1a506ea87769b,70a12e78e608ac31179aea7f8422044b,2017-05-17 02:22:55,21.0,15.1
40542f414acd736bdacaeb85dc7df95a,1,fdd84aefb08c8f8225e0b8c97429d53b,94144541854e298c2d976cb893b81343,2017-05-08 14:22:39,51.9,17.79
3cfb6e2f13d190a67c451cb4a359faee,1,8e8be416148735cd89189a866eaa5925,7142540dd4c91e2237acb7e911c4eba2,2017-12-12 15:19:34,389.9,15.75
c2be39a9987d992896de790f005d1bf4,1,f515fd230dbcf58eb6b51e4b4e0bd4e9,b4ffb71f0cb1b1c3d63fad021ecf93e1,2017-09-24 22:45:41,86.25,14.35
19b37f1efa2ddaf265496e78e245c19a,1,2f785af0f4f132585052347521b90b29,c9aafcd0621b2207c10e32c649cada4d,2018-08-10 00:25:11,41.0,8.45
c13e96ee541f8f115bf9a364d29a6169,1,d04857e7b4b708ee8b8b9921163edba3,9f505651f4a6abe901a56cdc21508025,2018-06-26 11:18:31,67.99,19.67
61b5e339a1a45b4d6eb6a2cdf40da6a4,1,6a1a04054158fe995e1688d8f79605b2,9616352088dcf83a7c06637f4ebf1c80,2017-09-26 17:30:24,59.9,17.99
4f8d2bf1636e6c775fbfb0d824880893,1,99a4788cb24856965c36a24e339b6058,4a3ca9315b744ce9f8e9374361493884,2017-04-14 10:03:11,89.9,11.24
eb45ff263f9e77136f626c712add7354,2,5fda5f5969ed8a446022953a89e1c81a,1b8356dabde1d35e17cef975c3f82730,2017-04-26 03:55:35,52.99,9.36
db4d39113d1f1f359709384518d81e31,1,f15dfa318985df28b020ca9fa88552aa,d20b021d3efdf267a402c402a48ea64b,2017-09-25 11:28:11,79.99,17.81
c1e3705ddd242ae29dca5c5d3367cdda,1,261244fc4d0197d8772346872f5b0f5e,6c7d50c24b3ccd2fd83b44d8bb34e073,2017-12-04 21:51:27,37.9,31.1
061bf20146d98ef4698d0324dc4392db,1,8445706ffa7ab0221698f5e1be2a9252,0570350b23eda5444f8d1d9544932058,2018-05-22 15:17:52,39.9,18.23
48cfadf939f8bc6a5f3890799a9c62f5,1,4e2e67ecbe3c5465a6c3c76db8acba86,cbd996ad3c1b7dc71fd0e5f5df9087e2,2018-07-23 02:55:10,22.13,12.82
de4c5454fb8e64f76ec9689a472b23c7,1,e2c3ed9aaddfd2312a6a5fe9b3ddadd3,46dc3b2cc0980fb8ec44634e21d2718e,2017-11-30 16:52:42,99.99,17.95
94ed99124b4c0ee155fd9bb057a14c2e,1,22f8b1ebff0ccf1828c7179dbf84d983,8648b1e89e9b349e32d3741b30ec737e,2018-03-12 10:29:57,42.0,18.23
44a36c78aa2626a8bdd0bc7f18c821a4,1,67bd616e1ba0d3d3e8545f3113b0140d,e9779976487b77c6d4ac45f75ec7afe9,2018-08-24 04:10:14,14.49,18.23
dd4ca62b4abb4a5fe11f24d45b63eb79,1,819fc0e9c061a08bac3d5044eb92b173,6cd68b3ed6d59aaa9fece558ad360c0a,2017-12-03 23:50:00,118.9,36.15
2c8e244e1ac6be021c1587d33444bd8a,2,2aa78e35ddc1d5d30a51a3cb89e4149a,ed4acab38528488b65a9a9c603ff024a,2018-03-14 11:10:38,24.99,8.4
d4e4ac3c423a38f131a755f777d2f73d,3,4ed86bcb86407328452ac1c5b3b89d67,3f8034bfc6b8b4135534975d49f04c63,2017-05-30 09:15:19,45.0,15.79
3b43489e5e595593e63470f9e524d325,1,3baabb34049f9644a9e18dd72e229ef1,c794dab4928dd97beb41d05514441e86,2018-06-25 21:58:37,27.3,37.1
b5b4d7badbb01d0d2b9d6c5a060bc058,1,dab2413ead0edda9967edbc9bda2a64e,ea8482cd71df3c1969d7b9473ff13abc,2018-02-26 08:31:11,29.98,11.85
bd61a1bf4bb521167f6718320f9f5508,1,231a4c5f70ff00bbb2d76f80604af2ff,dc7192adf8ba09569261f4a8d576afe0,2018-08-20 22:09:44,179.0,15.56
67c78c07a98cbe27b5acebd87a164192,2,271f1932e906a6f5e59ffbf12cf04e93,cfb1a033743668a192316f3c6d1d2671,2018-03-28 22:55:38,124.9,26.95
9edb5899606254447166a651aa65c063,1,b5cfb1d3c5e435a7a52227e08f220ee7,4b9750c8ad28220fe6702d4ecb7c898f,2018-03-01 15:16:00,49.9,12.23
e1090e366ab626c68ca02d56a6dd1821,1,f74fae536818c7dea74d1e3d629fbbc7,83353a83fd769dfafa4f21a72b15e3e5,2017-11-14 04:10:36,189.9,20.82
63bc56e1d9a5857d87b6de9435e8d304,1,65baa03ed325a23536e96fd66b3244c8,da8622b14eb17ae2831f4ac5b9dab84a,2018-02-14 12:56:37,199.9,14.51
50cb20f783b26639e858a27798b315b6,1,c477957dd9b5f51032f3631c50630585,d0d70d21e2234dd7cd3cf63fe414148a,2018-08-14 13:10:12,54.9,67.52
d7c88b34559c799b7170fb42a1222ab7,3,422879e10f46682990de24d770e7f83d,1f50f920176fa81dab994f9023523100,2018-05-09 04:30:36,53.9,0.0
b0631e643c8b1d98bfcade30d0e71e31,1,53b36df67ebb7c41585e8d54d6772e08,7d13fca15225358621be4086e1eb0964,2018-05-20 22:10:23,115.0,0.0
f439741ef3997ceace2e3b92ad169e0b,1,431d674f9a4fbd0957ecf6ba3fcb6899,53243585a1d6dc2643021fd1853d8905,2017-10-23 17:46:05,289.0,19.3
8a5dedf23891883d88a7f6e28b880c8f,1,573ecac44bc00133b12d7d80ed8f3fa1,994f04b3718c2bab35c2adfa8afecd2a,2018-04-20 13:55:38,44.9,24.48
fc10f44eba425f75f88abffef84186e8,1,ed46d1fbd7bf78ce79910c09fb892abb,0be8ff43f22e456b4e0371b2245e4d01,2018-01-24 02:11:51,109.0,12.26
b04b061c476ead18ecd0294170063e16,1,4b96786612ebe7463132fce2c4dca136,d94a40fd42351c259927028d163af842,2018-05-14 12:29:44,129.0,26.98
0f3f49e2316b72f49e23fea6ffaa2371,1,165cf891cdb818da8293163bf0a9b2ba,e9d99831abad74458942f21e16f33f92,2018-05-17 18:31:35,15.99,8.29
ad7e012867d486bee881d0a10df0399c,1,1b8ee158f59c098470fad33f39660964,1554a68530182680ad5c8b042c3ab563,2017-10-17 19:27:41,139.9,35.5
4e71da193c31f98d4b7c85960d89cdd2,1,f1c7f353075ce59d8a6f3cf58f419c9c,37be5a7c751166fbc5f8ccba4119e043,2017-07-26 18:05:54,205.0,26.27
7a28faee4e4959f358d2fdbe66e22107,1,5f416bfe77190b2f1c9de649d926e56a,7f40d06aa0b5f1aa4f41af8c0480e2ef,2018-08-20 22:55:25,244.99,10.47
52689df16b83773c1004b27478ffe49c,1,57414a165829139b9b534f0b4a794fe0,a254c682cc01e119f83530446f1df9a9,2018-03-23 13:35:42,95.9,31.32
3d4369dcce579868d4629c19b96260c9,1,af51d485dc5255ba2e18b21b550156e6,5dceca129747e92ff8ef7a997dc4f8ca,2017-07-20 20:05:21,258.9,43.47
65bb139b1cb6db9d99a350fa4a7d68f0,1,764292b2b0f73f77a0272be03fdd45f3,bd23da7354813347129d751591d1a6e2,2017-08-14 19:55:18,89.9,9.44
a6d9999c33b017f6d907c296e13db22c,1,46eb4d4e006d97abd3bd84c23fcee7d9,4e17c65a516f69d023a2ae78b84f28d6,2018-08-08 09:45:09,80.0,15.66
9af5f003f0da353f6c32a5c5e0c83b39,2,a62e25e09e05e6faf31d90c6ec1aa3d1,634964b17796e64304cadf1ad3050fb7,2018-02-06 13:31:35,108.0,9.77
cc3de1b196170ae020cf79cde9883058,1,08574b074924071f4e201e151b152b4e,001cca7ae9ae17fb1caed9dfb1094831,2017-11-21 02:50:54,99.0,41.08
3be2b03f32e88489f49c64de449e6d98,1,53759a2ecddad2bb87a079a1f1519f73,1f50f920176fa81dab994f9023523100,2018-02-21 02:56:07,49.9,13.37
0a9fc736e210f495e2023d3a9e10319a,2,42a2bd596fda1baef5719cb74f73030c,da8622b14eb17ae2831f4ac5b9dab84a,2017-12-06 19:12:02,89.9,12.33
dca3b709f4c0389495cb4fa1a063440c,1,a7c46993a48edc4cf7e785417f1dcb48,cb3dd9ce66268c7a3ca7241ac70ab58c,2017-07-28 18:35:23,35.9,11.73
76a34d13a444dc9e514d59482291ba07,1,0ed9a84687fad2d921b09b0ebcc4cded,17f51e7198701186712e53a39c564617,2018-01-03 19:21:37,680.0,85.25
8fc45fcea7ef26a592a2f96dc5fd9b05,1,7d187801885842645486f00fb166f378,d91fb3b7d041e83b64a00a3edfb37e4f,2018-08-13 11:15:23,14.9,7.87
65b5c34eac96c508fd60327de50a2d3c,1,be27cc436326515a57609d15cdbb3a30,5c853bb56f70f4d14218944bae111d7a,2018-07-24 09:24:16,14.99,7.39
2e5e827b80515bc21c042a5181e32ec5,1,b8762d562d810c2f8d7ad7e9c12957be,dbb9b48c841a0e39e21f98e1a6b2ec3e,2017-09-15 16:05:09,29.89,12.69
90ff3cffbad0c03e76cdb32a788a649e,1,5c12fb778168a77e3ffc8d7dd7a689fd,0307f7565ff85b299b6e5ef162b1b1a9,2017-02-24 11:29:19,16.9,17.78
eb45ff263f9e77136f626c712add7354,1,5fda5f5969ed8a446022953a89e1c81a,1b8356dabde1d35e17cef975c3f82730,2017-04-26 03:55:35,52.99,9.36
0b3d6a94ff1d643af663f55ca8418520,1,006baa9a5b8f95895f15273a35bc2664,8f2ce03f928b567e3d56181ae20ae952,2017-12-20 08:35:29,99.9,21.19
12c52aeb1dba3fcbef2e36accacca1e4,1,616042729c11849827291496b18e9ec5,6b243f80ed07b10f0e8aa0f21a205f3c,2018-02-19 14:30:25,54.9,14.13
55c3e087340bf45947dd9df30b3808d3,1,5daa4a09c9afb3b30d6df995fab5c2dc,6c17baf138731a4aaacc3210adf2037b,2018-08-23 23:15:12,100.0,19.45
299372a2c0a08ae166a4dd2a2467dfec,2,ff62ab4c255754dd5cfbd1822cd97b40,ca3bd7cd9f149df75950150d010fe4a2,2018-05-14 04:15:33,194.0,107.6
0068fb0e223115e911d362627e8b8800,1,e53e557d5a159f5aa2c5e995dfdf244b,88460e8ebdecbfecb5f9601833981930,2018-07-31 02:50:11,77.9,13.89
6828ba023d753e69328bc0b6e4153cb4,1,3d74d787086b0e22ac320ae43b240aea,ce27a3cc3c8cc1ea79d11e561e9bebb6,2017-09-11 13:45:13,40.0,19.84
c8714809bc84ffb9c675dcf4a6455df9,1,f1c7f353075ce59d8a6f3cf58f419c9c,37be5a7c751166fbc5f8ccba4119e043,2017-09-29 18:35:14,148.0,25.88
bb8a565ee080cd9009f0209bf124beaf,1,a5341e3f8155dbb3e62323d3ea289729,ff063b022a9a0aab91bad2c9088760b7,2018-01-05 18:31:59,93.0,13.21
648c8fc147248b2db527bd25821f67af,1,0176bf7839ab4e611dc01cdc3ef6f4e4,12b9676b00f60f3b700e83af21824c0e,2017-06-23 10:50:08,199.0,20.63
368a807c54f9394cce9b885904db58ee,1,57e089e3103f5cda6a4ce23b77399bdb,aafe36600ce604f205b86b5084d3d767,2018-07-12 15:50:18,47.9,18.49
160e42cafe7b4cd5750459a45e25e307,1,e1ea2e133d4ca99d20c365d4e3173989,4e922959ae960d389249c378d1c939f5,2017-05-02 06:35:21,29.0,14.52
14f38e83e237f237348b97dd9f228d40,1,64eb8b21706b8e2c733ba16bf02a1537,2c3d56f92f360fb89d849b84e8f50eae,2018-02-06 13:32:00,40.5,13.08
35546dd6349a2065ed8ac6ffbd2b7aba,1,44989697efa3ceece037c5633ea143d9,17908cf9b444ee34047cadd5c0f4a516,2018-03-13 02:31:40,245.0,107.95
38f6871a527b1bba63f4db9b0f3dee2d,1,c9510fa67a970aaa2ddea284b6d14df3,d91fb3b7d041e83b64a00a3edfb37e4f,2018-06-21 02:17:23,8.7,12.79
7c32a0c8814b54f798f9359f20699633,1,e71bbaefe62c59ffa58c1c4864b7e283,73a63f72308aa20a46f4b1632018f196,2018-07-17 15:04:07,139.0,37.56
d74e29bbba41049b6c17603fd9fabc58,1,93c902b021a9e594f658ab1b0351602a,2e90cb1677d35cfe24eef47d441b7c87,2018-04-25 19:51:05,103.9,21.67
853f6531ac67b7e58f3f8104ef85bd66,1,56cd306d7a869c029cd2f165e4dc928e,6a8b085f816a1f75f92dbac6eb545f8f,2018-01-10 03:31:58,57.5,15.15
e807a70014b92cf251b7b8f3768b023f,1,3ff53c0418c367eb333906f83eff8fbd,4830e40640734fc1c52cd21127c341d4,2018-04-26 20:10:39,59.0,8.88
b22b324b1e1fbc78c0f7006c3eacc3a4,1,069a004edf898d16c9331bafd6ac7f46,7722b1df1b0e383e000397b2c11e3e19,2018-06-20 20:58:36,60.0,16.61
294a10c9e4939e8c4f1974b73970ff96,1,900a1000340c354f62ee5f07f3a080ac,48162d548f5b1b11b9d29d1e01f75a61,2017-07-30 23:05:47,174.8,14.24
3478b113b28e0c77c5b870f927de40cc,1,45a6892a98568b366b52ffeec9a03691,5f26c1408a65b42a7224cd463bdf3292,2018-07-11 14:31:47,29.9,22.14
b5247f083ab1483738dc1a173aac237a,1,0364c36f8e845e4d309c0a3accc04b1c,7c67e1448b00f6e969d365cea6b010ab,2017-07-24 00:25:14,209.99,66.28
7b07a49f82fe58fb4d678aabda69b963,1,62224b433a431310bf27129938ad9f64,7b07b3c7487f0ea825fc6df75abd658b,2017-11-17 20:26:27,84.94,9.41
5be7a00f3302bbc55973ecf0d9322ba8,1,c8d415e06ebd7a37c7a5b4a18641ca11,cbd996ad3c1b7dc71fd0e5f5df9087e2,2017-08-14 03:03:23,43.48,11.85
ac00d3859c095d282f6bef69e0ed1b38,1,a760ef0bb70c954d79e62ec6023d380c,01cf7e3d21494c41fb86034f2e714fa1,2016-10-15 18:32:03,69.9,19.26
7530b513e10d1b7a2b03962be180f627,1,727a46f0b58a9ef165af9f7ebcfebfa9,e9779976487b77c6d4ac45f75ec7afe9,2018-05-07 07:53:20,19.49,7.87
0ba555009a855c3f87f818f23b4ccdbd,1,817e1c2d22418c36386406ccacfa53e8,624f4ece8da4aafb77699233d480f8ef,2018-05-11 16:35:25,159.0,21.53
f94a0462cf50552772e515493550bc4e,1,437c05a395e9e47f9762e677a7068ce7,bf84056e679dbe9c69929847a40e338f,2018-02-23 13:26:38,44.98,8.72
55ca27587481961b3a085c32da46f015,1,e44f675b60b3a3a2453ec36421e06f0f,218d46b86c1881d022bce9c68a7d4b15,2017-12-29 16:48:57,107.0,34.55
b73183cb490ec16839818660ffc3d832,1,1fb344134cd7164d32dea4d87ba3ec5a,23c38debaffe4a25a30fdbd9b586a13f,2018-05-18 11:15:27,127.27,15.58
05ebeda0c1aefd787e0ddc914af75039,1,62f423e57a8c157d3877ee5867d7db88,1fe5540d7c1c37a595fefbacd5570d9e,2018-08-20 10:24:42,179.9,19.39
a9d12173450be22cabf7f56bfebc2565,1,9ddc4249779322828f89d2a9c04f7ee1,9d5a9018aee56acb367ba9c3f05d1d6a,2017-09-25 20:55:09,112.33,18.39
dab4d0e2e34ccf6d7136c2a702fb5a5f,3,2c2b1db11f5ec66bbc6ca9d1ce3f81a4,fa40cc5b934574b62717c68f3d678b6d,2017-02-17 10:18:19,64.9,39.94
8e500747ed0fbfd6b89bb11955b3ccbf,1,aad1c338e2a8906e2040a2fb0861acbd,b76dba6c951ab00dc4edf0a1aa88037e,2017-05-23 13:11:12,12.5,7.78
0ec73995908cf00519d1da725119d114,1,cf69d780077ed6cd5369b53aa63cd0d3,5882820ef11c4c068eea0677a7a879b4,2018-03-25 22:30:43,790.0,52.8
6cd1a4eb4b9a14b5a991a897f096d443,1,f7a17d2c51d9df89a4f1711c4ac17f33,f8db351d8c4c4c22c6835c19a46f01b0,2017-06-08 18:30:19,50.9,11.86
aabd0a7ecf741520be60dc59fc6002ee,1,9d90d49f34e41063f6dfef45c7db750f,c8b0e2b0a7095e5d8219575d5e7e1181,2018-08-08 15:05:12,46.99,9.08
ae6770c71e1083a03742c4b82d98076c,1,a62e25e09e05e6faf31d90c6ec1aa3d1,634964b17796e64304cadf1ad3050fb7,2018-03-22 03:31:29,105.0,19.7
7073be83c3247747c26a69d5a689edbf,1,69fb24f0cd077f460768e66b89c3565e,5b0cc932433fa5184b5b94bfe6bcc256,2018-07-20 15:45:17,45.0,17.45
446e20f85f1b9cf552376d6f31c983b2,1,9e28a904bf99a4b3d1548580a906b3e7,7142540dd4c91e2237acb7e911c4eba2,2018-03-05 04:11:27,59.9,29.21
c65ca254bd0c624c11dd60d92955c989,1,25e2023ed83352bde98dc1490d14c3d8,de23c3b98a88888289c6f5cc1209054a,2017-12-19 20:29:21,119.99,17.09
e4096fb3855821fb19ff9025c7ce4edf,1,ca84f66aece31f9e2298a1b53d9f39ee,ad420dd0c4f92f8af951ac24b86d0cf5,2017-11-03 18:46:08,49.99,16.79
bc54eadd50eb0e830200b242f32152bd,1,431084bfeb9352363649e36c9c4cc3ad,f1fd5ab1181f827ffad998c1a5de7d74,2018-03-01 14:15:53,699.0,91.32
2281b9a155dc821e33ba9e7360964450,1,9aa9caee155847cddb376a05b9a39791,ea8482cd71df3c1969d7b9473ff13abc,2017-12-20 15:30:34,29.99,34.15
3334505458e0f039b5a43c32dfef2cef,1,495f9290868e1bde785d3c372608ad54,228e4c1a0be164f613d41c24345f9d2c,2018-07-16 09:10:17,99.9,47.75
79104bbe8dd124c763911a2821546889,1,06edb72f1e0c64b14c5b79353f7abea3,391fc6631aebcf3004804e51b40bcf1e,2018-08-27 11:10:19,38.79,18.37
4bb1efeacab943b0b5364e7121fbcd62,2,b0c89945c034268074f5f80b362bda34,1835b56ce799e6a4dc4eddc053f04066,2018-05-07 14:15:16,29.99,4.21
03c16ffcf7b8792fa870d8cd7abc4b7f,2,696c39c44288187022347dcb177ac304,97512d3fc193b2d1dfcdba0f9d1f0f8a,2018-05-02 15:12:17,63.99,11.15
4fb22a6181117d7a0532aab46cef0e03,1,68fcd6e074680a12b9fa38a42bbfec1c,fa1c13f2614d7b5c4749cbc52fecda94,2018-03-25 23:50:30,164.9,16.03
68a688be62a4e82e6f8450c215d3fdae,1,1427b126f61597524866770b05d4eed2,0b90b6df587eb83608a64ea8b390cf07,2018-05-16 21:31:21,98.81,13.81
a1259693d26fb84a646c5c4a913a7c40,1,20a64c9ab614812a2634ebbd69bb4a02,850f4f8af5ea87287ac68de36e29107f,2017-11-09 13:46:12,99.99,27.24
1a4cc55b483d875e3b8bbd64a1b31bba,1,6f2d7833b8f0a094571ebddebdc6623a,ea8482cd71df3c1969d7b9473ff13abc,2018-04-19 12:55:48,49.99,17.06
a31ecde4565b9e5e70a4ac17fb47174c,1,eb15361fe97df32845dd225073d56db3,4c8b8048e33af2bf94f2eb547746a916,2018-02-20 01:55:42,26.8,12.69
29124c072d8e7d7681a0bebfe267c67a,1,86b4986bc313d65b0b5e46f5be8d11ce,4869f7a5dfa277a7dca6462dcf3b52b2,2017-03-27 12:00:57,445.0,13.72
411d2a5826116cb819444537c0d0360d,1,acdd408fe971bbe29a81f8febb575ffc,128639473a139ac0f3e5f5ade55873a5,2017-11-17 19:30:33,18.9,12.48
a6ea59851ffee8cb73761179fc7bcb6c,1,40a13d0a09a3d1334e8537ce3194f0ec,751bdc4d83a466c7206cd42e8f426b03,2017-12-07 11:57:28,79.99,22.88
2a8d909d2c102155c7ce2c9a24769447,2,a8a24b2139731e4be5246104224f0633,25c5c91f63607446a97b143d2d535d31,2018-01-12 09:48:15,186.98,15.04
11d6810af0b0d8982e3d67b4dae4374a,1,50b9ed3a22932b28d452c73046083f5d,55a5b51f93f2b70ea513f5a047b0262a,2017-04-10 16:45:21,34.6,14.52
a7e30722ecb34ffbeb0fb198ff547677,1,8eb72e039f7857d796c5afe824d0c64c,218d46b86c1881d022bce9c68a7d4b15,2018-02-14 23:08:31,149.0,14.06
c1e204186043302a0a6e1f4d955460fe,1,46292acbc08d49b95138891146f7287b,1987cd4be10fe09ee50454f9c354d1c6,2017-11-23 17:31:10,270.0,14.02
6aad3bed746944c70143bcbcadb6c5ab,1,aedb09a73deda537456636dad7696b64,17ca9b9e9b9ef8fdb529001b49ebb50f,2018-06-14 17:55:08,99.97,19.67
defe6c6f7875ec5d8409143a3d850eaa,1,752cc72634eb0d850747733e9bd4b0b6,791cfcfe22fe4a771ece27f90017da92,2017-09-29 11:30:15,298.13,39.64
13d3f4e508a98d94177dcdb34a8469c3,1,612c7f49d1026f7beded75464b574f81,9b013e03b2ab786505a1d3b5c0756754,2018-01-03 04:12:35,31.49,9.27
a2b3e75e2e444a9ce134788d66d5dec1,1,4231002e80d2a25aed31d65b4b91f479,c013e57c075a06e5b5c48ee03c525719,2018-08-20 10:55:25,42.99,19.49
9146e206bcd61ac9fb10f3a26336a7ec,1,7bc34251fed67b7d8a0251d7ad8eff3c,c3867b4666c7d76867627c2f7fb22e21,2018-02-22 13:27:08,125.0,18.12
d35d04877fd2f044b404b6e80567532b,4,31c4cfda24c7c817aa9761fa55185dd2,897060da8b9a21f655304d50fd935913,2017-12-07 15:13:59,19.9,16.11
a7f50550b7c9925554fb9bda2d7d220a,1,c9e5a053551073d27ded320bd05971b4,76d5af76d0271110f9af36c92573f765,2018-01-18 14:36:25,38.7,8.72
c3297de5d87bdb1364601547517e83b0,1,c395a11dd90b985496c100861b7c4710,537eb890efff034a88679788b647c564,2018-07-20 12:35:15,19.9,15.24
a849c2a7ea93e09f56fba22f019394da,1,f59871b3d9da4c64cbe41ad3dd04dc14,116ccb1a1604bc88e4d234a8c23f33de,2017-11-30 18:34:10,12.7,31.62
f033bcb921f7c09fa9203df5177932c0,1,29427de7f8a9ee983d9dbc51cec569b4,7a67c85e85bb2ce8582c35f2203ad736,2018-02-20 18:47:31,99.99,17.95
c09b25f84f52644793916c9d834ee48b,1,e95ee6822b66ac6058e2e4aff656071a,a17f621c590ea0fab3d5d883e1630ec6,2017-11-21 02:55:32,21.33,8.27
eeee28417bb0a24c511c9b96a03fb29b,1,66a0a6e02b7f543e5b021ce361f267d4,7a67c85e85bb2ce8582c35f2203ad736,2017-09-13 23:30:18,119.99,12.04
c48a0edfbe31112fc8f48c3acfb42e2b,3,b514de4b3d95c155ea6535df020af4b5,1025f0e2d44d7041d6cf58b6550e0bfa,2018-05-17 15:51:52,39.9,8.88
d314606b4bdfe800bef60e92196924f7,1,ad88641611c35ebd59ecda07a9f17099,c826c40d7b19f62a09e2d7c5e7295ee2,2018-02-01 02:50:30,157.77,9.3
e29cb1f5fe7801584de0f49a7423dc2c,1,7488482ecdc1096af0d1f23338dbdb4d,da8622b14eb17ae2831f4ac5b9dab84a,2018-05-02 14:31:39,64.9,9.26
67c78c07a98cbe27b5acebd87a164192,1,271f1932e906a6f5e59ffbf12cf04e93,cfb1a033743668a192316f3c6d1d2671,2018-03-28 22:55:38,124.9,26.95
e32eb573740a87c938b90b290605b617,1,ebf7d9b8166c02eb72e573eebd630458,cca3071e3e9bb7d12640c9fbe2301306,2017-04-05 12:08:07,60.0,15.63
2aaab7e991347226dbda1f61c6785f88,5,7d4f932dd4fa16256c20de073329eacc,855668e0971d4dfd7bef1b6a4133b41b,2018-08-06 15:10:12,9.99,7.39
c14c3f7884d25f88ef34bc018d3accc6,1,c9c6fde711572c1ad99ca12728c6af00,562fc2f2c2863ab7e79a9e4388a58a14,2018-02-05 18:51:14,29.99,14.1
fda462df0b5a0cf1f8316eabeb9525b5,1,254e83d8714765408ae71c07e6a972e0,3a4127e1ba7208ea37044c5092aae170,2018-05-02 09:35:31,385.0,10.46
2e95926835baa8ca4f74e2602a69a84e,1,23ed7a10a36c6f88a757a9c83df9ea20,a888faf2d1baececa6baf9c3d603ee1f,2017-05-05 14:02:39,449.9,19.99
8f35c9d6cb15b3bc14a4a88374c6d3d6,1,6ce07ff93c0dbafa9df5c10038e41287,972d0f9cf61b499a4812cf0bfa3ad3c4,2018-07-27 17:04:38,138.18,66.18
93dacd550574d8a7b38362c2a6f040b8,1,9b9d1c4bd979b93c138044e032f99780,7a67c85e85bb2ce8582c35f2203ad736,2017-08-02 22:50:12,99.99,13.72
1d75f74f2b35e491804fe25e4c5fd4dc,1,98d61056e0568ba048e5d78038790e77,8581055ce74af1daba164fdbd55a40de,2017-06-23 08:03:08,169.0,27.5
85c14f3be89a889592d53a5b8ff031bb,1,777d2e438a1b645f3aec9bd57e92672c,4a3ca9315b744ce9f8e9374361493884,2018-06-15 16:00:15,69.9,19.46
67c03c278fad216ed9ab5573e8cc551e,1,a2a61ecd4e916c3ff787c137d23957bb,53e4c6e0f4312d4d2107a8c9cddf45cd,2018-02-16 19:20:25,47.2,37.09
cf1ff716be04ebeff7831c79c17f9151,1,e1da6ab77f4859eb17950e5df1c0f815,dd7ddc04e1b6c2c614352b383efe2d36,2017-12-07 18:57:02,45.9,13.08
267e7e0b0615d34fa4c39c0a97cee1d5,1,7d49a5410d8c53d37ad9167e32e65e1c,e1643dff33666ca629e3644c02738179,2018-06-07 02:31:59,104.0,13.63
f8f5a64c41c130ac24bbdd4421d97f6f,1,13b604480efd32bdb45d23fc99a1a1ee,b4ffb71f0cb1b1c3d63fad021ecf93e1,2018-01-30 19:38:22,14.95,14.1
6abaad69b8b349c3a529b4b91ce18e46,1,3dd6c9d499e7c311a29e08afe1fd8fc6,537eb890efff034a88679788b647c564,2018-02-21 09:47:59,42.9,14.1
4b1fd4c19cb4a9c1dc657af8a028d002,1,63085bb4366ded27bcb63cbb59b4103a,5dceca129747e92ff8ef7a997dc4f8ca,2018-02-14 11:50:32,388.0,32.13
d67ce32732e8d5413c4bb2358bf5bb16,1,86b8032cbb666ec9ca1f2aa4d4cace06,dee656f0f566ed1aa85bd137c943f08f,2017-12-28 02:12:15,67.9,11.98
2d7fab68acf33daf2ba5fc66a9435377,1,920413d47417d9b3e04095f1704409fb,5656537e588803a555b8eb41f07a944b,2018-08-16 04:10:21,62.89,22.37
4185621f3aaf889fde42176d1f902b20,2,73de36575bce72868bbbc2ec727aaf43,973f21788dfab357250f69a8dcb7ddee,2018-05-11 17:56:27,6.0,22.93
b1a5d5365d330d10485e0203d54ab9e8,1,a9516a079e37a9c9c36b9b78b10169e8,7c67e1448b00f6e969d365cea6b010ab,2017-05-22 22:22:56,124.99,15.62
5b585b8178b9e47c6d423e0e79f415af,1,419cb1b441eda9b92ebd1a1b96090c26,ea8482cd71df3c1969d7b9473ff13abc,2018-01-24 23:16:40,29.99,14.1
6c6971df6cfa20527e3e3d32aded78b1,1,d8bbf40bf0360a6149a9ae34eb0ac7e1,113e3a788b935f48aad63e1c41dac1bd,2018-01-09 07:55:28,25.0,11.85
83497c05dd75dfe740fb8b0c5482da3b,1,0daaaee8a33938591e1d5b980e65046e,9df5750209b83567ec144eb299d7d634,2018-04-16 04:15:42,198.0,19.32
5a0e97d0e542a67558fb34daa8038b33,1,8092fb20e422a961ea52cd441b5a4244,897060da8b9a21f655304d50fd935913,2017-06-19 20:10:22,155.0,16.85
55d4004744368f5571d1f590031933e4,1,8ba0118a487ec8671aed57e5ef846574,17ca9b9e9b9ef8fdb529001b49ebb50f,2018-03-22 10:08:04,215.97,15.59
75132ec71e262337d5239bf757ce228f,1,bdc3291ab242ec1effc8eb0987850268,dbd66278cbfe1aa1000f90a217ca4695,2017-12-13 16:34:25,29.0,8.72
a5ab32d92df4aa22033de78a4c20dedb,1,5a848e4ab52fd5445cdc07aab1c40e48,c826c40d7b19f62a09e2d7c5e7295ee2,2018-01-04 02:35:50,122.99,15.61
715db622428425d51cc31f65a8b82eb0,1,d04857e7b4b708ee8b8b9921163edba3,9f505651f4a6abe901a56cdc21508025,2017-12-07 20:35:31,68.99,15.28
f654f714b94e829d982e2313f2343493,1,3fbc0ef745950c7932d5f2a446189725,06a2c3af7b3aee5d69171b0e14f0ee87,2018-08-29 02:49:53,66.99,23.19
bef6f136b891658b2b57851b5afb5c99,1,617186c3d97ea56c9c683a8a3974e8c1,cc419e0650a3c5ba77189a1882b7556a,2017-12-18 19:52:20,84.99,16.35
0ffaba549f161074760e4d3802fe8641,1,0a4f9f421af66d2ea061fbb8883419f7,c70c1b0d8ca86052f45a432a38b73958,2018-05-11 15:51:25,110.32,18.65
6224401eebe13e25d470d8d6a9ef225e,1,389d119b48cf3043d311335e499d9c6b,1f50f920176fa81dab994f9023523100,2017-09-12 22:43:53,59.9,13.44
703363ff17a413eaf90c960dc1a750b6,1,5a848e4ab52fd5445cdc07aab1c40e48,c826c40d7b19f62a09e2d7c5e7295ee2,2018-01-16 07:09:22,122.99,15.61
2b5781efb507c8378a255ae14c8661fd,1,08c816d9a716567bf436173ef6f5f12e,5656537e588803a555b8eb41f07a944b,2018-04-02 22:55:12,19.89,17.06
d2feffdc8a5c6772992aafeff8b9bdef,1,ea012826f2cb04c6fd08522ca179302f,8cc6a0e5738e61a87b03c78b2ba9db4b,2017-03-14 15:02:43,84.9,16.29
4c62b34217c704b6986322911ea89c80,1,d1c427060a0f73f6b889a5c7c61f2ac4,a1043bafd471dff536d0c462352beb48,2017-10-23 14:32:26,149.99,72.18
d6df48bb0f7ae326cc10448785ab0a11,1,31639956e7fac87ecfd9d608040638bd,aac29b1b99776be73c3049939652091d,2017-09-14 13:03:54,70.9,26.82
859c79a3ec5c558828c5f5a86e66841e,1,07451cd3b4079198af66b134853aee75,2528513dd95219a6013d4d05176e391a,2018-01-22 03:36:36,129.0,13.24
6c80694f60ad5694975dc614b2a7e723,1,58727e154e8e85d84052cd22b0136c84,c3cfdc648177fdbbbb35635a37472c53,2018-05-18 12:53:55,175.99,23.81
c9fe3cca849fd78e942704ee0078cedf,1,98ec655119c24de03b804696821f3955,620c87c171fb2a6dd6e8bb4dec959fc6,2018-05-07 02:30:54,49.9,7.87
1167028eaef4a4e52b2ac530aa8beb9f,1,fb55982be901439613a95940feefd9ee,3d871de0142ce09b7081e2b9d1733cb1,2017-12-21 11:31:58,79.0,38.1
c94517a93bb24f22495c95eb3f90adc5,1,06edb72f1e0c64b14c5b79353f7abea3,391fc6631aebcf3004804e51b40bcf1e,2017-08-22 17:30:10,45.95,15.1
bb112b59b8f03e372acab987c036fbf3,1,f2e53dd1670f3c376518263b3f71424d,4a3ca9315b744ce9f8e9374361493884,2017-11-23 13:30:35,109.9,25.61
96c9a85ac467d3065eb7f6d184672511,1,bace90a7338e9d31371ad47811cf4c7d,1a3df491d1c4f1589fc2b934ada68bf2,2017-05-22 22:35:17,99.9,34.5
dd38e6620e0995c23a9f4c9c71dbdc1d,1,33ec1056063990a554e2e2cd85219de5,cca3071e3e9bb7d12640c9fbe2301306,2017-11-23 14:47:52,59.9,11.92
9bddf07b813124e63282b716df591c36,2,16679d68bdbed3fb97af806424d7f2b7,9b013e03b2ab786505a1d3b5c0756754,2018-06-19 02:17:52,29.0,18.3
80ce2b07c4a46dfc98710e39bfe3bd26,1,75d542264c32b90489e15cac4892e076,ea8482cd71df3c1969d7b9473ff13abc,2018-02-01 12:21:28,21.94,14.1
cd8676507ccbfc96f9e0908910b9e0bb,1,eb8c629f70275fd1c4f809116cce1efc,1025f0e2d44d7041d6cf58b6550e0bfa,2017-12-08 04:39:21,38.4,16.11
4f3d4a1f5d64be803fb322242a968047,2,89321f94e35fc6d7903d36f74e351d40,16090f2ca825584b5a147ab24aa30c86,2018-04-09 17:50:18,27.9,18.23
834545a0dc30bbf519e4d9c697eca0a1,1,89005f5c60b53829a9a617fe5e292221,955fee9216a65b617aa5c0531780ce60,2018-07-06 19:31:02,40.0,19.47
606a4d197c2fcc7ea1b91a89c0843f1e,1,5411e9269501a870cabf632f05655131,3d871de0142ce09b7081e2b9d1733cb1,2017-11-23 04:26:12,109.0,20.0
016f868b096c236312e8bcb818ccd11d,1,429de6049b45a9fcb96aff1603f55d3c,9f505651f4a6abe901a56cdc21508025,2018-02-01 19:33:22,29.99,7.78
9f1fdd62873c571b8206dd1cf23e208d,1,1491a8ff192d4b5c369b0eaa2fe33ee5,37be5a7c751166fbc5f8ccba4119e043,2017-09-19 14:35:20,180.0,26.1
9b228d02d9abe567855fe2f934772858,1,4f4c375e79a2f5b62000807e99d85407,d1c281d3ae149232351cd8c8cc885f0d,2017-08-23 03:06:22,263.99,87.01
53b788f7cb182a99dbcf654bbdf21933,1,d04857e7b4b708ee8b8b9921163edba3,9f505651f4a6abe901a56cdc21508025,2018-07-10 11:05:26,69.99,23.21
483c22865f4aa9d0bd3cceb535b176ab,1,38956cecc0bc8d8837371d0aeeefeb59,d2374cbcbb3ca4ab1086534108cc3ab7,2018-01-11 02:39:34,19.9,15.1
9e27a77121b82195690a4fb1994814ea,1,4e122118ed3917312e52ddd02a164b13,318f287a62ab7ac10b703ac37435a231,2018-01-12 13:28:04,57.0,11.73
103d9703fa0f4778189330f41abcbb55,1,0dce093fc7ec4dec214256df878e3c08,6560211a19b47992c3666cc44a7e94c0,2017-06-27 02:23:40,145.0,14.76
5ce6115708c300fbcc79f7886d0163ec,2,020a80cb704bf65f38761fcedf2af192,ef2fbc2b607d8492bcffe657a4645434,2018-08-15 16:05:17,49.9,16.54
28ac52cca188141d6fb38c1e8bee7e1c,1,1e8aa599b7a43efac798dff87503a424,620c87c171fb2a6dd6e8bb4dec959fc6,2017-07-27 19:55:16,29.9,26.89
9f25f43e006aa4d61b6f1188696e93a8,1,056063b2634974ef86ccb7da2d3d0dbf,165fc07beebdcb6190fba8a06db2a449,2017-08-22 10:24:30,499.0,17.22
01c998b70e420ec36563386a4b71c6bc,1,ef5c31aee1d5074121a478b14d3eb50e,3d871de0142ce09b7081e2b9d1733cb1,2018-01-29 13:57:28,89.0,17.87
baeda1a6ab86cb05572b31817ab4e413,1,baf25ed4f8f70238cc87230379471454,128f9bfbe4c7d5185033914b1de3d39a,2018-06-06 03:14:38,9.9,18.23
1a4cc8edf7721a5fa7f601f25703c793,1,69f07c49379a0c4bd660dd794a72f02a,b94cc9f10ddc85e4ba73a6f7974e7101,2018-05-20 23:30:38,599.9,26.78
ff7cbd73d6ce84294d3d40ec1a7e12f3,1,4d272fe20c57c64dc74b3db191fc31ef,d2374cbcbb3ca4ab1086534108cc3ab7,2017-06-08 20:45:20,24.9,15.1
afcb8a93dec4243dbcf29ed98e5b0d4b,1,bb42f37fc3d9130e4a4339d24a47dd7c,da8622b14eb17ae2831f4ac5b9dab84a,2018-08-01 02:24:10,44.9,8.47
96874d51b07a419abc3260ea8e854fbc,1,389d119b48cf3043d311335e499d9c6b,1f50f920176fa81dab994f9023523100,2017-12-29 21:30:03,49.9,17.6
af32211fd3ca6faa65dcf8f3bd3f53bb,1,23384f296aa1bf6461d22912093a9847,891071be6ba827b591264c90c2ae8a63,2017-03-09 02:35:33,20.0,10.96
5f15f0c533a12e29594c41ac50ce1379,1,2f3fb365f563d28cb30f34eea6f47e72,96493fab2fbb13a14d0c0e8772eef5c3,2018-06-13 19:54:51,399.0,54.92
3c153f5d35e78b843022376a66dac30d,1,08c5039f843aa1a03854fb33b713ef37,822166ed1e47908f7cfb49946d03c726,2017-11-30 20:17:25,24.99,15.1
45af011411986b48414c28e5be9b3632,1,6f58431a7150fa91bac9f28f5454a8e8,5656537e588803a555b8eb41f07a944b,2018-06-22 13:57:36,25.89,19.09
17f7971d77f3b781ed3a2846c5d41946,1,e03102efbc2229024c89be731f0aedcb,2c9e548be18521d1c43cde1c582c6de8,2018-04-23 05:50:39,34.9,16.32
22ff7c206b68858435452298296c2fcb,1,da1cfaaffa7720fe28f26f18d52f5ad9,0ea22c1cfbdc755f86b9b54b39c16043,2017-05-04 10:32:12,39.9,10.96
6886aae7a8428ce1fa707bc8fb70acf8,1,1cdbe059c1ca8e6b8e3c595c382afd56,08d0949a9a17c027262db1f3c450c26c,2018-03-22 17:30:49,29.9,18.23
a6832f84211588f24e426d167333044e,1,cf8316c961640d38321241895b7811c2,da8622b14eb17ae2831f4ac5b9dab84a,2017-12-28 21:37:31,119.9,18.09
d7c88b34559c799b7170fb42a1222ab7,2,422879e10f46682990de24d770e7f83d,1f50f920176fa81dab994f9023523100,2018-05-09 04:30:36,53.9,0.0
7c28cd51bc7b7b5b8e81ae0bb7f17340,1,5a4ec7366f4a5fddd269c4d9a047c6c3,2a1348e9addc1af5aaa619b1a3679d6b,2017-01-29 18:55:31,16.9,10.96
4000f82f3395a0f2a5ad6a4e32060a66,1,484619f908431240f47e8c9e96ca00d1,36a968b544695394e4e9d7572688598f,2018-05-04 09:55:17,64.9,18.33
13fc19d5bc2bd52fce8baeb3f31e5dd6,1,81a7ce9e5b3c92b523c22a4d3d3e05f4,1b45169b635ef59425637e9a33eb5fb3,2018-07-31 17:03:58,44.0,13.65
32744f120083b73a94a86096a61ca1c8,2,553e0e7590d3116a072507a3635d2877,1c129092bf23f28a5930387c980c0dfc,2018-04-16 03:50:03,47.9,3.71
66b073eb59202fd98ae224db60ccb476,1,0cbeda603059c985268afd35128be303,3d871de0142ce09b7081e2b9d1733cb1,2018-01-24 17:13:02,89.0,13.64
3783e0b4f1ef0985e0d9aca4629f756b,1,fc1d8637c0268af3db482c14b7ef8e75,da8622b14eb17ae2831f4ac5b9dab84a,2018-04-25 20:51:20,149.9,12.14
9633aa23810f64d3bec8f43b7778befa,1,427a6366149d0da432a4f01146b70275,0176f73cc1195f367f7b32db1e5b3aa8,2018-01-17 14:07:48,105.9,17.99
40b1be99be1654dadd7e49f038296ced,1,7825a7c4f9edb6b219eb94c29e86e7b9,de23c3b98a88888289c6f5cc1209054a,2017-11-23 02:48:30,169.9,18.76
2f04cf66091d02e84a7996ba8a645c12,1,1613b819ab5dae53aead2dbb4ebdb378,16090f2ca825584b5a147ab24aa30c86,2018-07-23 09:02:49,27.9,7.46
437ad5a02525073e622a0752d52e8e19,1,51f876eb62be778c757503cf7f8a3b74,f84a00e60c73a49e7e851c9bdca3a5bb,2018-04-23 19:15:17,9.8,18.23
ebcb5b268095abb9ff8739f83b939864,1,43e6aab5f2602eb0af739f270de920d5,3be634553519fb6536a03e1358e9fdc7,2017-08-11 15:31:22,15.9,11.85
94eb86ebbf4bb41bd02ea3035a2a39cb,1,4509f2dcb7651bc7c7fab76f3a87e700,86ccac0b835037332a596a33b6949ee1,2017-08-22 03:15:43,128.5,16.66
e6d0bbe2424dd2fc97db5851253f90d3,1,8aa74335629d7d8e4ab23653b04ec65b,75a4764c108403a7a0575140cb22287c,2018-02-25 21:07:15,109.18,44.61
5ab86968467c65a96b9a6437e9e83164,1,f49e985b4cb2d0543890d6dd00077663,f62d7bb4a613ec758a03342d46b580b2,2018-05-24 03:15:28,750.0,49.87
f3c7adf3b94a38f6822478ff79db46e7,1,71a8be2937fd926b330febe100effd02,f435898e493ba0356019a0b1cb8b55b1,2017-11-30 02:29:42,28.0,14.56
6ff14c785c89530b9a33206e62253d05,2,0afe6af6700e5ff3b7b6f08a0b12ce71,c70c1b0d8ca86052f45a432a38b73958,2018-08-27 16:55:26,110.32,8.03
93cb3576b5e361f46b9a9f1720a3eb06,1,5716717fcac28d7783b530d6678cecca,412a4720f3e9431b4afa1476a1acddbe,2018-08-07 14:31:43,29.0,8.95
4b71239d777b69336e70a98790387836,1,165f86fe8b799a708a20ee4ba125c289,7ddcbb64b5bc1ef36ca8c151f6ec77df,2017-11-01 10:56:10,146.99,30.44
d35d04877fd2f044b404b6e80567532b,1,31c4cfda24c7c817aa9761fa55185dd2,897060da8b9a21f655304d50fd935913,2017-12-07 15:13:59,19.9,16.11
117a6f28c5cf04526b4869a9291c9d61,1,70c09a6d537cf2d213fe0169db7d209f,8d956fec2e4337affcb520f56fd8cbfd,2018-07-31 09:05:13,53.44,13.03
f34c3736b33b7d0c9eaaac33ac7b1ba5,1,1c42a107473d6b20db8ac7772b870e33,1900267e848ceeba8fa32d80c1a5f5a8,2018-05-29 14:14:23,78.99,26.63
af07804a2d53e8639954baf97fbf803a,1,165f86fe8b799a708a20ee4ba125c289,7ddcbb64b5bc1ef36ca8c151f6ec77df,2018-04-26 10:22:46,176.99,17.21
3296617b0f860015465b3259c42115b2,1,dee98cc0394b12aefccbad334b415c10,b1fc4f64df5a0e8b6913ab38803c57a9,2017-11-27 03:46:28,55.0,16.83
5882459227aea6eb6f103342a29c76e3,1,ec2d43cc59763ec91694573b31f1c29a,1c129092bf23f28a5930387c980c0dfc,2018-01-17 18:28:28,45.9,12.69
46cce235fa3f299c3093aedae4396900,1,d4a4ff95f641981ed47802cce0ea5c88,1f1bb1f0859883505541bdd6606193e5,2017-11-30 10:30:13,149.99,16.81
243e95f7ef35f86a258727975245bd4d,1,c8cfa622661e047ea2499f8bce4731a5,4b9750c8ad28220fe6702d4ecb7c898f,2018-06-17 23:53:49,134.9,38.99
30a08f0074bc43c8284b61015a6c530d,1,7fb04722aba7a2b632bac8f9819796f3,f3b80352b986ab4d1057a4b724be19d0,2018-06-15 03:30:57,90.0,27.36
0baad26e1a67410a85b2b38558dade2f,1,65e3848513c9ab70bf542e5d694cf072,a416b6a846a11724393025641d4edd5e,2017-05-22 17:45:12,36.85,33.74
d2e870fac3d41a82545e1cf3ebaf5a4e,1,563c0dd33258d3c44d1b9967cc148341,70f84699be677ec988d1fa824aef7d90,2017-04-18 06:45:20,259.9,10.81
fb7a9e3e0ff0d94790b472206462f2de,1,db1d1a4569fdbae28a0d3340d907f7af,325f3178fb58e2a9778334621eecdbf9,2017-06-21 07:50:14,18.9,7.78
1086086dc8f1556f2238eb1d973e3ac7,1,a028a0cb37c1e9693e906ad948031da3,fe49ee029e61e789a1f3a5525f57ba8d,2018-01-09 18:14:23,127.0,8.14
ef524a601004635e7bd1ec43937e961f,1,f788dd44fc883f0664693a6dea50437f,3d871de0142ce09b7081e2b9d1733cb1,2017-10-24 18:36:44,39.0,12.69
b6cd84e6c9328ed77a9e0401e661eeb8,1,cec09725da5ed01471d9a505e7389d37,4d6d651bd7684af3fffabd5f08d12e5a,2017-05-17 14:50:18,69.9,15.24
d931b40ce94a288787de6e568f9a76b3,1,2da442c298a7943c6787953d7f42b911,b2479f944e1b90cf8a5de1bbfde284d6,2018-06-15 19:35:20,52.9,42.43
d2c879fe9085258d38e3cb17af134189,1,617186c3d97ea56c9c683a8a3974e8c1,cc419e0650a3c5ba77189a1882b7556a,2017-10-31 13:14:15,84.99,18.16
b60e4bb897c3faf7417e11850072fab0,1,b60856ce32d90658dbf99b9485327c25,8b321bb669392f5163d04c59e235e066,2017-11-30 18:52:35,9.0,14.1
4fc320374afd63a53d0b5607ef49113c,1,1d297ac3d18250759eb36e8b6c18fb5b,37be5a7c751166fbc5f8ccba4119e043,2017-05-29 08:10:09,399.99,17.55
a1910c13f7264ec8e1b32221debcee26,1,5a6e53c3b4e8684b13388d6aa4afdf12,7299e27ed73d2ad986de7f7c77d919fa,2017-03-30 16:35:24,14.99,14.52
2071e513bccda6388b163977db471be8,1,afeeea6271148ee1bb15173b8187c431,53243585a1d6dc2643021fd1853d8905,2017-12-14 18:19:34,189.9,18.61
bd4ce88d696959198a72416bd32be0ca,1,7fdff1c504647eff040e08cd98ce3210,3c4e0452bff7a2a788179488d3d77032,2018-01-10 09:28:38,119.9,14.59
65e9a241667deddeffb1542389e94964,1,6991f4d85b6d2e9c27895e25c2485b52,9b013e03b2ab786505a1d3b5c0756754,2018-04-03 06:26:22,35.0,7.87
cd8676507ccbfc96f9e0908910b9e0bb,2,eb8c629f70275fd1c4f809116cce1efc,1025f0e2d44d7041d6cf58b6550e0bfa,2017-12-08 04:39:21,38.4,16.11
ed9bc2af2e1ae9d510b862314efd8e72,1,80872f7f128200f12c5af9494b1d37a0,4bf658053d453036c70976bccb2c31b2,2017-04-20 06:35:18,843.0,21.6
99268218a07f08ded2575058ffefb286,1,f9b178c9fdc90bbcfbd6c6b49ed47d4c,1025f0e2d44d7041d6cf58b6550e0bfa,2018-06-18 13:02:17,70.0,19.64
2e4b9e7c90aaeb1b4a427c8bad708b3e,1,ef3736bfe2ee33f00649ddfc8e535f10,7142540dd4c91e2237acb7e911c4eba2,2018-03-08 13:30:26,69.9,13.51
29a78ee4f09c8306a3a5551825acc903,1,72d3bf1d3a790f8874096fcf860e3eff,0bae85eb84b9fb3bd773911e89288d54,2018-02-01 16:39:19,38.25,17.92
a37e63f75db3f7601cd0e95a5b63c083,1,97e778e5156560324ed3226e6dba3a5e,cab85505710c7cb9b720bceb52b01cee,2018-01-11 21:47:38,69.9,7.78
ef53159b7b28df06945b68eb2b65abc1,1,aca2eb7d00ea1a7b8ebd4e68314663af,955fee9216a65b617aa5c0531780ce60,2017-12-15 02:54:19,75.0,29.94
7bbc66a921e0671f689e2bb419d3cf09,1,d017a2151d543a9885604dc62a3d9dcc,6560211a19b47992c3666cc44a7e94c0,2018-03-27 11:55:44,49.0,7.39
64b6860d0ff4339bec73a08ed44a99f2,1,87283a98b24f9f1ac3a31b631073cf47,cab85505710c7cb9b720bceb52b01cee,2017-02-19 10:04:52,49.9,8.72
55c5b6e322eed3fe3dbbd82da9906019,1,3a264b078bf20e98f315ff65c23fa263,46dc3b2cc0980fb8ec44634e21d2718e,2017-09-22 19:45:39,349.99,19.89
9f24306ad42ec0b914ff60357df376ff,1,24bc2932a12c983f8e76d828b65cf39b,5a413ade68e8f8d93071a7f52a64cb9e,2018-08-22 21:50:17,59.0,8.57
299372a2c0a08ae166a4dd2a2467dfec,1,ff62ab4c255754dd5cfbd1822cd97b40,ca3bd7cd9f149df75950150d010fe4a2,2018-05-14 04:15:33,194.0,107.6
d65f26752fd6834bfb0a567b581dde3b,1,a2a91fe6d8762e0371abd964cef88ec6,4992e76a42cb3aad7a7047e0d3d7e729,2017-07-31 17:50:23,25.0,14.1
b72a28958acaa4abcff7b24c1b517c42,2,0ac0d30f666402b0d004e26c5e57eb0f,6d66611d7c44cc30ce351abc49a68421,2018-06-21 20:58:36,95.9,0.13
01b2dd042de98a15b6a9a141bf71c344,1,b1551ef44e04265b510840b991b24b51,cac876b37d3abcd6bd76caca30277996,2018-03-16 17:10:45,79.9,15.41
631252ac24a799cf8f1c7823248527d5,2,1fa968aa921dd9cdf625d5caf8f96654,cb3dd9ce66268c7a3ca7241ac70ab58c,2017-07-25 22:05:49,21.99,12.69
158a05ea7d6a7268559ca2f97476ee0a,1,34dabb8af33b3756cf72df05fb327011,0db783cfcd3b73998abc6e10e59a102f,2017-09-20 10:45:10,99.0,15.44
1fa3133aa187f5523ca99748f5b5578f,2,66bd6e465a87926adb15dec604948867,dc8798cbf453b7e0f98745e396cc5616,2017-06-07 19:22:56,24.9,9.34
cf49cb20f726614d8f2bbd281489b0b3,1,d04857e7b4b708ee8b8b9921163edba3,9f505651f4a6abe901a56cdc21508025,2018-07-26 09:43:57,69.99,13.15
c49f6b5cef87291f38f2b1fccf57c3c6,1,fc13bac52be6640d9a77f54894e2c0e6,729b2d09b2a0bdab221076327f13d050,2018-07-18 03:05:19,28.99,22.13
6363b59d2e7f542672e0f11910c0c708,1,f1c7f353075ce59d8a6f3cf58f419c9c,37be5a7c751166fbc5f8ccba4119e043,2017-07-26 17:55:21,205.0,22.27
1f8d2442829de7b25f179e4128b7ed8f,1,ee0c1cf2fbeae95205b4aa506f1469f0,cc419e0650a3c5ba77189a1882b7556a,2018-01-16 07:20:07,53.99,11.88
5ce67f8655ea16aca378fdb87e3a8665,1,fb6782985a98aa8a59238f58239f6f1e,955fee9216a65b617aa5c0531780ce60,2018-03-08 01:20:32,79.99,13.11
1116eef143ff0ec32867729b83df8530,1,aca2eb7d00ea1a7b8ebd4e68314663af,955fee9216a65b617aa5c0531780ce60,2018-01-25 22:09:59,69.9,19.98
272edf81c6d2434e61f4e15520a0512e,1,9a803c36a15de3fd981f42c0e4cabdea,c3cfdc648177fdbbbb35635a37472c53,2017-10-05 09:24:59,169.9,17.67
d5de523ef823dfdb68b1509abd0f64f2,1,42eb5329dd0ee3d76d135ce04c84451b,282f23a9769b2690c5dda22e316f9941,2018-05-21 15:59:16,29.7,16.32
f5ce5c20560cb88a5e940f660077ba1e,1,d1c427060a0f73f6b889a5c7c61f2ac4,a1043bafd471dff536d0c462352beb48,2018-03-14 02:11:07,129.0,58.76
a5c7e6bac2227411fff0d646ffdef74c,1,8232a265a535c1f886b38335667be2a5,f45122a9ab94eb4f3f8953578bc0c560,2017-06-06 13:11:03,59.99,16.18
40ea731f6fa10cf721b503b64f3b178e,1,8e312c483d79e02dbc1d68cce77e26c8,cfb1a033743668a192316f3c6d1d2671,2017-07-26 07:10:14,28.9,11.85
112a61419198a7ce9f0a908898e8507c,1,55aec8e90307dc2a7233549837c12299,ffdd9f82b9a447f6f8d4b91554cc7dd3,2018-04-11 17:09:50,214.0,70.89
0ea1fd1eeeb46df9770ac9d07e1e71e6,1,aca2eb7d00ea1a7b8ebd4e68314663af,955fee9216a65b617aa5c0531780ce60,2018-04-09 05:49:09,69.9,12.43
3e3a2f955d45f35c654bd13bade8e0d3,1,f5badee8a0e679f057ec0ca4f0f32dcb,e0a366315b1b726b6c7832d664c0f530,2018-08-02 00:20:12,109.9,18.87
1b767ee7dada9fcf77567007fb90c2a8,1,e3d080fd5b3ce383ec62cf67d4cb8238,8b2492b7ff4468839593fafeed55bad9,2018-03-26 13:09:46,190.23,16.21
4fb59cc4950521f470473ef761b30d7e,1,f691cdacdf6ea42e5cde08d10928f90b,81336a0f57a33776419727a300249e90,2017-09-18 21:24:08,189.9,18.58
f4db4affcb95da2a38c0713f619c8313,1,fd7d2e006bf144655148da8077bd8d4f,f45122a9ab94eb4f3f8953578bc0c560,2018-04-26 18:30:30,17.99,8.64
cc6c9b89f70b32d7fe075718e0fc58e7,1,9da950e8c8c482441f1b93955b21c827,ceaec5548eefc6e23e6607c5435102e7,2018-02-09 10:52:24,215.0,21.0
28c35e27d64425be0368e275997f7779,1,0b1b6ca8b113c570aa56916becb81192,77530e9772f57a62c906e1c21538ab82,2018-01-18 10:49:45,299.0,21.58
afef48d3c8a0b1b7c9b7f8f922fb5674,1,31945c8811d04df20bf86224210b4084,48436dade18ac8b2bce089ec2a041202,2017-11-17 16:50:47,134.9,18.51
99bc267f49d76932cd195bfb2a94dd03,1,4298b7e67dc399c200662b569563a2b2,88460e8ebdecbfecb5f9601833981930,2018-03-02 11:49:41,149.9,13.18
4f709a231b1d99a9e12f4f86f458dbcb,1,e4d325bd1eea550509bdbbc5c3301fc1,7178f9f4dd81dcef02f62acdf8151e01,2018-01-23 12:54:49,349.9,18.21
5d00da307fb1f170ba75e37b6ff2343d,1,02ad328219e45e7d138101bc3c8aa6c6,213b25e6f54661939f11710a6fddb871,2018-06-20 14:18:50,119.85,19.81
177ec1b1bde2badda1cbca0f19f1aed4,1,d6b21712ba181dea6664f1b3e09d650e,0ef83d7d83ed97cd2a0049ac8be5f88a,2018-01-25 09:10:50,52.17,13.39
42ef77c2949646ec1d09f4f38b249508,1,cd48f265a63e13b762601f5f794c5fca,e9779976487b77c6d4ac45f75ec7afe9,2018-02-02 14:31:29,47.49,9.94
685eef0e70bd850df886871cc0917e81,3,53759a2ecddad2bb87a079a1f1519f73,1f50f920176fa81dab994f9023523100,2018-01-05 21:09:39,49.9,19.57
3b336014b6a2b0774fb872f338dab7a2,1,9bd556e1c4a7917679b89ec2075e9cba,725af026f869236a8dd0ceb98564d156,2018-01-24 10:47:52,212.99,17.97
c457891e7dfbb909e2ec96d592d94edf,1,c211ff3068fcd2f8898192976d8b3a32,da8622b14eb17ae2831f4ac5b9dab84a,2018-02-01 16:58:19,24.9,15.1
c3c637478a3bd7fb492aff16c4aa8ec0,1,7fb04722aba7a2b632bac8f9819796f3,f3b80352b986ab4d1057a4b724be19d0,2017-10-25 09:49:24,79.9,16.81
49f0e82d2c3c46134f551799b3990bf9,1,d017a2151d543a9885604dc62a3d9dcc,6560211a19b47992c3666cc44a7e94c0,2018-08-06 12:55:32,49.0,18.44
0029f17cf0e7640c5cb6825af681303f,1,01c666c82f414c762ad21bffa56e8b49,d3dcf0604eabf0224fbd5948b5e02f69,2018-05-08 12:14:52,94.9,18.54
a22b607df785ae2bd6fada8c68de0986,1,e3263eb093d88b95abce97fe0c864421,f7720c4fa8e3aba4546301ab80ea1f1b,2017-10-24 03:14:58,30.1,35.67
3683d42ef26919be1aea9cbbed4dc1fa,1,bb50f2e236e5eea0100680137654686c,f7ba60f8c3f99e7ee4042fdef03b70c4,2018-08-21 16:35:19,330.0,24.24
00404fa7a687c8c44ca69d42695aae73,1,53b36df67ebb7c41585e8d54d6772e08,7d13fca15225358621be4086e1eb0964,2018-05-15 04:31:26,99.9,0.0
b948bdde0e60c872c56a559f349c1a66,1,74e5e7c0ad09d8fec4d30c75a70a7799,3db66a856d18a9cba7c9241fc5221c50,2017-10-10 03:04:03,69.9,14.22
bfab719f64f6c06620c60d71353b2b76,1,68e2f443d819056e1a6b7b29729f7bb7,431af27f296bc6519d890aa5a05fdb11,2018-01-04 14:07:08,39.9,12.69
3fcef6f64992de28b33bffa27537d868,1,29427de7f8a9ee983d9dbc51cec569b4,7a67c85e85bb2ce8582c35f2203ad736,2017-05-30 16:22:43,99.99,16.95
1b7efcda93ef629e74df8b1fcd2b1f92,2,b5e13c9a353102f79c6206ff5cb61a50,a49928bcdf77c55c6d6e05e09a9b4ca5,2017-09-12 08:25:12,79.9,32.02
75fb23d26903b71ce3dd550ae22d2cc1,1,8a90417eb713be09fd87a5d077ae06a2,a36b125ac6d5fdbc7f50de85c9157bdc,2016-10-14 12:02:46,49.99,11.03
3f6efc4ada967d7b5ad1b6c30ca43b96,1,15859e3a8aaa3c192c10a91d8722abd5,e5a38146df062edaf55c38afa99e42dc,2018-01-22 03:51:08,299.9,13.3
1d58535a7efa4ccc8eab9bf3b16111c7,1,512eb536b90566abb81ad91a6143a8ff,41c2bad7229b0c25e6becf179ebf63ff,2018-01-15 18:26:46,34.0,8.27
631bf0797fc3480d6eae9757b0c816b4,1,a861d5c0df81a446e7e60ddb33ec0659,134285d1f41da5c13a756ee8142c8a4e,2018-08-22 21:49:31,498.9,29.79
a00d80133807b3fcebee86be41116908,2,719d571299707561c34ba04ab867b32a,0ef83d7d83ed97cd2a0049ac8be5f88a,2018-04-26 18:30:41,52.99,14.45
809d874fcf0f3327664fd7eefe923676,1,7564c1759c04fc0a38f2aa84f7a370ee,6860153b69cc696d5dcfe1cdaaafcf62,2018-08-28 01:10:18,45.97,23.12
cbbac32b13e7fbbcc8e815705213e1e0,1,bed8edcc8479914748b6e6173513b3eb,e504a4e2efaa45cbff7e268a2c58c956,2018-06-06 11:30:48,99.9,17.61
c626db29ab3699e67c95a88bb63aa471,1,183c95ad186f48c320bbac4643829d3f,cab85505710c7cb9b720bceb52b01cee,2017-08-24 09:45:15,49.9,7.78
5ce6115708c300fbcc79f7886d0163ec,1,020a80cb704bf65f38761fcedf2af192,ef2fbc2b607d8492bcffe657a4645434,2018-08-15 16:05:17,49.9,16.54
c60c1ff560443153d7f50771e5fe9b92,1,ee3d532c8a438679776d222e997606b3,8e6d7754bc7e0f22c96d255ebda59eba,2018-03-01 02:50:34,100.0,16.46
a2f1b733d3d3cb7185e9661387534161,1,3f14d740544f37ece8a9e7bc8349797e,00fc707aaaad2d31347cf883cd2dfe10,2018-02-28 12:55:20,83.9,23.42
215a2af7298ced2c65d785d397e04880,1,f9122c4086dee1508186c3ccd738dfe3,93dc87703c046b603023e75222018b45,2018-07-06 10:19:03,798.0,13.94
4b3be677878505d6696458ae4b209876,1,f74ed500ab93d12ce3fbc611474d89af,d1b65fc7debc3361ea86b5f14c68d2e2,2017-12-06 20:57:28,199.99,18.65
ba81383846b0b6c97b5160f986fa3707,1,334995514673fb6bae67885458b52984,53e4c6e0f4312d4d2107a8c9cddf45cd,2017-08-02 22:05:23,13.99,9.34
26aaee2edab376ed50356a504172fe42,1,937a43407f2cf75f612cef2795160860,fffd5413c0700ac820c7069d66d98c89,2017-10-13 20:49:36,174.9,43.45
4cfe6efc40f9645ef7b88440a1c64149,1,d017a2151d543a9885604dc62a3d9dcc,6560211a19b47992c3666cc44a7e94c0,2018-08-09 04:10:17,49.0,7.6
d35d04877fd2f044b404b6e80567532b,2,31c4cfda24c7c817aa9761fa55185dd2,897060da8b9a21f655304d50fd935913,2017-12-07 15:13:59,19.9,16.11
32df72b9f8dee31b9b3b8b8e31f2ba1d,1,3b10cf7d1e08c598428ad6eb7c59d09c,8a432f4e5b471f8da497d7dc517666e2,2018-05-09 21:13:59,89.0,13.98
4526b32a6f35ff4b865facdf3ec8e567,1,276e9ed23a30582d125743aaed57ed22,f8db351d8c4c4c22c6835c19a46f01b0,2017-04-19 14:32:18,20.9,10.96
fdc0c4c2efc395cf5b80b60f573097cd,1,187e7d92b8168c3661824809d0c5dffb,431af27f296bc6519d890aa5a05fdb11,2017-11-14 21:50:25,119.9,13.86
47378b461210a310c95e17323f7dd726,1,72af228db018a06518f1b2a8c070a2ac,83e197e95a1bbabc8c75e883ed016c47,2017-01-31 05:27:14,124.99,19.15
a49f05cadcb7f056c2725a1463b7d7db,1,7b32b1b87594b60dced8abb4531d2986,c9c7905cffc4ef9ff9f113554423e671,2018-01-30 18:31:54,119.99,14.59
cc3336764b2bc18f4eaa8f17f86bfd53,1,22c5ddc22ea8cae84fc9917def682dc6,cc419e0650a3c5ba77189a1882b7556a,2017-06-20 17:55:17,56.99,7.78
1b7efcda93ef629e74df8b1fcd2b1f92,1,88e55a509dd9848fe90373958567203a,59b22a78efb79a4797979612b885db36,2017-09-12 08:25:12,26.9,4.57
9e782eef55c0f6f0a4de48f967232e91,1,2756f88aa420dd0c5aa25b2db78d4664,ef506c96320abeedfb894c34db06f478,2017-10-12 22:56:12,22.99,14.1
81c684bc700b0e67cd0461f8f1216b0b,1,7c1bd920dbdf22470b68bde975dd3ccf,cc419e0650a3c5ba77189a1882b7556a,2017-04-04 02:10:42,64.99,20.9
b992cd122d05b330c88f6eab0181dfc6,1,cd494d8236315646d34e31b09c5f86a4,0570350b23eda5444f8d1d9544932058,2018-04-18 23:55:07,59.9,18.3
9c1becadc6a0c6445eb02167b8d1bbff,1,5038cd913f549498c7e7251739050b0e,537eb890efff034a88679788b647c564,2017-09-14 11:05:18,19.9,16.79
0778b810e2b38affa71607aa32043365,1,33a556a744bc9ea4e216c3990d352d03,ea8482cd71df3c1969d7b9473ff13abc,2017-11-30 09:50:42,27.99,15.1
02d50facee2072550ae5a8ef3dc2e10f,1,ef66e63137bdd1b2e44aa968646fc1e3,1025f0e2d44d7041d6cf58b6550e0bfa,2018-01-19 00:10:43,38.4,9.34
8ac6e77e1c72888c65cbe9e246fac46b,1,6f3b5b605d91b7439c5e3f5a8dffeea7,4869f7a5dfa277a7dca6462dcf3b52b2,2018-04-16 00:15:59,156.0,18.97
11921adcbd013757ba6f287c03929bb4,1,24e8c79f39c68fbdbd57a5813ae72b94,4869f7a5dfa277a7dca6462dcf3b52b2,2018-05-04 01:55:18,63.9,18.33
3ec8d477ad3b18290ba325fecaf053f3,1,76b7fa5da50b22fe17d1e7bbde661106,2a261b5b644fa05f4f2700eb93544f2c,2018-03-09 09:48:27,45.0,13.37
599f88486aefa57adef7d260eb589778,1,90a57d62c9b9f884fae33a10dff953b4,38e6dada03429a47197d5d584d793b41,2017-10-13 16:49:35,15.36,14.1
9e8994e6f853899f834bc1d3c25b1939,1,21767347dfdabbe42b3ca5846a4cdb48,fa1c13f2614d7b5c4749cbc52fecda94,2018-04-10 09:48:45,348.9,20.32
0b5588f04551d90ee148462bb65dfddf,1,7a5d0e89d069c89b2112e9da539343c2,688756f717c462a206ad854c5027a64a,2018-07-24 00:21:44,118.99,27.13
8e1ded141534096603108f1ee5c27735,1,a59fb60fddcc72a9878b7ed5cb69d8e4,7040e82f899a04d1b434b795a43b4617,2018-01-29 15:15:32,19.9,7.78
c77296df05b5ed399d2d111ec97b0b17,1,0485eb91cf4786a456d0b61ef9d9183e,3c487ae8f8d7542beff5788e2e0aea83,2018-07-26 15:15:17,299.9,24.82
b992cd122d05b330c88f6eab0181dfc6,2,cd494d8236315646d34e31b09c5f86a4,0570350b23eda5444f8d1d9544932058,2018-04-18 23:55:07,59.9,18.3
a67f2f8a8a684916bd58ae4f6f2a4507,1,5cb1a29179d1883d7ab5424629fe67aa,0bf0150d5b9d60d9cd2906003332f085,2017-03-30 02:45:46,49.9,11.74
9863811d92f6ae6fdc407813b2e6a285,1,629e019a6f298a83aeecc7877964f935,c003204e1ab016dfa150abc119207b24,2018-05-18 15:18:32,108.9,10.54
38ca323a7d4915303945481eb5a7e9e2,1,50fd2b788dc166edd20512370dac54df,8b321bb669392f5163d04c59e235e066,2017-12-04 11:58:35,21.9,11.85
df0a2eff6f0fc7262189d138f3defa0b,1,5f19455f0c3902e89f16a6042bd4221d,900ba814c251a692506d7834c1218441,2018-08-22 00:30:07,405.89,20.05
f34c3736b33b7d0c9eaaac33ac7b1ba5,2,1c42a107473d6b20db8ac7772b870e33,1900267e848ceeba8fa32d80c1a5f5a8,2018-05-29 14:14:23,78.99,26.63
c48c006cc34f94c1fb2aa8afd2c1cc9f,2,389d119b48cf3043d311335e499d9c6b,1f50f920176fa81dab994f9023523100,2017-11-30 04:53:48,49.0,37.97
bfb8512783ccd2271d2e96d3b856bf2b,1,d6160fb7873f184099d9bc95e30376af,53243585a1d6dc2643021fd1853d8905,2017-09-21 12:45:16,1649.99,33.42
fb52c1aeadce7c26d4c57e429909eab6,1,f06796447de379a26dde5fcac6a1a2f7,b92e3c8f9738272ff7c59e111e108d7c,2017-09-21 21:35:18,239.9,28.0
2c8e244e1ac6be021c1587d33444bd8a,1,2aa78e35ddc1d5d30a51a3cb89e4149a,ed4acab38528488b65a9a9c603ff024a,2018-03-14 11:10:38,24.99,8.4
e21677585042e206b003e3d9766064e0,1,8c96a6969d0fad20629fec9c1ea45e02,062ce95fa2ad4dfaedfc79260130565f,2017-06-28 10:05:15,79.9,15.31
a2b2d6d1919f4f35f47c42de3f62a1fc,1,027cdd14a677a5834bc67a9789db5021,612170e34b97004b3ba37eae81836b4c,2018-07-25 11:55:18,86.0,19.51
71dab1155600756af6de79de92e712e3,10,308e4e21ae228a10f6370a243ae59995,7c67e1448b00f6e969d365cea6b010ab,2018-02-15 19:11:08,76.99,40.69
72169ffd15efc268ce012f931a368c4e,1,0705b33fb285827a578fce4899f1b921,318f287a62ab7ac10b703ac37435a231,2017-07-18 16:05:25,22.5,15.11
a98012aa8c697f2bcff9f8c2183e0f2b,2,c5cb254d666e4420d56b5dc67ff59d29,52f0fe436a347ddad7ed5f9aa4e27eaa,2018-05-17 23:11:49,8.99,23.51
bca67f1d036be009d17824489da2f178,1,c8cfa622661e047ea2499f8bce4731a5,4b9750c8ad28220fe6702d4ecb7c898f,2017-12-13 20:30:53,134.9,10.16
98dd9c43c306401e85dec3ca829faea3,1,50f1880f1989251727fbbfe8c0a346a6,7a67c85e85bb2ce8582c35f2203ad736,2017-10-23 08:35:16,129.99,12.11
4b7e81be5da17ae60c44ba5992fac95d,1,f22c9d6ce2431ff939aad39e026cc7ef,c847e075301870dd144a116762eaff9a,2017-03-27 16:54:22,1199.9,25.69
2d2975aae2e55ee662ad28cb6fd145d1,1,6cdd53843498f92890544667809f1595,ccc4bbb5f32a6ab2b7066a4130f114e3,2018-02-27 14:10:21,349.9,22.85
8b6746478f6b44e7b76097d1c2f4dbe6,2,1b2066a33aee5851ee3e44b10b36b3c8,1025f0e2d44d7041d6cf58b6550e0bfa,2018-08-06 22:31:38,20.89,11.17
0a15572811e0bc23e2963de1cdf344f0,1,2b0c892ab2b8e600a0b186db31f5947d,54a1852d1b8f10312c55e906355666ee,2018-04-25 11:30:55,79.99,23.14
030c7ec55b04c23a239cd70bd9750e18,1,b44076f8988fe82b676a754e798ab0f9,3d871de0142ce09b7081e2b9d1733cb1,2017-05-21 21:42:56,69.9,13.51
c94380d457c5b733057185e23d14b4ed,1,a92930c327948861c015c919a0bcb4a8,6560211a19b47992c3666cc44a7e94c0,2018-01-29 03:37:47,78.0,7.8
3dbf83f783c5b8b10a714e9c887347ba,1,9ede6b0570a75a4b9de4f383329f99ee,3fd1e727ba94cfe122d165e176ce7967,2018-02-26 12:07:36,104.9,16.49
4fc55f5886d54eeddf2b8527f4d72485,1,f71050e65776861c8c3ec7a2d2b0194c,53e4c6e0f4312d4d2107a8c9cddf45cd,2018-02-08 11:31:17,85.71,11.8
05ebeda0c1aefd787e0ddc914af75039,2,90aaf7f993470e411207adabf5b998b6,1fe5540d7c1c37a595fefbacd5570d9e,2018-08-20 10:24:42,189.0,19.39
498021c6811da6622f31f7817f7a7af7,1,99c97d191bcc87e072acc4521bce44d4,e882b2a25a10b9c057cc49695f222c19,2018-05-11 17:29:45,443.0,49.93
256c2127e05b924a7cbf69f95e3c4830,1,542a646898298499b45840efc15775e4,7d76b645482be4a332374e8223836592,2018-08-24 03:24:07,17.49,7.39
4f7d7c29804187d1b3e013ac5fe1dae5,3,0ceb0bfefd73a9c9dc6f918182841cc1,89d9a386b0b6e5fc8403071b03f7206a,2018-02-27 21:47:39,33.4,14.1
a98012aa8c697f2bcff9f8c2183e0f2b,4,c5cb254d666e4420d56b5dc67ff59d29,52f0fe436a347ddad7ed5f9aa4e27eaa,2018-05-17 23:11:49,8.99,23.51
481bab4ab953e59fd75574754371e676,1,d017a2151d543a9885604dc62a3d9dcc,6560211a19b47992c3666cc44a7e94c0,2018-08-09 04:10:21,49.0,7.6
007beb35f98c075747e6fc4fd1c0cb73,1,ce130b350f529a1d6288f927da7404ea,e38db885400cd35c71dfd162f2c1dbcf,2017-09-28 08:50:17,64.9,18.69
90f0e72dfebcd41e26656d079d881674,1,1e2e095149b3e9ca487d9c2d8c20378b,7d13fca15225358621be4086e1eb0964,2018-05-24 22:58:20,510.0,16.93
58c4df4904044782bb1361c5cb001538,2,6bbe55cf8f85c87b6eebb775a53402f4,0db783cfcd3b73998abc6e10e59a102f,2017-05-21 22:02:47,99.0,1.71
74bb37ec1177c69720bff87b248233cc,1,45c4df3befb383b0102121f980c20f82,f805b96fa705ba7995a221f1749dc141,2017-07-06 03:15:25,599.0,24.68
2a3f9da1b73d48af85d04f8550b3d156,1,3bbacbe586e957acbf26c63b3ed532a3,729f06993dac8e860d4f02d7088ca48a,2018-02-02 14:11:46,159.9,21.61
05529f3e7ed5cd4214281f2bf60e89d6,1,49cb84851ad1487be5bf70a42bb954dd,b2c97074649f92197d9387d9033dda5f,2018-08-03 18:20:05,53.3,37.28
cf82b80e79a66336306b0c6c151f64ef,2,530d9436af6fa4960e9754ce4128b468,c37b2059d4f90d4feead554e5246565e,2018-06-15 09:31:59,39.0,7.55
0df040f84e5295f7894177ffe53850b8,1,65b89f415ce968a584fde133ae3ce3bf,0c8380b62e38e8a1e6adbeba7eb9688c,2017-02-09 23:05:28,74.9,18.8
2ae6d828f4cf351ecb662a1f2c30aa93,1,2a27bdf5d36c733df107a86e44370254,382229d1e840115ffe3dbf5ff460e417,2018-05-15 03:51:43,49.9,37.04
77aa52452b1fc7afb9b3438922e09668,1,dfa595aa098b1c2b6d2af8f1e08ade44,9674754b5a0cb32b638cec001178f799,2018-05-16 17:15:21,99.9,8.88
1d27a36f2b45a61e1fe2523a056c3561,1,c1cf541d5b33a4b04ddc1c3be7aa1c86,01fd077212124329bac32490e8ef80d9,2018-07-24 14:02:23,38.0,18.37
1a46043f18f483b119bbeebb563aa77a,1,c4e71b64511b959455e2107fe7859020,aced59e9b31ef866a94f9e7f29d8d418,2017-12-21 10:55:03,25.0,15.1
7ed1f028ae9291bb2f0e80683526867f,1,5411e9269501a870cabf632f05655131,3d871de0142ce09b7081e2b9d1733cb1,2017-10-05 11:23:39,99.0,17.94
ae8a569660d9208ffed48d06824629a3,1,a92930c327948861c015c919a0bcb4a8,6560211a19b47992c3666cc44a7e94c0,2018-07-30 20:24:24,78.0,18.65
f057e285395efbc0c032cf9e4ccfd146,1,f3dadecca4b876a315481c79b8adcf16,f8db351d8c4c4c22c6835c19a46f01b0,2017-10-17 20:49:17,22.9,15.1
5802070896d144b2186d3c280570c99e,1,aca2eb7d00ea1a7b8ebd4e68314663af,955fee9216a65b617aa5c0531780ce60,2018-02-20 22:07:24,69.9,13.08
79af690e1f308a4aa1052a6fc4fbc908,1,5ad2fee5f3e327f898435c3fcb0c93bd,080102cd0a76b09e0dcf55fcacc60e05,2018-06-18 18:18:51,48.9,23.06
a5db0385f8aea138fbbb47e6bb8c03e5,1,422879e10f46682990de24d770e7f83d,1f50f920176fa81dab994f9023523100,2017-08-03 17:35:18,59.9,17.67
bb44d0c37f5fcc456bbaefd9aef6adb8,1,a46875fb5b8d19ac3cff18deb9bae57e,af4a0e4cfe1d9c26b6712b1be25a72e5,2017-11-24 19:09:26,225.91,15.39
de364de7f162af086becab0daf5bba53,1,1bfe62f326ac7bec0f5a83c10cfff228,3d871de0142ce09b7081e2b9d1733cb1,2017-06-27 02:15:28,45.0,16.11
2aaab7e991347226dbda1f61c6785f88,4,7d4f932dd4fa16256c20de073329eacc,855668e0971d4dfd7bef1b6a4133b41b,2018-08-06 15:10:12,9.99,7.39
3d536bddbad51e46b6bf390bdc17cb04,1,1de0af19bfefbea493eb82ef59bb2433,725af026f869236a8dd0ceb98564d156,2018-03-14 17:30:43,67.7,35.53
1bda6a57a0819d9483894ff53a9fb742,1,c92f0e7b9d49a9543558d6532772441b,5dceca129747e92ff8ef7a997dc4f8ca,2017-10-25 02:56:58,147.9,37.13
49dc298f34ef553977f998818dbeb38f,1,6413f7a28e149a324c4a914000399fb2,7a67c85e85bb2ce8582c35f2203ad736,2018-03-01 19:47:54,144.99,18.26
d392709d59adcaff2d80dee55da91748,1,ee2568e85817bc2c070154cec07135ac,3d871de0142ce09b7081e2b9d1733cb1,2018-02-16 09:48:43,35.9,16.11
3e9bba03e932414fa3ebd2ae83a0cffa,1,44e8945e17aef03daaecbc4bbab7f730,e5a3438891c0bfdb9394643f95273d8e,2018-01-26 13:55:50,10.5,8.11
d409a253fa6f530d0aa7786bd667f9a7,1,24c66f106f642621e524291a895c9032,620c87c171fb2a6dd6e8bb4dec959fc6,2018-06-14 17:50:18,199.9,23.98
45f470a790aede4d492919f4df65b123,1,56a474f5d7d6cfaa8500cddd0aa35bba,daf565f087a52def0fd5c5825b3661bc,2018-08-10 04:24:47,144.5,34.77
a90f2cf8d5c323e4a3de7437de1ff1b7,1,0776155007ad20447a0b0f91d4aad644,e9779976487b77c6d4ac45f75ec7afe9,2017-07-18 00:45:15,16.5,8.27
771d0ce9e2f9b65e92d4acec6372d453,1,1e6742b4c9ab3675bfe578670f264ce2,53e4c6e0f4312d4d2107a8c9cddf45cd,2018-06-19 13:32:06,28.0,11.22
b67b6f2b2675c892382cac4ba30ef88d,1,c3ba4e8d3cb30049213b682e751e9d00,6560211a19b47992c3666cc44a7e94c0,2018-07-23 02:42:48,95.0,18.77
06aa0aa8c22027ebb953d501c4238512,1,cd2c0529e45020c77a7c05b4ef2408fd,0885aaf116795758dfeb5f1032487bcd,2018-05-02 20:31:06,69.9,8.88
aff043b28dfff4c65665fb42597daf94,1,4413a608a42bd21bbf9d5abbd58c249a,7ddcbb64b5bc1ef36ca8c151f6ec77df,2018-01-10 00:31:11,166.99,13.72
0bc97d91a9a3a1923234614958556071,1,b820acf9bf8fde90adc0b03e82045f77,19a7c9f66ffa6452ff4b4c0cca71da27,2017-10-05 16:28:15,279.0,59.74
4b806b93edf76523f25669be3962bd2f,1,3dd2a17168ec895c781a9191c1e95ad7,de722cd6dad950a92b7d4f82673f8833,2018-05-17 18:35:28,149.9,15.94
9dd2fd0bc65b8d4b92ff4ab91cab5b28,1,4b96786612ebe7463132fce2c4dca136,d94a40fd42351c259927028d163af842,2017-12-19 19:30:33,129.0,21.39
e37dabbc051a3f58d73581522f7eef81,1,8f8cb7e4a7f16d339f87f8aa2711a003,850f4f8af5ea87287ac68de36e29107f,2017-12-07 22:32:15,79.9,16.32
21e66217f32d0775592d587a9cee5860,1,eebbed5ed3b134eceb717496c47652ba,d1c281d3ae149232351cd8c8cc885f0d,2017-04-17 03:55:24,99.99,15.81
9e24613b913b312f009ec05b56b339d4,1,edc388b2ba34de112c918ddcd465f5e9,2138ccb85b11a4ec1e37afbd1c8eda1f,2017-05-11 16:30:20,39.99,14.52
2c115ba9e25f2b8932ec710356d9eca9,1,da86f2cc2faf840b7b86390726b88905,0747d5bb69f0586cc869d8af4c50f93e,2017-04-04 02:22:38,22.0,10.96
9f3f85ddc354be372be6cde53a577cd5,1,4520766ec412348b8d4caa5e8a18c464,16090f2ca825584b5a147ab24aa30c86,2017-07-12 19:55:21,45.0,11.85
a43f06aa18fbe7db935630bd59aa0cdb,1,ead72457c58dcea14f94c2223c684716,4305fe92735c8a43d154ff6dd2b8d927,2017-09-21 15:10:11,139.9,17.42
5d2d954e72e7ec31baa0a784aa82a1d6,1,e5ae72c62ebfa708624f5029d609b160,9c0e69c7bf2619675bbadf47b43f655a,2017-07-27 02:50:25,61.9,15.18
871586e5b572f8c5d8b07b091e396e6e,1,e8f22df5fa5b454907286aa61d6216a8,7142540dd4c91e2237acb7e911c4eba2,2017-06-19 18:10:18,71.82,17.75
e4e87503e23bd920473b4bbe54e015b5,1,47b8c79d616369fd222f0bb68ea0293b,b2ac621f0d0322434d04a12b078b9369,2017-08-28 11:10:16,205.0,18.0
0e5f77f8bef9424afd3d6e904e873275,1,4fe644d766c7566dbc46fb851363cb3b,c31eff8334d6b3047ed34bebd4d62c36,2018-05-07 21:51:41,99.99,23.28
05302619b1bff6733f64a97851af68cd,1,4473f3e5c65952b074ef987fa5c24662,ea8482cd71df3c1969d7b9473ff13abc,2018-01-29 03:36:53,29.99,14.1
0fa1fab1d7c1211c824596ed5e111e3c,1,149de4383ccb1829ea75380fc5f0b5fa,620c87c171fb2a6dd6e8bb4dec959fc6,2018-03-19 22:30:45,249.9,19.63
19488ad1e6b3f423c4d8b3a3262efbda,1,4949bc7693f27596ca18cfe03c5a83b2,fffd5413c0700ac820c7069d66d98c89,2018-03-22 08:35:24,191.4,31.2
059fd94aa8716f14743caff2f433be05,1,cce3ce6484896041ae3dafdd4308a39c,7ddcbb64b5bc1ef36ca8c151f6ec77df,2018-03-01 14:50:45,1314.99,53.88
3f9b6f8b34537b09fecc693148454b85,1,a8ab87e971c2d89c8eff5f87fb481a52,71039d19d4303bf9054d69e9a9236699,2018-02-27 20:15:28,29.9,8.72
0858c9b11272c041d6de2fdcdbc392f1,1,98d61056e0568ba048e5d78038790e77,8581055ce74af1daba164fdbd55a40de,2017-04-13 19:42:23,169.0,18.47
a0be4f22d143bef8121980995eaf15c9,1,04df667e73ca2fab4b9a97c86466b699,b33e7c55446eabf8fe1a42d037ac7d6d,2018-03-14 22:30:20,579.0,19.95
d8f4cab2c25988993e96c6c02a837ec9,1,d678178aa4291cd25a755a90188375c8,1025f0e2d44d7041d6cf58b6550e0bfa,2018-03-05 16:31:21,38.4,26.89
def59cab0d40fb6e73cf4a05911344df,1,0ee57e62251a7e435b7a3142c1f6aaf4,7e3f87d16fb353f408d467e74fbd8014,2018-06-21 03:30:58,64.9,15.55
16180652c3b2890c8cc7a24b68663fc9,1,12f54c9922a614df9d112a6d7537bb9d,ea8482cd71df3c1969d7b9473ff13abc,2018-03-01 07:15:23,20.99,7.78
11112c53dc1c411e991ae06fafeef392,1,3c9ddb88ecde498679b5c3b5f9b0a213,70126eecc6aa1274392a1743866e9678,2018-07-03 03:32:04,38.8,18.37
63411626466603435cf74a3d51f8fc8a,1,6a984aca8806747c09165b7767a3204e,48328ec9a579151d9cc6a86d4a59336c,2017-09-25 14:35:20,1099.0,97.78
58274272cfde0e71c0ee61eaee5a60e1,1,69455f41626a745aea9ee9164cb9eafd,bce6a5ecf98e99fd2a8868b15c51f04b,2018-08-22 22:45:13,125.0,8.14
108db8c088de8e42c648bc520cec8c44,1,9fe0fae81aacd72bbec601b9ceb9c25e,17e34d8224d27a541263c4c64b11a56b,2017-10-09 12:07:28,10.14,15.1
0a9fc736e210f495e2023d3a9e10319a,1,98b22c1129886cbd7fcae69d1c93e442,da8622b14eb17ae2831f4ac5b9dab84a,2017-12-06 19:12:02,89.9,12.33
d06632a45bfed8725d59741e45820839,2,655110abedc57d73d3b2150d8ba2092a,8160255418d5aaa7dbdc9f4c64ebda44,2018-05-23 15:55:29,109.9,14.86
d7c88b34559c799b7170fb42a1222ab7,1,422879e10f46682990de24d770e7f83d,1f50f920176fa81dab994f9023523100,2018-05-09 04:30:36,53.9,0.0
3f6a06dd65ecc8c3c8bf73dd9f5ade29,1,dc9a06452ff10a147f0f14cd4b8f5580,1eade46fba20122dc4aefb379f8c636b,2018-07-06 08:32:54,104.99,57.51
dfb37d2ceed290c718d7778273ba8b4a,1,7811ef9c6eed5bb33c3c6f9de751642f,d98eec89afa3380e14463da2aabaea72,2017-08-28 20:15:23,24.99,17.63
a182c021b0561e70031de925b3991fb3,1,6f3b5b605d91b7439c5e3f5a8dffeea7,4869f7a5dfa277a7dca6462dcf3b52b2,2018-04-06 20:35:17,158.0,18.99
6c7378154382f7378b82fa860f68c758,1,ebe145f96a8e34a7b947389a2d87192c,891071be6ba827b591264c90c2ae8a63,2017-12-01 21:01:30,39.99,14.1
150195a0ae1d6d4d5727ff6054fa709e,1,8b27cbcf8e5472830ab6ec2bd7a6b867,33a17d60c64393351ebf1ef860f4e0f2,2018-07-06 15:50:48,169.0,28.16
1e359230c99e4510d4ce63375b5c7f72,1,cfbd417c9c7f510b60243124a6489883,ea8482cd71df3c1969d7b9473ff13abc,2018-08-22 16:50:09,39.9,8.44
98a1fffc0c110af1abb9aa2d4af96dd3,1,612c7f49d1026f7beded75464b574f81,e9779976487b77c6d4ac45f75ec7afe9,2018-07-04 16:10:44,34.49,7.98
3515fac755456eb1f251c50808fb6b12,1,1df9ea4c24394047de1837c6f00673b3,897060da8b9a21f655304d50fd935913,2018-02-26 12:46:45,39.9,15.1
a21f7cbfcb4757dd5866a2673dc059b6,1,2ee2275c98634bc4a8a6f86b4b08b549,4da0e408c99d2fdc2126dc9fce518060,2017-10-13 19:28:32,18.0,17.92
5e29bb4d91686c8d61f87779502db614,1,4487261e208ce5d3a8d1a997ccd99dcf,259f7b5e6e482c230e5bfaa670b6bb8f,2018-02-01 03:15:48,54.9,7.52
9b81934297f0b5aab6474d8eb7fb2b4e,1,036734b5a58d5d4f46b0616ddc047ced,ea8482cd71df3c1969d7b9473ff13abc,2017-10-23 23:28:11,27.99,7.78
ee8dd407e306b0808fd6fddc17ea6f78,1,cadb69af336c16aba5c5223599821245,8b321bb669392f5163d04c59e235e066,2018-04-19 02:30:34,13.65,8.29
0d0b7c65e71700ed5fe8ae8d2baac37b,1,65610bb38e3ee3e20a94885411c3feec,681fce914360217db47784ae28905a96,2018-02-11 22:10:33,114.0,38.92
adde6f841dc05dfe3899ed053001e5bc,1,3f01901509b345951cfe27f5cea17e40,7a67c85e85bb2ce8582c35f2203ad736,2017-05-18 17:15:20,99.99,17.95
58ea2f39b960352a146343ee46c38bb2,1,c7b3cf9de7be95b3e09e7a63315685eb,5dceca129747e92ff8ef7a997dc4f8ca,2017-04-27 09:35:15,79.9,20.64
5190f963681eb5a3db66961c4fa05a66,1,547b95702aec86f05ac37e61d164891c,001cca7ae9ae17fb1caed9dfb1094831,2017-07-17 10:50:16,112.0,51.91
af42887f85d980291a066176c4d13709,2,f39288f58793ce5e6985b3f7832af88c,827f8f69dfa529c561901c4f2e0f332f,2017-06-26 10:35:28,35.9,14.1
0d8ac7eb8e52447e022b8e4a30ff6394,1,a92930c327948861c015c919a0bcb4a8,6560211a19b47992c3666cc44a7e94c0,2018-04-30 04:30:56,78.0,18.43
33ae336da56e5f632a69e131c877815f,1,cc971e0365873137b8bef2ebad633e6f,7a67c85e85bb2ce8582c35f2203ad736,2017-04-17 03:45:21,219.99,19.82
0937ee5de4e9482b7503bae26f9d243f,1,8fb8fc612eb9832ae220a1b88f3b375d,402916f742e5c740cc751493d9cf5053,2018-08-28 09:04:43,149.0,19.14
435f2daeb635ed643b734989e51553c6,1,f66b96cde4302b883004de82e17734b0,c013e57c075a06e5b5c48ee03c525719,2018-03-05 15:29:49,37.99,11.85
fea563d194760a0737be8bff36ca8c40,1,34a4076cd057a823247a5a44e84872d8,520b493b57809f446cb0a233bb3e25c7,2017-06-15 18:35:09,59.9,17.67
af42887f85d980291a066176c4d13709,1,e1bf73a530f7e6ea9df12e1238ab7600,827f8f69dfa529c561901c4f2e0f332f,2017-06-26 10:35:28,35.9,14.1
89b9dca459730f82d38425daf378b9e0,1,d272d0921188b0bd91542d704b21404e,8b321bb669392f5163d04c59e235e066,2018-02-22 14:50:29,11.55,7.78
65ebd0b456e1fc3533b4c0645a90b366,1,23c8673349e70f9408b2d15865532c53,36a968b544695394e4e9d7572688598f,2017-08-08 02:55:58,144.9,16.77
977ca490eb652320089f258d0431c2c4,1,ae9b8e8d0dcd7ca369276380ee8ce659,2138ccb85b11a4ec1e37afbd1c8eda1f,2017-05-23 21:15:18,18.99,7.78
ec3c91446200b1b6f5d6f20fc5a61ab6,1,b813c88d024da60c2cbdf7a531e4fa77,fe2032dab1a61af8794248c8196565c9,2018-04-19 16:50:20,155.0,15.87
e90da786f0f0041ca35e71de95ef4eb6,1,0693bcecfea57f2ad547d1ff56c7d9ea,cfb1a033743668a192316f3c6d1d2671,2017-06-13 20:42:32,15.9,12.69
e354b2d0793a71a63da3f45920085835,1,f3b82a9bd4330abce1d6fc15a966e6d7,bba3293d6f5d5af2f415e004e8b93ae3,2018-02-02 07:32:20,597.89,18.95
54c5976111a966ff8a2224dd242cd07a,1,216fc7d2fe90eccd658f30cab5bafa83,e49c26c3edfa46d227d5121a6b6e4d37,2018-07-17 21:25:13,219.99,53.89
6e228f845ad0d104a3e3c343dbfd0c19,1,55ec10b39713ee81ee2c5bcb558cf866,e5a3438891c0bfdb9394643f95273d8e,2017-12-05 09:49:26,13.3,16.79
2ef4a11b6e24fdfbb43b92cb5f95edff,1,9c313adb4b38a55b092f53f83f78be9e,ef728fa1f17436c91ed1ccd03dcf9631,2018-07-30 09:17:39,19.0,12.86
1c2fb7f84aa77300fcb6b698481c1e2e,1,dc4adbe80b638fa8ed7ce4d2822e05af,5f2684dab12e59f83bef73ae57724e45,2017-12-19 11:12:19,119.9,21.33
d35d04877fd2f044b404b6e80567532b,5,31c4cfda24c7c817aa9761fa55185dd2,897060da8b9a21f655304d50fd935913,2017-12-07 15:13:59,19.9,16.11
201797d3f567dc70cc5732ecf055e346,2,188d0b148e6d1c86faffe0d73c3f2dad,23613d49c3ac2bd302259e55c06c050c,2018-03-23 18:31:28,45.9,30.71
97f1dd40b5bea6a7e3cf78fd83a28cb1,1,20340463234672489d7a3437445df770,5a8e7d5003a1f221f9e1d6e411de7c23,2018-08-29 16:35:22,59.9,9.17
a6d934d331efb68761bccb25bc87d170,1,31a2f42a87890f87d77daebdfabc182e,4c03b9dd4c11ee2cb35c96c49efc9420,2017-06-12 10:10:18,149.0,16.67
0f2bbeda958833e5a67ceb4368f282fe,1,bcf8ab16f538b2f7bd63ebf67faef909,d93844a9c55ba7ce353388bcf849ea56,2018-05-04 10:09:28,399.8,36.34
e7438254f9ef8bf2a7e744f84c561452,1,17de10d52ada234d16d3991c1b9546f8,5b581417df4480f632484ba681e53944,2017-12-20 22:14:27,89.0,17.9
4bb1efeacab943b0b5364e7121fbcd62,6,ff2c1ec09b1bb340e84f0d6b21cc7dbb,1835b56ce799e6a4dc4eddc053f04066,2018-05-07 14:15:16,29.99,21.03
1e535b580b9c6e2e359da6d6202cbaac,1,7c898e0b8ea203dd94ba846627fc34d1,7c67e1448b00f6e969d365cea6b010ab,2018-05-14 03:10:32,149.94,40.12
ea3a35b74d6cd2751271c60d423563f1,1,a767d41b71a909a1dd1e969f4b50732c,582d4f8675b945722eda7c0cb61ba4c7,2017-03-23 13:06:45,269.9,17.1
ff632bc583a94f23c59db4cbaa0ba2ab,1,0a4f9f421af66d2ea061fbb8883419f7,c70c1b0d8ca86052f45a432a38b73958,2018-05-13 22:53:41,110.32,7.96
0c17d2ca8fea3e6d807410a0c0c44746,1,5ccdfc35d9cff8db4fa46b83d5712899,238fac594e170b59c6d228f5a4f4f1d9,2017-12-05 16:22:38,119.0,122.25
c111660003fe3dd242a376599653b22a,1,5d66715cc928aadd0074f61332698593,128639473a139ac0f3e5f5ade55873a5,2017-10-19 11:28:22,19.9,42.38
03d11bececb87dec8b11f5bd6fa62472,1,b4af6057abfd298e3bddc365a8fe14ed,31561f325664a8a7aba4c8d0c3a9b3db,2018-07-19 08:44:07,119.9,23.12
cc427984e779c3d1dd7e082f39a98fc6,2,9bc0b0cf5d074be7d532d216a92ec874,731ef20c231d9a7103a425e83fd91271,2017-11-03 21:10:17,564.0,133.88
e8b777112a2c5482e9005c327997cc21,1,21fb5057dd6a737df6851a7ab7a130da,b14db04aa7881970e83ffa9426897925,2018-03-21 01:09:21,69.0,26.56
353f19bd937d256e95b40e479616f7f7,1,bc9f168ac01066f4f007d17ee4e2ea6a,dd2bdf855a9172734fbc3744021ae9b9,2017-11-01 02:56:29,29.9,15.11
4f7d7c29804187d1b3e013ac5fe1dae5,1,0ceb0bfefd73a9c9dc6f918182841cc1,89d9a386b0b6e5fc8403071b03f7206a,2018-02-27 21:47:39,33.4,14.1
aff32bb12b83b30724cae766b0270c64,1,52f07ac86d3153309c1695744f846ee1,080199a181c46c657dc5aa235411be3b,2018-08-28 11:55:18,189.0,10.07
e594644501ac2bce6c65b6c21b0c625d,1,677d8ace413e0060fa8686cde56eaf10,7d13fca15225358621be4086e1eb0964,2018-08-06 17:05:10,245.0,19.82
001427c0ec99cf8af737bd88e92fd444,1,28b4eced95a52d9c437a4caf9d311b95,77530e9772f57a62c906e1c21538ab82,2018-04-12 19:08:28,59.9,23.35
bfb1d0f7664c36a532d74c4cf0da37af,1,9aedf557945e816d48539ee56293f860,53243585a1d6dc2643021fd1853d8905,2017-09-08 17:25:22,1200.0,40.85
7a0ec92566b936a1e15fcf8b9f934f2c,2,8ed094bfe076c568f6bb10feada3f75d,7c67e1448b00f6e969d365cea6b010ab,2018-05-29 03:15:11,179.9,46.07
7ac3402986077088fc8185e65ec5c7b1,3,8c591ab0ca519558779df02023177f44,a1043bafd471dff536d0c462352beb48,2017-11-08 14:26:06,89.99,15.03
aa7968b0028d36ccc666016b18193b0b,1,f39a8b27ce90ac582103bf36f09690dd,16090f2ca825584b5a147ab24aa30c86,2017-07-28 20:03:29,349.0,17.12
0b17b204a1785111272edfadb2aa9e94,1,214b2d4bc9a6b09243f5e27b9fa96d4a,062c325cd6a2b87845fab56b4ec2eeae,2018-08-07 22:04:00,95.34,14.98
b4aa3480c0ed15b8bf7f9d32a64c2426,1,6f5a84d79bc9f79ecd9095e91fc47a2d,2a7dc43cecabf23403078e2188437d1d,2017-12-01 00:37:25,199.9,12.6
4bd68cb4a5f7a692f05af3eb298c4039,1,d3c044bd42d84a79e3b0c42662806a48,4c2b230173bb36f9b240f2b8ac11786e,2017-08-07 04:30:40,25.9,7.78
d65342a5836898c61a3ca324c2226927,1,e0d64dcfaa3b6db5c54ca298ae101d05,7e93a43ef30c4f03f38b393420bc753a,2017-10-20 10:27:29,239.99,16.44
7416fee595e25348b79a5d82a55c725d,2,e3e6af2b9a779d64b3589a5b56102d16,5343d0649eca2a983820bfe93fc4d17e,2018-03-23 11:55:32,39.0,8.88
a67da1598758f2e830db1f553721799c,1,6daadc7e6029cf01762f941e488caa1b,46dc3b2cc0980fb8ec44634e21d2718e,2018-05-22 16:31:19,379.99,93.37
55529dc7cb99d0befad66b19ad9adc8d,1,31a70a048673639e07f9c3848b590d8d,820cc752a266cdc6c1a1e61dd4583330,2018-05-07 05:31:25,35.0,22.06
a9726615eb24e9b1fa84fe7f8c9a5b54,1,125e5760a3ff01937be3b2a1a7f14aa6,4a3ca9315b744ce9f8e9374361493884,2018-03-05 23:10:34,48.9,16.11
b2f6d9c004d4df667af498c97106b8f1,1,53b36df67ebb7c41585e8d54d6772e08,4869f7a5dfa277a7dca6462dcf3b52b2,2017-07-31 11:03:29,163.0,15.89
ddd05ce5cf8b84ccf7f200b027c7753f,1,9cde4f61e193a94c1759e5260804008c,5debea795b07621e1f90532e18f96145,2018-01-16 10:36:28,29.9,12.48
d1c0be9650d4276bd67e6f8cd3af248b,2,ac44def10e24998cdee20a208d691127,8160255418d5aaa7dbdc9f4c64ebda44,2018-02-08 15:55:33,85.9,16.3
30b3d49467327cdceed755f76dc8d3f1,2,ebcf9e2edf1b5ef61117102401561d4a,b76dba6c951ab00dc4edf0a1aa88037e,2018-01-08 12:13:48,16.99,14.1
2e923e20cebdf4b6180a30475a3eed12,1,136da55add0b0a3c8c5404913a225e47,994f04b3718c2bab35c2adfa8afecd2a,2018-06-26 20:18:52,39.9,19.47
b5b17e32ff5821a918338446a51c6ce7,1,c8ce6fa564890ef82eb876c0bbb8f01d,60da8bfa7eebe230b7d66ac4082d79b3,2018-08-20 15:04:10,39.9,12.94
bb2e64c3040ceb9b7ca2bfc602adca08,1,96d1c06692244e2fed6e1f9aa9552770,00ee68308b45bc5e2660cd833c3f81cc,2017-11-09 11:25:22,62.0,2.34
0dd10699d5b56b4bfc60c02e8ac6533e,1,601a360bd2a916ecef0e88de72a6531a,7a67c85e85bb2ce8582c35f2203ad736,2017-10-23 03:49:21,119.99,12.04
4cdbb26aa0dc8e7179f33edf59722fa8,1,4535b0e1091c278dfd193e5a1d63b39f,ba143b05f0110f0dc71ad71b4466ce92,2018-07-09 20:31:51,53.99,9.13
b6a89d6b9a0f7e821a59bdb3e44d8420,1,06edb72f1e0c64b14c5b79353f7abea3,391fc6631aebcf3004804e51b40bcf1e,2017-08-04 00:45:11,45.95,16.79
5b67d5593db6802b11d266e3c4d0e0b1,1,48acade3f4dd39bbab10bd14bcfc8735,c70c1b0d8ca86052f45a432a38b73958,2018-07-20 16:05:09,91.55,13.3
8b6746478f6b44e7b76097d1c2f4dbe6,3,1b2066a33aee5851ee3e44b10b36b3c8,1025f0e2d44d7041d6cf58b6550e0bfa,2018-08-06 22:31:38,20.89,11.17
07159640598ab46b708279254ec3be0f,1,c23b47bacd44b878e3345d06ab5664dc,08633c14ef2db992c11f840f04fad4cd,2018-06-28 08:18:47,23.9,7.43
9476149aec45b9b1774a161abcce8631,1,91c82ace62e0ca1b69b1a45bcc214b45,4869f7a5dfa277a7dca6462dcf3b52b2,2018-07-03 09:51:08,169.0,19.28
5db62a99be52172b589440403f644aa9,1,ad80a47aabd6cc2b47dbc6be05e5bdf7,80e6699fe29150b372a0c8a1ebf7dcc8,2017-09-20 21:55:16,38.99,17.63
bc3f00ad0efe370a931d034fedaecf61,1,880be32f4db1d9f6e2bec38fb6ac23ab,fa40cc5b934574b62717c68f3d678b6d,2017-04-14 20:42:03,42.99,14.11
8eb2c9d9099a3b53d1ebe9579ab8c1a3,1,243bb58796ed2164b831fb75e1241888,2138ccb85b11a4ec1e37afbd1c8eda1f,2017-02-25 08:00:44,27.99,14.52
1b34ffce967c05f131db610cabde984f,1,eab77f3ca90afdb347367c198efdb8be,8c5e007d7bd5693fa1386ffefbc99f6c,2018-08-15 03:15:26,40.68,12.95
119875f10276db041c92209d8e71826c,1,6639a238ead6779d6ef0b3eea56f9f86,0ea22c1cfbdc755f86b9b54b39c16043,2017-11-27 14:37:37,34.9,21.19
78be9d9900545877cde2773eb0cb05d7,1,f714f2e04474e89e781961c52081a5a7,54a1852d1b8f10312c55e906355666ee,2017-11-30 04:59:23,28.9,14.1
2dfb87489b5804dbc8293320a24aac0f,1,ce6f74096c84567f22728c84f3d6e7fc,8160255418d5aaa7dbdc9f4c64ebda44,2018-03-27 13:30:34,109.9,23.35
c63b161b8e0d866d60b95902f4d0046e,1,4f71868d83b41619b1159399663a0e67,ea67327e24487bdfac5fbfa37ea124df,2018-04-24 17:58:44,162.5,19.02
7ec4063a8ed5b8e7ab1b7bdd7951ffa9,1,ed5122a6a757a4fea8f32a6fb95a5135,00ee68308b45bc5e2660cd833c3f81cc,2018-04-23 13:51:13,110.0,11.39
f3c7adf3b94a38f6822478ff79db46e7,2,71a8be2937fd926b330febe100effd02,f435898e493ba0356019a0b1cb8b55b1,2017-11-30 02:29:42,28.0,14.56
d2783b3ae3458b44a4ab7cc0169bbde6,1,5c2bb11cf2149bd4d9fffcc1246458c3,dbc22125167c298ef99da25668e1011f,2018-08-09 04:44:33,98.9,14.99
90a35d9f1707a645c3bd2dda9c3f2643,2,d2085f7e0f9533605386960fc7e987ec,aac29b1b99776be73c3049939652091d,2017-12-08 16:59:01,12.49,15.1
8f7176f38b6ac3f5e924b9b05716440c,1,98a8c2fa16d7239c606640f5555768e4,001cca7ae9ae17fb1caed9dfb1094831,2017-09-08 16:15:20,109.0,44.84
e0820022dc8f9840abec5c1057054ba9,2,fbce4c4cb307679d89a3bf3d3bb353b9,c33847515fa6305ce6feb1e818569f13,2018-06-14 02:56:20,129.0,18.78
b0bfe907b9812101e7b442221ffb8f07,1,31a2f42a87890f87d77daebdfabc182e,4c03b9dd4c11ee2cb35c96c49efc9420,2017-08-02 13:25:14,149.0,14.06
010d15deea8cae96ae86ea8097917a17,1,ff5d87897ed26d564711df324b98ebee,fa1c13f2614d7b5c4749cbc52fecda94,2018-04-11 15:15:25,279.9,20.65
354310406adf3de2d6793865cca4eb97,1,f5f0b722d7662e8939727fb49e45d046,7e93a43ef30c4f03f38b393420bc753a,2017-11-10 20:36:03,759.99,19.07
4ea8cf27d2783396b72f4f5f7b07250e,1,5804729aafca1ebee7b26895d830586e,d94a40fd42351c259927028d163af842,2018-03-09 14:49:30,129.0,45.36
1f186ad4ad389666cd9482ce1942038d,1,84dbf59971e2dd6aede4b0e0b1847a54,638cba8be1fb599bbb76fd6948351eb3,2017-09-21 01:44:14,20.3,15.1
61bc36958b1d61ed45eb66755fcf5722,1,cd9e2444207cd970011fe53c19d72caa,6edacfd9f9074789dad6d62ba7950b9c,2018-03-15 02:35:32,61.9,19.4
2ef4a11b6e24fdfbb43b92cb5f95edff,2,eacb104882d39ffb53140b1d1860a7c3,ef728fa1f17436c91ed1ccd03dcf9631,2018-07-30 09:17:39,39.9,12.87
da32e0ec629676994bea2c2fa8f0584a,2,14dffa241a078aeaebaef48a49e807ca,fa40cc5b934574b62717c68f3d678b6d,2017-07-28 18:50:16,64.9,5.7
6471b260244ab316f8331321d689aff8,1,f1c7f353075ce59d8a6f3cf58f419c9c,37be5a7c751166fbc5f8ccba4119e043,2017-09-25 16:10:11,158.0,28.49
66bc614bb924869b79b65d7f8077a385,1,e2bb00220a167d9e60b6776ac33717bc,6560211a19b47992c3666cc44a7e94c0,2018-02-05 11:15:51,56.0,14.12
52cf38023b42cb0b26ced61e1a900c47,1,aca2eb7d00ea1a7b8ebd4e68314663af,955fee9216a65b617aa5c0531780ce60,2018-02-23 06:50:53,69.9,13.08
ab2bbb9188a3ad23926472cabceb9d4d,1,e4d325bd1eea550509bdbbc5c3301fc1,7178f9f4dd81dcef02f62acdf8151e01,2018-03-20 21:55:35,349.9,21.42
35ae091cd580f7c6dbb7f8c1552740fd,1,0505f239830b15ffbd923b4113a96855,4830e40640734fc1c52cd21127c341d4,2018-08-17 14:44:03,19.9,15.24
b0b49de4bb38c36e7acd74d879631d6f,1,5317355191eb96f3a163cad67055f135,7142540dd4c91e2237acb7e911c4eba2,2018-02-26 18:30:41,69.9,17.2
890b59a3c92690ae11b0cfe321e979fc,1,628f5ed6c14790dcb9233c8dbf596175,04308b1ee57b6625f47df1d56f00eedf,2018-03-16 16:15:49,529.9,19.95
81b1c5ab3c30ee9f67392bbd60dc0f58,1,c6ea63369936552872ae890c82175b4b,37be5a7c751166fbc5f8ccba4119e043,2017-10-09 02:14:19,158.0,17.82
6966b21d5a0ca10f795dc14508c1b7bf,1,31b8e7c2a22f3dba5183cc110bdd72f7,7d13fca15225358621be4086e1eb0964,2018-03-01 11:55:25,280.1,16.71
3ad8b95da1d9a9f797b5d79dffcdd15f,1,c8467740c17bad8744006eb0e041f142,e24fc9fcd865784fb25705606fe3dfe7,2018-02-21 02:56:02,171.0,15.95
51a7e6cfd3daa5187a2f973c44a74a74,1,846145e9b8d412bd1c9bb478a52ab4a0,432c37c9dfba871172ec162e20118b8c,2017-10-02 22:56:24,25.0,15.79
04aecd02392f7ec523e0e3f208d7e890,1,98ae5b3166d58f0055db5dc330ff1914,45ba18c210d42734ec52c0c1c574e9ee,2018-04-10 16:49:52,103.99,7.59
5f4f8bd3b8bb2614ac31120209f8b1b4,1,c9d1849f97b6fe404378805a105d64ec,7722b1df1b0e383e000397b2c11e3e19,2017-05-02 15:55:17,89.9,14.8
504de5f90c4a0b094b0bc81db7999cdb,1,d5d5bf01f70d61a8917ef35a3595edbc,b2ba3715d723d245138f291a6fe42594,2018-01-09 16:47:23,159.9,18.37
3f0f3c811e704a2423f25301eaedf047,1,7fab1a1472fdd934397068931f63f3ca,3d871de0142ce09b7081e2b9d1733cb1,2017-08-17 11:55:21,69.9,11.99
867f74e7d9350af5b0a100bb329fe38e,1,4487261e208ce5d3a8d1a997ccd99dcf,259f7b5e6e482c230e5bfaa670b6bb8f,2018-02-21 02:55:37,54.9,11.73
99268218a07f08ded2575058ffefb286,2,2de5c479fb0c490a0f2a2f3ab36e71b6,dfc5fb7259bb2b599ca565e6e9448f0f,2018-06-19 13:02:17,174.99,17.68
4db8f00462910a1daf07bd78e151c075,1,d017a2151d543a9885604dc62a3d9dcc,6560211a19b47992c3666cc44a7e94c0,2018-06-21 12:18:40,49.0,13.0
c1dc2aa07165a0844cc6a68cebfeae67,1,6f657bbc44514ab511c65b891301208d,febab0275244b9a49a623f0bd613ca2f,2017-03-13 04:25:17,76.0,14.3
bfc2396e870e56354fb163b76c9c1e3b,1,9c3ea852d17b33b64cca327b892d8972,83645b1645cdee8953ee54c29ceed564,2017-11-23 16:46:24,45.0,17.6
9d5dfd77cf32bd319a504f77a137491b,1,e15f2eb4bd9c94996e56cc76c1394361,1d2732ef8321502ee8488e8bed1ab8cd,2018-03-26 16:56:06,185.0,17.26
7ed696782f4472458c5f1fc95bf5d6ed,1,83b00325c13c44245b2c3a2befa62a0e,ad781527c93d00d89a11eecd9dcad7c1,2017-09-24 23:50:21,159.99,32.15
723f4709e0dc0b2fc27c8d68792c2ba6,1,67bd616e1ba0d3d3e8545f3113b0140d,e9779976487b77c6d4ac45f75ec7afe9,2018-05-07 05:15:18,14.49,7.87
2dcf5497d9dc70e0e723bbc2bd26fe7d,1,e0ad25bc5c1a836e8ce38526c92491a7,ea8482cd71df3c1969d7b9473ff13abc,2017-12-07 04:38:43,27.99,14.1
4b806b93edf76523f25669be3962bd2f,2,3dd2a17168ec895c781a9191c1e95ad7,de722cd6dad950a92b7d4f82673f8833,2018-05-17 18:35:28,149.9,15.94
a2f1b733d3d3cb7185e9661387534161,2,36f60d45225e60c7da4558b070ce4b60,00fc707aaaad2d31347cf883cd2dfe10,2018-02-28 12:55:20,87.0,2.04
d5db5ade6120da8525cd7eac0608d009,2,c706d50b57c9e83293c2586d01f32445,7ecd59e5e20407131822c1a68ac59c1f,2018-06-12 17:10:53,49.99,23.28
2bc3d02aecb787b5e3272b681c0092e7,1,9749139e09929de55d37e68e64b89706,cbd996ad3c1b7dc71fd0e5f5df9087e2,2018-02-05 13:56:25,59.7,15.17
6ab8dac189301e155d1ff9208d98db3f,1,9b125b82780e1bbb7716c906ff46f89b,6d66611d7c44cc30ce351abc49a68421,2017-10-10 12:49:21,59.9,11.73
56515935f0fcb6b511a18dc10a50173f,1,85eed6b3f52d601d2a288e2668b888df,7142540dd4c91e2237acb7e911c4eba2,2018-03-13 15:10:05,429.9,17.1
50dca56efe42d2213549482d6a885d6f,1,0f8016710ce920034150241f0b8b5def,004c9cd9d87a3c30c522c48c4fc07416,2017-10-26 03:15:19,199.99,26.24
9af5f003f0da353f6c32a5c5e0c83b39,3,a62e25e09e05e6faf31d90c6ec1aa3d1,634964b17796e64304cadf1ad3050fb7,2018-02-06 13:31:35,108.0,9.77
72e4ee7d458b36222813e2b9707d9d25,1,5b3b5f9ae84ca9ead3138b199420cc94,adbc26658d6c7b4b6219f9d934598091,2017-12-01 21:31:57,139.0,25.52
6af0669bfc3cbdfbc6559919441da2e8,1,846145e9b8d412bd1c9bb478a52ab4a0,432c37c9dfba871172ec162e20118b8c,2017-11-29 22:12:35,29.0,16.79
d5db5ade6120da8525cd7eac0608d009,1,c706d50b57c9e83293c2586d01f32445,7ecd59e5e20407131822c1a68ac59c1f,2018-06-12 17:10:53,49.99,23.28
d14319b7a9ffe116c1ba706238d3cd27,1,97f1396a5a1f7c07ba51784efdec44b8,955fee9216a65b617aa5c0531780ce60,2018-07-03 02:35:17,160.0,23.92
f05099a928d90c394963b1f0d8360149,1,effa78286556d5e79cda2b4aba96a534,3d871de0142ce09b7081e2b9d1733cb1,2017-08-22 02:45:10,27.9,13.67
de003338463979d8a9be8b8d3e598efa,1,6f3b5b605d91b7439c5e3f5a8dffeea7,4869f7a5dfa277a7dca6462dcf3b52b2,2018-05-03 00:31:43,145.9,13.46
ad45318f69f5c8613267854b52b2996e,1,62d8daeee0db3a60c234c2d1bfd10651,d2374cbcbb3ca4ab1086534108cc3ab7,2018-04-11 21:49:23,30.9,12.79
fea523ebb7e205d346f445544e0a18fd,1,8d15106f1709b2a5340c0141ec76144e,1771297ac436903d1dd6b0e9279aa505,2018-08-24 14:15:18,48.05,21.64
d5af3f91478b15918f7250953622d89d,1,7a10781637204d8d10485c71a6108a2e,4869f7a5dfa277a7dca6462dcf3b52b2,2018-05-02 20:35:26,199.0,0.0
978c88fce8bfdad5559f67f50abfb7da,1,e6a497d97ea84990f05bda077f62a2da,cac4c8e7b1ca6252d8f20b2fc1a2e4af,2018-06-18 15:55:18,29.99,42.41
bbd1b9ebbc5a09d51caaa2d10e0f93b5,1,416c4340800aa9bce887e000e96390a9,53e4c6e0f4312d4d2107a8c9cddf45cd,2017-11-30 19:12:30,72.0,14.25
d1f4276166cee5a37d01beb15e2426fc,1,8995980bf35c9c32cc8c7cadc025ad64,a4e634166243bbb3a13fa584463fa468,2018-03-05 03:56:04,15.9,8.72
a27eb404169bf0159dcee550b59b9d5e,1,a0fe1efb855f3e786f0650268cd77f44,ef506c96320abeedfb894c34db06f478,2017-05-11 20:22:17,59.99,7.78
a69d0f3cfd16e940ead155695b5fb184,1,7d19da97298dfc1d2e254146559095f3,c0e6839516f5398edc34adf5f1d53d1a,2017-08-18 17:55:15,199.0,36.9
e6bed0846d5d268bf1ebcf66eab19a42,1,03d10117bf5dbd1e4f194566be73de5a,4a3ca9315b744ce9f8e9374361493884,2018-03-19 22:30:37,165.9,31.81
8e17072ec97ce29f0e1f111e598b0c85,1,ac20a9614b6db9e7289b85c4f4b6216a,d91fb3b7d041e83b64a00a3edfb37e4f,2018-04-05 15:50:11,40.0,19.32
f6f4791d4e9af576b54789af41c06f23,1,3b42242085259cb66b6e577ae5173c76,972d0f9cf61b499a4812cf0bfa3ad3c4,2017-12-20 11:17:53,69.2,17.73
ed1436604076711db664bd5063508cc6,1,d3f5213b3f4e42a050935f3ccbfedf50,6a0cbc8af2e8abd1bdfb777943d174c6,2017-12-13 15:32:01,115.0,20.0
8acc03c83b14de718a6f275727b3001d,1,88f2c10f7a675e2f7e5a00ec528d973a,b2ba3715d723d245138f291a6fe42594,2017-05-23 18:42:20,129.9,14.66
61ff26ac3b205fc54a7431bb3b032cf0,1,76e855b70f3c3b10b9cb7ac8f19c2ed0,4e922959ae960d389249c378d1c939f5,2017-09-20 22:45:26,250.0,17.51
0a70fd0f23f627d0cc1ea16cb4169393,1,6b8cf2f4f294dd4b50037f061f230fba,7178f9f4dd81dcef02f62acdf8151e01,2017-09-05 15:05:38,39.9,16.79
82f2c3e9aac31446ce4f3edd3a876f8e,1,b59fb744c6f3cd1dc23b10f760848d98,916748bc99315c2d202898ae58b1617e,2017-11-30 14:55:53,9.9,8.27
5a13b2c8622862250d7b78581dfbb759,1,904df51afc994cd2a7bce1ec3ff5d9fe,aba1721a889e04decc910aa13b768ef4,2017-11-30 16:13:20,139.0,14.72
b410cd41ac56f6a246e23dc5158f12d9,1,432357855585cf634fc9923523ce5e4a,e9779976487b77c6d4ac45f75ec7afe9,2017-04-13 17:30:21,74.0,16.22
4bb1efeacab943b0b5364e7121fbcd62,4,ff2c1ec09b1bb340e84f0d6b21cc7dbb,1835b56ce799e6a4dc4eddc053f04066,2018-05-07 14:15:16,29.99,21.03
d6717d9840d700bd7be08d9ca8bb791b,1,7d40b684cc830baa8f7760f6fb1528c0,8c16d1f32a54d92897cc437244442e1b,2017-11-08 02:15:53,199.0,10.94
05f54a9f4abf370b7c655d914159ab98,1,0bcc3eeca39e1064258aa1e932269894,1f50f920176fa81dab994f9023523100,2018-04-05 23:27:28,53.9,13.46
108f58a6439933a88e7950ee7b46ec11,1,2ada8214e59b86de70b03d8f03894c93,0b64bcdb0784abc139af04077d49a20e,2018-05-16 09:52:11,35.9,18.23
7dcc6df2be2e64c78a83397fceadea30,1,fdc1340be043a0e6807741d687fc1cd4,fa1c13f2614d7b5c4749cbc52fecda94,2018-01-02 14:37:27,149.8,8.3
677903861e5a22d39b6c208476a62fe4,2,6d3d8ade6b793a08b041b6bc653c08ca,5343d0649eca2a983820bfe93fc4d17e,2018-03-21 08:49:33,39.0,22.93
672e1607b26c5a9e1ec3e1e537af3257,1,11bbef4e2a44601d9dd471aa1fb433e6,5c243662ce92d84573bfaff24c3e3700,2017-06-12 20:15:11,329.99,17.06
5b0abacd375bd7093422a42eaf889d7d,1,d017a2151d543a9885604dc62a3d9dcc,6560211a19b47992c3666cc44a7e94c0,2017-04-16 22:50:17,49.0,10.96
a30c919a89ae0abb92170254dcf8ff02,1,5d43da09d9bdd70109b2cccd41632a06,dbc22125167c298ef99da25668e1011f,2017-06-14 10:25:29,131.9,47.45
d4e4ac3c423a38f131a755f777d2f73d,1,4ed86bcb86407328452ac1c5b3b89d67,3f8034bfc6b8b4135534975d49f04c63,2017-05-30 09:15:19,45.0,15.79
ac8f33e39cd4da19fb975a3b2e1bb57a,1,44980f2abfac3c9364a666403350799b,e5475dcab1e07b63d7f6e902d8f5eda8,2018-05-09 20:30:25,520.0,17.0
87c30aa444c21f77f5dcedb637f9ba85,1,3e824028352cd013af85473283f832ce,db2956745b3a8e9f3785c99f34b5d25e,2018-06-15 14:33:01,210.0,20.44
3b40ede283844ba0fbdd110f8a56792f,1,703d742887bb9267f89b675608ba7aa0,640e21a7d01df7614a3b4923e990d40c,2018-07-20 14:45:20,56.1,13.97
fcf9b8fad0bf8c9ebbe6ac43a434d0d9,1,a8115d34a4b7b74388da609692162c37,85d9eb9ddc5d00ca9336a2219c97bb13,2017-08-10 11:30:14,31.9,21.15
2ac259040ff5632c80a28851fb876996,1,422879e10f46682990de24d770e7f83d,1f50f920176fa81dab994f9023523100,2018-01-03 17:48:18,49.9,37.9
2eb223bca7f1fae261d99669d7e8b20d,1,f1400c967582a8158aec676d0116b884,9c0e69c7bf2619675bbadf47b43f655a,2017-08-11 13:50:20,190.0,10.74
71dab1155600756af6de79de92e712e3,8,308e4e21ae228a10f6370a243ae59995,7c67e1448b00f6e969d365cea6b010ab,2018-02-15 19:11:08,76.99,40.69
9e6356cd884202aa5e0d16e033c8c08a,1,7b85e3deef35afd6ebed5461ee8f0641,4e5725ba188db8252977a4f0227bd462,2018-03-12 03:49:05,30.21,16.79
62e8878bf54a37544cf066414f3a2c72,2,aca2eb7d00ea1a7b8ebd4e68314663af,955fee9216a65b617aa5c0531780ce60,2018-03-09 02:35:37,69.9,14.0
5b8dcad724fe4568d2615017c056e69b,1,a9ccb9dca11ae8ca804b47417d0411f2,3ab971ce71839580d2ae5b4e40fe8044,2018-08-19 21:35:20,240.0,19.85
f826075f4109bb1b2f8d8123b117d81c,1,5f439ff2783a474946e17badd77aea1c,ea566164622c6b439516ab18062c42cd,2018-04-20 19:11:52,23.95,22.93
3745cc99bd10a2c16e31403fe9654502,1,ffa7e0cbe11656d11a117b534bb1db27,e9779976487b77c6d4ac45f75ec7afe9,2018-06-18 11:38:59,14.49,7.87
cd9a4a2f34981d431266156f950ce0ef,1,765a8070ece0f1383d0f5faf913dfb9b,6b3bd31ad8fcda4b2635ec9f3ff2ecdf,2018-06-15 13:57:30,65.9,22.96
ca61177bf561a85529ab68e6e3870b34,1,42155695adbe665066ad812855fe523a,e9d99831abad74458942f21e16f33f92,2017-12-29 02:51:13,38.99,14.1
e544af259c17461504ff139fd5783179,1,154e7e31ebfa092203795c972e5804a6,cc419e0650a3c5ba77189a1882b7556a,2017-08-01 02:23:50,19.99,7.78
4ada6d6dfed2a3a67e95d23f336ae96b,1,7f72a8900b3d2fc8fa2635b7836d6e6e,7299e27ed73d2ad986de7f7c77d919fa,2018-07-19 20:50:13,64.99,18.56
15a1cd1da2bcaccc711512ecb5701c5d,1,82f142f09dd26762af87b2a889f6ed58,cac4e0bc1a3269fa2b6ea5e763f6115b,2018-04-04 03:10:25,25.84,18.77
a78c0962e6a2425978965be2eabb31f8,1,656e0eca68dcecf6a31b8ececfabe3e8,e9bc59e7b60fc3063eb2290deda4cced,2018-07-31 15:20:22,65.9,13.8
7f5e0af4864278a71b1c273b11dfc090,1,8d219c7aa1a8032569bbd8c4ad515daa,4d6d651bd7684af3fffabd5f08d12e5a,2018-04-18 11:51:39,129.0,36.03
0468a84e6df93886189d80fce46bbfee,1,eba7488e1c67729f045ab43fac426f2e,620c87c171fb2a6dd6e8bb4dec959fc6,2017-03-24 20:21:14,198.9,25.88
af6abe9c52e60044f9a708a55cb9b189,1,9c5cec867c62c0ec4674b002eb1c3e0c,e882b2a25a10b9c057cc49695f222c19,2018-03-06 22:35:22,1054.0,64.05
4f5dbf6461099742aada5e5960f721c4,1,f20d17c5697e45b09853253384f0c583,e26901d5ab434ce92fd9b5c256820a4e,2017-05-29 19:15:14,34.9,8.72
0bb77e62d791c3e5b009815ac19825be,1,6f3b5b605d91b7439c5e3f5a8dffeea7,7d13fca15225358621be4086e1eb0964,2018-05-18 14:51:04,145.0,12.24
151dd2f1d99d17f6c210997e09d67506,1,84f5c4f480ad6c9998d6a6860f1a2e41,282f23a9769b2690c5dda22e316f9941,2018-02-15 00:15:27,40.8,15.11
86f409689bcc6848577f53fcfa1154eb,1,be1be330cf34043d1c40d6114cbd11b5,d921b68bf747894be13a97ae52b0f386,2018-05-04 17:50:12,149.0,22.75
60f6e33dc906f7b5b4f5096f979ab9f6,1,93b67da06834e15a3594134d43ee4ebe,dbd66278cbfe1aa1000f90a217ca4695,2018-05-11 08:30:43,27.2,19.32
bbf5ed9b1422ec62f85bb583115b56a1,1,c0603988d17e4588dfce0f7f01978557,17ca9b9e9b9ef8fdb529001b49ebb50f,2017-12-21 23:31:24,35.97,15.1
f6bce229e7e3fce75cf00f2028efbcac,1,cd6e125f1385d66bd4d682a54f64750d,52bb00821bcdd358a5a5a27e1f6be5a1,2018-01-24 20:33:37,308.8,20.4
f81bd34ec4dd1f36d89fe966cf87c4d7,1,992b493206080e0ded9bf933ae5da6d3,ea65d8b58316a6f2362f2a9e4b3e86ad,2018-08-06 13:04:24,37.9,8.43
793a1da0431a53a517bf77cc596a9d7b,2,00ab8a8b9fe219511dc3f178c6d79698,1b8356dabde1d35e17cef975c3f82730,2017-04-24 19:50:14,89.99,16.78
8057404f0b48f9bc5a2e1c8deab5a8d4,1,c777b9591e90c49e0745efb1051789ca,4d6d651bd7684af3fffabd5f08d12e5a,2018-03-30 13:15:41,199.9,13.84
974489a317d3b3f2e471a3e8d05ebeb1,1,89d49f6d10ff422902b2c2cb05da7f1c,9646c3513289980f17226a2fc4720dbd,2017-02-19 11:10:59,49.9,12.93
fe6fc04c1126046e3f641fee9303d4cf,1,afd34b33969fc993e14ae949c140d527,f45122a9ab94eb4f3f8953578bc0c560,2017-03-31 20:05:39,125.9,16.09
9ae0aced36093f0e2cb7510c20b7ffc5,1,3fbc0ef745950c7932d5f2a446189725,06a2c3af7b3aee5d69171b0e14f0ee87,2018-04-23 18:31:14,64.99,22.95
3b7febf42292030e8a4466053c383fab,1,8e35056a353550809b6675987b99a117,b32be1695eb7ec5f10f72d9610a12527,2018-04-24 04:31:37,149.0,27.12
3a4a16a0abedcdaf512f9c1a791049c0,1,0502d1a36be75bd36b452f31c6ed264a,c826c40d7b19f62a09e2d7c5e7295ee2,2017-12-05 12:58:18,69.77,7.78
f23681a0fffdb8051c674707c7e912ef,1,d04857e7b4b708ee8b8b9921163edba3,9f505651f4a6abe901a56cdc21508025,2018-07-17 02:25:08,69.99,15.59
e1a9073ab42d6cbd16dcf2aa7d695f6d,1,e03102efbc2229024c89be731f0aedcb,2c9e548be18521d1c43cde1c582c6de8,2018-04-12 10:49:46,34.9,16.32
ab84bf29e9617a0fc438bb0a95a50d6d,1,386eebb43722ab502f04f7900bd2451b,8b28d096634035667e8263d57ba3368c,2018-01-29 18:38:40,57.9,15.16
2a4e23a666338d87ea9c2777d71bed0c,1,3bed6bc2893ec6b0858eb24e4ea9b371,8d956fec2e4337affcb520f56fd8cbfd,2018-07-31 14:04:17,19.93,18.24
faed4646f30cd940f469d0dfb42c4b29,1,8b41e0e27cc6de15e59de3853fcf51ce,e8f6dc8e6a1dcde89d20e3995c8d90b3,2017-06-23 10:25:08,54.9,15.14
85031edc7b58dbec75ff2e24d7365e13,1,c2e3277619aa6604c0d6e288ef059ede,3985a3c45be355a4c57fde108bfabd1c,2017-03-15 23:56:22,19.9,10.96
032bc75236a1cbaf410bb596a509e774,1,1f50c7757334d6acef5e3c5fa64eb3c7,dbb9b48c841a0e39e21f98e1a6b2ec3e,2017-01-24 22:18:06,39.9,11.74
ada48b7ce9fee2a62cd265bd45a9c97b,1,1b8ee158f59c098470fad33f39660964,1554a68530182680ad5c8b042c3ab563,2017-06-01 23:35:16,139.9,30.02
880995aee9550ecd4518103daaf74fa0,1,a859dc323c1bebb21c887054599fccce,c4d51195486dc781531876a7d00453d8,2018-05-04 04:15:14,2428.0,29.44
ff5912414bd207006a7af78477de9733,1,77922dd87928c2cf9225946dac2a27a7,5343d0649eca2a983820bfe93fc4d17e,2018-02-26 14:30:45,56.0,16.15
5802a2af7adc078756b394ca9f492087,1,76ac1907588ea63f562f0851bd5a4289,d1b65fc7debc3361ea86b5f14c68d2e2,2017-08-17 10:55:24,279.9,17.59
685eef0e70bd850df886871cc0917e81,2,368c6c730842d78016ad823897a372db,1f50f920176fa81dab994f9023523100,2018-01-05 21:09:39,49.9,9.78
ce1102192008032289474c932a4c241a,1,914c9e9af640dd56f48764a225b00f89,7c67e1448b00f6e969d365cea6b010ab,2018-07-06 02:58:53,79.98,19.08
15820c28eeafa10a575899c57bba6cf9,1,62d8daeee0db3a60c234c2d1bfd10651,d2374cbcbb3ca4ab1086534108cc3ab7,2018-03-06 19:08:57,30.9,15.1
c3c27f7cd6104efcb1a0d7793dd66fd2,1,e59dd207c69d86e890febadc796d1078,1c68394e931a64f90ea236c5ea590300,2018-03-05 21:09:01,144.41,13.14
85f8ffb0071e850ecba540ba938f32a9,1,a7566c5565bf286a5c8fb48387d97bb8,620c87c171fb2a6dd6e8bb4dec959fc6,2017-03-22 20:04:07,289.9,16.2
ada852cf7a2944b2980679fbf593bf6e,1,c82cf18016c429035d415a45a1546652,75fbb52eda0cbc24f479d3b2fbfa8d3e,2017-07-04 22:30:11,19.9,25.63
8e1d33832d930d453a3a329a0fa4c604,1,1af8902c3a99c03308ce1a8d05dc7d52,6d66611d7c44cc30ce351abc49a68421,2018-03-28 13:09:16,114.9,27.53
c26d8022e70e332fc205684fbc850c12,1,4555f012f9764d3e5cedbe66cd24513b,25e6ffe976bd75618accfe16cefcbd0d,2018-03-16 09:29:58,120.0,9.2
6533a0d9c1703a1ebf0115fb55e01834,1,de92134fd940e9302d27c31af4581fbd,4be6b962d83299498bae2190f95d6566,2018-08-14 16:35:14,34.9,23.39
394ff86ee81814bb5f88c7e8ad2812b3,1,88c20c5a22f2ca169af8cfc2df00a7a2,f08c008c8a8d31417763738a1788a2a8,2017-11-29 22:19:37,67.9,8.72
68a6a32c41cd1cfeab8e2e1507813e84,1,0e46a653d7cee79c08431b38fcb67fe9,dc8798cbf453b7e0f98745e396cc5616,2017-10-02 14:35:55,24.9,7.78
79ce453b9e3dc21f91d306eb1df8bb2a,1,24dd446745b812ef3347d7ae00f5541f,4e7c18b98d84e05cbae3ff0ff03846c2,2017-08-22 17:44:48,98.0,17.94
727140332cb5607e87e03e1501f636b2,1,aef98ce647739e381bae28e004c63235,671585f5a2af58b6e276bc01003c0d2b,2018-08-17 16:30:25,40.0,15.38
442dccfb1443cb7035f2b7810f974dd9,1,b83738ac1903f7c8f0ed378cb085909c,c003204e1ab016dfa150abc119207b24,2018-04-09 12:35:25,129.9,45.46
52c61c311129f8dc9cc4f8f1c84b0b2d,1,1b5978db99f7114b364fa0a0123eda05,7e93a43ef30c4f03f38b393420bc753a,2017-10-11 09:14:09,1099.99,21.45
4b084373ddadca63d02071a40596da80,4,226be9996759442f90f73b7d24c6baff,c6a7539d424a8402232c2228d7a03c5e,2017-12-08 16:00:33,40.5,19.84
1c1d7c04efff33ea9ebb71907b576f50,1,11dcc970f7a5581e1bf777b6da3f7096,06579cb253ecd5a3a12a9e6eb6bf8f47,2018-07-27 16:45:14,68.9,18.28
50a58980b691ff7dee971df1e77476e6,1,4636c8e02578902bfff42ab00f84fbd6,c731d18cea9bf687ffee82a241c25b11,2018-06-25 20:31:22,153.0,47.37
feff6425f4657f07071d4e5c52cb97af,1,8d219c7aa1a8032569bbd8c4ad515daa,4d6d651bd7684af3fffabd5f08d12e5a,2017-11-20 17:47:11,119.9,12.34
e51d5fd82a186a64728b4de03b0fd8f8,1,a3c933b29543a2b90e9aca184ee7397a,dc4a0fc896dc34b0d5bfec8438291c80,2017-06-27 08:25:05,69.9,16.25
8065dba483ac5b6fb4e77317735d87a1,1,37345ac393270dc6d661b95fbdc0af24,48e954b2da4f6a750c844173b347ed40,2018-04-15 23:30:10,119.0,23.41
d5499e385aef94ea76d2ea5e6a73e60a,1,f39235c3486cd7ead746fc048475495c,e49c26c3edfa46d227d5121a6b6e4d37,2017-02-26 17:38:51,55.9,24.88
c79bdf061e22288609201ec60deb42fb,1,5304ff3fa35856a156e1170a6022d34d,cf6f6bc4df3999b9c6440f124fb2f687,2017-05-12 19:05:20,3.5,8.72
e4406088398131aed8c21c5a4ec3442b,1,99a4788cb24856965c36a24e339b6058,4a3ca9315b744ce9f8e9374361493884,2017-06-16 10:35:09,89.9,13.65
677903861e5a22d39b6c208476a62fe4,3,6d3d8ade6b793a08b041b6bc653c08ca,5343d0649eca2a983820bfe93fc4d17e,2018-03-21 08:49:33,39.0,22.93
87334ea6311529ce3e36b18350d2d4b3,1,54d9ac713e253fa1fae9c8003b011c2a,955fee9216a65b617aa5c0531780ce60,2018-01-25 19:09:35,29.5,19.84
7678a9ec36abfc35527725816936da8e,1,8b52af498478ac72226c6bdaa89f27de,8e4f041ff58e7845456d3482524014b3,2018-03-08 19:50:48,66.9,33.36
0e19aa2216bf89063fdd8849774aea19,1,97b3b8e8ed22d0ceb3b3c520e806a334,8b321bb669392f5163d04c59e235e066,2017-12-11 04:13:59,14.6,11.85
dda34d917fca93319316d959e22b9289,1,0c8862859cb952ee81428f80dc8140d9,f2336e113377dd21c744d9c4fc8293a9,2017-02-26 17:46:56,1099.0,47.2
41c291a561e0257e25d6a75037e5a6a1,1,1c8068ff974de37eac2c0c8ce23f4ef0,2e1a7d075abe038c1b2743005fe42ff1,2017-11-29 23:34:54,35.9,16.6
81277706855c514ff89aaaf67d45db24,1,3354a4e684f5e7199f9407db70ccd92b,7a67c85e85bb2ce8582c35f2203ad736,2018-05-14 11:51:21,89.99,9.93
832079e71d5ee058d10e1ee1abe0e0f9,1,071f9a2b7591f2e8a2a59a50ecc5a297,1d8dbc4f32378d715c717c1c1fc57bae,2017-08-11 14:43:24,139.0,14.7
b41f51ebf23530b00f69e5602f81a653,1,b38b25d838ae0b8385e8cc68b9017644,fad44952713764836814be105382aee5,2018-02-19 00:35:33,180.0,15.01
aa120c892f79c1304455344f05773ac1,1,749d3e9ac43e769ce6245a97630f6543,b561927807645834b59ef0d16ba55a24,2018-04-23 16:30:32,26.5,19.32
a94b9255b3c3ebd206b09a5625e39ea2,1,aed75ad669fbebd5a385ac7cc2ae7573,17f51e7198701186712e53a39c564617,2017-06-19 21:25:18,550.0,145.99
62bec84b920514dd9d777e095fb5be2b,1,474bb6b54fc608ca71059a6c4f7ecda3,8b321bb669392f5163d04c59e235e066,2018-02-01 11:39:35,21.9,15.79
685eef0e70bd850df886871cc0917e81,4,389d119b48cf3043d311335e499d9c6b,1f50f920176fa81dab994f9023523100,2018-01-05 21:09:39,49.9,19.57
7477146d0d3adc1305846034436657ec,1,c3ba4e8d3cb30049213b682e751e9d00,6560211a19b47992c3666cc44a7e94c0,2018-03-29 18:48:22,95.0,19.36
bc0dce0474c363f867cd5784ca5ab763,1,c43704bc45a1f1a58de5d2b5ba0b0d12,f5fea3ffed6c2e889bab72705557c63a,2017-04-06 12:32:33,315.0,50.73
bf88704e42dfbdcebd1a543c31583990,1,43267ceb81c34b7d49decd624671ccfa,f26d70155c2b6326fcfa1780c8c684e4,2017-06-30 17:05:09,202.89,16.17
eb7df5ec433a5660c84c3a2e1bce192d,3,e4b0f340d2552f744b4c2d48dffbc0e2,1835b56ce799e6a4dc4eddc053f04066,2018-05-21 03:55:50,47.99,12.79
61d9b48d85b81cc207e948c13dbd633b,1,3bebad3cf2c8d1a8d3ce97174643e054,955fee9216a65b617aa5c0531780ce60,2018-03-22 14:35:23,19.5,8.29
1182df110fbf0a14dfb08dd06c560836,1,125d26eac85cf57783e2b545149ad38c,92eb0f42c21942b6552362b9b114707d,2017-03-16 21:26:56,25.0,24.84
fa200e49cb5e3ae19cde414d9d9161d4,1,a7216be504e1ff211b67479ab193a552,a2e874074c877c5a05abae80ad6e488f,2018-08-29 15:50:08,69.9,21.13
d6c877d8995925578fdeb1d186915549,1,d0877f0094337c414d23f5a3c7bad20c,656591be56071d4c9ef4e5fee78a578a,2017-05-11 13:10:37,430.0,27.52
5d98c74c9456e1af5dd506e16a9d5993,1,fe01b643060a6446e59f58e3021e66b3,2dee2ce60de9709b1a24083217181a1f,2017-11-28 03:06:56,143.0,29.4
b41a16657a96770a0b3e233b13555502,1,48633254f8b7b802b1ca8c4f4dcf3e33,8c16d1f32a54d92897cc437244442e1b,2018-02-15 21:31:08,48.9,15.1
a0f7769c320fd4c1900add6490eab094,1,e0d64dcfaa3b6db5c54ca298ae101d05,2eb70248d66e0e3ef83659f71b244378,2018-06-27 15:35:28,124.9,16.84
50da05e57f65f5b3704cf0cac94bfad0,1,f71973c922ccaab05514a36a8bc741b8,5dceca129747e92ff8ef7a997dc4f8ca,2017-05-03 02:25:16,109.9,37.17
4f7d7c29804187d1b3e013ac5fe1dae5,2,0ceb0bfefd73a9c9dc6f918182841cc1,89d9a386b0b6e5fc8403071b03f7206a,2018-02-27 21:47:39,33.4,14.1
35575d651196f286d8d73c2b92653aa1,2,f6af9afab66b4968cf9c27dcdfc42047,b2a6d334e2833acea353624840e25a0e,2017-11-20 10:06:35,24.9,14.35
1fd64d652fae27df0e9aac1f4e605984,1,b192be433004cc1f10b467c0e9ea309b,de722cd6dad950a92b7d4f82673f8833,2018-07-31 20:45:15,179.9,17.45
0997090fe6882d45c6a71660aaffaba2,1,389d119b48cf3043d311335e499d9c6b,1f50f920176fa81dab994f9023523100,2018-03-01 23:08:02,53.9,17.63
8e350d5e83f49b662f870b48cf3f5b29,1,65841ad29fc48cd40902e03da7511e05,8b8cfc8305aa441e4239358c9f6f2485,2017-05-29 03:45:12,849.0,157.32
34e43b05d79a814bd90a43250ff10094,1,53075a78fc601d6eb47e8ad2d142b7a8,ef506c96320abeedfb894c34db06f478,2017-12-11 11:12:10,28.9,11.85
2f7c0d4ae58c91fc32165eed84560e35,1,c5944369a5cc96d600713f640e46ab5e,850f4f8af5ea87287ac68de36e29107f,2018-03-25 21:48:35,49.0,15.23
c90025afa3c59ad0768b713161777935,1,22c5ddc22ea8cae84fc9917def682dc6,cc419e0650a3c5ba77189a1882b7556a,2018-03-12 02:50:46,56.99,8.72
15c8bb2579fbbb27773fefddd07e4111,1,9ecadb84c81da840dbf3564378b586e9,1025f0e2d44d7041d6cf58b6550e0bfa,2017-09-26 13:35:18,38.4,17.92
738958f1bd5348249ab7a14f6a9959e3,1,ba9943916136c9959e24f71bdae28faa,8c16d1f32a54d92897cc437244442e1b,2017-11-08 03:26:22,44.9,15.1
ee02295dfa5d0519664c1dcd4a70e87f,1,7eedc4bfd32856b0c2b78657036d203e,4a3ca9315b744ce9f8e9374361493884,2017-08-31 15:45:39,159.0,15.86
c3172e32bc52d8dde2aa5c6cb36cddfd,1,af56e0203193f066ed64cbbbbf95ae6a,ef990a83bbea832f36ebe81376335aa8,2018-01-31 02:38:20,99.9,27.55
e6bed0846d5d268bf1ebcf66eab19a42,3,03d10117bf5dbd1e4f194566be73de5a,4a3ca9315b744ce9f8e9374361493884,2018-03-19 22:30:37,165.9,31.81
ed9e33c926c94cc5cc50a68696119dea,1,af56e0203193f066ed64cbbbbf95ae6a,ef990a83bbea832f36ebe81376335aa8,2018-01-18 02:34:29,99.9,15.46
45655002c111b6037f3244f4692bb526,1,9048cbd294fe0c1a3ec8c8248bc2cadd,6d66611d7c44cc30ce351abc49a68421,2017-05-31 03:02:33,69.9,17.74
06d68cf3fe78e8d27c1047fe0346abc4,1,4a579d3f0c38c12a0e22c0146f2356f4,cfb1a033743668a192316f3c6d1d2671,2017-07-27 02:23:59,59.9,9.94
92d82a97b257e7e81b567f8ceb8b89a3,1,d63c1011f49d98b976c352955b1c4bea,cc419e0650a3c5ba77189a1882b7556a,2018-06-15 09:40:18,59.99,23.22
60b276464a67309733a0662e758e9875,1,78120320a8a3d2656f159d513fcb83b6,6edacfd9f9074789dad6d62ba7950b9c,2017-02-18 16:07:08,40.9,15.56
d1c6fa11a0fb958619647d438f9e4849,1,23227b07fc69250d2fa4be6602011aea,e38db885400cd35c71dfd162f2c1dbcf,2018-07-04 11:11:29,64.9,22.73
1a5c3dad7f8ccf75ce213a3726a25af2,1,54d7ad85b648d3cb2b7069ed446d7f35,25c5c91f63607446a97b143d2d535d31,2017-10-30 03:56:38,149.91,59.49
21bffa9bb2f8540013b0eb048699805d,1,14e95770921ccb6caef2e6134c182d78,7a67c85e85bb2ce8582c35f2203ad736,2017-11-17 20:06:20,219.99,25.99
aeb970f75d1a1aa41b4fd895c60fcdeb,1,22594ba8fd9a72ad95d352929c821560,7c67e1448b00f6e969d365cea6b010ab,2017-04-04 19:47:12,99.99,20.0
9f1fdd62873c571b8206dd1cf23e208d,2,1491a8ff192d4b5c369b0eaa2fe33ee5,37be5a7c751166fbc5f8ccba4119e043,2017-09-19 14:35:20,180.0,26.1
04130ed2567c23daa988cca5f1860430,1,e03102efbc2229024c89be731f0aedcb,2c9e548be18521d1c43cde1c582c6de8,2017-11-21 03:35:22,37.5,9.34
d4c2cda5ee1ebae34af938976048ccaa,1,79896466715d0179d8e5c8a84e5f0a18,05ff92fedb5be47920fea08e501238b9,2017-02-26 09:09:39,449.0,27.34
4b47ca7c3201379f99ee4c1f4d0c80b0,1,aca2eb7d00ea1a7b8ebd4e68314663af,955fee9216a65b617aa5c0531780ce60,2018-03-13 17:55:26,69.9,26.57
f45074ae38f2e01d9b854ec8d40362ff,1,222efa72a47277d611b8b38d71149afd,cd06602b43d8800bd0afad514919d35c,2017-08-24 15:45:18,6.0,7.78
f29d2e7d66aaf2845c93e1fe45fabc8a,1,59be0d716996dda6b7d60b3e839efad3,ad420dd0c4f92f8af951ac24b86d0cf5,2018-06-20 15:30:43,160.0,19.22
ca3e242e59ebe1f51d7b8bcb568a38ba,1,c6bdd07f0a20ccd19d51de91c1551952,59de1d4c8c057c2a53acd4ca66531af2,2017-11-17 08:10:20,135.0,21.75
6bf136259829d50a608304ba02fb14b3,1,909b87db6cb3a7ab26bd03cc59860136,de722cd6dad950a92b7d4f82673f8833,2018-01-17 13:33:09,39.9,21.15
b144e2ac9863ed27bc59dbe4dd2f8773,1,f83fd2b539bc73678c65be8d418be8c1,270d3ef21830ad0ecf3a6c53d08a533a,2017-12-12 14:14:32,38.0,11.85
dcc3610bd6745b8ec0d84354631fbd3d,1,c765fb286266d05deb16689631d841e1,77a515caa36327151d1cc6c32a9f00e1,2018-07-26 06:10:17,120.0,20.03
519e8e134cd15d39544f56d9ff932d3e,1,e03102efbc2229024c89be731f0aedcb,2c9e548be18521d1c43cde1c582c6de8,2018-04-23 08:52:02,34.9,16.32
171494d5a0a3d21f98268f2aa9314a18,1,25e2023ed83352bde98dc1490d14c3d8,de23c3b98a88888289c6f5cc1209054a,2017-12-29 12:13:18,119.99,13.86
664aece086c0b955e71ee4f88965a565,1,2ddf9184f8aad1f832fdf5ecd1e53a17,0c7533c71df861ec58ad7ff999ed0e8d,2017-08-07 19:04:29,45.9,15.1
3571bf5785e29132d318f3c5222560f7,1,3264eb8097906cea4af2f4a56e2447ed,6560211a19b47992c3666cc44a7e94c0,2018-05-07 13:12:08,38.0,7.39
a1c47ee60da7efa582a5da058796df50,1,c72edc98e7d77f0c4c04ec80730c05f5,5b925e1d006e9476d738aa200751b73b,2018-05-08 12:30:32,65.0,22.51
4bc45b40b7495543f90c2cfb8c409035,1,db7f3f42ccab32fa6328b3063b278bcc,7299e27ed73d2ad986de7f7c77d919fa,2017-12-04 02:58:23,38.0,15.1
54912035e047f9834df97cdfef0d2768,1,0e40b1ed4cfd3da1962ec91913e54ba8,8b321bb669392f5163d04c59e235e066,2018-05-21 04:52:38,13.65,7.39
f2a5336cc1662ad56b16f4ed6e4b2de5,1,4a90b44b456e79e7a33435fdd36e551f,c9a06ece156bb057372c68718ec8909b,2017-01-19 17:55:56,380.0,49.7
eb4f7af52d42fb1b1051cd5457074b9b,1,c91c24a6ec3aa0059e69656c4677e84d,d50d79cb34e38265a8649c383dcffd48,2017-06-12 14:42:34,201.99,15.02
4ffcc2f0e8f54f36e73b83db8d8c494d,1,368c6c730842d78016ad823897a372db,1f50f920176fa81dab994f9023523100,2018-07-11 18:25:13,49.9,20.99
e72ce58da5fa186692fb2a9d253c0cbd,1,2d7ec74c6f93ad8234f2e29817b2827b,bf3c6d2a28b2b5501e6c15448982dcc9,2017-10-09 10:07:16,119.4,12.04
9f80f54504b9a0002c494e13068044f0,1,fef63ef09494166bda2812ff585be979,e9779976487b77c6d4ac45f75ec7afe9,2018-04-03 20:10:12,69.0,18.36
316c859aa0c2b794a3db879c5eb09153,1,a38e6346616a8f362c328b9537b1ca4d,e7df4cd29ab5abab70fb0783ddb53987,2017-12-18 03:39:28,59.9,16.86
79e339edd187057a60d7cbe59df7526f,1,7931c305032ec48bb0ed7bd63539aeec,b586cd24c010a13916af621b0325fbba,2018-08-17 19:50:24,139.99,41.96
ab042583eff2cb1ffe2110a95da95d4b,1,66a0a6e02b7f543e5b021ce361f267d4,7a67c85e85bb2ce8582c35f2203ad736,2018-01-26 14:19:01,139.99,18.23
ba6fe5e92a31200b06b69c99171eacf8,1,c4a235a34fa3361e6746f11175504a94,10264f60a8f0a4d2f30810f5c661c673,2018-06-25 21:31:39,74.9,7.78
abcf5984d3741238d9c49184b7fa5941,1,b05ec8d9cabec69e637318ebba813a09,cc63f0dd2acba93ffed4fe9f8e0321fa,2018-07-27 10:10:14,126.99,18.02
5b5e27caef5edb9446df0a7c106285dd,1,c7f24eedab65851cf5b6c25a10816ea0,8a2d12a90e92f012ce5226fc6592b653,2018-07-10 19:30:59,225.0,21.53
d2a0cfdf8f3b718afce8a4b9d943614a,1,dd64f2b1807ccb20fcd0ea2a40dd8a9b,b6d44737c043328708f6749c2dbe50bd,2018-03-30 15:10:26,59.9,33.96
46cce235fa3f299c3093aedae4396900,2,d4a4ff95f641981ed47802cce0ea5c88,1f1bb1f0859883505541bdd6606193e5,2017-11-30 10:30:13,149.99,16.81
0edefae02733735c88d242ce6b781802,1,99a4788cb24856965c36a24e339b6058,4a3ca9315b744ce9f8e9374361493884,2018-06-04 09:50:01,79.9,13.0
3260c5040c13241b3f5f7bb7ed852c89,1,4520766ec412348b8d4caa5e8a18c464,16090f2ca825584b5a147ab24aa30c86,2017-02-25 09:14:03,49.99,10.96
f98a06b99cbcc7caef174bc5efa78a31,1,5cde85235c4ae7747e9b48de95178a14,17e34d8224d27a541263c4c64b11a56b,2017-09-14 20:25:27,218.36,16.28
b7c4c48cbc6af3c8db4a65fe2347faae,1,4ce9ab528124f89e091b17d11aa2e97c,7e3f87d16fb353f408d467e74fbd8014,2018-03-13 14:10:28,41.9,19.04
6abb2dd22e301e03c68d0b4e55cf5560,1,bd7cd34fc6d02e730221b11edc354aae,46dc3b2cc0980fb8ec44634e21d2718e,2017-02-08 19:47:02,99.99,9.69
46095dff98fab25f0cb4306a0430612f,1,6eb70dfb283dc3f645ed7b03c990dc72,4869f7a5dfa277a7dca6462dcf3b52b2,2018-07-04 19:10:41,54.9,18.48
fa1504a98e3482c59bb07d3024a15b14,1,bfd7070500b5ef628b0216d884d2bc02,a1bea7061f61f6fdd9a85a6325ba1033,2018-08-16 16:44:18,18.89,7.39
0baad26e1a67410a85b2b38558dade2f,2,44f90f085c7a825863cbf867990e1513,a416b6a846a11724393025641d4edd5e,2017-05-22 17:45:12,26.14,0.1
5d4904af2abec966288d8236c091bbda,1,0f0c4960b05d6145bbb4b348423503ef,edf96ef93ed595084bbcbd9224bd2894,2017-05-18 18:30:12,42.0,16.6
d4e4ac3c423a38f131a755f777d2f73d,4,4ed86bcb86407328452ac1c5b3b89d67,3f8034bfc6b8b4135534975d49f04c63,2017-05-30 09:15:19,45.0,15.79
f9e3b033a477076e2b9e014a852af668,1,a9fa0428bc677ac4d0a948fe2982ad1d,2e1c9f22be269ef4643f826c9e650a52,2018-01-31 12:19:09,40.49,11.85
5393e88fa91aba9ea46a9f403d287df1,1,6c50c87e36d8641d67fbcceed5cfec5e,6560211a19b47992c3666cc44a7e94c0,2017-08-31 18:45:38,55.0,14.14
39f71ba799c87ce196465bad51c55d0d,1,9e2ee57a77fedecd33b6914e9cf61199,a64e44665225d19dfc0277eeeaaccc57,2018-08-09 12:50:20,34.5,12.9
90a35d9f1707a645c3bd2dda9c3f2643,4,d2085f7e0f9533605386960fc7e987ec,aac29b1b99776be73c3049939652091d,2017-12-08 16:59:01,12.49,15.1
975314569c698f3bd86f7f7013f19acf,1,090621b8ea8b2c856067283a91b493e9,f46490624488d3ff7ce78613913a7711,2018-07-24 12:15:14,59.9,38.93
b84394f64014d2bc61ef7e890cf10a0a,1,37c5b1281e2b86442a3d6a5478af7ab8,8e4f041ff58e7845456d3482524014b3,2018-02-12 16:15:31,66.9,15.23
0191bbb5166d4b9a68df11797d5acfa9,1,ec02a5d380128f7a188e9ce8f3ddd832,48436dade18ac8b2bce089ec2a041202,2017-08-16 12:30:15,132.9,20.17
2f8faef508a5a7ba5de0b455cd768da8,1,d14782a9f0856f169ee3b60303efa262,1ce3ae5a399804d1a87e706f8a813c3e,2017-11-16 04:31:30,69.9,25.77
224a802cf146cefcba3907e02acce34e,1,d392a00a8d96150a649853d20d63e8ba,c3867b4666c7d76867627c2f7fb22e21,2017-07-27 06:05:22,138.0,13.99
f962d2edc594dccae522feb6446d2104,1,2149e9d51d629c16ce77c0f14c887e01,2eb70248d66e0e3ef83659f71b244378,2018-03-12 20:00:23,1102.39,21.47
76870eacf3fa50d0cce734ff1a826aa2,1,87cb507e0daa37bbf34956fd59eba832,6560211a19b47992c3666cc44a7e94c0,2018-03-12 21:30:29,29.0,18.23
858d458b39082890e96fbb1fed8c2a52,1,d6160fb7873f184099d9bc95e30376af,53243585a1d6dc2643021fd1853d8905,2017-09-13 17:15:08,1299.9,38.51
a3c2dfa534b942bcc28371fdec7702d9,1,ac8d637154b9a2717786c0f933d4c7da,c9c7905cffc4ef9ff9f113554423e671,2018-07-03 13:31:39,79.99,9.31
b52d29abb97a3978df1d8922bfe36fbe,1,5f42d57952b7815098979a5c4fa6f82a,c70c1b0d8ca86052f45a432a38b73958,2018-05-11 17:30:50,110.32,17.16
ee3cbcc20d5984bc1074efa744139f47,1,5f504b3a1c75b73d6151be81eb05bdc9,834f3294fba9f932f56edc879193f925,2017-12-11 23:56:51,618.0,37.6
ee3485f5152cb61d512769574a0a1419,1,2f9c2888168b8c2d8e625905f3737057,6c177e38df6d3f34182b1f1d427231bf,2017-08-11 14:25:18,99.0,14.44
a4e716425319a6fefa5bf8c58eeccfcd,1,c234a60a994181f45605566bef8fe3b4,d101c6da914ae3d53f7bee42283f2fe2,2017-06-05 09:43:04,109.9,21.26
4cfdd4464ee3dbf59c17a69045429af4,1,bc4cd4da98dd128c39bf0b8c2674032f,53243585a1d6dc2643021fd1853d8905,2017-09-06 02:50:41,1200.0,37.81
e4ef0775ca01d0f6839f7d362041abef,1,5dc5964f616fba91121740eb42a02845,26785a546900236d66f2e4197c211158,2018-07-11 21:50:02,45.9,15.42
b0edc0b20a380c879d0775721c5b5b20,1,72a137b85d5a1d82cde242493f118f43,ce27a3cc3c8cc1ea79d11e561e9bebb6,2017-03-23 17:21:08,37.99,14.11
f6f1f2a565bc0c1d761799e42d923401,1,ed5666106b8fb47b57c4b2c5f67a755b,2addf05f476d0637864454e93ba673d5,2017-11-12 23:27:09,209.0,17.9
f59ee70148bbdacff5fc0b6d1205252e,1,b99e4f4fa3f421e0ffbd512d9f152dec,128639473a139ac0f3e5f5ade55873a5,2018-01-26 20:16:13,19.9,15.1
4ce23a326d80951e2de85a1870483eed,1,39b86f4e3aedf22731990099a660a6f5,6560211a19b47992c3666cc44a7e94c0,2017-12-21 16:32:16,49.0,14.1
bdccf03ca8600528b6f897db4f6329ef,1,759c85bda80286f647f1f71b847c6457,f8db351d8c4c4c22c6835c19a46f01b0,2018-03-16 12:29:14,33.9,18.23
5db54d41d5ebd6d76cb69223355601f5,1,f35927953ed82e19d06ad3aac2f06353,669ae81880e08f269a64487cfb287169,2017-03-09 18:55:23,115.0,21.26
a954b5c6ed542bc3970ff1181cb20ef7,1,a5341e3f8155dbb3e62323d3ea289729,ff063b022a9a0aab91bad2c9088760b7,2018-01-31 06:56:16,93.0,21.14
1446f87ab63443ca948c7faa3d7ef194,2,5ad067c2cc9aa18ee03b9ccb5dbd8f8b,dee656f0f566ed1aa85bd137c943f08f,2017-11-14 15:26:26,14.99,14.64
630740e03f6373612399c5e8cca3c3c3,1,329ee774172a8dec4ae65b229f2c73fa,9b013e03b2ab786505a1d3b5c0756754,2018-05-21 18:59:16,170.0,13.63
eb7df5ec433a5660c84c3a2e1bce192d,1,e4b0f340d2552f744b4c2d48dffbc0e2,1835b56ce799e6a4dc4eddc053f04066,2018-05-21 03:55:50,47.99,12.79
1f89989c5a2afd61cf38495462b55b16,1,d1133fab4bf2da55f3ebdd4de51d8587,86ccac0b835037332a596a33b6949ee1,2017-10-22 22:33:46,58.9,13.56
29dd98e6aa533a04b48bbdf6427eb090,1,e41a6ac2f57a273eb0d214c7cbab5db9,7c67e1448b00f6e969d365cea6b010ab,2017-07-19 06:45:14,119.99,34.2
f7057bf47ad8d184d0857bdaee0a1603,1,0c3497a215eb37d2e70682bfde05c93a,e64ddbe1cbcf4f2fc3092b7c481f3f9d,2018-04-05 12:15:28,20.9,7.39
733f26eccfda637ff829bb51444ac13b,1,cac52d956eff0cacf32f4b0f0f3aac5c,53e4c6e0f4312d4d2107a8c9cddf45cd,2018-01-05 02:08:39,30.0,15.11
3bfd703ce884b8a0a65e63f2d4db6393,1,1ff1090afbb3b1a09f61f5e49f0a6cce,7e93a43ef30c4f03f38b393420bc753a,2017-05-16 17:55:19,259.99,10.01
9a7e8939f3e332415b9915a209e3607e,1,f1f2a5b4dd03a85b61b03156b1c9f236,8602a61d680a10a82cceeeda0d99ea3d,2018-07-11 21:05:32,35.0,7.51
71b17a1dca06f13bc0c69595e244d3e7,1,afdcebff326be8196c01b6ac2758fce1,1b45169b635ef59425637e9a33eb5fb3,2018-02-22 12:25:29,16.5,12.48
5528a3c9850e07ac5eeea39f275d6c5e,3,8cc117b0bec16e2f0b683e40846ad09c,1835b56ce799e6a4dc4eddc053f04066,2017-11-14 17:49:42,77.0,15.69
ee8dfce1f9bd464688d3b8906b0a4c12,1,84f456958365164420cfc80fbe4c7fab,4a3ca9315b744ce9f8e9374361493884,2018-03-26 22:09:01,92.0,13.7
345bd783a6a07b70ed006d1b11df30e6,1,3bebad3cf2c8d1a8d3ce97174643e054,955fee9216a65b617aa5c0531780ce60,2018-02-08 20:29:41,19.5,15.1
d02a5a29d82eed1f82be00c04745ea7c,1,da596542f9179c1021970d21d9b53b76,951e8cef368f09bb3f3d03c00ca4702c,2018-06-25 18:56:33,38.99,12.93
54a321486a622129adda771a323501f8,1,491363806b8d8e7d7befa5635d415c45,7e1fb0a3ebfb01ffb3a7dae98bf3238d,2017-08-07 14:23:52,99.99,17.14
8c24ff4b5a28bb8f08034fca0e4e1263,1,c36f564e4c2baa5ed9d7bfa1a111c29c,0ddefe3c7a032b91f4e25b9c3a08fca1,2018-05-14 09:13:51,89.8,11.25
86ab312ff20b032420f0320b32a37f12,1,186052b3f166a0f7227e78b2d27652d3,11305281b50fff20ae8bb473f8e11876,2018-06-19 09:16:13,139.99,39.49
cd74303942bee59edc3379f0a6433c62,1,aaa391b7c35a628a6318851e8e933e0b,e5a3438891c0bfdb9394643f95273d8e,2018-04-13 14:31:02,20.3,18.23
7c33b548f0fee23cb4a8afe1f1333ee8,2,372645c7439f9661fbbacfd129aa92ec,da8622b14eb17ae2831f4ac5b9dab84a,2017-07-31 14:05:29,119.9,18.09
3cfb7adfbc262ab9088ebe345a8aaef1,1,d7d1cdd61c66570cac78c88a0cae784b,2138ccb85b11a4ec1e37afbd1c8eda1f,2017-12-26 10:10:41,34.99,7.78
02a001cb5f40b1fee4f0375c89cce463,2,49bfa76ac7062b8b5a0bf9601623d612,6a8a889bde935bafa76d7848782dfaf9,2018-04-23 05:55:47,30.49,18.23
2baa3f7b53010552fadf54405bc0f0b1,1,c42a54d639771f80d5ea22dd39a0d845,cf2384dd2f1dddea3f838efed0945e65,2017-07-07 17:55:17,125.9,29.92
f25e32d51127cbef9f269ecae2c83573,1,7c1bd920dbdf22470b68bde975dd3ccf,cc419e0650a3c5ba77189a1882b7556a,2017-08-29 04:16:11,58.99,11.73
90c0d4df184cd39fe38d7b3de0cbd878,1,fb979d44fd4269b2ea30e300b66c89f3,c5f7e746b7e6d07def6c0dae9903279b,2018-08-24 07:44:15,49.0,18.14
954945beeb5990c532ac06d464edf931,1,65785506a1566ea8655e9e1665754947,b4ffb71f0cb1b1c3d63fad021ecf93e1,2017-11-13 21:50:26,10.0,15.1
b8fde15d11aff23b07a6081d8a7652aa,1,165f86fe8b799a708a20ee4ba125c289,7ddcbb64b5bc1ef36ca8c151f6ec77df,2018-01-05 14:06:50,166.99,23.49
4048b8311e92aa983ee72f0b5f1e8ce5,1,db8d62bf1bf1d2dd880c99b88ebff3fb,116ccb1a1604bc88e4d234a8c23f33de,2017-12-19 17:52:22,16.0,16.79
2a8d909d2c102155c7ce2c9a24769447,1,a8a24b2139731e4be5246104224f0633,25c5c91f63607446a97b143d2d535d31,2018-01-12 09:48:15,186.98,15.04
33621dd1b751a02342dc065c32f1c96c,1,0c71252f37443403376d2008034a7240,70c27847eca8195c983ed7e798c56743,2018-08-09 19:50:22,107.99,8.18
3728cc076b9b664b82517f786f1a8361,1,9bf55e9d85e0b309f79e92927449d211,edb1ef5e36e0c8cd84eb3c9b003e486d,2018-01-05 18:07:32,139.65,15.73
1a647a88b6fa7b167cb5414a372edeb1,1,55afdf91178e38185fa461b5ca028a57,44073f8b7e41514de3b7815dd0237f4f,2017-04-27 14:22:44,132.53,16.63
65312c6e4ce03c0fb633a4ac541949d8,1,1ebd1450a2b8d51ffda696956426024a,822166ed1e47908f7cfb49946d03c726,2018-08-01 10:20:47,54.99,13.6
8931c9e36c3b25b6ba7bfd32a38c1677,1,bf128711128b70eaa9e07df69e9a75e2,75d34ebb1bd0bd7dde40dd507b8169c3,2017-04-18 02:46:15,119.99,21.29
dfc9bc36d5db98182f4b1dc41fe8e258,1,4cd6ba4ea3112de8fc238307c4dc6307,259f7b5e6e482c230e5bfaa670b6bb8f,2017-09-27 13:35:21,39.9,11.73
70f357cca87c1162357bf3c0a993cbe5,1,7c1bd920dbdf22470b68bde975dd3ccf,cc419e0650a3c5ba77189a1882b7556a,2017-09-10 22:34:00,58.99,16.66
6938607d864e891477d4b5d25ad507eb,1,e4d325bd1eea550509bdbbc5c3301fc1,7178f9f4dd81dcef02f62acdf8151e01,2017-09-20 01:23:59,340.0,18.14
c80f02a8f0c066df7a56a2b61c8c0610,1,3f14d740544f37ece8a9e7bc8349797e,6973a06f484aacf400ece213dbf3d946,2018-04-06 17:50:13,84.89,18.47
0bd6f6cbd1aa613a762bcc714ffcadd5,1,82b73150f90f4fef92913e35b9984bb7,91f848e9f4be368f4318775aac733370,2017-08-07 22:45:06,109.99,21.18
70613a4d0fcc3ad95dd80f90a7d05a59,1,3c3d244942b424b931c33f1ddc122b80,70c27847eca8195c983ed7e798c56743,2018-04-16 04:35:14,190.0,19.21
76c675dc22e413baabf77157c12c5efe,1,422879e10f46682990de24d770e7f83d,1f50f920176fa81dab994f9023523100,2018-03-28 09:49:09,53.9,13.46
793a1da0431a53a517bf77cc596a9d7b,1,00ab8a8b9fe219511dc3f178c6d79698,1b8356dabde1d35e17cef975c3f82730,2017-04-24 19:50:14,89.99,16.78
de4c5454fb8e64f76ec9689a472b23c7,2,e2c3ed9aaddfd2312a6a5fe9b3ddadd3,46dc3b2cc0980fb8ec44634e21d2718e,2017-11-30 16:52:42,99.99,17.95
94e9d4fb987019517b0aac56db0ae735,1,e7bbc0d43d1f5cb09bab95b664236633,897060da8b9a21f655304d50fd935913,2017-12-13 04:12:25,49.0,16.24
4d91816c61cb9557eb207bcbf0929f44,1,f4b952dd7ab601c02bb1bd06395f45f6,86ccac0b835037332a596a33b6949ee1,2017-06-15 13:10:12,78.55,17.8
7ac818621c9efe9a8f6ef6d66477fc3a,1,a62e25e09e05e6faf31d90c6ec1aa3d1,634964b17796e64304cadf1ad3050fb7,2018-02-23 10:47:05,108.0,13.64
6ec56173121c5972d0fd631f0f084d93,1,4fe644d766c7566dbc46fb851363cb3b,c31eff8334d6b3047ed34bebd4d62c36,2018-07-24 10:35:15,99.99,23.5
a632507614b292ff5f60b5282ba78df1,1,368c6c730842d78016ad823897a372db,1f50f920176fa81dab994f9023523100,2018-02-05 16:55:54,49.9,28.75
bcca8157ee4f7b0cd2e0505b01764144,1,32b9c3230a57c4312a9419c44a2e45ef,1b1ae47a313a825a7ccceb8e2e30fa9d,2017-11-13 21:51:27,149.9,17.62
13525797d8c75a8c92126b1efe3f1e1a,1,4ef2894feb9fb3f164a68f654f841447,e26901d5ab434ce92fd9b5c256820a4e,2017-08-28 23:06:51,119.9,26.12
79f0fd0747eee58c3980cc9cdb2afbb1,1,173e9fe34bfe97f3a5e6dc57fe897b74,ba143b05f0110f0dc71ad71b4466ce92,2018-05-14 15:50:40,57.89,14.5
1e098529b9705a78dba4c6b24ee2ef35,1,44d097d59e8430f88a67517cd0c4f865,6560211a19b47992c3666cc44a7e94c0,2017-07-28 09:50:14,69.0,7.78
ffc5d47e40567b5f153d5cd17138eb89,1,703d742887bb9267f89b675608ba7aa0,640e21a7d01df7614a3b4923e990d40c,2018-05-24 09:31:06,56.1,14.01
576e5a5f6d1ed0b333acc88bee3b8c25,1,908c23dd2b637d8ff1a4e593a5b249ee,897060da8b9a21f655304d50fd935913,2017-10-30 15:28:12,39.58,11.85
438dad6fa6e9ce3c50e4497b4232c7ce,1,5dbf50af9485478b933f1028e108640d,582d4f8675b945722eda7c0cb61ba4c7,2018-04-25 16:31:47,5.99,19.32
a70e2a7c5779986b66893322855c4932,2,9c16099894e4002d54e17033e06bdbc8,8a8835a43bda99fd37310ad76c457510,2018-08-09 04:05:14,53.99,7.64
4e0db43ba51c0e0ede8c48b094526132,1,43ff57afb3419cc422d1daccbbb877b7,f5a590cf36251cf1162ea35bef76fe84,2018-08-19 21:30:16,895.0,62.6
87889791f729ac3bc040d1633961d826,1,62c89abe1afe3a23c17765d462718a4c,fe2032dab1a61af8794248c8196565c9,2018-08-24 18:30:14,244.0,20.9
92b56c79ee136de9db64ceafdf002f72,1,3a98bcea866c31f53b35a41d3822f908,2138ccb85b11a4ec1e37afbd1c8eda1f,2017-05-12 16:10:22,18.99,16.79
631252ac24a799cf8f1c7823248527d5,1,1fa968aa921dd9cdf625d5caf8f96654,cb3dd9ce66268c7a3ca7241ac70ab58c,2017-07-25 22:05:49,21.99,12.69
8e81e473c93d414e73105233e248347b,1,1f30aacc69904c0d0bf8d05cb2abef72,4a3ca9315b744ce9f8e9374361493884,2018-03-08 18:50:27,135.0,21.44
38e58cdf27a57490e8945bd9f8150e45,1,187e7d92b8168c3661824809d0c5dffb,431af27f296bc6519d890aa5a05fdb11,2017-12-04 16:02:19,119.9,38.39
b7a4a66ce73fd0c32b0e380f5134d977,1,bd6e6fce9ada76ea2db0f1912e8e478f,1835b56ce799e6a4dc4eddc053f04066,2017-10-27 21:35:15,56.99,16.16
41139489fb8433d34419f648aa690815,1,3a7d90845985f39048815a6939c56be4,e9779976487b77c6d4ac45f75ec7afe9,2018-08-14 20:24:41,36.49,8.0
7e3b7b3527cce28aa98702e05fda566e,1,b92268ad64d3947c80fddbc3a82de845,cc5a78bbad32776dc4e3af205218368c,2018-08-14 22:10:21,77.74,45.41
edb87b920c0d70259a62d95cd4922c87,1,24c66f106f642621e524291a895c9032,620c87c171fb2a6dd6e8bb4dec959fc6,2018-07-12 10:31:17,199.9,24.2
7c0b9b2385b65bd8c7aa778a843155e9,1,e85d91619b497e98754390b6198a9818,4b9750c8ad28220fe6702d4ecb7c898f,2018-03-08 08:49:49,134.9,16.7
58ac90861e40974e190198a79144f7d0,1,466d263ce8b7bd275003ee2104428127,ef506c96320abeedfb894c34db06f478,2017-06-07 21:35:09,25.99,14.1
c811577fd6f05e9a1e607f874d37204b,1,0cb255418b89587f063171ca707b85e7,1a932caad4f9d804097d7f8e615baed1,2018-05-22 19:54:26,16.5,18.28
3ba9c7e03e16689f18c77e2f5efd2af4,1,d017a2151d543a9885604dc62a3d9dcc,6560211a19b47992c3666cc44a7e94c0,2017-11-23 15:06:44,49.0,16.79
490f9c9fc86a9e753c5729f7119e84d7,1,625d78433e8cc9aadb5a88b4e45e4a30,5f3ae9136c875522250f8184f253413a,2018-05-10 03:50:28,24.95,18.23
d8aa6831ce562b75f8b1974395f3eb1d,1,50f1880f1989251727fbbfe8c0a346a6,7a67c85e85bb2ce8582c35f2203ad736,2017-07-18 00:45:17,129.99,25.46
bb6098323b5ddb5435b705192fe81ebc,1,7ac0d3f8ac5b60c13d74b02b8cbb4623,f27e33c6d29b5138fa9967bcd445b6d5,2018-02-26 07:27:39,99.9,11.9
714e87e589c74ad0e8ddb6b9c9706abf,1,dd47440cb56de3ab674f9208ff0edc3e,3bdff180c7e1f6551a643b99c265a120,2017-02-17 10:26:59,76.9,20.62
e3e5126cb05e7c16dd2ef864271fa8e6,1,952670bc019a73f0933157ec82ff6e4f,37be5a7c751166fbc5f8ccba4119e043,2017-08-11 02:30:36,205.0,26.27
7f6d16fab3bed015ec202cc66b21283f,1,87a71ae93900ab55fcf685c8040769b3,8b321bb669392f5163d04c59e235e066,2018-04-04 19:55:08,12.9,18.23
57b27ed317a9d0ed3ed31b5a50392b51,1,abff09d5c554ab5e3c1180a55635dca3,3361277dc30b7cccdb0c286b24219756,2018-05-07 03:15:19,113.9,13.92
0f1755872b47fe8564531daeef356987,1,d6a95e3741f817881010aa71433051b5,d91fb3b7d041e83b64a00a3edfb37e4f,2018-04-20 14:11:47,44.1,7.87
a951336e450bb85ef1cd906edbcbb270,4,95320d70592f898880af9c3d5394728c,fdb9095204a334cd8872252ffec6f2db,2017-08-22 11:35:17,220.0,65.03
51e8e9b5d80b938a3268cdffe95a59dc,1,600807028ef02560765e441c161a9da3,de23c3b98a88888289c6f5cc1209054a,2018-03-29 13:09:16,89.9,8.98
eb5f1eb411fccd8696f979bcf81bb92e,1,9e809bfbd8f6387e9bfbccd76087c82e,9c3c24eca51c52b91c1de727d2a2ae06,2017-02-19 16:11:08,48.9,17.78
77e14af3a32e9b3c2eefbf56eac92cc6,1,0b0918a3b5efe0c8ea609a26b14e1bff,ea8482cd71df3c1969d7b9473ff13abc,2017-12-20 14:13:32,24.99,14.1
b7ef6e87085339d9ef7be05148b8ea74,1,0bde5c9ff4a756aed7fe09a8a3bb0dfd,f97e2b0650c2068227e1d366140eb62f,2017-12-22 20:30:53,125.0,53.47
cc0f9e4057df851c6911641bf7ea0459,1,b92a7304ebad1ca5b393b53b2de5c70a,7c67e1448b00f6e969d365cea6b010ab,2017-12-21 19:30:54,139.99,34.34
5b9ec93a929c3ac36c58426030b286c7,1,de8079863f52e090930c58a327e8c8e1,bc2ac6b95e1accce9858528ee566c17e,2018-04-10 18:48:34,105.0,9.09
0f7477abc25a26f58ebc0d00d2a7cde5,1,981f6a96c09b7d28e5c5f2fbb282fcde,259f7b5e6e482c230e5bfaa670b6bb8f,2017-09-25 06:03:29,54.9,11.73
4b084373ddadca63d02071a40596da80,3,226be9996759442f90f73b7d24c6baff,c6a7539d424a8402232c2228d7a03c5e,2017-12-08 16:00:33,40.5,19.84
e7f30a3abdc763c660d1dc442dce909f,1,b840f8eeee0b143a479738d150115753,ef0ace09169ac090589d85746e3e036f,2018-05-10 11:51:42,117.4,15.7
e1ccac2f83d9ae0c22cd16e9573c3f5c,1,b1d207586fca400a2370d50a9ba1da98,1ca7077d890b907f89be8c954a02686a,2018-01-22 18:11:36,149.0,15.79
f988dc242c742c1dfde32b24032b8fb3,1,dd0c5ce67727fde645d9a6c8cdc4970d,f262cbc1c910c83959f849465454ddd3,2018-01-15 07:20:02,29.99,14.1
4942bdcf4479ff8d6885299338758784,1,0bcc3eeca39e1064258aa1e932269894,1f50f920176fa81dab994f9023523100,2017-10-18 16:28:14,59.9,13.44
2d7d78a1457c3765a5ee5dcae46046fd,1,62644f19deb898e43ebdcd29ff3d9361,dd55f1bb788714a40e7954c3be6df745,2017-12-08 09:33:13,243.89,14.05
2026183f154b1d672b4bd513fde144c3,1,9ae64e1163bf254bad20d5155cffb99d,3d871de0142ce09b7081e2b9d1733cb1,2017-05-23 21:45:10,69.9,13.51
4b084373ddadca63d02071a40596da80,2,226be9996759442f90f73b7d24c6baff,c6a7539d424a8402232c2228d7a03c5e,2017-12-08 16:00:33,40.5,19.84
ead4584d779958e7605fe628d3f253f0,1,bce474cc95b6e77657e10939b0b4248c,7d13fca15225358621be4086e1eb0964,2018-06-28 20:17:32,155.0,38.0
67b0f99f4462dd93418ed97b21a6c725,1,6070b7a31286e70e682b07423492f35c,ca3bd7cd9f149df75950150d010fe4a2,2017-10-23 11:56:17,49.87,15.11
5ae5a2d65d23cd2e0d8a1ca9b0c5a3bf,1,a6961c368e99bfa3e39fadf7530d7ea1,1cd9e0cc1839d55516843def5600816d,2018-07-27 11:30:44,99.0,18.49
5f1c8f2e81ded8f245bc3e756524e2f7,1,59526429f5ef2fd355737bd1883f7856,5d0363b33554b373851fc1622e4d5f3c,2018-02-13 16:49:12,79.9,15.31
0540bf9189ef17aab470c4942f760e78,3,44d958961868395bfe852e70d48081f4,1ca7077d890b907f89be8c954a02686a,2018-03-21 22:28:08,45.99,7.39
9d6b1d10fd62d8f52d1ee875b4842c2e,2,53759a2ecddad2bb87a079a1f1519f73,1f50f920176fa81dab994f9023523100,2017-11-27 04:08:30,59.9,8.84
61bc36958b1d61ed45eb66755fcf5722,2,cd9e2444207cd970011fe53c19d72caa,6edacfd9f9074789dad6d62ba7950b9c,2018-03-15 02:35:32,61.9,19.4
6e4a56e7ceec57f1cd7fea6278c4c710,1,d285360f29ac7fd97640bf0baef03de0,2eb70248d66e0e3ef83659f71b244378,2018-05-30 05:16:46,249.9,8.61
6103ae4e3648137cdabab734faf4c19e,1,eaa57ef2c6f400e0ca6fabc628ea1cf0,7d76b645482be4a332374e8223836592,2017-10-03 00:56:14,15.9,15.1
55bf02fa5414e7b29c5b651c33626e9b,1,84952f1f00709e71d58587cb34163e26,4eb61f060e7dcc1d5a80d806c35cc541,2018-08-27 01:04:19,170.0,27.49
882d810d98542e6512788b9a49d6d886,1,16ce899c7af0c99f46948734a0d00f0f,0725b8c0f3f906e58f70cbe76b7c748c,2017-02-12 20:48:57,79.61,13.14
7c83cd570176d1b7e42606920fd81d81,1,74d7448191f6e492834de7fe6dd952c2,620c87c171fb2a6dd6e8bb4dec959fc6,2017-03-02 15:21:51,199.9,43.86
00345f338696283410b7977d2e3efc89,1,0f2fd0a589cb7849c1dbedbd4109c2f8,516e7738bd8f735ac19a010ee5450d8d,2018-08-23 15:11:40,48.9,18.44
f1205199f6295174f518734d954e5da3,2,cca3a8714ce46539155f98fe944189f9,0241d4d5d36f10f80c644447315af0bd,2018-05-22 02:31:17,99.0,23.37
6fbb3d20bfc2d3afdc6478057599ea2c,2,060c17562f97e5bb60bc0dfa4dd5b3f2,9f505651f4a6abe901a56cdc21508025,2018-08-28 02:35:20,24.99,18.28
b4e517beb22f957e76469c4b7eed9f8b,1,b9a96cfeeea8e470af6d87627be50e10,1f1bb1f0859883505541bdd6606193e5,2017-12-19 14:57:02,699.99,25.7
ed9ffbb3fee532270f819cae7e6a87eb,1,e5e0c45564bc74a85e8e51968fdefa8d,5d0363b33554b373851fc1622e4d5f3c,2018-07-06 10:50:13,62.0,17.75
1fce50c1831b6809773e5020edc716e2,1,cce794ab6b84d0345332bb1910f9eb20,165b1235e9e9942cb5fae67103576fb0,2018-07-31 20:05:09,21.7,14.46
dc5f1b52c9effb2ca43d8ddbae249f10,1,5411e9269501a870cabf632f05655131,3d871de0142ce09b7081e2b9d1733cb1,2017-12-15 08:31:22,129.0,13.92
46a354ecffd29742e985db9b49cae302,1,e5215437680ffc2cfdb0ce9088870176,cc3d14116804f7209f3884f6367f1152,2018-02-09 12:55:42,29.9,14.1
34c109afdbe68c271dced774877af8f3,1,be837f2e0152a208d4386f4126d5bd7c,f8db351d8c4c4c22c6835c19a46f01b0,2017-06-05 14:45:26,32.9,15.1
6fbb3d20bfc2d3afdc6478057599ea2c,1,060c17562f97e5bb60bc0dfa4dd5b3f2,9f505651f4a6abe901a56cdc21508025,2018-08-28 02:35:20,24.99,18.28
777f517b51cac586a9532d1d8b596c10,1,f8328e9125f089a968fc6b36116c4bb9,0ef83d7d83ed97cd2a0049ac8be5f88a,2018-03-02 18:50:48,129.46,14.66
fcfb5461769cc63d4c83cc3dd5c2ec55,1,22cae88a3d0dfb90553827c761728e55,729b2d09b2a0bdab221076327f13d050,2018-08-07 10:55:10,64.9,18.55
5c2b36b8e747abcc27f2d9ab379ed334,1,8155728af949f234b666bf60ed257e6a,7ad32824caee82087b3e2e5f33b1bf32,2018-07-18 18:55:21,79.0,19.74
4c2bda2a65cf17bca1d9c00daa0f8790,1,1871f846d88e6b0632e1058b61d35964,8b28d096634035667e8263d57ba3368c,2018-04-04 16:32:11,39.9,12.79
c11b5924ad0d8c5d5d391d87178f00a8,1,553e0e7590d3116a072507a3635d2877,1c129092bf23f28a5930387c980c0dfc,2018-03-22 12:47:35,47.9,13.71
259db3e83679426c2af73687a8c579d4,1,63c91bb26c656cd5fe0d2ca82b632c84,530ec6109d11eaaf87999465c6afee01,2018-05-22 12:56:23,79.9,27.29
9cef7eef349dd605b870fce05c57765f,1,5a848e4ab52fd5445cdc07aab1c40e48,c826c40d7b19f62a09e2d7c5e7295ee2,2018-03-28 02:51:03,122.99,18.74
dacd45999c3175778f90426dc0dfbebc,1,461f43be3bdf8844e65b62d9ac2c7a5a,b33e7c55446eabf8fe1a42d037ac7d6d,2017-11-21 02:46:14,146.0,15.77
26844c5a3b10d4ae5366ac6bfc55680a,1,4d1fb0907c636601ecacb4df887e1f84,3be634553519fb6536a03e1358e9fdc7,2018-03-15 13:28:40,28.0,12.79
12a408b60b694ab095783ea92af18e1d,1,389d119b48cf3043d311335e499d9c6b,1f50f920176fa81dab994f9023523100,2017-11-30 13:55:50,49.0,17.67
7f33b2f7072ae341ce1f0f20a6d9e9ab,1,f1c7f353075ce59d8a6f3cf58f419c9c,37be5a7c751166fbc5f8ccba4119e043,2017-08-20 22:24:01,200.0,15.01
8791e495e7f1b8d77696f42ff295d945,1,f4a9b2ee7355882bd41e1bf5126cf56a,e5a3438891c0bfdb9394643f95273d8e,2018-03-08 22:55:39,20.3,15.1
430e183eafa732301b3ecab620951c06,1,19c1803db50dac42632a5ba9dd89bdd6,e067ad2c1c0b48758eb1b5228bcf7a68,2018-01-18 10:29:46,61.9,16.19
c1a3c19dff6500babf78f097560b3107,1,92f699740f5a71846565fa8a6f0bbcf4,213b25e6f54661939f11710a6fddb871,2018-06-28 15:19:22,119.85,23.64
bdf132cfee5c1e0674b5b27eaf076f71,1,f5a9be6a5b9fbbd35e67c6883914c1ab,17e34d8224d27a541263c4c64b11a56b,2017-11-29 23:12:46,131.35,13.94
057e5b8975ad03882989369de7b803ff,1,863c8ced004542495e1025bb14124580,3d871de0142ce09b7081e2b9d1733cb1,2017-09-25 03:37:42,69.0,13.5
d9f046249ca6beb35e2d00f2eecece56,1,f9b178c9fdc90bbcfbd6c6b49ed47d4c,1025f0e2d44d7041d6cf58b6550e0bfa,2018-07-27 12:25:14,70.0,32.63
4fe4120d5ff847b658ad80188256cb99,1,99a4788cb24856965c36a24e339b6058,4a3ca9315b744ce9f8e9374361493884,2017-05-05 01:15:14,89.9,11.24
cd8676507ccbfc96f9e0908910b9e0bb,3,eb8c629f70275fd1c4f809116cce1efc,1025f0e2d44d7041d6cf58b6550e0bfa,2017-12-08 04:39:21,38.4,16.11
5be92ef6cf4a42ece07ad8bc3c00c70b,1,2b4662eb979b4254e70b334e76ba0470,c33847515fa6305ce6feb1e818569f13,2018-06-27 03:17:52,129.0,21.72
9dd9eb1d7c035198b06f1775e0711a59,1,3af6d5f9fdb78f106c003ce49d7f0186,42b729f859728f5079499127a9c2ef37,2018-07-10 16:50:17,32.9,7.49
7b636347d9f87d9b9a48755fd8495709,1,c8ff3d9fa791c9b40a3c54a5da2394f2,835f0f7810c76831d6c7d24c7a646d4d,2017-11-30 11:54:58,239.9,15.28
81194be55fc90582cc03fab5c592f817,1,71e2b3f30ba90c0eeaf3d43ec349ca8c,b2c97074649f92197d9387d9033dda5f,2018-05-16 15:30:45,50.0,19.32
36e4e23cd12bdb0504acb89751e85bc8,1,d3a745c19c13090b4114427d782f6c52,5d76d80a2f5f39c891b996a1bf4c9853,2018-08-01 09:15:15,235.9,52.37
6b11abc0295e397afb43aecade82621a,1,428f4b96ba9f630e761b333673039ae6,3ade81dab5a172b88e1871c28ae05260,2018-05-15 04:15:14,169.0,48.04
4aebd0c56cd8ca001a245fef3279e6bd,1,c0293bb52f87cea29cbf4cfa3fa873bc,1900267e848ceeba8fa32d80c1a5f5a8,2018-03-22 20:47:52,69.0,18.36
3004f445a284f236acf5d61bf2756364,1,51b67230668746c1fe164ca744db9624,12b9676b00f60f3b700e83af21824c0e,2017-12-26 04:09:03,149.0,10.26
3ba290d869362a67994eede4e78130f0,1,617186c3d97ea56c9c683a8a3974e8c1,cc419e0650a3c5ba77189a1882b7556a,2017-10-10 00:49:19,84.99,17.87
e1247131e29e9f01c5ba3db262a4cd25,1,b19f489c6dd8b47c1e9ecd9e3f2d8bb9,1b8356dabde1d35e17cef975c3f82730,2017-06-15 08:45:18,74.99,16.77
283b742fe68780cce8df4470d11ac981,1,fa23bf270fb9880690b07d09b9f9ff20,1b8356dabde1d35e17cef975c3f82730,2017-08-18 09:45:13,59.99,17.99
029f7a5aabaadfcdfe8c0eddb59a1069,1,0a4093a4af429dc0a9334300e5c13ae5,da8622b14eb17ae2831f4ac5b9dab84a,2018-03-09 16:29:19,29.9,8.27
4c6f9679175cfb7119be763dd898c8a1,1,217cb0f28c6def3c3be057a952d78189,5cf13accae3222c70a9cac40818ae839,2018-05-03 03:51:36,89.9,19.6
03f3b08f9da8df7604b68b2fd5999e9a,1,68bf2e76db1d8e846042e54da87399ca,1a3df491d1c4f1589fc2b934ada68bf2,2017-10-04 20:56:20,85.9,21.09
d1c0be9650d4276bd67e6f8cd3af248b,1,8a443635fdf9759915c9be5be2e3b862,da8622b14eb17ae2831f4ac5b9dab84a,2018-02-08 15:55:33,109.9,19.56
637be788712bee0367ea76b1d2b4e702,1,467df52fbb75382062d23bcb4e995d67,3d871de0142ce09b7081e2b9d1733cb1,2017-09-12 16:25:40,69.0,13.5
f071b368fba027eb94d3880678104d50,1,39678bc6ddb608fa59c306b78f51efe8,8b321bb669392f5163d04c59e235e066,2018-03-06 16:31:21,12.9,15.1
5b74abebfd5bc1d137d7ade71c5cfd36,1,ad19bca6e0f1919433d7e21d534ddb50,527801b552d0077ffd170872eb49683b,2018-09-03 20:35:18,44.9,13.89
3d6de6859857d943fc208268b533c0a9,1,e9ceb9123d3103b7ad293c168dd3a547,5f06030071324cc52bf0304014ac7234,2017-09-04 18:30:18,195.99,19.26
31209eb386cfc93a1aeacf7d2da74f86,1,7c197490eb450e4ef0453e2ac0af9f30,9c0e69c7bf2619675bbadf47b43f655a,2018-02-25 22:55:31,221.5,17.31
665c70dad359d52a11ec77814605ab19,1,50e1b118f266b655f613f753914c42db,1835b56ce799e6a4dc4eddc053f04066,2018-05-11 17:56:53,39.99,19.32
d06632a45bfed8725d59741e45820839,1,655110abedc57d73d3b2150d8ba2092a,8160255418d5aaa7dbdc9f4c64ebda44,2018-05-23 15:55:29,109.9,14.86
d568698e0ce60cca292f739e9a60e8d0,1,3eeb044943cac759fe3dcce5d222f12f,0adac9fbd9a2b63cccaac4f8756c1ca8,2017-11-09 09:06:04,168.0,43.59
3f06b341424a7ec67dd957609ee3cba6,1,355c91ffac499557d65c0821237b6350,e5a3438891c0bfdb9394643f95273d8e,2018-03-29 18:47:57,20.3,18.23
5471d26176ed00eac0441e43fe12ce01,1,2345a354a6f2033609bbf62bf5be9ef6,ef506c96320abeedfb894c34db06f478,2017-04-06 11:42:47,31.99,14.11
c02f1c85742b8acbc1c02a8d7e6d71dd,1,ea44caac707f7f1325182a538007f838,855668e0971d4dfd7bef1b6a4133b41b,2018-03-13 22:35:35,52.0,17.94
f9738bd11e7b55e079a85fd057acf232,1,656e0eca68dcecf6a31b8ececfabe3e8,00fc707aaaad2d31347cf883cd2dfe10,2018-02-16 04:33:56,87.0,12.74
75e3a145a842715ed463a3a4ca34e489,1,08834f7365a6bc07d7049b7f4e95f8e8,4bfc7a4a1cf8d4d2121c27422d9e50b5,2018-08-20 23:25:28,139.0,25.32
86430d523480a84b621ef0c347f56ff2,1,f7740e5b4337a3cc4a8a204553101a85,04308b1ee57b6625f47df1d56f00eedf,2018-08-15 13:04:31,527.9,21.8
1da43de9c3856e95d783cf969181e42a,1,c4baedd846ed09b85f78a781b522f126,a1043bafd471dff536d0c462352beb48,2018-02-13 03:10:06,120.0,45.3
cf6ed66599cd48144b174a41097963eb,1,4f969a12cc8cb60a5cce67cc3fc305cd,6c1b6d0c604b776f844125f911eb7377,2017-02-21 08:55:56,147.37,9.4
a1bbc50582a23583fb463282d7807e6a,1,9fc0c73ce4d0eaaead44e81eeefebeb0,c3867b4666c7d76867627c2f7fb22e21,2017-10-09 08:56:30,68.0,11.98
7cb5fd41ca3412b19772e1cbfd716952,1,a646939770b864f77ca0e16b99a8f526,c37b2059d4f90d4feead554e5246565e,2017-12-08 16:06:16,54.0,14.13
567cc2038bd5fc2994630f15ba392df9,1,ddceb6eef6af67e9fbbd4c148dbe5fd9,ceaec5548eefc6e23e6607c5435102e7,2018-04-17 22:10:18,215.0,13.41
a0fbae87b2c4f96a56e39ea7df0c1fd1,2,a4bca9d23228eeaf4e0169cb1a45aa62,4e922959ae960d389249c378d1c939f5,2017-05-10 12:35:47,69.0,17.91
38f4de107b2ebaed574ce9233ad3f261,1,5e98bf1c0b10e3178f1278030034c1fb,ed4acab38528488b65a9a9c603ff024a,2018-01-25 19:37:14,148.99,14.79
13b825fdc28948500cfc7a03eb975fbc,1,e9f4a2b16f44a27e454037659cceb20f,b4ffb71f0cb1b1c3d63fad021ecf93e1,2018-02-22 10:30:22,31.0,11.85
bb44d0c37f5fcc456bbaefd9aef6adb8,3,1dc7685f4fdb9622d84ae2ec658d5bbf,897060da8b9a21f655304d50fd935913,2017-11-24 19:09:26,199.0,15.06
69f5eed47613a9d3cd0ae94d398cdd4e,1,7b07e5afce1bb1e6fa3ffcdc718d7e69,70a12e78e608ac31179aea7f8422044b,2017-07-20 10:50:22,39.95,15.1
bdb92d2b88b1514aebc54ba49ed0c20d,1,0bbf093ffaa05565b79b64ee97f917cb,7c67e1448b00f6e969d365cea6b010ab,2018-03-23 03:49:28,146.99,21.07
5dbbced030c8556f919a3b392a589b7e,1,d1ca56960d19af6d4eccf7fa11ec6fca,8a207b6080964f3c1fc9d35bd6096ba4,2017-11-09 11:15:27,83.9,18.48
9526afac09af0c00e87b74eb7290b6ec,1,498297b9721ee352dc65a4df65688433,ff82e8873fba613f2261a9acc896fd84,2017-12-12 12:51:30,14.9,16.11
4832ff0402c0e07fcf802721babe2b05,1,196b3e3000c77b282069397fb84686dc,ff69aa92bb6b1bf9b8b7a51c2ed9cf8b,2018-05-07 09:15:20,1099.0,102.55
cc44fca1bc5f1313d254769c6e3d12db,1,66b5f91356d928ae807ab4ee547f5e3e,f45122a9ab94eb4f3f8953578bc0c560,2017-08-07 17:05:19,42.99,15.1
4cbc1adfd77a6cac701ee1f06cbfe633,1,31a2f42a87890f87d77daebdfabc182e,4c03b9dd4c11ee2cb35c96c49efc9420,2017-07-17 19:25:19,149.0,14.06
f40ef9a47f9670b54b9e350f354795a2,1,dc363002c653f0cdc77f9d0be45fa103,55c26bcb609f480eb7868594245febb5,2018-04-26 15:30:43,84.9,18.47
db5a41f8a08f620920c7c413e91a4438,1,1fe1f9dca96414bdc282cddb276db70e,3df020b72d3d44b3af9d110fa3940b65,2017-10-23 04:25:08,49.9,16.79
4213bf7933d48cf3705fd44b4e4c8ce3,1,90948d9a060616a06ed14846f7f1749c,dbd66278cbfe1aa1000f90a217ca4695,2018-03-01 17:47:31,154.0,20.57
4185621f3aaf889fde42176d1f902b20,1,73de36575bce72868bbbc2ec727aaf43,973f21788dfab357250f69a8dcb7ddee,2018-05-11 17:56:27,6.0,22.93
c5f9505b4bf9db0433b371002f7be6ff,1,c5736c891e81c20ebc49de62980c1136,5f2684dab12e59f83bef73ae57724e45,2017-04-27 18:10:16,119.9,11.45
cc5a504c7761122bceafca452e63c2de,1,ad6cb6097e3d27661b789a84ec7cc9aa,048c2757535328e0d7dac690ad3c0aae,2017-09-21 12:24:23,157.9,29.51
024602a52e3c89ca5f963affcd2bedad,1,1613b819ab5dae53aead2dbb4ebdb378,16090f2ca825584b5a147ab24aa30c86,2018-07-10 20:30:50,27.9,18.3
10034668f0d3ab9832769f2f14e190fc,1,8215db96a612d69839c27866feabf350,c794dab4928dd97beb41d05514441e86,2018-01-16 23:19:27,33.8,7.78
9a43b717c408493ff788aeb5d11d0684,1,99a4788cb24856965c36a24e339b6058,4a3ca9315b744ce9f8e9374361493884,2017-11-08 20:45:09,89.9,16.26
90de07e389ed6cd973ae93d5b36f159c,1,84003eefe52bb4112252409a24ae3a73,17e34d8224d27a541263c4c64b11a56b,2017-11-24 18:14:29,145.3,21.51
fdf6635fc014c7f771754eefe24ff684,1,d4959e4f53f19c94abec965e966c7ca9,ac51cac5e20d69ff485a54746488ef48,2018-01-18 19:09:18,319.0,28.77
67268ca1e8a89d4c08b6517a4de13994,1,7ca5f56188492e30c50ba64de188aae7,d2374cbcbb3ca4ab1086534108cc3ab7,2018-04-13 17:09:37,17.9,12.79
6c2df403c867a6aa913b387d92999d43,1,4298b7e67dc399c200662b569563a2b2,88460e8ebdecbfecb5f9601833981930,2018-03-09 15:09:58,149.9,13.18
1ee8f299315c112e3442b232cb9c6f3c,1,afdb06ebeca917512783bcbaa8ed28c0,112453736dbe3889cfb74e1aaa0ba0c1,2018-08-13 19:24:56,135.0,23.75
16fdf4a442f237c6092adf2a86443dc9,2,b0961721fd839e9982420e807758a2a6,1f50f920176fa81dab994f9023523100,2017-08-03 20:15:12,59.9,13.44
7da5789072aa14cff7a42564283c6254,1,06ef4c984af8c13ff17e30f46d97b489,9f505651f4a6abe901a56cdc21508025,2018-03-14 04:15:26,44.99,15.23
6e57a0a9be49f002ca81bd94ec9b7021,1,73c0537a6f1d148275c69a114b2d8bf3,16090f2ca825584b5a147ab24aa30c86,2018-05-09 03:52:54,159.49,7.98
4ddbc8366d7b18e042a35f6b4b5481e9,1,d129a973e3b21bd2f01b9c25d930d2e8,fa1c13f2614d7b5c4749cbc52fecda94,2018-06-26 13:30:37,149.8,16.15
7c33b548f0fee23cb4a8afe1f1333ee8,1,372645c7439f9661fbbacfd129aa92ec,da8622b14eb17ae2831f4ac5b9dab84a,2017-07-31 14:05:29,119.9,18.09
46216bad82195f8dec79cfde98c57acd,1,54d9ac713e253fa1fae9c8003b011c2a,955fee9216a65b617aa5c0531780ce60,2018-01-23 14:52:28,29.5,19.84
15e0c6109167c1c2789e0bc78ddaa70a,1,2873da054c3a30189c5aac7b87d3b6e9,42fa4ee7240e9b8eb4576358ec142ba7,2018-05-18 20:10:02,185.0,19.81
255ad076f0ef8eeeaf912d66df4c2a1c,1,a44d4702562f2bdae04d6f3d144fde5c,1838dd9b8977065acf51d95e0053ea7a,2017-09-25 13:51:35,139.9,45.66
39b07544f44827ecfb759a3544ccab72,2,de533fe5b9448ea9792195806938dbf5,1025f0e2d44d7041d6cf58b6550e0bfa,2018-08-08 02:55:14,196.8,13.68
9d6b1d10fd62d8f52d1ee875b4842c2e,1,53759a2ecddad2bb87a079a1f1519f73,1f50f920176fa81dab994f9023523100,2017-11-27 04:08:30,59.9,8.84
21c71f62d2554e1ad6c8ba9dc7af2c62,1,43423cdffde7fda63d0414ed38c11a73,b1fc4f64df5a0e8b6913ab38803c57a9,2017-12-29 04:51:23,59.99,14.17
75d1b089800a77f3c4b653e297632423,1,a35a9f46dcee0a67c8c7ad8493eb4135,85d9eb9ddc5d00ca9336a2219c97bb13,2018-08-27 11:44:06,24.9,16.36
f05099a928d90c394963b1f0d8360149,2,cfb133b7458336455fa60b97ac3aaba9,3d871de0142ce09b7081e2b9d1733cb1,2017-08-22 02:45:10,35.0,16.41
d7c88b34559c799b7170fb42a1222ab7,4,422879e10f46682990de24d770e7f83d,1f50f920176fa81dab994f9023523100,2018-05-09 04:30:36,53.9,0.0
e5da8f29d47b6f0f3ef8ab33a013a0b3,1,9bc7d25a36d620cf449cfdebe3de132f,01fdefa7697d26ad920e9e0346d4bd1b,2017-11-27 23:06:22,57.99,16.17
3c6956bf8f0e149d42761d50bf2ccb84,1,879089af9bd91cf72a7154b3be3e1074,8d956fec2e4337affcb520f56fd8cbfd,2018-06-28 05:31:10,41.99,7.55
9f3bb89658a46c809fdd407e86914f94,1,c73628b1c3144b2e0c9c88072f21a213,3f995f07c49d0d55a99d5c54957f7d81,2017-06-15 02:55:21,99.0,15.45
76a34d13a444dc9e514d59482291ba07,2,0ed9a84687fad2d921b09b0ebcc4cded,17f51e7198701186712e53a39c564617,2018-01-03 19:21:37,680.0,85.25
377ed239c64b69ab76ed4d18bdf76958,1,52e07ce385c39e2c591f040dea409c23,55d3daac7c404d59e51c2aa2f4dc5a23,2017-08-17 16:35:18,89.9,25.14
142c8688b5b13e21ac5a448a1688b9d7,1,3dacb3ae011b40803a508b23392e15a0,41c9d3997dd3c072c31139dc5bb5761f,2017-02-01 12:31:05,299.9,27.6
8bd34a173d34d6aa86d5e4a0627f7b97,1,5b99889bdbfc34220f194bf33f4e94bc,59cd88080b93f3c18508673122d26169,2017-08-01 16:15:25,35.5,11.85
85d142633f7411ccb6c6af60c196b8c5,1,ce8a29973a1fed3f8d22ea5514d9ea07,8b321bb669392f5163d04c59e235e066,2018-07-06 08:31:34,18.9,15.23
01ebb9ed879d6fa1da4857ed617972ab,1,be837f2e0152a208d4386f4126d5bd7c,f8db351d8c4c4c22c6835c19a46f01b0,2017-05-05 02:43:03,32.9,10.96
acf06644cacca76ec575d6e2b7ca9c1d,1,8c0c3a8ad1d1896e7d9d66921a4b66ab,46dc3b2cc0980fb8ec44634e21d2718e,2017-05-05 12:04:03,249.99,10.12
7700cd588241bdd7614416812683d789,1,ff8f6ec909e03ac8d9f6d82a10031c0c,bf100ecb7997df312b285358fb32f92c,2017-03-09 03:50:37,99.9,14.47
fe1466a3d7546b7ae29bcd953b472339,1,b6ae00a2c239c532a6e622262e49bb55,d3dcf0604eabf0224fbd5948b5e02f69,2018-04-06 08:29:02,149.9,19.74
3fbd798d7e8c262456edce32abaee496,1,165f86fe8b799a708a20ee4ba125c289,7ddcbb64b5bc1ef36ca8c151f6ec77df,2017-12-11 16:56:33,166.99,23.49
ad87f982d1ef40d7a0bc339828e35616,1,211d04c14dd756f5e4dec38c19187fdb,c33847515fa6305ce6feb1e818569f13,2018-07-26 19:45:14,89.77,62.88
4b0ad428488cc1b132333a293f9c1370,1,f731f8587d4088c174397e010cf892a9,cc419e0650a3c5ba77189a1882b7556a,2017-08-08 13:50:25,56.99,15.15
e4223b96432f4984fc69390438d80861,1,a611d42645c444a6c8a20c3d4f058482,7d76b645482be4a332374e8223836592,2017-10-09 10:24:18,18.9,15.1
d208c0e6c8b9829a4ede83ff0caa36cb,1,f95d9369ebf76f811194c72bd22ff244,c31eff8334d6b3047ed34bebd4d62c36,2018-05-25 13:55:12,139.0,13.77
71dab1155600756af6de79de92e712e3,3,90b58782fdd04cb829667fcc41fb65f5,7c67e1448b00f6e969d365cea6b010ab,2018-02-15 19:11:08,179.99,76.5
e81a8cb665767198e8d2e17dcd39af87,1,6c712952b8ef62f8d06a0314917400c8,620c87c171fb2a6dd6e8bb4dec959fc6,2017-11-21 03:47:09,79.9,15.31
a98012aa8c697f2bcff9f8c2183e0f2b,5,643a66b1dc5dad3de6cb5a41549e72f1,cb6c9f5888a7a090c75beaf615925792,2018-05-17 23:11:49,29.95,7.84
69a8b09c27431364c37629468a6e156a,1,5e2ba75ad255ff60b1c76c5bf526ae9b,f84a00e60c73a49e7e851c9bdca3a5bb,2017-04-10 06:02:37,69.9,14.66
f7059c86772ca15e9640e43be7c31fb1,2,1276de9d6e6200f71cfb172a76abf703,ead2bab70821ea148476ae9bc08548ac,2017-10-11 03:07:19,19.9,1.28
2213bee227bfb36c66ea52bfb3bc233a,1,7e33f4a1c59f89da30a335b2dc2de187,582d4f8675b945722eda7c0cb61ba4c7,2018-04-23 05:51:13,27.99,18.23
b8585b755e4a6d296c78133909d74022,1,62d8daeee0db3a60c234c2d1bfd10651,d2374cbcbb3ca4ab1086534108cc3ab7,2017-09-05 08:44:22,24.9,11.85
58654344ef4d9b4aefb2ee36618d9751,1,5115d8cd6438c0c4d8abdf38d5d41ebd,6560211a19b47992c3666cc44a7e94c0,2017-10-17 12:07:48,69.0,15.16
e439c4c76d0ddcee47707e6353dc21af,1,b95ce147ff20af1909bd69a2901e39b2,5c243662ce92d84573bfaff24c3e3700,2017-06-15 02:15:14,209.99,18.04
1b767ee7dada9fcf77567007fb90c2a8,2,e3d080fd5b3ce383ec62cf67d4cb8238,8b2492b7ff4468839593fafeed55bad9,2018-03-26 13:09:46,190.23,16.21
02d8a3fffa425e73385cc7f7a6518fbe,1,12fc9ab82dd45f3824881d94f79edb38,116ccb1a1604bc88e4d234a8c23f33de,2018-05-04 12:35:13,14.0,7.39
f05099a928d90c394963b1f0d8360149,4,cfb133b7458336455fa60b97ac3aaba9,3d871de0142ce09b7081e2b9d1733cb1,2017-08-22 02:45:10,35.0,16.41
ca98afe572ee9754ef0cd28c6b97758a,1,eba7488e1c67729f045ab43fac426f2e,620c87c171fb2a6dd6e8bb4dec959fc6,2017-03-27 01:35:08,198.9,21.84
33eef7fdc8d66d56aec3a027f087f8bc,1,15de022edf1005363381e66bed514528,537eb890efff034a88679788b647c564,2018-06-28 05:12:55,18.9,17.31
fc9d6087c02b8f60e1a365a3b6ae786e,1,abd7f7a1bd327a8f1f363abfc0f87391,efcd8d2104f1a05d028af7bad20d974b,2018-01-18 02:37:59,39.99,11.85
9ea29024f36561184f0253cccb1b3fc7,1,af827351cc8287dd464466e8793046b0,ebd2d60905fb58271facef5596b620d3,2017-06-05 14:50:27,66.9,19.71
1ba88b07e29193945dafa8c04f4ea642,1,7e6c4a0bf900e259f50ba63331fd2785,6560211a19b47992c3666cc44a7e94c0,2017-09-21 02:26:04,65.0,15.2
0435b65bfd0a1cd1c48a82f5b405ea78,1,6a23c2eb9acc78f8ec403be9c6210dd4,7c67e1448b00f6e969d365cea6b010ab,2017-07-28 13:45:17,119.94,34.2
beef13df9e204c44aef29545324a9606,1,6109d0cae3bcb57d579bc0fab6e61814,dbc22125167c298ef99da25668e1011f,2018-05-02 21:11:29,79.99,27.29
52907fff3c74ab7c7275c83de3d7ad17,1,d339b523c298009f15d242a3a99392c7,3d8fa2f5b647373c8620330c4e077a9f,2018-07-05 16:11:41,69.99,19.68
7416fee595e25348b79a5d82a55c725d,1,e3e6af2b9a779d64b3589a5b56102d16,5343d0649eca2a983820bfe93fc4d17e,2018-03-23 11:55:32,39.0,8.88
9f7b07e872a431807e81c38d6328502a,1,4a85b07765a341b846c963da0381db96,516e7738bd8f735ac19a010ee5450d8d,2018-06-18 07:37:09,213.0,19.07
