order_id,customer_id,order_status,order_purchase_timestamp,order_approved_at,order_delivered_carrier_date,order_delivered_customer_date,order_estimated_delivery_date
001427c0ec99cf8af737bd88e92fd444,eab9c552374be06ed15923016dc9e588,delivered,2018-04-07 18:51:22,2018-04-07 19:08:28,2018-04-09 23:29:32,2018-04-25 23:38:41,2018-05-10 00:00:00
0017afd5076e074a48f1f1a4c7bac9c5,8085a9af46f619bc25966f151a362b0d,delivered,2017-04-06 22:16:10,2017-04-06 22:25:19,2017-04-17 13:54:37,2017-05-23 08:32:07,2017-05-19 00:00:00
00254baeb6c932b0a8aeead91fbd02b5,ce0421a97232c2a1194cdb66cd3ebb9d,delivered,2018-05-08 21:45:54,2018-05-08 22:14:46,2018-05-09 13:51:00,2018-05-30 19:38:36,2018-06-05 00:00:00
0029f17cf0e7640c5cb6825af681303f,687223424c00a708c168301ebb8d16ef,delivered,2018-05-02 11:59:06,2018-05-02 12:14:52,2018-05-03 12:12:00,2018-05-10 23:42:18,2018-05-22 00:00:00
00345f338696283410b7977d2e3efc89,3f9d223f86d2f243dd5a85fdc286c62a,delivered,2018-08-20 11:06:46,2018-08-20 15:12:10,2018-08-21 13:18:00,2018-08-30 21:13:48,2018-09-11 00:00:00
00404fa7a687c8c44ca69d42695aae73,0c34c39c897304ff49eeade3059c4c60,delivered,2018-05-07 22:38:21,2018-05-09 04:31:28,2018-05-10 18:29:00,2018-05-18 19:04:11,2018-05-24 00:00:00
0068fb0e223115e911d362627e8b8800,f0bc088c671f31458f73cc1a6a347842,delivered,2018-07-18 10:46:09,2018-07-19 02:50:11,2018-07-19 12:50:00,2018-07-25 21:04:16,2018-08-15 00:00:00
007beb35f98c075747e6fc4fd1c0cb73,e5c49220ea97eddff8b1fbb594913a43,delivered,2017-09-23 08:32:53,2017-09-23 08:50:17,2017-09-26 16:43:03,2017-10-04 15:32:47,2017-10-20 00:00:00
00df27e666004db9f14bce766fa5327c,2f9fe192fe03e0b19bbe3ff35f3100c5,delivered,2017-11-18 11:44:56,2017-11-18 11:55:31,2017-11-20 22:16:49,2017-11-23 21:09:13,2017-12-07 00:00:00
010d15deea8cae96ae86ea8097917a17,bfab01097454f7cf7d2ba80d7af6125f,delivered,2018-04-05 15:04:05,2018-04-05 15:15:25,2018-04-10 19:12:18,2018-04-17 18:41:01,2018-05-07 00:00:00
016f868b096c236312e8bcb818ccd11d,1dd56893d8735089534b232e039b831c,delivered,2018-01-27 19:24:57,2018-01-27 19:33:22,2018-01-29 17:51:39,2018-02-01 21:50:59,2018-02-14 00:00:00
0191bbb5166d4b9a68df11797d5acfa9,62b59a64eb786a96516229b7f3612c72,delivered,2017-08-10 12:17:35,2017-08-10 12:30:15,2017-08-15 19:26:45,2017-08-24 18:15:16,2017-09-08 00:00:00
01b2dd042de98a15b6a9a141bf71c344,6b635dc10f8b7e1032cc13ff619f52c9,delivered,2018-03-11 17:17:41,2018-03-12 17:10:45,2018-03-13 23:26:46,2018-03-16 17:21:35,2018-03-28 00:00:00
01c1f3c10d2641a10cfd97ffaac0b3f5,fd8a9ce7e554b0a3b083521837d0f7c0,delivered,2017-11-28 22:08:43,2017-11-28 22:18:02,2017-12-05 23:22:02,2017-12-14 19:04:51,2017-12-29 00:00:00
01c998b70e420ec36563386a4b71c6bc,598f0ad85bfe5c15f18b219ad41a2167,delivered,2018-01-23 13:47:46,2018-01-23 13:57:28,2018-01-29 19:04:09,2018-02-14 22:51:23,2018-02-20 00:00:00
01eaa000fe5c9f80f535c3d0cad25a47,a43434ddd74de3fb686800674a4f1af6,delivered,2018-08-15 15:29:13,2018-08-15 20:34:35,2018-08-16 16:39:00,2018-08-17 20:02:52,2018-08-28 00:00:00
01ebb9ed879d6fa1da4857ed617972ab,65c931a66a152fc0769247ad03785247,delivered,2017-04-27 18:48:44,2017-04-29 02:43:03,2017-05-02 09:34:37,2017-05-12 17:24:43,2017-05-25 00:00:00
024602a52e3c89ca5f963affcd2bedad,33e9f4b9cf16be89234b0eac5a37173c,delivered,2018-07-06 20:07:20,2018-07-06 20:31:04,2018-07-10 15:27:00,2018-07-16 14:52:37,2018-07-30 00:00:00
02875e2e1d01d7a1533215fb97510b06,9f64e91e123214007c18425d4a0be8db,delivered,2017-08-25 11:16:05,2017-08-26 02:24:28,2017-08-29 19:06:13,2017-08-30 14:04:26,2017-09-08 00:00:00
029f7a5aabaadfcdfe8c0eddb59a1069,745fc498c9bb2df2194e737485a1afa9,delivered,2018-03-05 16:08:35,2018-03-05 16:29:19,2018-03-07 20:33:05,2018-03-08 12:32:08,2018-03-15 00:00:00
02a001cb5f40b1fee4f0375c89cce463,f6268d33d76b777b9a9c8a2c7c781214,delivered,2018-04-14 08:49:33,2018-04-17 05:55:47,2018-04-17 18:33:42,2018-04-25 18:37:24,2018-05-09 00:00:00
02b7cbd604df10c09427902dc682b0d3,656c63b20f75ccd37b33455ec589dc4f,delivered,2018-03-03 17:46:08,2018-03-06 03:51:07,2018-03-07 00:32:28,2018-03-11 18:48:31,2018-03-15 00:00:00
02d50facee2072550ae5a8ef3dc2e10f,739ee0b3c55d7509cbf93ba4275199fb,delivered,2018-01-13 23:58:01,2018-01-14 00:10:43,2018-01-17 19:16:43,2018-01-19 21:36:42,2018-02-02 00:00:00
02d8a3fffa425e73385cc7f7a6518fbe,6104cde8d419deae69db335b70f5bf12,delivered,2018-04-27 12:20:35,2018-04-27 12:35:13,2018-04-27 14:53:00,2018-05-02 23:22:29,2018-05-10 00:00:00
030c7ec55b04c23a239cd70bd9750e18,693183c6c2250fb4f5114820f86791a0,delivered,2017-05-15 21:29:38,2017-05-15 21:42:56,2017-05-18 05:34:54,2017-05-23 17:51:47,2017-06-02 00:00:00
032bc75236a1cbaf410bb596a509e774,a0ba6852184c70cbee04bed3909bf011,delivered,2017-01-20 22:18:06,2017-01-20 22:25:17,2017-01-23 09:03:46,2017-01-30 18:35:00,2017-02-16 00:00:00
035c06c36cc8685238297b6af0c280f3,d64904edfd79d4934b8b06ce77c1164d,delivered,2018-03-21 22:54:06,2018-03-22 02:55:37,2018-03-26 23:08:46,2018-03-28 17:38:59,2018-04-04 00:00:00
03c16ffcf7b8792fa870d8cd7abc4b7f,87976cbdc669a9bb8ebf166b3c2175b6,delivered,2018-04-25 14:57:23,2018-04-25 15:12:17,2018-04-26 17:02:00,2018-04-27 21:12:40,2018-05-04 00:00:00
03cfff56e65677083384243927b9915f,13e4f3eb0b0869583f720c992376bf08,delivered,2017-02-10 20:21:46,2017-02-11 20:25:17,2017-02-13 15:27:56,2017-02-21 17:38:55,2017-03-13 00:00:00
03d11bececb87dec8b11f5bd6fa62472,d67b2efa31becbe2013bb1991eaf65cf,delivered,2018-07-13 08:23:59,2018-07-13 08:44:07,2018-07-16 08:57:00,2018-07-24 15:58:42,2018-08-03 00:00:00
03e4b19921428d651853f2935176e951,245330e667436609ed3e8ead1554eaf2,delivered,2018-01-14 13:37:42,2018-01-14 13:49:23,2018-01-17 20:37:57,2018-01-22 19:22:01,2018-02-05 00:00:00
03f3b08f9da8df7604b68b2fd5999e9a,a7bae4e3c00ecd65443abee9eacf6614,shipped,2017-09-26 20:42:08,2017-09-26 20:56:20,2017-09-28 14:36:01,,2017-10-24 00:00:00
04130ed2567c23daa988cca5f1860430,e4447a5ba83bd803a92ff42706b70816,delivered,2017-11-11 14:47:40,2017-11-14 03:35:22,2017-11-16 13:48:38,2017-11-20 19:32:27,2017-11-27 00:00:00
0435b65bfd0a1cd1c48a82f5b405ea78,625784c6aad212dc7d249ea10e276617,delivered,2017-07-18 13:32:25,2017-07-18 13:45:17,2017-07-26 17:59:36,2017-08-01 20:34:47,2017-08-15 00:00:00
0468a84e6df93886189d80fce46bbfee,f3084e580643e82bf08226815a75608b,delivered,2017-03-20 20:21:14,2017-03-20 20:21:14,2017-03-22 08:24:17,2017-04-05 09:48:08,2017-04-24 00:00:00
0494d7ef89583fcaf33a1cea4bcfeec2,533d844e0a43ffa5f3b7d6dbe40ebbc5,delivered,2017-08-21 19:05:01,2017-08-23 02:47:48,2017-08-24 16:11:31,2017-09-05 23:40:23,2017-10-05 00:00:00
04aecd02392f7ec523e0e3f208d7e890,1b3a5726a67f0222890dc9c922f19809,delivered,2018-04-04 16:37:52,2018-04-04 16:49:52,2018-04-05 20:07:42,2018-04-10 18:44:30,2018-04-16 00:00:00
04f87887045aa20403546af3facb8ad1,30fb3c74c4654ace204011068c8cf1cb,delivered,2018-07-20 16:19:47,2018-07-20 16:35:17,2018-07-24 14:35:00,2018-08-01 18:48:26,2018-08-15 00:00:00
05302619b1bff6733f64a97851af68cd,e3f62212035039c920a8409127b09a41,delivered,2018-01-21 14:04:33,2018-01-23 03:36:53,2018-01-24 23:12:41,2018-02-07 21:27:04,2018-02-14 00:00:00
0539642c2ba6dfd6c8ca8dbdb16d85d4,5577986e87a01d8f0d0055fb5229b436,delivered,2018-02-23 15:19:52,2018-02-23 15:35:21,2018-02-26 23:38:00,2018-02-28 15:38:58,2018-03-15 00:00:00
0540bf9189ef17aab470c4942f760e78,6e65c443e6d67127d9b1f0d14be75617,delivered,2018-03-16 22:04:37,2018-03-16 22:28:08,2018-03-22 11:54:26,2018-03-25 16:02:08,2018-03-28 00:00:00
05529f3e7ed5cd4214281f2bf60e89d6,a9b2a6199654f4da4425e9c820bc57e2,delivered,2018-08-01 17:34:06,2018-08-01 18:20:05,2018-08-03 14:30:00,2018-08-17 00:14:35,2018-08-27 00:00:00
0562a20526fecdaa1eb5019bc3920cd9,658061770ce63adfd6a8e86ce54837b4,delivered,2017-03-21 21:06:11,2017-03-26 23:32:32,2017-03-30 13:45:00,2017-04-03 14:48:12,2017-04-07 00:00:00
057c9f435d8e14fda9a72b7bbf8b381d,92ad887388f84f3df2ba6b2249cecc3a,delivered,2018-04-24 23:52:11,2018-04-25 00:11:29,2018-04-27 14:47:00,2018-05-02 15:09:05,2018-05-21 00:00:00
057e5b8975ad03882989369de7b803ff,a21eb72bd9dbd460dadf15c4e43664eb,delivered,2017-09-15 00:46:01,2017-09-19 03:50:35,2017-09-19 19:33:20,2017-09-22 14:52:15,2017-10-03 00:00:00
0580802ab0d4809dc16b4c9002c01a27,624dd44e174c96c79397a7f030f08e8d,delivered,2018-01-15 17:27:31,2018-01-15 17:36:23,2018-01-17 16:36:54,2018-01-27 15:19:52,2018-02-20 00:00:00
059fd94aa8716f14743caff2f433be05,09c5713746fdfa37f1ca6a92242da406,delivered,2018-02-24 14:59:06,2018-02-25 14:50:45,2018-02-26 17:27:53,2018-03-12 14:27:35,2018-03-21 00:00:00
05c882a9c704a528bfbaa15fd8805d43,4cd82bbc6e8b838a998e3049fe862493,delivered,2018-01-12 18:30:01,2018-01-12 18:37:24,2018-01-16 22:41:54,2018-01-29 19:41:12,2018-02-07 00:00:00
05ebeda0c1aefd787e0ddc914af75039,c440fc4fd60fd9083395f183aada6d4c,delivered,2018-08-14 10:07:51,2018-08-14 10:24:42,2018-08-16 13:14:00,2018-08-22 17:09:05,2018-08-31 00:00:00
05ec9565bccc292561dec1d33bfefdfa,928194af995122dd13f29b05cedc6a68,delivered,2018-08-05 11:15:46,2018-08-05 11:30:16,2018-08-07 10:34:00,2018-08-10 19:12:12,2018-08-15 00:00:00
05f54a9f4abf370b7c655d914159ab98,f3f93e06f8036714b1cd0fccdf2d059f,delivered,2018-04-01 22:38:07,2018-04-01 23:27:28,2018-04-04 19:36:42,2018-04-10 11:52:54,2018-04-19 00:00:00
061bf20146d98ef4698d0324dc4392db,f5b2fb69ba5496f0d6ca030ffebb5281,delivered,2018-05-16 14:36:43,2018-05-16 15:17:52,2018-05-17 11:43:00,2018-05-21 13:38:38,2018-06-06 00:00:00
061cafafafb36839a8ee7cf19ab807c6,a85c4ce1598da0a210287d8af78326f8,delivered,2018-03-14 07:03:01,2018-03-15 03:10:51,2018-03-21 21:32:18,2018-03-23 00:57:01,2018-04-10 00:00:00
06aa0aa8c22027ebb953d501c4238512,dd22f1d0142d9698c0848674e843525c,delivered,2018-04-25 19:43:19,2018-04-25 20:31:06,2018-04-26 14:39:00,2018-04-27 17:37:28,2018-05-11 00:00:00
06d68cf3fe78e8d27c1047fe0346abc4,3e089f738aef695bac3734a9bce1ed20,delivered,2017-07-19 14:48:00,2017-07-20 02:23:59,2017-07-21 21:51:38,2017-07-25 00:49:46,2017-08-04 00:00:00
07159640598ab46b708279254ec3be0f,907578100e52cfb751d235d0930227f7,delivered,2018-06-26 08:06:50,2018-06-26 08:18:47,2018-06-26 12:48:00,2018-06-27 13:31:45,2018-07-11 00:00:00
073df773abf715c8e62c999668a9cc49,b9d095a7a09c65f3d87e79d02da2afad,delivered,2018-01-14 19:55:00,2018-01-14 20:09:18,2018-01-16 20:37:04,2018-01-25 14:48:12,2018-02-07 00:00:00
0749bdde40245b5fb3b375dadfd4ebe3,9425138786a500f53870c673b2000da1,delivered,2018-02-20 21:32:10,2018-02-20 22:07:59,2018-02-23 16:46:35,2018-03-07 19:42:26,2018-03-15 00:00:00
0778b810e2b38affa71607aa32043365,40007efc8eba921655b88ab47d309e4b,delivered,2017-11-24 08:51:18,2017-11-24 09:50:42,2017-11-28 21:28:52,2017-12-20 14:52:25,2017-12-20 00:00:00
082c30f193b1a499078fafbfa3a2d6a7,1b9b09dd0c719b512590f46d37e8cc97,delivered,2017-11-13 20:10:29,2017-11-13 20:27:42,2017-11-16 16:28:41,2017-11-27 17:25:10,2017-12-14 00:00:00
0858c9b11272c041d6de2fdcdbc392f1,ef183189c0523a0c16c6d32c5e73ef62,delivered,2017-04-08 19:28:28,2017-04-08 19:42:23,2017-04-11 09:02:19,2017-04-17 14:51:41,2017-05-02 00:00:00
08b4c8a8808af1f771bd9602e193f9b6,d0e8197510c87f449b4fd4291ac5f87b,delivered,2018-01-10 14:04:29,2018-01-10 14:12:23,2018-01-17 00:03:03,2018-01-24 12:43:10,2018-02-05 00:00:00
08e8db59cdb3cd620eda092781cf84ad,61d9f7ce8890eb093b0246f89c1c896d,delivered,2017-11-24 20:35:14,2017-11-24 23:34:07,2017-12-01 16:09:12,2017-12-11 18:37:42,2017-12-18 00:00:00
08eef0ee40e395cb547563fc31ab1bd7,25bd5231b15435eeeacc0ead2fe31ca7,delivered,2017-11-25 02:00:46,2017-11-25 04:14:32,2017-11-27 20:11:35,2017-12-19 19:48:41,2017-12-20 00:00:00
0916594b6973230f69379f83d3bac036,0e63a54cb887ce4ed340ebf5e8cececa,delivered,2017-05-21 19:07:46,2017-05-21 19:15:26,2017-05-22 12:11:33,2017-05-30 09:38:32,2017-06-13 00:00:00
092fe64219d11b6fdc1bf61521c9685a,33cedf79a1dab3f5dcb6a35891f86643,delivered,2017-08-14 12:18:40,2017-08-15 03:50:26,2017-08-15 18:56:29,2017-08-16 16:54:41,2017-08-25 00:00:00
0937ee5de4e9482b7503bae26f9d243f,3d4c473f325542281c88efce5ae91375,delivered,2018-08-23 08:47:54,2018-08-23 09:04:43,2018-08-23 14:10:00,2018-08-30 00:56:19,2018-09-20 00:00:00
0997090fe6882d45c6a71660aaffaba2,c0ee2597fcfedfe7a39872e74ca75f73,delivered,2018-02-25 22:56:11,2018-02-25 23:08:02,2018-02-27 16:17:09,2018-03-12 22:34:28,2018-03-20 00:00:00
09bb35a3939c3181b4a5619cb3918976,b84438b09aa33a6e08673fe173f9796f,delivered,2017-11-26 03:42:06,2017-11-26 03:51:10,2017-11-29 19:56:49,2017-12-11 23:13:13,2017-12-28 00:00:00
0a15572811e0bc23e2963de1cdf344f0,a0a88da4a6858c8d7cc650bbd21949e8,delivered,2018-04-19 10:59:31,2018-04-19 11:36:50,2018-04-19 21:36:40,2018-05-04 20:04:01,2018-05-23 00:00:00
0a1f877f7653fce5563de42726f033ca,485ae36cb82a351de4f4c2a099ff3606,delivered,2018-05-12 18:24:44,2018-05-12 18:36:09,2018-05-14 13:01:00,2018-05-25 21:55:49,2018-06-05 00:00:00
0a70fd0f23f627d0cc1ea16cb4169393,beb806638e70abe17fbbe9678baa019b,delivered,2017-08-25 14:51:58,2017-08-25 15:05:38,2017-08-28 23:34:49,2017-09-06 22:39:44,2017-09-29 00:00:00
0a9fc736e210f495e2023d3a9e10319a,b7af91e583caf05ac071ad39e1d86700,delivered,2017-11-27 18:39:50,2017-11-27 19:12:02,2017-11-29 23:29:12,2017-12-05 16:49:49,2017-12-14 00:00:00
0b17b204a1785111272edfadb2aa9e94,0db0eb41bc86fb464a6e175e06304992,delivered,2018-08-01 21:33:30,2018-08-01 22:04:00,2018-08-03 10:03:00,2018-08-08 13:04:42,2018-08-23 00:00:00
0b277c8a59b6fac83b512d46a575c8cc,b4a9fb5e9e2eff09bfc2bc3dc69957a8,delivered,2017-06-07 21:41:00,2017-06-08 21:50:12,2017-06-14 10:14:01,2017-06-19 20:50:30,2017-07-04 00:00:00
0b3d6a94ff1d643af663f55ca8418520,9abc3d571a784146d4f60c6a45ca1cee,delivered,2017-12-14 08:27:10,2017-12-14 08:35:29,2017-12-15 20:16:48,2018-01-05 16:09:20,2018-01-12 00:00:00
0b5588f04551d90ee148462bb65dfddf,48c6a2ca13657875d84b5c3b2271fdba,delivered,2018-07-18 00:08:34,2018-07-18 00:21:44,2018-07-23 13:18:00,2018-08-03 14:54:50,2018-08-09 00:00:00
0ba555009a855c3f87f818f23b4ccdbd,4b7395d051260eca36885f07f32b5f73,delivered,2018-05-07 14:42:12,2018-05-07 16:35:25,2018-05-11 13:50:00,2018-05-16 15:43:32,2018-05-30 00:00:00
0baaa859b7ff0b4d1f674a1d5c3049f3,397923ee893a17a79703c3d8cff22911,delivered,2018-05-31 21:25:00,2018-05-31 21:52:34,2018-06-01 12:50:00,2018-06-11 13:21:40,2018-07-13 00:00:00
0baad26e1a67410a85b2b38558dade2f,12f00aefcd1d137844bb0b139527ffc5,delivered,2017-05-16 17:33:46,2017-05-16 17:45:12,2017-05-19 16:27:29,2017-05-27 05:22:14,2017-06-16 00:00:00
0bb77e62d791c3e5b009815ac19825be,2185bf3ec325c64b51adea2ab19aa708,delivered,2018-05-14 14:28:23,2018-05-14 14:51:04,2018-05-18 15:12:00,2018-05-23 16:22:28,2018-05-30 00:00:00
0bbbb66c440b6ff7b34420eb273868ae,fc5e4bfe03533eeea603a12179af3388,delivered,2018-04-06 10:42:06,2018-04-06 10:55:10,2018-04-10 16:07:34,2018-04-21 01:18:20,2018-05-04 00:00:00
0bc97d91a9a3a1923234614958556071,725cb0062f2215d2f731bef5957d1faf,delivered,2017-09-30 16:14:28,2017-09-30 16:28:15,2017-10-04 16:55:14,2017-10-25 20:42:48,2017-11-22 00:00:00
0bd6f6cbd1aa613a762bcc714ffcadd5,a2201a196851d833c88b932614aa23a1,delivered,2017-08-01 22:24:02,2017-08-01 22:45:06,2017-08-03 16:13:43,2017-08-10 01:13:36,2017-08-23 00:00:00
0c17d2ca8fea3e6d807410a0c0c44746,19ea9736303135c25774f03b93f1050c,delivered,2017-11-29 15:48:38,2017-11-29 17:30:52,2017-11-30 15:27:11,2018-01-07 18:29:22,2017-12-28 00:00:00
0c4d07bcd65a6ce95cbe8e8e228a98cf,30d6a066b7e76c8fd66610d4b36e891d,delivered,2017-02-06 12:15:34,2017-02-07 03:50:12,2017-03-15 10:07:50,2017-03-23 05:17:36,2017-03-03 00:00:00
0c734449f0a8246894a537f0d4355dc8,6e36e65ac8a2d6648fe31c13aa4e7b42,delivered,2018-06-14 02:20:11,2018-06-14 02:57:34,2018-06-15 16:38:00,2018-06-29 15:18:49,2018-07-27 00:00:00
0d0b7c65e71700ed5fe8ae8d2baac37b,ca1acfe5e122fab31e4609bbfd711b67,delivered,2018-02-04 22:14:40,2018-02-05 22:10:33,2018-02-06 21:45:47,2018-02-19 23:43:42,2018-03-07 00:00:00
0d17115bd61c612a87f11a25e904f8fc,4c058862806089b00d7b8abfefafdca8,delivered,2018-07-18 16:56:28,2018-07-18 17:05:19,2018-07-30 10:46:00,2018-08-06 14:58:25,2018-08-07 00:00:00
0d760576500ea8611379a97ddcebf3db,f7f4c88bd5093db7e3fc7baad3cd8deb,shipped,2017-09-16 12:30:24,2017-09-19 03:44:09,2017-09-20 16:09:20,,2017-10-04 00:00:00
0d8ac7eb8e52447e022b8e4a30ff6394,60eb53d519b8d5613ed602528bbf133d,delivered,2018-04-23 09:48:25,2018-04-24 18:38:54,2018-04-24 22:22:36,2018-05-02 15:29:23,2018-05-22 00:00:00
0dcfff35f1d2e0fb46301c92143663f9,a75f323cd574822489845798a046a6ce,delivered,2018-08-10 15:42:56,2018-08-10 16:04:46,2018-08-11 09:12:00,2018-08-17 19:46:54,2018-08-29 00:00:00
0dd10699d5b56b4bfc60c02e8ac6533e,1d02dd4bbdb7060d7a4936dddd20d492,delivered,2017-10-15 17:40:59,2017-10-17 03:49:21,2017-10-17 19:19:32,2017-10-18 20:41:50,2017-10-26 00:00:00
0dd96ab2fca2927658c83b7e2e954ec9,b2f66716339acf3fd29df8cb5ad63158,delivered,2017-07-09 01:55:26,2017-07-09 02:05:22,2017-07-10 12:47:55,2017-07-22 13:24:37,2017-08-01 00:00:00
0df040f84e5295f7894177ffe53850b8,42b174e403eafb280aa18324cf21ca5e,delivered,2017-02-05 23:05:28,2017-02-05 23:15:11,2017-02-08 11:05:19,2017-02-14 17:05:24,2017-03-15 00:00:00
0e09e160c7532013444616096bc75f89,c90789e9dd14b036d46efe4a4b830f75,invoiced,2018-04-18 17:12:24,2018-04-18 17:58:16,,,2018-05-04 00:00:00
0e19aa2216bf89063fdd8849774aea19,ea1bd589cf74abf3eb075a399bad0b95,delivered,2017-12-04 15:28:18,2017-12-05 04:13:59,2017-12-06 20:15:00,2017-12-12 23:47:07,2017-12-28 00:00:00
0e4b26f1fb99fc0f0472dd5f403d36d4,2e96fa6d55b9732013caed9866e2552d,delivered,2017-11-05 16:17:53,2017-11-05 16:30:29,2017-11-07 18:35:08,2017-11-08 16:08:56,2017-11-17 00:00:00
0e5f77f8bef9424afd3d6e904e873275,a85e4012b0c95176be53ec2d87b133d3,delivered,2018-05-01 21:36:42,2018-05-01 21:51:41,2018-05-03 15:12:00,2018-05-10 14:45:35,2018-05-23 00:00:00
0e849e380bc578c72e6e7273210c74af,e2521351e6aa5ab0d7ed5cd7f7880014,delivered,2017-04-29 21:13:50,2017-05-03 15:42:26,2017-05-04 14:14:49,2017-05-23 12:13:36,2017-06-13 00:00:00
0ea1fd1eeeb46df9770ac9d07e1e71e6,7e819d9576db510d58fb2df67b84a8d5,delivered,2018-03-30 16:32:37,2018-04-03 05:49:09,2018-04-04 17:19:17,2018-04-09 15:58:43,2018-04-12 00:00:00
0ec73995908cf00519d1da725119d114,399cb3db1d7a4c442e4833b5f57a4429,delivered,2018-03-13 21:56:58,2018-03-13 22:40:30,2018-03-20 18:42:32,2018-03-26 16:17:01,2018-04-06 00:00:00
0edefae02733735c88d242ce6b781802,d3ab89d9a1a9f356e6da0f519d0bf68e,delivered,2018-05-26 09:29:26,2018-05-26 09:50:01,2018-05-28 14:08:00,2018-06-06 20:46:44,2018-06-28 00:00:00
0ee7b1f086c44cbf2dc1efbdaa69bc19,5b89802df153a87a24a6f52d70b239fa,delivered,2018-02-05 04:38:08,2018-02-05 04:50:21,2018-02-05 19:37:37,2018-02-21 22:29:08,2018-03-05 00:00:00
0f1755872b47fe8564531daeef356987,0ae2c954e68238f2a8f8ff8b24766bc7,delivered,2018-04-16 12:46:09,2018-04-16 14:11:47,2018-04-17 14:34:30,2018-04-20 15:48:50,2018-04-26 00:00:00
0f2bbeda958833e5a67ceb4368f282fe,00da48d824214ffba48ab43f5b1d29a0,delivered,2018-04-29 09:43:34,2018-04-29 10:09:28,2018-05-09 13:49:00,2018-05-14 18:58:37,2018-05-23 00:00:00
0f3f49e2316b72f49e23fea6ffaa2371,f5785e549589eeb67c8b89fd0702e09b,delivered,2018-05-12 18:07:23,2018-05-12 18:35:55,2018-05-15 15:34:00,2018-05-17 09:09:24,2018-05-24 00:00:00
0f7477abc25a26f58ebc0d00d2a7cde5,f22f55c1afef276c1c7ae29219972692,delivered,2017-09-19 05:51:12,2017-09-19 06:03:29,2017-09-19 13:32:40,2017-09-20 13:52:26,2017-09-29 00:00:00
0f750136a7458e323a95eb451e1d47cc,dd5ccf4e1213506430d89b556e2b9d3b,delivered,2018-02-24 15:50:36,2018-02-24 16:05:27,2018-02-26 21:13:34,2018-04-03 21:08:38,2018-03-21 00:00:00
0f7a031ff7235289c8ce7270cac7c4ec,489d6e5705b34ec43cbe7cc16344a45d,delivered,2018-02-21 08:54:02,2018-02-23 02:10:46,2018-02-28 21:23:36,2018-04-11 20:43:24,2018-03-16 00:00:00
0f7f3fcd5523d759e8e17084e45439d5,7e96ebdd045e73e50de71b8d1360b092,delivered,2017-07-20 19:24:24,2017-07-22 02:23:54,2017-07-25 19:36:34,2017-09-19 13:38:13,2017-08-23 00:00:00
0f8e3095c3090d9cad1011fb6368b7e3,53f6dc92ef4059ea6cd863b0f69f0923,delivered,2017-08-06 11:41:22,2017-08-06 11:55:16,2017-08-07 18:47:36,2017-08-11 19:07:56,2017-09-13 00:00:00
0f9751081b734220a998be212c391523,28a204eb0f0f081ece6295f4ce42a1cf,delivered,2017-09-27 13:54:38,2017-09-27 14:07:13,2017-10-04 12:52:54,2017-10-11 20:45:52,2017-11-07 00:00:00
0fa1fab1d7c1211c824596ed5e111e3c,7f3bd6c94d2daf7b6462d1a894a775b4,delivered,2018-03-13 21:48:57,2018-03-13 22:40:28,2018-03-14 19:27:23,2018-04-05 19:59:49,2018-04-02 00:00:00
0ffaba549f161074760e4d3802fe8641,413632dd561a196650dfc76f1157889e,delivered,2018-05-09 15:24:34,2018-05-09 15:51:25,2018-05-10 14:28:00,2018-05-21 19:36:44,2018-05-28 00:00:00
10034668f0d3ab9832769f2f14e190fc,0f2aee532022e9dc46401a1007e7ad9d,delivered,2018-01-10 23:07:44,2018-01-10 23:19:27,2018-01-11 17:46:42,2018-01-18 10:17:43,2018-01-24 00:00:00
101280a25cfcd2e133000129f24d17d7,47fc3081baaa11c5938977e8a051b342,delivered,2018-02-26 16:43:25,2018-02-28 09:56:35,2018-03-02 11:17:27,2018-03-13 21:33:02,2018-03-21 00:00:00
103d9703fa0f4778189330f41abcbb55,8fdc97e55c060142e1ad8fbf97755403,shipped,2017-06-19 21:20:18,2017-06-21 02:23:40,2017-06-26 08:25:46,,2017-07-11 00:00:00
1073c39f7b5d5091bb6dfd342d1f4be0,0fe5a97d856c6e12e88270cd49d08b2a,delivered,2018-03-04 20:58:36,2018-03-04 21:11:00,2018-03-07 22:17:43,2018-03-22 19:52:40,2018-04-10 00:00:00
1086086dc8f1556f2238eb1d973e3ac7,550200ca7a0ed2fd23b951edf86a884c,delivered,2018-01-02 21:28:51,2018-01-03 18:14:23,2018-01-09 18:19:22,2018-01-10 13:54:34,2018-01-18 00:00:00
108db8c088de8e42c648bc520cec8c44,fb9c7ae634a98d4905c50cb15fa8382e,delivered,2017-10-02 17:00:43,2017-10-03 12:07:28,2017-10-04 21:14:30,2017-10-16 18:42:00,2017-10-25 00:00:00
108f58a6439933a88e7950ee7b46ec11,13bbb5ef6f8db9469c6bbc69d9542872,delivered,2018-05-10 09:39:51,2018-05-10 09:52:11,2018-05-10 15:13:00,2018-05-16 20:27:02,2018-06-04 00:00:00
10ae81c09f8af0de80d11ebb50e272ec,4498e0fa4951df931bc990d233493cf1,delivered,2018-04-08 23:05:31,2018-04-09 08:30:22,2018-04-10 17:03:09,2018-04-21 16:21:40,2018-05-02 00:00:00
10d68bf5b2b29ed413ad7b19c7c601de,9a6e18e7ee795e46395603eb78abf0a8,delivered,2018-08-20 16:50:24,2018-08-20 17:10:39,2018-08-27 13:25:00,2018-08-28 21:33:03,2018-08-27 00:00:00
110f6ca5866b291c8689e08bebf7f8f8,96fd06edf4a19ef74e5316052553b842,delivered,2018-02-14 11:43:52,2018-02-14 11:55:28,2018-02-16 18:53:21,2018-03-13 20:44:41,2018-03-07 00:00:00
11112c53dc1c411e991ae06fafeef392,e50e1d62ee7e61dc8bc6fc13a772acb0,delivered,2018-06-25 21:19:06,2018-06-27 08:11:31,2018-06-28 14:54:00,2018-07-04 14:52:38,2018-07-20 00:00:00
1116eef143ff0ec32867729b83df8530,79d2e12ed1aad80999c0e06020a54959,delivered,2018-01-18 21:57:16,2018-01-18 22:09:59,2018-01-19 22:12:42,2018-02-17 00:58:43,2018-02-20 00:00:00
112a61419198a7ce9f0a908898e8507c,dad5e5f178c09543d12acb58bbf2f82a,delivered,2018-04-05 11:13:05,2018-04-05 17:09:50,2018-04-11 23:33:01,2018-04-13 23:41:40,2018-04-24 00:00:00
1167028eaef4a4e52b2ac530aa8beb9f,42f395e1f35d1a041bafea4dd0875e08,delivered,2017-12-15 11:17:17,2017-12-15 11:32:25,2017-12-20 12:58:10,2018-01-09 23:43:48,2018-01-16 00:00:00
11720c3352cc89c305e6211b13e73084,607351e2b45eca84823f158f10387775,delivered,2018-04-05 15:57:22,2018-04-05 16:10:57,2018-04-07 01:26:27,2018-04-12 18:49:44,2018-04-24 00:00:00
117a6f28c5cf04526b4869a9291c9d61,2874527f6c9f016402218377542a778d,delivered,2018-07-26 12:10:27,2018-07-27 09:05:13,2018-07-30 11:55:00,2018-08-03 18:59:02,2018-08-09 00:00:00
1182df110fbf0a14dfb08dd06c560836,18c577b56738bbba9d9f464eca7dd287,delivered,2017-03-11 21:26:56,2017-03-11 21:26:56,2017-03-13 14:54:54,2017-03-27 13:33:14,2017-04-17 00:00:00
11921adcbd013757ba6f287c03929bb4,2ac7740a46d83856d2c51372f27c1d03,delivered,2018-04-27 01:41:23,2018-04-27 01:55:18,2018-04-28 07:58:00,2018-05-10 20:22:25,2018-05-25 00:00:00
119875f10276db041c92209d8e71826c,c39ecfa4a990491a861ff5cbe6b80ec2,delivered,2017-11-21 14:26:37,2017-11-21 15:32:11,2017-11-22 21:48:32,2017-11-28 21:49:47,2017-12-11 00:00:00
119be2d35bae88654dc45922a1ea3830,a376b08483daafb5a7c16988d7123cc0,delivered,2017-04-01 09:04:09,2017-04-01 09:15:10,2017-04-04 10:45:49,2017-04-07 17:37:06,2017-04-28 00:00:00
11d6810af0b0d8982e3d67b4dae4374a,cb51b2fbaabd9799feab4820422b270a,delivered,2017-04-04 16:33:35,2017-04-04 16:45:21,2017-04-05 10:41:27,2017-04-10 10:43:43,2017-05-05 00:00:00
126e645df0c526ccbc4b5561c91feb56,b5653ab4c41ba71e717a95be08dc31dd,delivered,2017-08-25 14:53:14,2017-08-26 15:04:21,2017-08-28 18:16:30,2017-08-31 19:53:07,2017-09-19 00:00:00
12a408b60b694ab095783ea92af18e1d,33b04ed3a65920372c212f95cb9fa5ca,delivered,2017-11-24 13:58:39,2017-11-26 13:55:50,2017-11-28 20:37:09,2017-12-11 21:27:12,2017-12-19 00:00:00
12c52aeb1dba3fcbef2e36accacca1e4,0218de8038240591323aa1f89630a1e8,delivered,2018-02-13 15:19:02,2018-02-13 15:30:25,2018-02-14 21:04:25,2018-02-22 15:52:15,2018-03-08 00:00:00
1309fc445b40a153a53e94b46d2accb1,7ff79b567b62a506babf7a70718e0609,delivered,2018-02-23 13:39:24,2018-02-23 13:50:38,2018-03-01 23:17:11,2018-04-02 22:32:25,2018-03-19 00:00:00
133a123493a55f389917093bd41fb184,d35a891df4b2a8cca3a334a3435ecaa5,delivered,2018-08-23 13:23:25,2018-08-23 13:35:20,2018-08-24 12:56:00,2018-08-29 21:33:48,2018-08-28 00:00:00
13525797d8c75a8c92126b1efe3f1e1a,2ece872ba55850fa34315a05b358ef65,delivered,2017-08-22 22:30:55,2017-08-23 00:32:32,2017-08-23 14:44:02,2017-08-31 20:07:56,2017-09-26 00:00:00
13b825fdc28948500cfc7a03eb975fbc,669b06cabc9d39c1bcc52e6889e1318d,delivered,2018-02-13 11:05:56,2018-02-13 11:30:22,2018-02-15 01:28:57,2018-02-21 20:09:22,2018-03-12 00:00:00
13d3f4e508a98d94177dcdb34a8469c3,74df87b2ebcb43ec7e67d677a3a88a8b,delivered,2017-12-22 13:56:34,2017-12-27 04:12:35,2017-12-28 21:29:48,2017-12-29 16:15:55,2018-01-12 00:00:00
13fc19d5bc2bd52fce8baeb3f31e5dd6,734c83d2485aef612fdcd2a43908c326,delivered,2018-07-19 16:50:34,2018-07-19 17:03:58,2018-07-24 12:42:00,2018-07-27 13:21:34,2018-08-20 00:00:00
142c8688b5b13e21ac5a448a1688b9d7,96c6d161a734e063fba237c7d58f75d6,delivered,2017-01-27 12:31:05,2017-01-27 14:31:16,2017-02-13 06:38:34,2017-02-23 07:34:18,2017-02-27 00:00:00
1446f87ab63443ca948c7faa3d7ef194,eb01d4ef6bd5691607289b7f83bbfd7e,delivered,2017-11-08 15:13:33,2017-11-08 15:26:56,2017-11-09 18:41:49,2017-11-14 23:18:56,2017-12-05 00:00:00
146b5dee10d8a77d71b6e9341fe0a154,6e9bb38cd7ee75a5b41591bae25ed17d,delivered,2018-05-13 18:33:08,2018-05-13 18:53:53,2018-05-14 13:34:00,2018-06-02 01:03:57,2018-06-07 00:00:00
149a156d90f9d0f82f554fba2f4a9cb0,0ea1ae45d45f7ee83bb2d6eb0c1fd03c,delivered,2017-08-15 14:31:33,2017-08-17 03:05:47,2017-08-18 18:30:00,2017-08-29 17:46:47,2017-09-11 00:00:00
149bca3daf097d7695389efb9b491653,2af13ca2d0e14a998266edf6afa7291d,delivered,2018-08-20 03:59:40,2018-08-20 14:11:03,2018-08-20 15:12:00,2018-08-30 16:40:36,2018-08-23 00:00:00
14d296847a335160b30c1e6afe4d011b,239237f358786f3f58304735a5ce87c0,delivered,2018-08-17 17:26:08,2018-08-17 17:35:15,2018-08-22 14:35:00,2018-08-28 19:34:22,2018-09-04 00:00:00
14f38e83e237f237348b97dd9f228d40,5f8529d3f9d41718127f8ed44d471c6e,delivered,2018-01-31 09:49:33,2018-01-31 14:10:58,2018-01-31 22:53:22,2018-02-16 22:18:58,2018-02-16 00:00:00
150195a0ae1d6d4d5727ff6054fa709e,878843e6fda7bb5ae20940875a5e7548,delivered,2018-06-29 15:33:41,2018-06-29 15:50:48,2018-07-05 14:21:00,2018-07-10 21:36:22,2018-07-31 00:00:00
151dd2f1d99d17f6c210997e09d67506,9b44dad6f8b4374f3635844250e12cc5,delivered,2018-02-10 23:02:06,2018-02-11 00:15:27,2018-02-15 21:33:10,2018-02-25 11:52:38,2018-03-07 00:00:00
15208e51dd3f6ccdf33a94148faea052,681f23b304c48adf5e555dbc0650d7e7,delivered,2017-12-23 01:11:38,2017-12-23 01:50:48,2017-12-27 17:22:01,2017-12-29 01:56:05,2018-01-15 00:00:00
1525ae17b338cdbe83eafba4135425d8,41d7e81f19a029d8c0b56f7898398b2a,delivered,2018-07-17 13:21:24,2018-07-18 08:35:15,2018-07-18 13:44:00,2018-07-25 14:38:30,2018-08-08 00:00:00
15820c28eeafa10a575899c57bba6cf9,bebae093f4094a228504a731abe54904,delivered,2018-02-26 18:51:50,2018-02-26 19:08:57,2018-02-28 00:55:10,2018-03-10 16:37:36,2018-03-26 00:00:00
1586faea8b5e622028bb4d1e296d5b2d,6a7226012081a4b8e11a39c4e09b64f2,delivered,2017-02-15 18:16:38,2017-02-15 18:25:20,2017-02-17 14:22:11,2017-02-23 14:43:00,2017-03-20 00:00:00
158a05ea7d6a7268559ca2f97476ee0a,50132e9321ecf2c2c284e87fdedf1f72,delivered,2017-09-14 10:30:22,2017-09-14 10:45:10,2017-09-14 23:49:52,2017-09-25 21:22:25,2017-10-02 00:00:00
15a1cd1da2bcaccc711512ecb5701c5d,6fc99700f57ca48100655dc291a083ea,delivered,2018-03-27 05:53:39,2018-03-29 03:10:25,2018-04-03 20:58:25,2018-04-09 20:51:15,2018-04-20 00:00:00
15c0a0d5bd5e9c58f17414d100104093,e72be6eccbec3edc6e5dc148a9794efc,delivered,2018-03-01 10:55:06,2018-03-02 02:15:35,2018-03-03 00:49:22,2018-03-21 20:58:45,2018-03-26 00:00:00
15c4eca9bee7274388666b826430cb30,0f0954bf97e454075ed89d562f01d8dd,delivered,2018-05-07 11:34:38,2018-05-07 18:09:51,2018-05-11 05:21:00,2018-05-18 22:22:36,2018-06-12 00:00:00
15c8bb2579fbbb27773fefddd07e4111,c0b0345daa29cda97fb17ff43c77af31,delivered,2017-09-19 13:19:18,2017-09-19 13:35:18,2017-09-21 15:55:04,2017-10-05 19:17:53,2017-10-16 00:00:00
15c8f741c0b7deafafea8af0f7bb6852,5fad1aa86a421b1f437e75c419d9c5e8,delivered,2018-04-02 21:44:47,2018-04-02 22:09:41,2018-04-04 21:47:39,2018-04-09 21:44:47,2018-04-23 00:00:00
15e0c6109167c1c2789e0bc78ddaa70a,45d1da7decf573a4b607172ed4b1435e,delivered,2018-05-14 19:56:23,2018-05-14 20:10:02,2018-05-15 12:41:00,2018-05-21 18:21:30,2018-06-01 00:00:00
160e42cafe7b4cd5750459a45e25e307,1b4aa4d4bbcb6406462f503df14847a0,delivered,2017-04-23 20:30:07,2017-04-25 06:35:21,2017-04-25 14:12:08,2017-05-03 13:26:38,2017-05-17 00:00:00
1610bbd775aa73327d7741d006c09fb2,5ff42319ecd54104278a50b3105b07c1,delivered,2018-01-10 23:12:15,2018-01-10 23:28:16,2018-01-11 22:56:02,2018-01-22 20:15:15,2018-02-05 00:00:00
16180652c3b2890c8cc7a24b68663fc9,3bfd6087dc6d9b4982748af54b599117,delivered,2018-02-24 07:06:10,2018-02-24 07:15:23,2018-03-01 02:37:30,2018-03-05 21:07:24,2018-03-12 00:00:00
1688c2ea4929b519cfc4653742e736ec,4cbce741dce59bb0b8e5ec5cf3c4b054,delivered,2018-06-26 11:12:16,2018-06-27 07:55:45,2018-06-27 10:55:00,2018-07-05 21:05:29,2018-08-03 00:00:00
168a50979a16bb744fe45d11356ebedc,37c8cc130d4a1b512227d8c2deab5e59,delivered,2018-02-16 18:10:17,2018-02-16 18:26:59,2018-02-19 20:26:47,2018-02-23 19:19:27,2018-03-15 00:00:00
168cd953540aa3251bdfb407cdc4b6d4,029c5f9144457c97ecaa33bc4ac7f0a9,delivered,2018-02-08 13:31:36,2018-02-08 13:50:29,2018-02-14 18:19:17,2018-02-26 12:49:21,2018-03-08 00:00:00
16fdf4a442f237c6092adf2a86443dc9,6c15a0dd2659eccc596fa66ed05b23c7,delivered,2017-07-30 20:03:16,2017-07-30 20:15:12,2017-08-02 19:23:59,2017-08-07 11:47:44,2017-08-25 00:00:00
171494d5a0a3d21f98268f2aa9314a18,b0cdc7ec79e9ddd066fd35f00add602b,delivered,2017-12-22 12:05:52,2017-12-22 12:13:18,2017-12-22 21:07:07,2018-01-03 18:37:44,2018-01-18 00:00:00
17369d934e18e1cb2481bc11a9dcce78,9fdf053062b1f535917981029e490fa8,delivered,2018-02-23 23:33:40,2018-02-24 00:07:52,2018-02-27 21:58:53,2018-03-14 19:51:52,2018-03-26 00:00:00
177ec1b1bde2badda1cbca0f19f1aed4,847ac392fbef8fe1594965d9d4e94d5d,delivered,2018-01-19 17:47:57,2018-01-20 09:10:52,2018-01-22 20:22:03,2018-01-24 21:48:46,2018-02-09 00:00:00
1790c6f253dae58fa859ae0c94bbffad,d8e1b13f6c0d485a4ee8214b8be92c6d,delivered,2018-01-30 13:12:42,2018-01-30 13:34:42,2018-02-08 21:07:31,2018-02-09 20:03:06,2018-02-15 00:00:00
17f7971d77f3b781ed3a2846c5d41946,7fc7c15105f0df0bf815b5b149eb04e6,delivered,2018-04-15 00:15:32,2018-04-17 05:50:39,2018-04-17 20:07:33,2018-05-04 18:21:23,2018-05-23 00:00:00
18566c7a35287580c5ae220d2e5c84f4,bbf748f4decefc4953e8ef479b2d435a,processing,2017-10-09 15:58:32,2017-10-10 20:50:09,,,2017-10-31 00:00:00
1857e77a4bad8abb2db929f107430663,616833eaef04d25b67207119cd6936dc,canceled,2017-08-31 23:55:57,,,,2017-09-28 00:00:00
1857ec1a182661136fe7584592437d51,1101f065d72d5db705dee21a12d5b950,delivered,2017-11-15 16:11:13,2017-11-17 04:15:47,2017-11-18 14:34:30,2017-11-27 19:09:39,2017-12-05 00:00:00
1871eea34c05e21129b1a6a25e0ec985,d78c7834a65d4a9d5625d2d60495848f,delivered,2017-09-23 20:37:54,2017-09-24 20:45:31,2017-09-25 18:45:00,2017-09-29 17:47:33,2017-10-17 00:00:00
1896eb87ee7c0749928d79d5ed329e02,fbe72cfa6ea0eedd96381d0a68eff8af,delivered,2018-02-01 16:38:39,2018-02-02 02:54:36,2018-02-03 01:12:58,2018-02-06 21:46:41,2018-02-19 00:00:00
19135c945c554eebfd7576c733d5ebdd,1c7a9b908094192a2dfae2819eef249d,delivered,2017-07-11 14:09:37,2017-07-12 02:10:28,2017-07-12 18:24:53,2017-08-16 20:19:32,2017-08-14 00:00:00
191613fb4f2b5148a83470f7332551b8,f39c003fdebbe5161315afaf4f8639a1,delivered,2018-08-08 17:14:36,2018-08-08 17:30:10,2018-08-10 14:08:00,2018-08-15 20:48:44,2018-08-16 00:00:00
191fa27b2a907e113d60ddfd7dc29696,9c04b06940dd762c639ce63ce827caf6,delivered,2017-06-10 21:50:43,2017-06-10 22:05:13,2017-06-12 17:57:52,2017-06-19 19:22:27,2017-07-07 00:00:00
19488ad1e6b3f423c4d8b3a3262efbda,f6e5bb7a5ec165378bdded4b7e7543ec,delivered,2018-03-17 08:27:11,2018-03-17 08:35:24,2018-03-20 17:06:53,2018-03-29 21:10:38,2018-04-05 00:00:00
195f145ac1c5e473431a8b605fd8a7df,11a740e9fc98568cbc38f920e92c850b,delivered,2018-01-29 10:14:02,2018-01-30 04:31:07,2018-02-01 17:52:58,2018-02-20 19:55:04,2018-03-01 00:00:00
197fdb2270597913a3ba471f251d01c5,0e2e50595cfab0a0b7c2482dba5960ff,delivered,2017-03-25 08:21:56,2017-03-25 08:30:16,2017-03-27 14:40:02,2017-03-31 11:17:52,2017-04-13 00:00:00
199e57082aefc964e7135792059718a9,fec5c4b728d1d93d1c9f18e194aead61,shipped,2018-03-23 18:46:14,2018-03-24 03:35:22,2018-03-26 23:22:58,,2018-04-25 00:00:00
19b37f1efa2ddaf265496e78e245c19a,397860a986b2ba52addbf1178aa4e378,delivered,2018-08-07 00:13:51,2018-08-07 00:25:11,2018-08-09 08:20:00,2018-08-18 02:32:16,2018-08-15 00:00:00
19c1376b2449385d598bc89c73cdf380,48c3e8e784086fd4b26b9929625373d6,delivered,2017-09-13 23:09:04,2017-09-13 23:24:25,2017-09-14 21:47:48,2017-09-21 22:17:52,2017-10-02 00:00:00
19d468d1424d2a259a1f3d3fa073f41a,73c06209128aca5114406d84b9d9e3eb,delivered,2017-05-04 15:49:08,2017-05-05 15:55:11,2017-05-18 09:42:07,2017-05-26 16:14:40,2017-06-13 00:00:00
1a0e54c67a7d784f932f5cc4f953fbaf,baca33004aa726524d5a891853100559,delivered,2017-06-16 21:56:39,2017-06-16 22:06:26,2017-06-20 15:30:45,2017-07-03 08:49:44,2017-07-13 00:00:00
1a358c4ef8c7d066e7e526670d486f3e,4e99533d9f44d1f5a66cae1bb9e42ba4,delivered,2017-11-22 08:01:01,2017-11-22 08:11:22,2017-11-23 23:15:51,2018-01-03 20:58:48,2017-12-15 00:00:00
1a46043f18f483b119bbeebb563aa77a,f7ff526094d4b81bbca47f972f6e6502,delivered,2017-12-16 10:36:56,2017-12-16 10:55:03,2017-12-19 19:16:48,2017-12-26 21:27:02,2018-01-15 00:00:00
1a4cc55b483d875e3b8bbd64a1b31bba,1a3fcb72ec1f37b5385e08237a40409e,delivered,2018-04-12 14:05:08,2018-04-13 12:55:48,2018-04-13 23:12:37,2018-05-09 15:08:44,2018-05-09 00:00:00
1a4cc8edf7721a5fa7f601f25703c793,48769b9c90de6b97531d328801b39dfc,delivered,2018-05-14 23:15:24,2018-05-14 23:30:43,2018-05-15 07:32:00,2018-05-18 16:18:34,2018-06-04 00:00:00
1a5c3dad7f8ccf75ce213a3726a25af2,5e65da8ad6a8110e555eb93a1fd38f3e,delivered,2017-10-23 13:06:12,2017-10-24 03:56:38,2017-10-25 20:32:56,2017-11-20 17:58:12,2017-11-27 00:00:00
1a647a88b6fa7b167cb5414a372edeb1,a6e927129ccc2bfc77279fb42c178858,delivered,2017-04-11 14:10:19,2017-04-11 14:22:44,2017-04-12 16:07:34,2017-04-24 10:37:35,2017-05-18 00:00:00
1a7c68f8b0d5a140d89aa6ab7f7b4409,f3aba96f3eceba3cdf6bd72d2bccb867,delivered,2018-06-26 10:48:18,2018-06-26 11:18:07,2018-07-03 14:41:00,2018-07-07 16:18:27,2018-07-30 00:00:00
1acdd343f32412c986586a4f0c828460,425885462bb30dcb05866866aa6ff81a,delivered,2017-07-07 12:00:24,2017-07-07 12:15:17,2017-07-11 18:20:03,2017-07-18 13:47:56,2017-07-31 00:00:00
1aecadf4362edaca7fa033e882076c8d,e81a9f176936e3124dfd90c483bf3289,canceled,2016-10-04 10:05:45,2016-10-04 10:26:40,,,2016-11-24 00:00:00
1afbdc6ed9143871e5b8be14ce2762e0,2f32cc670061125271017f98f73addde,delivered,2018-01-20 20:00:12,2018-01-20 20:20:20,2018-01-22 15:19:10,2018-02-02 05:02:37,2018-02-19 00:00:00
1b0bc086985717610dbca11d3324771c,fbeb150ba4aab5ae80d426ce53e71fa4,delivered,2017-10-22 14:12:23,2017-10-22 14:21:18,2017-10-23 15:33:06,2017-10-25 20:00:10,2017-11-10 00:00:00
1b0fd42cfc51e77567823cb398ef2e26,db45c5d54c01175b7dbbfb6d533b33b3,delivered,2018-08-16 22:06:34,2018-08-16 22:29:19,2018-08-21 12:48:00,2018-08-28 20:06:50,2018-08-29 00:00:00
1b34ffce967c05f131db610cabde984f,829ac87220f69e8e77ce44c3f4110288,delivered,2018-08-08 19:38:15,2018-08-10 03:15:26,2018-08-10 15:27:00,2018-08-14 11:42:42,2018-08-17 00:00:00
1b767ee7dada9fcf77567007fb90c2a8,e3f80f0f73a4b146a20671cbb8291ee6,delivered,2018-03-20 12:48:36,2018-03-20 13:09:46,2018-03-27 20:06:27,2018-04-05 01:38:37,2018-04-09 00:00:00
1b7e84be9e271a4dde8983c8da30ee72,ffa219109978b03ab5d6340856861021,delivered,2018-03-15 12:35:00,2018-03-15 12:49:42,2018-03-15 23:58:23,2018-03-21 16:33:28,2018-04-03 00:00:00
1b7efcda93ef629e74df8b1fcd2b1f92,7f325bbd4217f2000e4849f386371550,delivered,2017-09-05 08:13:17,2017-09-05 08:25:12,2017-09-05 22:07:47,2017-09-15 18:22:22,2017-10-02 00:00:00
1ba88b07e29193945dafa8c04f4ea642,c9fb84a1ae7d2d55786603bff29808b8,delivered,2017-09-13 17:59:56,2017-09-15 02:26:04,2017-09-15 18:22:42,2017-09-26 17:03:31,2017-10-05 00:00:00
1bb460f1a118ffc0218e3c7e61a59029,d9737c9da32a4148edc8dc9dd484614d,delivered,2018-06-29 08:00:35,2018-06-29 08:40:59,2018-06-29 09:02:00,2018-07-04 17:16:44,2018-07-23 00:00:00
1bda6a57a0819d9483894ff53a9fb742,b2d679dd685c9580d766ac171cbc1e2b,delivered,2017-10-18 11:17:22,2017-10-19 02:56:58,2017-10-19 20:52:19,2017-10-23 16:08:55,2017-10-30 00:00:00
1c1975ccdbd34c48a241f30cc2258dbb,4b8aa85bd0844a2cfa46261b1afd9386,delivered,2017-12-20 22:44:00,2017-12-21 16:13:10,2018-01-17 14:49:56,2018-03-07 17:48:47,2018-02-22 00:00:00
1c1d7c04efff33ea9ebb71907b576f50,513f69cbf70fa1089df98c833bbfd6bc,delivered,2018-07-24 16:33:06,2018-07-24 16:45:14,2018-07-25 15:32:00,2018-07-30 18:26:45,2018-08-22 00:00:00
1c2fb7f84aa77300fcb6b698481c1e2e,169e46bb9d6c7e98ad722850e21e4c4b,delivered,2017-12-12 11:02:24,2017-12-12 11:12:19,2017-12-13 21:47:45,2017-12-22 20:42:09,2018-01-11 00:00:00
1c35ac660d7ef6691b25d20df3d6eccb,68c85132eb3b96fbe6cbddc09a568d24,delivered,2017-06-27 23:11:57,2017-06-27 23:35:09,2017-06-28 14:28:00,2017-06-29 10:16:35,2017-07-10 00:00:00
1cbcd6f5fd482df88073ad0e5a411b39,8697c05aef3093605f0667354b8c7769,delivered,2017-03-22 11:40:21,2017-03-22 11:40:21,2017-03-23 11:08:55,2017-03-28 14:06:52,2017-04-12 00:00:00
1d27a36f2b45a61e1fe2523a056c3561,0a44fa60c928c1db607ec5758d406560,delivered,2018-07-18 13:48:12,2018-07-18 14:02:23,2018-07-19 14:23:00,2018-07-25 16:21:55,2018-08-03 00:00:00
1d28088d0d3f5967393dad85006377b2,a8f4082789d3e57641eb1b6a881d95a0,delivered,2017-10-04 13:20:09,2017-10-05 03:04:21,2017-10-06 21:22:42,2017-10-11 17:13:24,2017-10-23 00:00:00
1d35b9b8088b6c9e1fcff77fdb44ef53,875858cb4fa77eb349a94cb42d3303ad,delivered,2018-02-09 17:59:02,2018-02-09 18:20:26,2018-02-17 02:37:58,2018-03-05 18:21:53,2018-03-09 00:00:00
1d58535a7efa4ccc8eab9bf3b16111c7,327da4c5a95a199cc74495dc6babf02c,delivered,2018-01-06 18:14:56,2018-01-06 18:26:46,2018-01-08 17:54:55,2018-01-11 18:25:55,2018-01-29 00:00:00
1d75f74f2b35e491804fe25e4c5fd4dc,fb8d76cc917e3fc3c6ac3a9beb0d6831,delivered,2017-06-19 07:45:20,2017-06-19 08:03:08,2017-06-19 21:35:30,2017-06-26 16:17:37,2017-07-11 00:00:00
1d9620d3304b1a785d94220904c4a33b,02dd94e5176a4d6b274f8cfc6666d184,delivered,2017-11-20 11:45:52,2017-11-20 11:55:56,2017-11-20 18:21:35,2017-12-01 00:29:05,2017-12-13 00:00:00
1da43de9c3856e95d783cf969181e42a,a2549c5958509a1be730da3ec5098046,delivered,2018-02-06 18:52:21,2018-02-07 03:10:06,2018-02-08 14:07:57,2018-02-14 20:07:38,2018-03-07 00:00:00
1e098529b9705a78dba4c6b24ee2ef35,0f2893212c2c44df0fa30e9184006254,delivered,2017-07-24 09:33:52,2017-07-24 09:50:14,2017-07-24 17:32:56,2017-07-26 20:42:24,2017-08-04 00:00:00
1e24c66f40e16d38609ed026af8b4c94,1fc6b9b7c6e90a06ae0df125df34e37c,delivered,2018-05-11 16:14:10,2018-05-11 16:30:55,2018-05-14 08:25:00,2018-06-08 19:33:50,2018-06-05 00:00:00
1e359230c99e4510d4ce63375b5c7f72,c1052e49e04a1371d071dd1c045854a5,delivered,2018-08-18 16:25:47,2018-08-18 16:50:09,2018-08-20 15:31:00,2018-08-22 12:34:37,2018-08-24 00:00:00
1e535b580b9c6e2e359da6d6202cbaac,13c64c249f9bb07ec019303bee51bbe9,delivered,2018-04-25 00:38:39,2018-04-27 03:10:32,2018-05-11 12:38:00,2018-05-17 11:03:53,2018-05-28 00:00:00
1e9bf802b8192eb97af61fd92b586471,9b393f101c2a58389bc8c804e560b284,delivered,2017-03-10 21:44:39,2017-03-10 21:44:39,2017-03-14 10:33:09,2017-03-23 13:27:54,2017-04-07 00:00:00
1edc1b84ccb3322ee9f3c206a12c17ce,64442a75bdbdbf3986d94b901539bcf5,delivered,2018-07-20 06:28:21,2018-07-20 06:35:11,2018-07-25 11:59:00,2018-07-26 20:32:56,2018-08-02 00:00:00
1ee8f299315c112e3442b232cb9c6f3c,e428b952c1e0d1092005f58e3123b545,delivered,2018-08-07 19:00:24,2018-08-07 19:24:56,2018-08-09 13:38:00,2018-08-20 20:21:38,2018-08-24 00:00:00
1f04f45771eed910a8d58e5c52604660,eaf673c8640de260cb58679e0e159cb4,delivered,2018-02-19 13:42:51,2018-02-19 13:50:57,2018-02-23 01:03:49,2018-03-07 22:52:10,2018-03-13 00:00:00
1f186ad4ad389666cd9482ce1942038d,b3869e23f4d2aad91f558a1e535577d3,delivered,2017-09-16 01:30:57,2017-09-16 01:44:14,2017-09-19 18:26:01,2017-09-30 13:49:52,2017-10-04 00:00:00
1f31a04201c7a177ad2e98405b18f8ef,7f687ffdc5f0bc5f78032cfe69579a24,delivered,2018-03-12 16:40:00,2018-03-12 16:50:44,2018-03-13 22:58:27,2018-03-15 15:48:54,2018-03-22 00:00:00
1f89989c5a2afd61cf38495462b55b16,a21b05fbdea952c180d45e5f725856d7,delivered,2017-10-16 22:22:58,2017-10-16 22:36:00,2017-10-18 20:42:06,2017-10-20 15:57:54,2017-11-01 00:00:00
1f8d2442829de7b25f179e4128b7ed8f,6b362121207fe289ac370990e1df46aa,delivered,2018-01-06 14:01:54,2018-01-09 07:20:07,2018-01-10 20:17:13,2018-01-15 19:59:05,2018-02-01 00:00:00
1fa3133aa187f5523ca99748f5b5578f,6eb2a1fc81674d4d2877d51a498375e1,delivered,2017-06-01 19:08:30,2017-06-01 19:22:56,2017-06-06 15:35:09,2017-06-07 07:32:52,2017-06-14 00:00:00
1fbb2db5f09b8f2fe37fb58c85d2e301,29be48f5de0efaa0edc2d8741bd6a218,delivered,2017-12-05 08:49:10,2017-12-06 02:35:38,2017-12-07 19:59:04,2017-12-20 18:44:40,2018-01-02 00:00:00
1fce50c1831b6809773e5020edc716e2,1ddcc619647ca008fdc24f8302c8573f,delivered,2018-07-24 20:08:54,2018-07-25 20:05:09,2018-07-26 16:04:00,2018-07-30 17:20:59,2018-08-07 00:00:00
1fd64d652fae27df0e9aac1f4e605984,731a2e445bb92b757cb2fc658826d80f,delivered,2018-07-26 20:49:06,2018-07-27 20:45:15,2018-07-30 13:51:00,2018-08-03 00:10:07,2018-08-17 00:00:00
1fe7938fdd30309ca9b8628091e0dcc4,4f1e6c4e24277aeb870b2314b86224d9,delivered,2018-01-24 09:18:49,2018-01-24 09:36:06,2018-01-24 21:09:16,2018-01-25 18:49:52,2018-02-08 00:00:00
201797d3f567dc70cc5732ecf055e346,bbc8c12f7afeba03337723117f0a6f3e,delivered,2018-03-18 18:39:19,2018-03-19 18:35:34,2018-03-20 22:51:45,2018-03-27 16:42:16,2018-04-12 00:00:00
2026183f154b1d672b4bd513fde144c3,a81eecabd9afa9b7ab654422b6e79f3c,delivered,2017-05-17 21:33:10,2017-05-17 21:45:10,2017-05-19 15:12:00,2017-05-29 11:23:43,2017-06-06 00:00:00
2071e513bccda6388b163977db471be8,651a87f08ddd0eedab64dfef58563366,delivered,2017-12-09 18:11:04,2017-12-09 18:31:26,2017-12-12 17:17:12,2017-12-19 16:48:16,2018-01-09 00:00:00
208215ef3138230b69b97f3fb415e9bc,7623c50c3ce45f453c6e25d930dda2e0,delivered,2018-05-12 21:13:56,2018-05-12 21:30:23,2018-05-14 14:04:00,2018-05-23 21:36:53,2018-06-08 00:00:00
20a9f509874c4824696e6d56602adbff,d157955b6be3a7ee41fa6f4b23739472,delivered,2018-05-06 18:05:39,2018-05-07 09:32:24,2018-05-09 14:16:00,2018-05-16 15:58:37,2018-05-23 00:00:00
20c93204065c1cc43ac91fe4358f8983,d53782279acdd8fad99e3908be8bbcf1,delivered,2017-04-09 15:38:44,2017-04-09 15:50:12,2017-04-13 13:57:36,2017-04-20 11:25:58,2017-05-08 00:00:00
213035a57f21a80992c9c577de9e5484,942e958857fd86d6a3ee59668ea1cdf8,delivered,2017-08-09 11:32:33,2017-08-09 11:45:13,2017-08-09 17:49:40,2017-08-14 21:21:32,2017-09-04 00:00:00
2153e9009ecf443d84e5f48861fb7094,e198d9344eb2d92c850249a49d874dbb,delivered,2017-12-06 16:02:30,2017-12-08 19:35:22,2017-12-12 20:15:37,2017-12-26 19:46:50,2018-01-02 00:00:00
215a2af7298ced2c65d785d397e04880,20704243c0427b370d6def78ecfca2da,delivered,2018-06-21 22:42:52,2018-06-22 10:19:03,2018-07-03 05:40:00,2018-07-04 01:48:53,2018-07-18 00:00:00
218420c55032b9db817c110f06b85fde,1736819d6eaaf025234364660469b714,delivered,2018-07-21 18:15:17,2018-07-21 18:25:10,2018-07-25 12:35:00,2018-07-30 19:42:37,2018-08-08 00:00:00
21bffa9bb2f8540013b0eb048699805d,c1ede2501398563c6bc21454355670e6,delivered,2017-11-12 19:44:23,2017-11-12 20:06:50,2017-11-14 15:51:31,2017-11-30 17:55:08,2017-12-06 00:00:00
21c71f62d2554e1ad6c8ba9dc7af2c62,aa3d8c9eec8e52e90b117efe5e97a560,delivered,2017-12-21 04:59:55,2017-12-22 04:51:23,2017-12-23 13:12:55,2018-01-03 22:54:29,2018-01-19 00:00:00
21e66217f32d0775592d587a9cee5860,ce40bdf89725ab732c923660e1e3c932,delivered,2017-04-10 11:36:05,2017-04-11 03:55:24,2017-04-11 08:55:55,2017-04-13 15:26:45,2017-05-02 00:00:00
21eb47858aa7100e94ede112bf5ed1b3,df5e4aab3ffa6952f744401391b14066,delivered,2018-01-01 17:17:13,2018-01-01 17:29:22,2018-01-02 18:48:54,2018-01-09 22:05:51,2018-02-01 00:00:00
21f1cdf47b2ebf6d58a4e07191ac5a98,2e947dd15ae10d889923d07c28b9ef23,delivered,2018-05-12 18:30:38,2018-05-12 19:20:25,2018-05-14 13:44:00,2018-05-17 16:02:47,2018-06-05 00:00:00
2213bee227bfb36c66ea52bfb3bc233a,b12fc3e268a2f8d419cebb6e35851425,delivered,2018-04-16 14:29:03,2018-04-17 05:51:13,2018-04-17 20:24:35,2018-04-26 20:48:44,2018-05-14 00:00:00
224a802cf146cefcba3907e02acce34e,82239de58e13a902a1dd2ac7ceccddf8,delivered,2017-07-22 05:51:41,2017-07-22 06:05:22,2017-07-26 11:09:42,2017-07-27 12:48:40,2017-08-11 00:00:00
2281b9a155dc821e33ba9e7360964450,e7d6719126634a58d3dd17ffd14311fa,delivered,2017-12-14 15:16:51,2017-12-14 15:31:25,2017-12-19 23:48:58,2018-01-16 23:34:08,2018-01-18 00:00:00
22d0b79a88fe360e41471c8477379673,232359797a832f108d94e9351a75fc2c,delivered,2018-07-07 14:42:57,2018-07-07 14:55:18,2018-07-09 12:16:00,2018-07-12 19:31:55,2018-07-26 00:00:00
22ea5431233830227f077473a051d55d,699c53363f423420e15ad5b424eb584f,delivered,2018-05-06 17:41:23,2018-05-07 09:13:41,2018-05-08 15:39:00,2018-05-18 20:08:47,2018-06-04 00:00:00
22ff7c206b68858435452298296c2fcb,5ad934ace4646e3dad70148a823eb138,delivered,2017-04-27 10:24:22,2017-04-27 10:35:12,2017-04-28 14:07:00,2017-05-11 17:22:55,2017-05-25 00:00:00
23575ff1c8a0669132c47e895a24b5fb,1486be6e2635c0fc6343893dab2f560a,delivered,2017-07-18 21:05:12,2017-07-18 21:15:23,2017-07-24 19:34:33,2017-07-31 23:12:07,2017-08-09 00:00:00
2398edac04de9e5283b7c76995623906,fe30315710d9aeb9e870f0b7c869f61f,delivered,2017-07-23 22:35:09,2017-07-25 03:30:11,2017-07-27 18:16:38,2017-07-29 13:04:35,2017-08-04 00:00:00
23a0c1ef37b1e2599235e834bbb55673,ee92050607377372efa97d9dba75af38,delivered,2017-07-17 06:54:05,2017-07-17 07:05:15,2017-07-19 01:12:26,2017-09-19 16:39:58,2017-08-04 00:00:00
23f553848a03aaab35bb3f9f87725125,c622b892a190735ef81c0087973fa16d,delivered,2018-06-05 09:10:34,2018-06-05 09:32:22,2018-06-06 15:37:00,2018-06-18 12:36:54,2018-07-23 00:00:00
23f563c1e12c5d6d279ecc446b5f933b,2fa31352737393319f999c84deafc5c5,delivered,2018-06-24 10:43:09,2018-06-24 10:56:22,2018-06-27 11:45:00,2018-07-03 12:33:16,2018-07-25 00:00:00
242ae20c1813b0ad28b3b7b7597ea721,6feec19ac422bb1f5fcb89ee26922aaa,delivered,2018-01-22 11:29:42,2018-01-22 14:53:30,2018-01-23 23:52:14,2018-02-15 17:23:33,2018-02-16 00:00:00
243e95f7ef35f86a258727975245bd4d,354c6800a77f0d4f3c1d08086499e0dd,delivered,2018-06-07 23:29:48,2018-06-07 23:53:49,2018-06-11 09:47:00,2018-06-19 19:18:40,2018-07-19 00:00:00
246a0dd11a624cd29b8c5dc2e56fa1dc,9e0d161e44c6199cc00168f41060be14,delivered,2018-05-27 12:07:46,2018-05-27 12:29:46,2018-05-28 13:58:00,2018-06-08 15:07:02,2018-07-04 00:00:00
24c2ea18beb03e17972ed33b519950c1,638be9d39246650868db07d10456527c,delivered,2018-05-11 09:49:31,2018-05-12 09:54:21,2018-05-14 15:08:00,2018-05-16 23:57:51,2018-05-25 00:00:00
24d2a265bbb8e667b3482b868457b7d6,1b05ddbf77423faacb813310e762586d,delivered,2017-10-06 08:47:56,2017-10-07 02:49:25,2017-10-11 17:00:21,2017-10-20 21:31:34,2017-11-06 00:00:00
2518a3eb047912b58514fc2f405ea73a,980eeb25c7a6c02bd16f50f698223c33,delivered,2017-03-12 21:17:57,2017-03-12 21:17:57,2017-03-14 13:40:08,2017-03-20 12:02:26,2017-04-03 00:00:00
252e3d8642591a131552842adb8230f7,d2a2f7b5bb7f3843a5ca837a7c81cb41,delivered,2018-08-08 14:44:33,2018-08-08 15:05:00,2018-08-10 16:02:00,2018-08-13 18:19:34,2018-08-16 00:00:00
255ad076f0ef8eeeaf912d66df4c2a1c,9c1b5cf455be52ece5a16beead2e21ea,delivered,2017-09-19 13:40:42,2017-09-19 13:51:35,2017-09-20 19:19:51,2017-10-03 18:34:10,2017-10-10 00:00:00
256c2127e05b924a7cbf69f95e3c4830,85fa08abb6d9f3bdec5bc578ee0a1b39,delivered,2018-08-14 23:20:59,2018-08-16 03:24:07,2018-08-17 14:22:00,2018-08-20 20:42:50,2018-08-23 00:00:00
259b2f71f29e6e67c6c737bb11e9b0a3,28e504d085ea728a2e15fb29b6d19533,delivered,2017-09-17 13:05:58,2017-09-17 13:25:13,2017-09-21 12:24:58,2017-09-28 22:30:13,2017-10-11 00:00:00
259db3e83679426c2af73687a8c579d4,2ea0297a0f76054d2857c4859220b1c2,delivered,2018-05-18 11:40:09,2018-05-18 12:56:23,2018-05-18 15:32:00,2018-06-04 18:22:38,2018-06-14 00:00:00
25a82fa3e495b6124f9d196f8ab78dfc,577e0a5e06d64d18eca569a1c1a0362f,delivered,2017-08-15 13:29:35,2017-08-15 13:45:16,2017-08-16 21:09:43,2017-08-25 21:22:35,2017-09-06 00:00:00
25b66d9cb3dd45d25788fdb3e226c5b9,2d7932246f97f6a45b82a77fb4c72d4a,delivered,2017-08-15 06:50:00,2017-08-15 07:05:12,2017-08-15 19:52:01,2017-08-21 21:10:52,2017-09-12 00:00:00
25d2a391f2bd247e905a176c97f355e6,f6bc6021896699b56240be47d1ae3e8b,delivered,2017-11-09 13:34:55,2017-11-09 13:46:48,2017-11-22 22:51:55,2017-11-23 04:38:28,2017-11-29 00:00:00
25d6858f3b1d2f332623bdccb12db9eb,e995d6e83758ed9aa3ed2127fd24cc66,delivered,2018-08-04 15:23:53,2018-08-04 15:50:07,2018-08-06 16:45:00,2018-08-09 18:10:47,2018-08-28 00:00:00
25e5f6a88a4525f820943240376c45c5,5425974ca1091055b0c05604f43f711e,delivered,2017-11-26 14:08:44,2017-11-27 14:20:20,2017-11-28 17:26:56,2018-01-06 17:09:50,2017-12-18 00:00:00
267db43542633efa0839c965b2ad2f31,ca52f95cae581bc621ea0c722ef958fb,delivered,2017-03-09 10:38:32,2017-03-09 10:38:32,2017-03-20 03:43:37,2017-03-25 12:40:02,2017-03-28 00:00:00
267e7e0b0615d34fa4c39c0a97cee1d5,5bb2321bf6c692d7f92ec6d97d5842e4,delivered,2018-05-28 21:16:13,2018-05-30 02:32:15,2018-05-30 15:09:00,2018-06-01 15:31:04,2018-06-18 00:00:00
26844c5a3b10d4ae5366ac6bfc55680a,8ba064a834f4db74dd398b57f56fa40c,delivered,2018-03-11 13:09:13,2018-03-11 13:48:01,2018-03-16 01:12:53,2018-04-06 23:24:47,2018-03-28 00:00:00
26aaee2edab376ed50356a504172fe42,b856cb85055fc8f310de189eafa4ec23,delivered,2017-10-06 19:38:34,2017-10-06 20:49:36,2017-10-20 20:15:56,2017-10-27 16:13:54,2017-10-30 00:00:00
26c9592d7817db41a41b0fd3e65219f3,c20e655b0eae926e5d247a75d2b694cc,delivered,2018-03-01 10:07:17,2018-03-01 10:32:45,2018-03-09 20:28:55,2018-03-21 22:21:49,2018-03-27 00:00:00
2702240ee3035b40fae068d0f55e47e5,0f5cc28675a4f25a4b16f148a428c111,delivered,2018-04-02 11:20:59,2018-04-03 08:08:58,2018-04-03 21:42:18,2018-04-10 22:41:14,2018-04-24 00:00:00
270c25da086ad763f34a2cd66c6aae7a,12a9b33607c2fec94977963045396299,delivered,2018-01-02 16:02:11,2018-01-02 16:09:11,2018-01-08 23:15:28,2018-01-17 20:36:35,2018-01-31 00:00:00
2717f8342150ce1ceff315167e350ad8,87e46a17040d87c365304152769daec1,delivered,2017-06-03 13:13:42,2017-06-03 13:25:12,2017-06-08 15:22:16,2017-06-19 16:05:27,2017-06-26 00:00:00
272edf81c6d2434e61f4e15520a0512e,9eae8b1b98146633c65773c08c98835b,delivered,2017-09-27 09:07:17,2017-09-27 09:24:59,2017-09-27 19:32:10,2017-10-03 17:16:06,2017-10-23 00:00:00
283b742fe68780cce8df4470d11ac981,f1e2d5d8eb4c5af5e9012816294462ff,delivered,2017-08-14 09:29:58,2017-08-14 09:45:13,2017-08-15 19:29:39,2017-08-28 18:14:07,2017-09-14 00:00:00
28915ae2a90c218f0c2b7f8e0fb280e0,98a1b4f80dd0ccb7d1ae5a75ba5c904e,delivered,2017-04-09 20:04:37,2017-04-11 03:45:26,2017-04-12 07:03:58,2017-04-18 09:53:40,2017-05-04 00:00:00
28ac52cca188141d6fb38c1e8bee7e1c,349831a25e77f136daa5f6363e8ed5df,delivered,2017-07-23 19:39:22,2017-07-23 19:55:16,2017-07-24 19:06:38,2017-08-07 19:55:18,2017-08-21 00:00:00
28bbae6599b09d39ca406b747b6632b1,4c7f868f43b5cff577b0becb8c8b7860,delivered,2017-12-05 08:18:35,2017-12-06 02:50:09,2017-12-08 00:51:47,2018-02-05 14:59:09,2017-12-29 00:00:00
28c35e27d64425be0368e275997f7779,796d054417f0f7134531b6af32578643,delivered,2018-01-12 10:39:20,2018-01-12 11:08:35,2018-01-15 17:22:37,2018-01-23 11:38:29,2018-02-05 00:00:00
29124c072d8e7d7681a0bebfe267c67a,bc44c4c170767755c0321dc6aa1aa05b,delivered,2017-03-18 12:00:57,2017-03-18 12:00:57,2017-03-23 16:09:07,2017-03-30 14:37:29,2017-04-10 00:00:00
294a10c9e4939e8c4f1974b73970ff96,4310e4e2bd5d1b8f38cbb1c3a2136019,delivered,2017-07-24 22:49:08,2017-07-24 23:05:47,2017-07-26 18:49:47,2017-08-02 17:34:56,2017-08-11 00:00:00
299372a2c0a08ae166a4dd2a2467dfec,5a62643ba68cfaeb566ad926e3b18eb6,delivered,2018-05-05 14:53:21,2018-05-08 04:15:33,2018-05-08 13:18:00,2018-06-07 20:22:23,2018-06-19 00:00:00
299c93716e44a3cc7521ffd9b2db1fc3,7b473d4b33fa91ab7671f794ce54194b,delivered,2018-05-07 19:26:53,2018-05-09 03:11:46,2018-05-11 14:23:00,2018-05-16 14:13:01,2018-05-24 00:00:00
29a4fbb32fb0af037ac01c6154484f06,790ad3b525f86ceafdcda488ba45fbb7,delivered,2018-02-22 12:03:36,2018-02-22 12:29:22,2018-02-28 18:58:48,2018-03-08 17:27:01,2018-03-21 00:00:00
29a78ee4f09c8306a3a5551825acc903,e3e0534dc37dd14280ac15f24acb0530,delivered,2018-01-27 16:30:39,2018-01-27 16:39:19,2018-01-29 20:37:16,2018-02-21 02:22:14,2018-02-23 00:00:00
29cb6a71f2aefea7831e8dc7c7afb690,75348460d695e3d699f56ecaeffc36fe,delivered,2017-04-27 09:49:23,2017-04-27 10:03:07,2017-04-27 14:50:20,2017-05-07 14:32:50,2017-05-25 00:00:00
29dd98e6aa533a04b48bbdf6427eb090,a96f1d45bce747e5b1bdb89c51f03e07,delivered,2017-07-07 17:12:39,2017-07-08 06:45:14,2017-07-13 20:37:50,2017-07-20 17:37:41,2017-08-10 00:00:00
2a3f9da1b73d48af85d04f8550b3d156,d3084f1a3218cb4163951970222ec084,delivered,2018-01-29 13:56:29,2018-01-29 14:11:46,2018-01-30 17:19:00,2018-02-09 02:27:50,2018-02-23 00:00:00
2a490849da4cef28b5edaea693b89ac7,8ce7af83ed7e52d2db1fdba28bfb11ed,canceled,2018-04-24 08:53:11,2018-04-24 17:35:59,,,2018-05-07 00:00:00
2a4e23a666338d87ea9c2777d71bed0c,5eda0d42a89e9e37d951a14bd845dac9,delivered,2018-07-27 13:06:35,2018-07-27 14:04:17,2018-07-30 13:51:00,2018-08-08 15:42:45,2018-08-17 00:00:00
2a520d819adb06eabf4557143110ade4,14eb49caaf14d8168944777b97b48499,delivered,2017-12-13 11:49:03,2017-12-13 11:56:19,2017-12-13 23:28:08,2017-12-20 20:59:08,2018-01-31 00:00:00
2a8d909d2c102155c7ce2c9a24769447,f83edc56f1e9954573e8e33d640d9707,delivered,2018-01-08 09:32:47,2018-01-08 09:48:15,2018-01-10 18:09:37,2018-01-15 18:12:10,2018-01-31 00:00:00
2aaab7e991347226dbda1f61c6785f88,55c72a24117236fa6e1e89bb2b4a02e0,canceled,2018-07-25 13:57:52,2018-07-25 15:10:12,,,2018-08-10 00:00:00
2ac259040ff5632c80a28851fb876996,8f60029e03ce786d8da780666ca6dcb6,delivered,2017-12-27 17:38:26,2017-12-27 17:48:18,2018-01-02 18:51:37,2018-01-11 20:06:21,2018-02-01 00:00:00
2ae6d828f4cf351ecb662a1f2c30aa93,f1a9c96003c11814dc06fbe8f0ceed08,delivered,2018-05-07 17:50:10,2018-05-09 03:51:43,2018-05-09 10:09:00,2018-06-06 18:29:53,2018-05-30 00:00:00
2ae6e5a2da4078c84661d1289e22742b,dbd74dc83297f0301be2f721a409b758,delivered,2017-03-30 21:59:17,2017-04-04 05:45:23,2017-04-07 14:42:21,2017-04-13 16:57:42,2017-04-25 00:00:00
2b0d020da35221c291bb03a55f70794a,08a01db5764bdab850af621dc71a35bf,shipped,2018-04-02 20:27:07,2018-04-02 20:49:57,2018-04-06 01:02:27,,2018-04-12 00:00:00
2b161ac439724fda87d03abf890234b5,a249aacfc4fe9ddca6b51c542c60e7ce,delivered,2018-08-14 22:53:03,2018-08-14 23:04:03,2018-08-20 11:46:00,2018-08-23 17:45:52,2018-08-30 00:00:00
2b2021afc839498368ab00d64c9f1912,1267bc0a6f110e3e057dd92eb0163c61,delivered,2017-11-17 22:22:19,2017-11-17 22:35:28,2017-11-21 11:51:35,2017-11-29 01:02:44,2017-12-06 00:00:00
2b49d60af10ea7e2443376987ec8a184,178e83d7625fed7f8544c81e7f61f85d,delivered,2017-03-25 09:03:08,2017-03-25 09:15:09,2017-03-27 13:07:43,2017-04-17 12:52:42,2017-05-09 00:00:00
2b5781efb507c8378a255ae14c8661fd,c72587dc6e065173c3996a7dd71a1bb7,delivered,2018-03-26 22:56:14,2018-03-27 22:55:12,2018-03-28 21:12:48,2018-04-02 22:33:00,2018-04-13 00:00:00
2baa3f7b53010552fadf54405bc0f0b1,2ecbf75689a0fe7bcaefdcda5ca1cbf0,delivered,2017-07-03 17:45:48,2017-07-03 17:55:17,2017-07-05 14:33:24,2017-07-21 16:10:38,2017-07-31 00:00:00
2bc3d02aecb787b5e3272b681c0092e7,0ccf50bf1017b1678f3a155fe83dc634,delivered,2018-01-27 13:37:38,2018-01-27 13:56:25,2018-01-29 23:22:33,2018-02-19 21:51:12,2018-02-26 00:00:00
2bd3710aaa1caffa42b8d737e093fec2,ea1817afaad169786d259346fdf888cf,delivered,2018-04-27 14:00:58,2018-04-27 14:15:19,2018-05-03 15:12:00,2018-05-08 17:14:54,2018-05-23 00:00:00
2c115ba9e25f2b8932ec710356d9eca9,50cb9d021d1b098d40d98fc0ae2d3bc9,delivered,2017-03-28 17:10:35,2017-03-29 02:22:38,2017-03-31 09:39:56,2017-04-03 18:24:42,2017-04-17 00:00:00
2c52873e8d170a8426be048f8321df84,31dded38edbb8675e3ce378703219fd4,delivered,2017-11-24 08:06:08,2017-11-25 05:35:41,2017-12-01 20:17:59,2017-12-19 22:46:29,2017-12-15 00:00:00
2c8d335aabf96328d817f48bdbccc430,2686a83dc8181e558df153bea379e2de,delivered,2017-10-19 06:28:39,2017-10-19 06:49:06,2017-10-19 17:53:09,2017-10-23 13:32:14,2017-11-07 00:00:00
2c8e244e1ac6be021c1587d33444bd8a,f2671ad58a644c3de291f370489f2805,delivered,2018-03-08 10:54:34,2018-03-08 11:10:38,2018-03-09 23:19:52,2018-03-17 21:38:54,2018-03-20 00:00:00
2d2975aae2e55ee662ad28cb6fd145d1,41de90cec1dce38ebecc5879294e4041,delivered,2018-02-17 14:54:32,2018-02-17 15:10:21,2018-02-22 14:20:04,2018-02-26 22:43:26,2018-03-16 00:00:00
2d3390e82fa2179935440626c58baf1a,c031cf438eaa6c40ffc3b376e05857d1,delivered,2018-06-13 22:15:06,2018-06-13 22:39:23,2018-06-14 12:48:00,2018-06-18 13:04:17,2018-07-20 00:00:00
2d4725d49513bce62ea366e8f0e213ed,6fc895d23c35083f10fe3e3275d11549,delivered,2017-07-09 11:21:03,2017-07-11 04:03:45,2017-07-12 17:23:34,2017-07-18 19:54:54,2017-07-28 00:00:00
2d5a437d439fb3aed1979b2e5f9f6b39,96996a5c71cc84a8d12774fcba1aba1d,delivered,2018-06-27 11:13:52,2018-06-27 11:30:28,2018-07-04 14:48:00,2018-07-10 22:56:23,2018-08-01 00:00:00
2d5b43766328f55157cae1e85e1dd475,1cf843acf6ec395a5d32557daef95f51,delivered,2017-07-17 20:38:16,2017-07-17 20:50:23,2017-07-18 19:41:40,2017-07-28 19:21:59,2017-08-08 00:00:00
2d7d78a1457c3765a5ee5dcae46046fd,cfa7b404a200ed9ca8df16515b5ac0b6,delivered,2017-12-01 09:21:34,2017-12-01 11:30:56,2017-12-02 12:22:32,2017-12-07 16:59:11,2017-12-27 00:00:00
2d7fab68acf33daf2ba5fc66a9435377,8e5d0adde31e653546790a303a88efbd,delivered,2018-08-10 00:39:14,2018-08-14 04:10:21,2018-08-15 11:53:00,2018-08-28 13:47:30,2018-08-31 00:00:00
2db1e25288f9a89e2ed181d8b6216f4a,0d3fdbd4697ff7426b3d0fbebafa60c1,delivered,2018-04-11 23:17:07,2018-04-13 02:31:48,2018-04-19 15:38:23,2018-04-30 11:22:47,2018-05-09 00:00:00
2dcf5497d9dc70e0e723bbc2bd26fe7d,e731292398b99dcea2bf190c3327dfec,delivered,2017-11-29 13:45:10,2017-12-01 10:31:29,2017-12-04 20:53:01,2018-01-04 16:12:47,2017-12-21 00:00:00
2dfb87489b5804dbc8293320a24aac0f,d99f288e450885b0341d068671fcf5a5,delivered,2018-03-21 13:18:40,2018-03-21 13:30:34,2018-03-23 13:42:54,2018-04-10 15:52:11,2018-04-16 00:00:00
2e266d1d2bf4cdf6d74ee51b92bab016,b6349bdae88bc7c85c4aeb0cb604dac8,delivered,2018-03-12 22:16:53,2018-03-14 02:50:56,2018-03-15 12:12:42,2018-03-21 13:03:16,2018-04-10 00:00:00
2e4b9e7c90aaeb1b4a427c8bad708b3e,70a1cb84ba0314b09ca80c68b95da988,delivered,2018-03-03 12:54:27,2018-03-03 13:48:37,2018-03-06 19:45:25,2018-03-09 16:02:29,2018-03-21 00:00:00
2e509a0f39264c5e18d820911b16990e,46f57e51eb456cbaaaf90c702d03ea3b,delivered,2018-07-12 12:01:25,2018-07-12 12:10:19,2018-07-12 14:09:00,2018-07-24 19:28:54,2018-07-30 00:00:00
2e514f06a55a990840cf3f7131b45f55,4eb59d57e9c25a5d668bcea2100316a0,delivered,2018-07-20 12:16:53,2018-07-20 12:30:13,2018-07-23 10:04:00,2018-07-24 17:58:49,2018-08-07 00:00:00
2e58df496a6b55819b859024268f5d55,ec497d640a98b2a969869c44163d08e3,delivered,2017-08-10 10:14:38,2017-08-10 11:25:16,2017-08-14 14:27:37,2017-08-22 21:20:09,2017-09-12 00:00:00
2e5e827b80515bc21c042a5181e32ec5,a1d3d78e83da30d70783ff40f8c9067e,delivered,2017-09-10 15:51:25,2017-09-11 16:05:09,2017-09-12 18:43:51,2017-09-15 16:33:29,2017-09-27 00:00:00
2e66dd346593941760c467271183f53c,d0af0c50613380ca60a62b618f159a6d,delivered,2017-05-21 18:49:12,2017-05-21 19:03:34,2017-05-23 15:49:01,2017-05-31 09:04:17,2017-06-13 00:00:00
2e8d9e986f6497677962424952e47f48,a5f1df8a1b669439f95c254410b208c4,delivered,2017-10-03 00:41:52,2017-10-03 00:56:12,2017-10-04 12:13:47,2017-10-09 18:25:14,2017-10-31 00:00:00
2e923e20cebdf4b6180a30475a3eed12,b5def42592240bfc33d93b7ccba361c1,delivered,2018-06-16 19:54:35,2018-06-16 20:18:52,2018-06-21 13:47:00,2018-06-28 18:21:13,2018-07-27 00:00:00
2e95926835baa8ca4f74e2602a69a84e,86461f32d75c88adf526de69438d0a9f,delivered,2017-04-26 14:03:27,2017-04-27 14:02:39,2017-05-02 08:11:05,2017-05-17 16:43:05,2017-05-22 00:00:00
2eb223bca7f1fae261d99669d7e8b20d,a77fbe2826d37bc0d1c1965291a08956,delivered,2017-08-07 13:39:33,2017-08-07 13:50:20,2017-08-09 19:08:12,2017-08-14 17:22:59,2017-08-18 00:00:00
2ebae2ed985f7f0a3beb4fcb70fefa19,890c6e206d77271353668167a369a6e0,delivered,2017-12-04 19:43:40,2017-12-04 19:55:30,2017-12-06 00:08:30,2017-12-19 23:17:04,2017-12-22 00:00:00
2ef4a11b6e24fdfbb43b92cb5f95edff,ee1cfdc92e449920e25d3ca4ab4da4f6,delivered,2018-07-23 18:35:14,2018-07-24 10:31:25,2018-07-24 14:37:00,2018-07-27 14:04:10,2018-08-06 00:00:00
2f04cf66091d02e84a7996ba8a645c12,5cb13b406da4e875e123570d6ccb39d2,delivered,2018-07-19 08:49:31,2018-07-19 09:02:49,2018-07-19 12:49:00,2018-07-20 16:32:50,2018-07-27 00:00:00
2f1170f5a9418a9cfe0602f39ee4aa99,22dfcdfd291a3504e0bb5708058ef999,delivered,2018-03-24 16:08:37,2018-03-24 16:27:39,2018-03-27 15:18:55,2018-03-29 01:32:56,2018-04-06 00:00:00
2f1a5157e323f52d58fca608db06ac82,0cba5ae69e1d511fdf214aa4ab92740b,delivered,2017-12-10 13:52:40,2017-12-10 14:10:30,2017-12-15 14:56:42,2017-12-27 22:42:44,2018-01-05 00:00:00
2f29cfa739331301e37ea8e0cc5c863f,7e8df4633a3d714d6f33e277b12bb4e4,delivered,2018-02-19 22:30:11,2018-02-19 23:30:27,2018-02-21 21:04:42,2018-02-22 21:22:24,2018-03-05 00:00:00
2f2c7830ba7d481daf04619aafd7878f,e3a6127d908abfd1fcbc97618672f72a,delivered,2018-05-19 10:08:59,2018-05-19 10:30:47,2018-05-21 15:22:00,2018-05-22 19:38:50,2018-06-04 00:00:00
2f7c0d4ae58c91fc32165eed84560e35,5e9f8d5f6b5e2791fc6752afd2af321b,delivered,2018-03-19 21:31:48,2018-03-19 21:48:35,2018-03-20 18:58:26,2018-04-05 17:33:44,2018-04-05 00:00:00
2f8faef508a5a7ba5de0b455cd768da8,fba329d7c026661be9487ed474865365,delivered,2017-11-03 20:44:04,2017-11-07 07:30:29,2017-11-07 19:14:56,2017-11-21 21:55:45,2017-12-04 00:00:00
2fab8b6042a5dc17a01cbca94aa6e055,4421d1d5eba4e0a40327d89c54e0ee1a,delivered,2018-07-04 14:56:02,2018-07-05 21:30:50,2018-07-06 10:53:00,2018-07-13 10:46:55,2018-07-27 00:00:00
2fb41f7fd5712215690c4c8a37fdefc5,a65c7113cc2483029fc52ce8c6af46cf,delivered,2017-08-28 23:01:59,2017-08-28 23:15:18,2017-08-29 19:48:00,2017-09-04 16:05:34,2017-09-15 00:00:00
3004f445a284f236acf5d61bf2756364,92beb79b41e627ae95ec5379b248ba82,delivered,2017-12-09 17:42:14,2017-12-12 04:09:03,2017-12-15 20:10:07,2017-12-17 12:02:21,2018-01-08 00:00:00
309d9fa2b3c76ea52c4ab89132f38adb,bdf4339fff7a233baab4173fcc20bb8b,delivered,2018-05-17 16:53:40,2018-05-18 00:55:16,2018-05-18 14:53:00,2018-05-20 17:19:36,2018-05-25 00:00:00
30a08f0074bc43c8284b61015a6c530d,3a28a125ae8571da188c2152082fabf5,delivered,2018-05-29 14:38:03,2018-05-31 03:35:45,2018-06-04 14:45:00,2018-06-12 18:59:58,2018-07-20 00:00:00
30b2ad103e6982881929c367f930ab29,3e7a71c05142242bac01cc51841abb3b,delivered,2018-08-09 12:16:52,2018-08-09 16:05:18,2018-08-10 12:55:00,2018-08-14 02:36:43,2018-09-06 00:00:00
30b3d49467327cdceed755f76dc8d3f1,996c2d5bb512735c35e2d04598f77810,delivered,2018-01-02 12:03:03,2018-01-02 12:13:48,2018-01-03 18:43:38,2018-01-11 19:44:25,2018-01-31 00:00:00
30c3c6388d83af1e5d2919082f177a66,b46989bc8ae3f4c80f08e9117a3f3d5b,delivered,2018-08-06 17:38:40,2018-08-06 17:50:28,2018-08-08 11:04:00,2018-08-13 18:35:00,2018-08-16 00:00:00
30dd65877d1287c17a2d2198a5f80da4,011fc4ea8b9a1e857358c71da7dcf852,delivered,2017-11-09 16:48:17,2017-11-09 17:08:02,2017-11-14 22:18:47,2017-11-23 19:29:52,2017-12-04 00:00:00
31209eb386cfc93a1aeacf7d2da74f86,a7822dc752d3f4130c061c077d15d5e4,delivered,2018-02-19 21:53:30,2018-02-19 22:55:31,2018-02-24 00:42:55,2018-03-23 14:28:41,2018-03-23 00:00:00
313c8d52d3e2c7c1fa9e1e1882171a24,2b00846182b41fda871e547a527e5a53,delivered,2018-04-16 11:47:05,2018-04-17 05:51:04,2018-04-17 21:08:25,2018-04-18 21:20:50,2018-04-30 00:00:00
314bb8fdc89b0dafae07549f10aaa5e0,e05514718390ea5c5de170c243b30fad,delivered,2017-07-25 02:10:14,2017-07-26 02:23:52,2017-07-26 17:17:43,2017-07-27 19:06:50,2017-08-07 00:00:00
31628e1ec1ce71d13a6d7b2b0c5db88a,56cd7ff652ff3f4ee1f3753f572c45ba,delivered,2017-03-06 16:54:25,2017-03-06 17:05:20,2017-03-07 14:56:31,2017-03-13 11:48:00,2017-03-27 00:00:00
316c859aa0c2b794a3db879c5eb09153,041cb229c816ff7ddc6e6bd21df556b7,delivered,2017-12-11 19:30:26,2017-12-12 03:39:28,2017-12-13 12:12:14,2017-12-27 18:44:56,2018-01-15 00:00:00
318a41eb5de685684d15e6ce68fa5ab7,69174d2ab6401c71be802bf71f111b93,delivered,2017-10-04 08:32:08,2017-10-04 08:49:23,2017-10-04 20:28:56,2017-10-11 23:49:01,2017-10-27 00:00:00
31a9ca81d056ac824459a57e784fcfe6,c4ed2755f23f173426fcc47decf4ebdc,delivered,2018-06-03 01:51:37,2018-06-04 09:29:59,2018-06-05 05:40:00,2018-06-12 22:28:50,2018-07-05 00:00:00
320f28931983137e4e8dbaa4c160c770,9938dc00ee7b2a4e7843c807deb29ba7,delivered,2018-08-11 12:45:33,2018-08-14 04:50:21,2018-08-15 13:16:00,2018-08-20 23:34:37,2018-08-24 00:00:00
32510b081654e6d2e96fad5a6525660f,f773ad68c6d12ab39621c0c4ee7085ac,shipped,2018-05-01 22:20:33,2018-05-01 22:35:14,2018-05-03 13:19:00,,2018-05-25 00:00:00
3260c5040c13241b3f5f7bb7ed852c89,7483110df32ada21179477a69cb7b83d,delivered,2017-02-20 09:14:03,2017-02-21 04:42:30,2017-02-22 15:32:30,2017-03-01 14:58:52,2017-03-21 00:00:00
32744f120083b73a94a86096a61ca1c8,2bdb1510d7fa5e2e324f53d7b0ecb0d8,delivered,2018-04-07 12:55:00,2018-04-10 03:50:03,2018-04-12 20:14:21,2018-04-25 18:30:49,2018-05-08 00:00:00
329465dad46fffab333860e92e7ac984,2591b8425f1f3f363d644917fbc238db,delivered,2017-01-27 22:14:53,2017-01-28 10:30:56,2017-02-03 13:54:57,2017-02-14 13:15:33,2017-03-13 00:00:00
3296617b0f860015465b3259c42115b2,4c0db677ace7cfb1bc3b297422510dea,delivered,2017-11-20 11:27:40,2017-11-21 03:46:28,2017-11-27 16:34:51,2017-12-04 17:58:56,2017-12-12 00:00:00
32980a0c990d84e3f2c3e9838a4abc1d,26b4fba1498f6b818ce6074cd08b586a,delivered,2018-08-08 11:22:50,2018-08-09 15:55:17,2018-08-10 11:50:00,2018-08-16 20:26:32,2018-08-21 00:00:00
32a9917a34f07cd1a2c04102e4989e4f,cfd87c1d660bf2efc5ce870c62ca3f78,delivered,2018-02-17 12:44:07,2018-02-17 12:55:49,2018-02-23 00:45:26,2018-03-13 22:14:23,2018-03-19 00:00:00
32df72b9f8dee31b9b3b8b8e31f2ba1d,c179c8690c67b29779474eaaed4e1b0a,delivered,2018-05-07 20:45:59,2018-05-07 21:13:59,2018-05-09 10:04:00,2018-05-31 16:40:52,2018-05-21 00:00:00
32f0d08563a05bd541da24218934fdab,a4ed10c73967572c3dd19e759113a1aa,delivered,2018-05-09 11:29:02,2018-05-09 11:51:47,2018-05-11 14:51:00,2018-05-17 19:06:47,2018-05-30 00:00:00
331027db835328af30e85ce6c7b55655,d90f5cda04cdb782cd4f07c76b1c1f0b,delivered,2018-02-05 13:02:20,2018-02-05 13:15:34,2018-02-07 15:59:32,2018-02-19 13:39:00,2018-03-06 00:00:00
3334505458e0f039b5a43c32dfef2cef,7cceb5f2b585e4346bea1666d6c88c63,delivered,2018-07-09 12:20:42,2018-07-10 09:10:17,2018-07-16 13:49:00,2018-07-23 17:03:20,2018-08-20 00:00:00
335046c7c87cf6b4d47ce63b22c563b8,0a215d233e87a33399e8defc4598588b,delivered,2018-08-06 16:56:19,2018-08-06 17:10:18,2018-08-09 16:12:00,2018-08-16 16:56:34,2018-09-10 00:00:00
33550c45cf1fd94c9f755293fb9591c0,c73286ecf213e8bd89fce93c28d24f1f,delivered,2017-12-01 12:08:24,2017-12-05 04:18:38,2017-12-05 21:45:45,2017-12-06 20:18:59,2017-12-19 00:00:00
33621dd1b751a02342dc065c32f1c96c,2be14928b31b20bf6788d731a1bae71f,delivered,2018-08-02 19:39:53,2018-08-02 19:50:22,2018-08-14 11:39:00,2018-08-15 20:54:31,2018-08-10 00:00:00
337ace5c193fb745fca018fd1e542c9c,040eba6a84cd4b4eb4ec87a825439c72,delivered,2018-02-07 00:57:03,2018-02-08 01:49:44,2018-02-09 22:09:13,2018-03-12 14:18:53,2018-03-15 00:00:00
33ae336da56e5f632a69e131c877815f,af6f22c83206abe82bea28ddb4769513,delivered,2017-04-08 19:19:32,2017-04-11 03:45:21,2017-04-11 12:18:25,2017-04-20 12:28:58,2017-05-04 00:00:00
33b50846ef5349564b8be2af1d6000aa,3d34ebc358aac6406eb02d4d46aaa4ed,delivered,2017-09-13 14:12:25,2017-09-14 09:30:17,2017-09-14 16:09:13,2017-09-26 18:37:50,2017-10-02 00:00:00
33ca67f12b946d8830eb3805cc63761b,18e8c826c91f467ecc07f9e1447b8860,delivered,2017-08-21 13:10:55,2017-08-21 13:25:11,2017-08-22 19:17:04,2017-08-31 19:49:58,2017-09-15 00:00:00
33eef7fdc8d66d56aec3a027f087f8bc,14949512ee391d8c8ce42c0682f2cdee,delivered,2018-06-23 15:18:07,2018-06-26 05:12:55,2018-06-26 08:38:00,2018-06-28 20:46:47,2018-07-20 00:00:00
341d0ee42d08b192c88aaa1c360f97e9,b5e852d38cb35637d6e92026a54bc952,delivered,2017-11-29 12:07:47,2017-11-29 12:19:01,2017-12-01 15:39:04,2018-01-03 18:09:00,2017-12-22 00:00:00
341dc4ea81fabe7de6af564b72fcf3e2,8a8c2e93d6ec33bb908f101211d78227,delivered,2018-07-04 16:17:27,2018-07-05 16:30:57,2018-07-05 15:48:00,2018-07-12 00:28:33,2018-08-09 00:00:00
345bd783a6a07b70ed006d1b11df30e6,a8875912e02ab70af811cd153eaee987,delivered,2018-02-02 20:05:14,2018-02-02 20:29:41,2018-02-06 14:56:44,2018-02-16 23:13:05,2018-03-01 00:00:00
3478b113b28e0c77c5b870f927de40cc,bb5b0eba859f1f33921bd0336173c933,delivered,2018-07-05 13:49:49,2018-07-05 16:09:05,2018-07-05 13:55:00,2018-07-10 18:21:24,2018-08-03 00:00:00
34c109afdbe68c271dced774877af8f3,f8f259cd0fb51cbae4dabf155f493572,delivered,2017-05-29 14:25:25,2017-05-30 14:45:26,2017-05-31 09:23:07,2017-06-16 17:49:42,2017-06-23 00:00:00
34e43b05d79a814bd90a43250ff10094,2f008bc4e4cb2b5e4aaafbe427468c07,delivered,2017-12-05 09:51:38,2017-12-05 11:12:10,2017-12-07 18:37:21,2017-12-19 20:18:59,2017-12-28 00:00:00
34f18b550eaf850333060c58ac00261c,38e7616c61cbacf4cdece5605db687c1,delivered,2017-11-12 22:07:39,2017-11-12 22:26:33,2017-11-16 21:32:34,2017-11-21 15:04:36,2017-11-27 00:00:00
3515fac755456eb1f251c50808fb6b12,726f33062ffa7efc5fc96df23db6b3a9,delivered,2018-02-18 11:38:22,2018-02-18 12:46:45,2018-02-22 13:12:58,2018-03-07 19:42:29,2018-03-14 00:00:00
3517c4c24184e3c518a1c8319dc60765,7d33b236218941a7bca694abb998eeda,delivered,2017-09-06 11:16:05,2017-09-06 11:25:21,2017-09-06 19:10:09,2017-09-19 21:17:41,2017-09-28 00:00:00
353f19bd937d256e95b40e479616f7f7,931c6a6d642ffe492b4992e2f7f03e12,delivered,2017-10-24 20:36:34,2017-10-26 02:56:29,2017-10-27 18:42:15,2017-11-01 22:03:09,2017-11-13 00:00:00
354310406adf3de2d6793865cca4eb97,ad70f138775d968ee261c7dfec755835,delivered,2017-11-06 20:23:42,2017-11-07 04:31:43,2017-11-07 17:35:03,2017-11-13 20:58:25,2017-11-24 00:00:00
35431beb6e4dc0ce4426a0c9ecac0640,d21146bb7e87bd17fcaccaabea993de7,delivered,2018-01-14 13:11:07,2018-01-14 13:28:27,2018-01-15 15:49:11,2018-01-22 20:14:22,2018-02-08 00:00:00
35546dd6349a2065ed8ac6ffbd2b7aba,32c6009661db53f56c198466fab06e9d,delivered,2018-03-06 10:35:46,2018-03-07 02:40:30,2018-03-08 23:46:25,2018-04-24 20:54:57,2018-03-29 00:00:00
355704bb15561f1fe0bdc9dc064e4e1a,46436350740768631c62ace7aa320f98,delivered,2017-06-05 11:57:43,2017-06-07 02:42:39,2017-06-08 08:57:09,2017-06-19 20:32:27,2017-06-28 00:00:00
35575d651196f286d8d73c2b92653aa1,11fed1c811bad9120464349fe781821a,delivered,2017-11-13 09:45:44,2017-11-13 10:07:05,2017-11-14 22:02:26,2017-11-23 12:14:55,2017-12-05 00:00:00
3568ebea6d5338487cf9c64e9f59abfe,3acf1e8de9fc5bdbaa875a2b01f217fb,delivered,2018-05-14 17:21:01,2018-05-14 17:35:29,2018-05-17 14:36:00,2018-06-08 22:27:45,2018-06-19 00:00:00
3571bf5785e29132d318f3c5222560f7,8237cee61c92196c2722acf5ed10368d,delivered,2018-04-30 12:54:15,2018-04-30 13:12:08,2018-05-02 15:05:00,2018-05-03 18:12:20,2018-05-18 00:00:00
35761fa89b5d047af6632b23b0cecf01,018445b488e6156c2fbdf926808d7228,delivered,2017-03-22 10:01:56,2017-03-22 10:01:56,2017-03-22 15:05:26,2017-03-24 16:14:06,2017-04-10 00:00:00
35a3d210c364e3747478f468b0547bb2,a3d086202fecde35a84df11623affdfc,delivered,2018-04-25 17:47:45,2018-04-25 18:10:04,2018-04-30 15:33:00,2018-05-07 18:58:22,2018-05-16 00:00:00
35a3fda780d64bcef27e2922fe37b24d,1b6ea1907f4199b0a0298495bfc9f9dc,delivered,2017-07-15 08:34:41,2017-07-16 07:10:12,2017-07-17 16:49:49,2017-07-31 17:27:06,2017-08-16 00:00:00
35ae091cd580f7c6dbb7f8c1552740fd,9f5248d1ba1badb231a1da9217f77f78,delivered,2018-08-15 14:04:47,2018-08-15 14:44:03,2018-08-15 13:46:00,2018-08-20 18:28:24,2018-08-24 00:00:00
35bc36d5460374d96175822d91d79cd1,7a66a682bc19eccafe78e901ad01cff9,delivered,2018-03-04 17:32:23,2018-03-04 17:49:03,2018-03-07 19:09:29,2018-04-17 20:11:54,2018-03-26 00:00:00
35ed6b2bbd7deca1e23166bbe62f49ca,a548f8cecd44d195d61bcfe24dd880ad,delivered,2018-02-12 20:44:41,2018-02-15 03:47:57,2018-02-19 18:49:54,2018-02-28 22:06:44,2018-03-09 00:00:00
3627f028b51748649d9f8e36ca465131,3a40eddce1165895c36fd061a525e443,delivered,2017-08-27 22:46:05,2017-08-27 22:55:16,2017-08-28 19:52:31,2017-08-30 20:00:14,2017-09-08 00:00:00
36344f0d9c19b77add7676d9fd40d9d7,be09044593379378c199f7b255a940a1,delivered,2017-07-21 18:23:39,2017-07-21 18:42:48,2017-07-24 18:17:53,2017-07-28 20:52:41,2017-08-14 00:00:00
363fe8f62de97e4334f5c88e3d9e73a8,96215fbe32b8d5475f7ba7c4e9593dce,delivered,2018-03-23 13:58:15,2018-03-23 14:15:34,2018-03-27 00:48:43,2018-03-29 21:26:39,2018-04-20 00:00:00
364bfe8be0f9a89a9a817d0e8ecd859c,9c80a6e1fb3ca98a63dbde1cd2557985,delivered,2018-04-03 01:16:22,2018-04-03 01:28:15,2018-04-07 01:42:41,2018-04-17 01:05:14,2018-04-19 00:00:00
3683d42ef26919be1aea9cbbed4dc1fa,84d9b83baeed8f137f8036a5ffcde343,delivered,2018-08-16 16:38:44,2018-08-17 16:35:19,2018-08-21 13:31:00,2018-08-29 14:55:46,2018-09-06 00:00:00
368a807c54f9394cce9b885904db58ee,868ca3c0616bfa1724d5dee470e33565,delivered,2018-07-09 15:40:48,2018-07-09 15:50:18,2018-07-10 14:18:00,2018-07-25 20:03:30,2018-08-14 00:00:00
36b513ae01c274c623245660d7069dfa,1ec4d89bd3b69465a248650104088c4b,delivered,2018-05-02 08:44:43,2018-05-02 09:14:47,2018-05-07 15:03:00,2018-05-15 16:28:37,2018-06-06 00:00:00
36e4e23cd12bdb0504acb89751e85bc8,a871b1ff77cfbc257daf33b34db71c76,delivered,2018-07-25 13:18:32,2018-07-26 09:15:15,2018-07-26 07:20:00,2018-08-17 19:29:36,2018-08-20 00:00:00
36e93f41a4f115938915bf5add9a68a7,af87edd0d77cb8dea68315b87475004e,delivered,2017-07-19 13:13:58,2017-07-19 13:25:19,2017-07-20 19:34:51,2017-07-28 21:46:03,2017-08-08 00:00:00
371d3a892917017b32ada644ba1f301d,4b75108e04b3276463ab15e3633d73e0,delivered,2018-08-05 18:53:35,2018-08-05 19:05:18,2018-08-06 14:29:00,2018-08-15 14:01:59,2018-09-14 00:00:00
3728cc076b9b664b82517f786f1a8361,dbe8fae7c774caf4f8dcb30d7c51ba81,delivered,2017-12-29 17:56:32,2017-12-29 18:07:32,2018-01-03 19:52:22,2018-01-15 16:44:50,2018-01-30 00:00:00
373021bf39310f6dcba6e36f71719d4e,24bc8d666b091ed2dc91f10af9987cf9,delivered,2018-05-01 20:00:22,2018-05-01 20:16:06,2018-05-03 11:34:00,2018-05-12 16:44:42,2018-05-16 00:00:00
3745cc99bd10a2c16e31403fe9654502,40c28d38ffbf6198d54388c7e1930d95,delivered,2018-06-08 11:20:24,2018-06-08 11:38:59,2018-06-08 14:26:00,2018-06-11 17:51:48,2018-06-26 00:00:00
377ed239c64b69ab76ed4d18bdf76958,cb389847793403afc3326a7036bd58ec,delivered,2017-08-11 16:23:44,2017-08-11 16:35:18,2017-08-14 20:33:48,2017-08-16 21:42:16,2017-08-24 00:00:00
3783e0b4f1ef0985e0d9aca4629f756b,264d02bf55980e2934f42a50c221e97c,delivered,2018-04-19 19:34:08,2018-04-19 20:51:20,2018-04-20 18:32:52,2018-04-23 15:32:11,2018-05-08 00:00:00
37c784fc18298a8c578de2bf806fdcff,39623b729aa1b91a230f0390b610271d,delivered,2017-11-07 17:16:07,2017-11-08 03:26:37,2017-11-09 16:42:01,2017-11-16 16:03:41,2017-11-27 00:00:00
37f699e1c2746962c33774a34872fad7,5ce19e6c79a4a3d9de36c5cccf0eea3a,delivered,2018-04-24 10:22:06,2018-04-25 08:51:58,2018-05-02 11:19:00,2018-05-11 02:38:12,2018-05-22 00:00:00
380c501bd03f8059ea933d24459206b0,a3481522539266ce67d71dcb43026612,delivered,2017-08-28 21:01:26,2017-08-28 21:15:17,2017-08-29 21:52:20,2017-09-06 21:43:44,2017-09-21 00:00:00
3811e225018df1f58837ddec911d3e55,8cf15db55b7c5e0fc1a421e69dbcd094,delivered,2017-09-21 09:07:43,2017-09-21 09:15:13,2017-09-22 18:31:48,2017-10-03 17:38:56,2017-10-19 00:00:00
38776c227318fc6906defc2d197cb17a,ae22e15aa05dbb05e754b9cd2c4846ac,delivered,2018-06-06 14:49:21,2018-06-06 15:13:01,2018-06-08 09:29:00,2018-06-11 20:52:31,2018-07-03 00:00:00
38812ede52a6842d03eb017fc2c9d92c,6c600072d9cb0bfcf713667cec62f67e,shipped,2018-03-18 16:33:25,2018-03-18 16:45:27,2018-03-19 17:03:16,,2018-04-12 00:00:00
38a86eb53c2309d6234fc9bad96331ac,82d98198f7fb1687858e03a5322e1621,canceled,2018-08-18 12:39:31,,,,2018-08-29 00:00:00
38ca323a7d4915303945481eb5a7e9e2,33ebaf9f5391d51bfc9fda523a759620,delivered,2017-11-28 11:40:40,2017-11-28 11:58:35,2017-11-29 21:09:57,2017-12-05 21:23:25,2017-12-18 00:00:00
38db33637385302252909c781f213e91,dbd39e878bd4aca0ed717fc128f8210d,delivered,2017-08-31 10:53:40,2017-08-31 12:44:33,2017-09-04 13:32:56,2017-09-12 18:40:02,2017-09-19 00:00:00
38e58cdf27a57490e8945bd9f8150e45,61be4ccaf746740a0b989d65263cfa30,delivered,2017-11-28 15:34:46,2017-11-28 16:02:19,2017-12-01 17:48:38,2018-01-05 11:19:40,2017-12-27 00:00:00
38f4de107b2ebaed574ce9233ad3f261,d4ae6fb4f627d842499fed248067a69f,delivered,2018-01-19 19:26:20,2018-01-19 19:37:14,2018-01-23 16:44:29,2018-01-30 19:08:59,2018-02-09 00:00:00
38f6871a527b1bba63f4db9b0f3dee2d,db49fe520cb46f61abd48dd7ac799885,delivered,2018-06-14 19:35:01,2018-06-15 02:17:23,2018-07-06 08:32:00,2018-07-11 15:40:55,2018-07-11 00:00:00
394ff86ee81814bb5f88c7e8ad2812b3,35c96160ee1db65f1cbf4fbcb6f38826,delivered,2017-11-24 19:03:25,2017-11-24 22:19:37,2017-11-27 15:21:39,2017-11-29 22:07:14,2017-12-08 00:00:00
396cf83a5c0a10f81804e755cae565ab,66066f1de2d64e810cbaf862570d95f0,delivered,2018-01-05 09:35:05,2018-01-05 09:48:25,2018-01-05 21:07:51,2018-01-08 19:07:39,2018-01-29 00:00:00
397a32bc626d3c1e951590a39c6f7929,61dba1fa1816dba818bf2e583ef11c34,delivered,2017-04-14 12:57:10,2017-04-14 14:21:54,2017-04-18 14:52:52,2017-04-20 14:38:26,2017-05-10 00:00:00
39a2c5163845188e0148f36a05ff7ac7,8f7c043d717386cdc50669c78a43f85a,delivered,2017-08-16 20:38:37,2017-08-18 02:30:07,2017-08-21 14:44:03,2017-08-30 17:32:21,2017-09-08 00:00:00
39b07544f44827ecfb759a3544ccab72,dcbfb65ae9125d8e25367087650ad49c,delivered,2018-07-31 12:39:25,2018-08-01 03:31:38,2018-08-02 12:53:00,2018-08-03 19:22:12,2018-08-08 00:00:00
39dab0c9ea1c7c66a1a516423f50c97a,33f7e823808ce786ac284e32b07cf6e4,delivered,2017-05-08 17:51:05,2017-05-09 09:45:19,2017-05-12 14:17:02,2017-05-22 14:33:18,2017-06-12 00:00:00
39f71ba799c87ce196465bad51c55d0d,7a7d6b506791478fbec785458412fd17,delivered,2018-08-07 12:37:44,2018-08-07 12:50:20,2018-08-08 13:07:00,2018-08-16 16:48:27,2018-08-16 00:00:00
3a4a16a0abedcdaf512f9c1a791049c0,b98dce52f7623552b8acdb382bfb202b,delivered,2017-11-29 12:38:38,2017-11-29 12:58:18,2017-11-29 22:02:58,2017-12-01 16:42:30,2017-12-13 00:00:00
3ab2e0cca7a7831b28bb1bcff404f6c7,ed0deda10666afaa99bf30119f929ae3,delivered,2018-07-14 17:52:26,2018-07-14 18:15:23,2018-07-17 06:42:00,2018-07-26 20:52:31,2018-08-13 00:00:00
3ad8b95da1d9a9f797b5d79dffcdd15f,54e45f61024a906d5ed85efa3cc79c4e,delivered,2018-02-14 15:13:26,2018-02-15 03:56:02,2018-02-16 19:56:47,2018-03-02 17:47:08,2018-03-09 00:00:00
3af58300549c324fa418f079815fc952,be0b9ebc5a6063c689151c824e2730a1,delivered,2018-05-23 17:45:41,2018-05-23 17:55:58,2018-06-04 15:37:00,2018-06-08 17:16:37,2018-06-25 00:00:00
3b336014b6a2b0774fb872f338dab7a2,6cd41c3423e017e6eaac4434b629c9fd,delivered,2018-01-05 10:37:58,2018-01-05 10:47:52,2018-01-09 16:51:56,2018-01-20 17:15:24,2018-02-14 00:00:00
3b40ede283844ba0fbdd110f8a56792f,e489861e700dfc79e5347bbf75b472e0,delivered,2018-07-18 14:35:41,2018-07-18 14:45:20,2018-07-18 13:06:00,2018-07-25 17:27:25,2018-08-01 00:00:00
3b43489e5e595593e63470f9e524d325,0f4e6706036eec942d3b94d1d00ba58f,delivered,2018-06-22 21:24:55,2018-06-22 21:58:37,2018-06-25 13:20:00,2018-07-24 14:41:46,2018-08-01 00:00:00
3b6ba183ec307f2e980a01e66f596821,55858b24b1b18a4e50fce22b11a761bf,delivered,2017-05-10 18:58:00,2017-05-12 02:55:15,2017-05-15 08:13:46,2017-05-24 11:45:08,2017-06-09 00:00:00
3b7620f0a3652abfdf6bc1b145b9117c,bb0035159eb7f8b3caa5285dfd1eb1a5,delivered,2017-08-10 20:37:54,2017-08-10 20:55:17,2017-08-14 18:22:52,2017-08-24 16:06:43,2017-09-14 00:00:00
3b7999074565a5320366ad70c5aec08b,1d65236b903e944ca24271c42aa4a221,delivered,2018-04-05 11:22:30,2018-04-05 11:35:24,2018-04-06 22:48:59,2018-04-09 22:24:45,2018-04-19 00:00:00
3b7febf42292030e8a4466053c383fab,a30d1fca30923a4b621b888b3abb0365,delivered,2018-04-16 23:12:40,2018-04-18 04:32:05,2018-04-19 19:21:26,2018-04-24 01:18:32,2018-05-14 00:00:00
3ba290d869362a67994eede4e78130f0,64e685e8056227e8864eb92949604290,delivered,2017-10-02 00:28:03,2017-10-02 00:49:19,2017-10-03 17:25:58,2017-10-16 21:47:51,2017-11-03 00:00:00
3ba9c7e03e16689f18c77e2f5efd2af4,26e51150dfad8e72cb6698c93cb3afb1,delivered,2017-11-18 14:51:54,2017-11-18 15:06:44,2017-11-21 16:17:00,2017-11-30 15:31:50,2017-12-19 00:00:00
3be2b03f32e88489f49c64de449e6d98,ac4d7ea25bf1458ad9bc7ae8dc831697,delivered,2018-02-13 12:39:00,2018-02-15 03:56:07,2018-02-20 19:22:37,2018-02-23 15:38:42,2018-03-06 00:00:00
3bfd703ce884b8a0a65e63f2d4db6393,4f61f8c61f079aa7d12dc2b21087507c,delivered,2017-05-10 17:45:05,2017-05-10 17:55:19,2017-05-11 10:23:53,2017-05-12 14:30:06,2017-05-18 00:00:00
3c153f5d35e78b843022376a66dac30d,6d4c670ec12bca4a383d5841d79f5952,delivered,2017-11-24 11:35:33,2017-11-25 20:17:25,2017-12-01 15:09:05,2017-12-12 14:23:52,2017-12-19 00:00:00
3c6956bf8f0e149d42761d50bf2ccb84,20880149166c1e70a7e235e486e3ff00,delivered,2018-06-24 10:34:31,2018-06-26 05:37:15,2018-06-26 15:10:00,2018-06-28 16:48:51,2018-07-05 00:00:00
3ca573452c1546150e8fd1e02b5603a7,3c78bfd891da95dc74a25cdb244f5a46,delivered,2017-12-12 16:04:58,2017-12-12 16:17:25,2017-12-13 21:07:32,2017-12-22 19:29:57,2018-01-05 00:00:00
3caeb4389178c6b0cad926fcd9a939de,3a39e063be6ca5cd7bcd9e04cc761d63,delivered,2018-02-10 21:12:37,2018-02-10 21:35:28,2018-02-15 01:37:02,2018-02-22 20:22:39,2018-03-08 00:00:00
3cfb6e2f13d190a67c451cb4a359faee,34d50c815414e1f5a73de0562cf52098,delivered,2017-12-06 15:07:57,2017-12-06 15:19:34,2017-12-07 19:34:34,2017-12-11 17:57:14,2017-12-29 00:00:00
3cfb7adfbc262ab9088ebe345a8aaef1,1aa0903cfd53ba0ba3053f3892d00740,delivered,2017-12-18 17:29:26,2017-12-19 10:10:41,2017-12-21 19:52:45,2017-12-22 16:34:16,2018-01-05 00:00:00
3d4369dcce579868d4629c19b96260c9,e98b6caaa9a23d78a283f65cec39e73f,delivered,2017-07-14 19:52:29,2017-07-14 20:05:21,2017-07-18 13:16:30,2017-07-26 19:16:47,2017-07-27 00:00:00
3d536bddbad51e46b6bf390bdc17cb04,6dbbc0decd3468500c3faf6dccff6fd4,delivered,2018-02-24 17:24:00,2018-02-24 17:35:27,2018-02-27 13:55:00,2018-03-05 15:42:11,2018-03-29 00:00:00
3d6de6859857d943fc208268b533c0a9,10c56b290bcf8ac9e21b5365b7ed55a0,delivered,2017-08-25 18:14:51,2017-08-25 18:33:09,2017-08-29 19:39:56,2017-09-04 18:04:45,2017-09-19 00:00:00
3dbf83f783c5b8b10a714e9c887347ba,24041cfc56158275932c943208731828,delivered,2018-02-20 11:52:34,2018-02-20 12:07:36,2018-02-21 00:43:00,2018-03-09 19:24:57,2018-03-14 00:00:00
3dcc4c9174a04ed82d42905c7dd139e7,9dd475c34f4cc88c45bec1dc40f33fa4,delivered,2017-07-20 17:31:12,2017-07-22 02:23:19,2017-07-25 20:49:39,2017-07-28 16:06:45,2017-08-18 00:00:00
3de642b372ed772362b5a3df6f583046,d3bee0359b17267f18ad65628bbbc537,delivered,2017-05-16 16:06:14,2017-05-18 02:30:51,2017-05-23 07:13:36,2017-06-01 11:47:54,2017-06-07 00:00:00
3e01bcdfc97eab0de1ea04ac3848d32d,8843bb636edd3fc66fe18b063773cf4e,delivered,2018-01-30 16:33:31,2018-01-30 16:52:51,2018-02-01 15:22:59,2018-02-09 15:42:39,2018-02-23 00:00:00
3e02b2b05d2244a9fb8f748eaf4ab3ed,0df7ed475af4782bbba1363517a9ec16,delivered,2018-05-04 15:22:36,2018-05-04 15:35:14,2018-05-08 13:34:00,2018-05-11 23:28:43,2018-05-23 00:00:00
3e2e0c0d125ba0b63ecec3768508fbfa,6805e3b2ee357e4c1e4f03376a7766d5,delivered,2018-07-23 19:25:21,2018-07-24 10:31:41,2018-07-24 13:47:00,2018-07-27 18:51:45,2018-08-10 00:00:00
3e3a2f955d45f35c654bd13bade8e0d3,b405716abc33037f3150858d83ce47b9,delivered,2018-07-30 23:26:24,2018-07-31 00:20:12,2018-07-31 11:56:00,2018-08-06 18:48:45,2018-08-14 00:00:00
3e5851bac5137487999e438e2986af8e,febc8698a75e85a4ddf0e78926c1119c,delivered,2018-08-09 16:53:00,2018-08-10 07:10:11,2018-08-13 10:30:00,2018-08-22 22:33:55,2018-09-03 00:00:00
3e9bba03e932414fa3ebd2ae83a0cffa,47a5f974c3f5bdf4eb179dfc1752041a,delivered,2018-01-21 18:09:12,2018-01-22 13:55:50,2018-01-25 23:42:21,2018-01-29 17:38:51,2018-02-06 00:00:00
3eb95f6a896852d771ecaa56c4f02349,95149169752f33705244ee124d213204,delivered,2018-04-11 00:31:22,2018-04-12 07:51:18,2018-04-19 22:58:38,2018-04-25 22:12:39,2018-05-07 00:00:00
3ec8d477ad3b18290ba325fecaf053f3,722a4e948bc8a8a02e9f1ea192e2052c,delivered,2018-03-05 09:37:06,2018-03-05 09:48:27,2018-03-06 20:49:01,2018-03-08 14:58:37,2018-03-21 00:00:00
3f06b341424a7ec67dd957609ee3cba6,5df01440460ae5cac2f74aba93f8e946,delivered,2018-03-25 18:27:30,2018-03-25 18:47:57,2018-03-27 23:56:48,2018-04-02 16:32:02,2018-04-27 00:00:00
3f0f2949423ea4caec394b9d09f075dd,d401d40e203390378e43c27046395eb5,delivered,2017-05-05 15:30:07,2017-05-05 15:45:18,2017-05-09 17:13:51,2017-05-22 09:42:08,2017-05-30 00:00:00
3f0f3c811e704a2423f25301eaedf047,3c29fd050b0f03c8edd4954ff0630eb7,delivered,2017-08-12 11:43:43,2017-08-12 11:55:21,2017-08-14 20:11:47,2017-08-16 12:29:17,2017-09-01 00:00:00
3f1dd297747aab080b039b92ef7809a7,01fba1cb73bbc4533bde8318035fa9e7,delivered,2018-07-09 18:06:27,2018-07-09 18:25:14,2018-07-10 08:52:00,2018-07-11 19:08:29,2018-08-01 00:00:00
3f6a06dd65ecc8c3c8bf73dd9f5ade29,88ca1a52550c2c65c9b75121cc26b060,delivered,2018-06-29 11:19:19,2018-07-05 16:04:10,2018-07-04 13:55:00,2018-07-13 13:24:41,2018-07-27 00:00:00
3f6efc4ada967d7b5ad1b6c30ca43b96,b107800c872a68d1703ddfe3c2dc961d,delivered,2018-01-14 16:56:20,2018-01-16 03:51:08,2018-01-16 18:36:45,2018-01-22 20:32:47,2018-01-30 00:00:00
3f84b0049b0be014bde59429ca8267fc,71882d714a4b6d1302fe9535174a0100,delivered,2018-08-17 16:49:49,2018-08-17 17:30:06,2018-08-20 15:02:00,2018-08-30 21:22:43,2018-08-23 00:00:00
3f8d6d4cd34333e5cada298b7b09b719,43ab53dd49eed1db9a84112751175d74,delivered,2018-08-14 07:04:43,2018-08-14 07:15:12,2018-08-15 06:27:00,2018-08-16 21:16:38,2018-08-21 00:00:00
3f9b6f8b34537b09fecc693148454b85,ac9003f42265dbb7e2062aae6911d535,delivered,2018-02-21 20:02:16,2018-02-21 20:15:28,2018-02-22 20:24:10,2018-02-23 13:28:58,2018-03-07 00:00:00
3fbd798d7e8c262456edce32abaee496,4410b688abf3a740eb252990826a8947,delivered,2017-12-05 16:39:36,2017-12-05 16:56:33,2017-12-07 02:32:39,2018-01-30 17:55:58,2017-12-28 00:00:00
3fcef6f64992de28b33bffa27537d868,b3889ade4bf0e6c042b319f1618aed66,delivered,2017-05-24 16:09:42,2017-05-24 16:22:43,2017-05-25 10:39:18,2017-05-31 07:33:58,2017-06-16 00:00:00
3fd1a0108718230e45ed596af3c04ab7,5d36976ccb4dfefc743eede038a851b5,delivered,2018-06-23 12:16:19,2018-06-25 14:54:17,2018-06-26 12:41:00,2018-06-29 19:22:22,2018-07-20 00:00:00
4000f82f3395a0f2a5ad6a4e32060a66,d487aa340a91e854f5108e5477f210b9,delivered,2018-04-27 09:40:53,2018-04-27 09:55:17,2018-04-30 11:18:00,2018-05-08 16:17:40,2018-05-22 00:00:00
4048b8311e92aa983ee72f0b5f1e8ce5,3839f89127a69207ac46a8c0f3269ac7,delivered,2017-12-13 17:39:57,2017-12-13 17:52:22,2017-12-14 20:09:07,2018-01-04 14:33:23,2018-01-12 00:00:00
40542f414acd736bdacaeb85dc7df95a,4c617161230211252e057caafba04bbb,delivered,2017-05-02 14:11:00,2017-05-02 14:22:39,2017-05-03 12:33:04,2017-05-08 10:42:33,2017-05-31 00:00:00
408bba49e507e2efa9fbb77966ca4697,7ec34e03cfead59804e2ae99d09014a6,delivered,2017-09-29 20:34:06,2017-09-29 20:49:25,2017-10-04 11:07:14,2017-10-10 22:33:42,2017-10-31 00:00:00
40b1be99be1654dadd7e49f038296ced,ce915e7052985989f18b0ba2e35f50c4,delivered,2017-11-16 22:20:47,2017-11-18 02:48:30,2017-11-22 19:52:09,2018-01-04 18:08:28,2017-12-15 00:00:00
40c95b7789cf4450c616a71d2efab73d,75bfc6853270154fc640f0ca072112d0,delivered,2018-08-02 15:24:39,2018-08-02 15:35:14,2018-08-07 10:45:00,2018-08-10 16:28:49,2018-08-14 00:00:00
40d9b709b3b6a77fcd309165705f58d7,d707f0c570bead47049c3a517b657b95,delivered,2018-07-29 15:38:03,2018-07-30 18:31:09,2018-08-14 12:56:00,2018-08-20 16:21:00,2018-09-10 00:00:00
40deb01ced4c0d076432514cea0a091e,466ca075213145305a2760482ecf8c26,delivered,2018-03-11 11:55:16,2018-03-13 04:20:27,2018-03-13 18:18:34,2018-03-16 20:06:31,2018-03-23 00:00:00
40e6e449d7ed3885b35b3925d7403cb2,36a95299dcc99992ac71defa090dc4c4,delivered,2018-02-26 14:34:01,2018-02-26 18:48:52,2018-02-28 01:36:48,2018-03-06 22:42:50,2018-03-16 00:00:00
40ea731f6fa10cf721b503b64f3b178e,56db056a50c2c0e00ecb1a9f15d92ce0,delivered,2017-07-18 08:52:43,2017-07-19 07:10:14,2017-07-20 18:46:36,2017-07-28 16:04:35,2017-08-08 00:00:00
41139489fb8433d34419f648aa690815,9909b2105c93cda0354677dde50d062b,delivered,2018-08-09 20:03:12,2018-08-09 20:24:41,2018-08-13 14:38:00,2018-08-14 19:52:38,2018-08-16 00:00:00
411d2a5826116cb819444537c0d0360d,4c4cd07e2f89dea5a2c798712dfd3b9f,delivered,2017-11-10 19:14:33,2017-11-10 19:31:03,2017-11-16 18:22:58,2017-11-21 19:34:55,2017-11-30 00:00:00
413cde030a614ac044fdc905c6849453,fa5bc8f480c2de2027c6f8f1e0e7c392,delivered,2017-10-30 16:34:47,2017-10-30 17:31:34,2017-10-31 21:59:30,2017-11-06 22:46:53,2017-11-17 00:00:00
4157bbe2d286aea97eced684d71b229e,6789ff94f33ec35c9ce0eccb2513fa52,delivered,2017-10-22 14:36:30,2017-10-22 14:49:42,2017-10-26 20:52:48,2017-10-28 18:11:53,2017-11-03 00:00:00
41713846ac2af0e189ba1b8ba8288e64,1a9e43268e5d612e8f5794dfc526c0da,delivered,2017-06-12 06:50:21,2017-06-13 03:45:21,2017-06-14 14:29:44,2017-06-23 10:52:08,2017-07-07 00:00:00
4171f8b589ce09c1ea19d8d625777989,3a80ca7483f8a0ac22a0e77a05973835,delivered,2017-04-26 07:45:00,2017-04-27 13:10:22,2017-05-03 15:37:33,2017-05-08 08:13:08,2017-05-16 00:00:00
4185621f3aaf889fde42176d1f902b20,e4831d382b78bb2bba00e6c02b9562a9,delivered,2018-05-07 11:06:40,2018-05-07 17:56:27,2018-05-18 14:02:00,2018-06-05 18:22:26,2018-05-28 00:00:00
41b6c4ea42d874899cb2547558f9e577,d596df272d1e83e4d3c20de772fc36e3,delivered,2018-01-31 09:40:39,2018-01-31 13:48:23,2018-02-02 01:37:44,2018-02-21 01:25:01,2018-03-05 00:00:00
41c291a561e0257e25d6a75037e5a6a1,24776ca74573c5225d00a09c387c7944,delivered,2017-11-24 20:35:30,2017-11-24 23:34:54,2017-11-28 01:42:48,2017-12-16 15:27:01,2017-12-15 00:00:00
4213bf7933d48cf3705fd44b4e4c8ce3,dbcdae75dc4490db8007ce62565d512c,delivered,2018-02-25 17:28:28,2018-02-25 17:47:31,2018-02-26 18:37:53,2018-03-10 17:21:35,2018-03-22 00:00:00
427e94c44e8cd05d6b4958f49f5199ab,9e3fe122c953e6f616a2d6bb78307741,delivered,2017-05-16 21:43:32,2017-05-16 21:55:10,2017-05-17 14:26:39,2017-05-18 13:17:37,2017-05-29 00:00:00
428379472fdd9b3d36d545677e852e77,f54ff0ff6dbdfcac2b593b3154f207f1,delivered,2018-04-04 17:30:42,2018-04-04 17:50:29,2018-04-24 22:47:42,2018-05-03 23:52:07,2018-05-11 00:00:00
42d8cfd4e239b47ae745848a8bdd5193,43052296c9ba662bc8628ebf9661a86d,delivered,2018-02-26 10:30:52,2018-02-26 10:50:48,2018-02-26 21:23:24,2018-02-27 12:38:55,2018-03-12 00:00:00
42ef77c2949646ec1d09f4f38b249508,87730f978647280a4f4c7a9468f38462,delivered,2018-01-29 14:05:43,2018-01-29 14:38:22,2018-01-31 23:27:48,2018-02-05 23:36:25,2018-02-14 00:00:00
430e183eafa732301b3ecab620951c06,4e543e0fc704f5ade7b8bdd49d2b6638,delivered,2018-01-14 10:13:20,2018-01-14 10:29:46,2018-01-17 21:33:24,2018-01-31 23:42:56,2018-02-19 00:00:00
43101ee6b066954af2c1074445d240ec,b3eadd54a158b3e179e37ffcd09a97a4,delivered,2017-08-14 10:27:07,2017-08-15 10:56:08,2017-08-15 19:48:34,2017-08-22 19:44:57,2017-09-19 00:00:00
432d80d2aab5e167192912051828b7fc,a54a00bb6ed9d6da10607809516554d1,delivered,2017-03-28 15:36:43,2017-03-28 15:50:16,2017-03-29 10:40:24,2017-04-12 14:58:57,2017-04-19 00:00:00
435f2daeb635ed643b734989e51553c6,805d3866943c88ce53b6a4e112e4fdbf,delivered,2018-02-27 15:10:06,2018-02-27 15:29:49,2018-02-28 23:23:16,2018-03-05 16:17:30,2018-03-19 00:00:00
437ad5a02525073e622a0752d52e8e19,9416442098a63db64793060ee56cc87f,delivered,2018-04-17 19:04:41,2018-04-17 19:15:17,2018-04-18 19:04:44,2018-04-26 02:12:07,2018-05-15 00:00:00
4382b7af38e2034ff26273519819f2d2,660a5acfb2835dd4b993ab8850da4a1a,delivered,2018-03-02 17:01:58,2018-03-02 17:15:39,2018-03-06 03:13:11,2018-04-27 20:41:09,2018-03-22 00:00:00
438dad6fa6e9ce3c50e4497b4232c7ce,7bf292ff5a207037c946ce46a12e8d7b,delivered,2018-04-19 16:11:59,2018-04-19 16:58:08,2018-04-20 20:03:36,2018-04-26 18:12:34,2018-05-18 00:00:00
43bbf51a29b5a969348978d51a55d72d,acc6b1746ac423c89f40ef3c0cd1a25b,delivered,2018-01-16 14:04:28,2018-01-16 14:13:34,2018-01-17 22:16:18,2018-01-27 00:16:08,2018-02-08 00:00:00
43d88b0e949865904334dd5b3ca63f50,aa601b3c45980c0918042d5ca7a25054,delivered,2018-03-15 16:59:11,2018-03-15 17:15:42,2018-03-19 15:03:06,2018-03-20 16:13:27,2018-04-02 00:00:00
43d8b54629756a38a418dfef248957c2,00e20d0af2000bc5415d945981b3bd31,delivered,2018-05-01 22:36:31,2018-05-01 22:55:25,2018-05-02 15:15:00,2018-05-08 13:43:52,2018-05-28 00:00:00
442dccfb1443cb7035f2b7810f974dd9,adaf88d3b2dd17497e88d690060fe409,delivered,2018-04-02 21:33:35,2018-04-03 12:35:25,2018-04-05 00:17:41,2018-05-11 00:39:08,2018-05-02 00:00:00
446783bed4af912fc010915b3ead3b91,8420c67c3e79c468234b1d79a15c4d6d,delivered,2018-03-06 13:43:08,2018-03-06 13:55:46,2018-03-07 20:43:21,2018-03-22 16:52:13,2018-04-06 00:00:00
446e20f85f1b9cf552376d6f31c983b2,db6505328f042b7f4fae7d80f3b0515f,delivered,2018-02-23 13:12:12,2018-02-27 05:31:00,2018-02-27 20:13:18,2018-03-06 23:49:06,2018-03-15 00:00:00
4477da12913cb6bd85fc066f52b27f91,ab8f9b7ac7fd6927c569c0233a6f0633,delivered,2017-08-13 23:13:04,2017-08-15 03:35:28,2017-08-16 19:53:09,2017-08-18 22:04:47,2017-08-25 00:00:00
449a5c83325ac51d98c821405c503183,744472d5342f14d99da7aac037d88721,delivered,2018-01-22 23:09:08,2018-01-22 23:18:29,2018-01-23 20:51:43,2018-02-03 07:23:05,2018-02-20 00:00:00
44a36c78aa2626a8bdd0bc7f18c821a4,0c95f1404cdef95cb34818ac3c9bf02e,delivered,2018-08-20 20:31:00,2018-08-21 04:10:14,2018-08-21 14:00:00,2018-08-27 17:30:23,2018-09-05 00:00:00
44cf3a952d8e1d64780add94ffd74dfe,ed17f7cfab06ad5010c569513a1093d4,delivered,2018-04-25 01:19:54,2018-04-25 01:30:53,2018-04-30 16:40:00,2018-05-05 00:26:30,2018-05-17 00:00:00
4526b32a6f35ff4b865facdf3ec8e567,34f4621d799ac14523b39ac5ae2eaadf,delivered,2017-04-13 14:21:04,2017-04-13 14:35:14,2017-04-17 10:44:16,2017-04-19 07:48:01,2017-05-05 00:00:00
45655002c111b6037f3244f4692bb526,34762c7ffa1e30effc6e33fc31c3742f,delivered,2017-05-24 11:02:36,2017-05-25 03:02:33,2017-05-26 17:25:55,2017-06-01 13:10:07,2017-07-04 00:00:00
457afd8c764234eb93f7a25268578440,37750266450eef3226b92346f056b786,canceled,2017-08-14 22:13:14,2017-08-16 03:25:03,,,2017-09-20 00:00:00
45af011411986b48414c28e5be9b3632,034114dc2bf3002b8d1bad87a64e0ade,delivered,2018-06-20 13:25:15,2018-06-20 13:57:36,2018-06-21 12:05:00,2018-07-13 20:33:06,2018-07-18 00:00:00
45b1b3b169e059058cccd3eed24aa5cd,6f8fabdb68a6ad9c7f5d49413e65f46d,delivered,2017-11-21 13:00:21,2017-11-23 02:33:58,2017-11-23 22:10:29,2017-11-30 02:21:32,2017-12-21 00:00:00
45ccd2f1dba595badc92a8c34c88381f,9f15859f6d963a90bae5f05b242cce4d,delivered,2018-05-25 12:51:58,2018-05-29 03:55:14,2018-05-29 08:58:00,2018-06-04 18:04:13,2018-06-19 00:00:00
45d415631ccea18d79bed1ea8088b58c,a0f02065ac39fbe6cc97d33e2ab47e17,delivered,2017-11-22 22:42:11,2017-11-22 22:53:28,2017-11-23 20:25:09,2017-12-06 15:42:18,2017-12-18 00:00:00
45f470a790aede4d492919f4df65b123,ed6ae96460478dd6080dabe8038a246e,delivered,2018-08-06 11:15:25,2018-08-07 04:24:47,2018-08-08 14:45:00,2018-08-20 22:48:54,2018-08-20 00:00:00
46095dff98fab25f0cb4306a0430612f,87b3a6c0358691775bad9e0c6d0a2414,delivered,2018-06-29 19:01:22,2018-06-29 19:10:41,2018-07-02 12:27:00,2018-07-09 10:32:34,2018-07-27 00:00:00
460e7c2c52aecac706c288aab6a044a0,29ab23f8178580030437fa4cf68111c0,delivered,2018-02-01 17:11:21,2018-02-02 02:54:08,2018-02-02 17:44:22,2018-02-23 22:51:55,2018-03-06 00:00:00
46216bad82195f8dec79cfde98c57acd,1a79125e3c27596d608c700c90818a2a,delivered,2018-01-17 14:42:14,2018-01-17 14:52:28,2018-01-18 22:03:47,2018-01-25 23:27:03,2018-02-08 00:00:00
462ac93c107f9de96346db36168256c1,aa669113d84e54772dcff82d3dd74177,delivered,2017-11-11 12:55:29,2017-11-11 13:06:54,2017-11-16 14:12:14,2017-11-25 00:53:40,2017-12-06 00:00:00
462f1226eadb17cabaa2323b360486aa,7b514dbab8ef621b561b03831b31f9e6,delivered,2018-03-03 16:14:37,2018-03-05 08:08:28,2018-03-06 20:56:33,2018-03-21 17:06:36,2018-04-02 00:00:00
466a97f80260f9336c1be60a53042e14,10f1f9be58b2f03349c40a280166de70,delivered,2018-01-25 20:30:55,2018-01-25 20:59:02,2018-01-29 23:58:52,2018-01-31 20:48:35,2018-02-14 00:00:00
467d8823c7b37e758ad17a9a61c347bf,e4dd07851ecba1fb21515fbde984dda8,delivered,2017-12-13 14:35:34,2017-12-13 14:56:49,2017-12-14 14:33:49,2018-01-07 11:52:41,2018-01-18 00:00:00
469e8e6e5a8946a3ba0e0835ae771e6b,288e976c94e837a29abe6b90418dcfef,delivered,2017-02-10 14:34:59,2017-02-10 14:45:23,2017-02-10 15:42:49,2017-02-16 18:33:59,2017-03-13 00:00:00
46a354ecffd29742e985db9b49cae302,f1f2220be2d7765501bfd00eb025fa3e,delivered,2018-02-05 12:43:16,2018-02-05 12:55:42,2018-02-09 01:18:24,2018-02-20 15:38:55,2018-03-05 00:00:00
46c36a9b14438f007086c53a374abf1f,d716708080665af336cd4bc2aa0f4ba8,delivered,2018-02-19 11:37:37,2018-02-19 12:35:23,2018-02-21 19:46:54,2018-02-27 19:59:04,2018-03-12 00:00:00
46cce235fa3f299c3093aedae4396900,6fa98fa8dfe234b37dffdf3faf2986c9,delivered,2017-11-24 10:08:07,2017-11-24 10:30:43,2017-11-28 16:32:46,2017-12-21 21:27:47,2017-12-22 00:00:00
46d041b384bbdb77141815dd111b0e43,3ca7e43debc8bd63b6b3dfae174f2147,delivered,2018-08-11 21:20:06,2018-08-11 21:30:10,2018-08-13 08:31:00,2018-08-14 19:51:19,2018-08-17 00:00:00
4703440eb9289d3769819920e98ec061,e26c19c5ccc698f3612f11874d3b07cf,delivered,2018-02-01 09:39:46,2018-02-01 09:55:32,2018-02-01 23:41:10,2018-02-14 22:17:04,2018-03-01 00:00:00
4703fef754ddf8addbed5b7935e2f868,0a30e5974eb5b071a0b36cfe55704138,shipped,2017-04-27 11:17:20,2017-04-28 11:41:53,2017-05-03 15:59:50,,2017-05-29 00:00:00
472e24b86f260b32d88c77ddc166659c,bf3ce642700f48af4eac23622e9ca327,delivered,2017-08-11 17:08:43,2017-08-11 17:25:18,2017-08-14 18:44:42,2017-08-16 15:24:41,2017-08-31 00:00:00
47378b461210a310c95e17323f7dd726,8a5881366c8a17270865c025f0636675,delivered,2017-01-27 05:27:14,2017-01-28 03:31:22,2017-01-30 13:42:08,2017-02-06 15:44:33,2017-03-07 00:00:00
475222e589bbaeac43093fcf2c855301,5df9d74d1d062721c63f353c1fa4eec0,delivered,2018-07-30 12:48:54,2018-08-01 03:31:53,2018-08-10 13:16:00,2018-08-15 20:32:34,2018-08-24 00:00:00
481bab4ab953e59fd75574754371e676,57881a5d221c6786c46880c5358abb30,delivered,2018-08-03 11:42:26,2018-08-07 04:10:21,2018-08-07 15:33:00,2018-08-09 21:15:47,2018-08-14 00:00:00
4832ff0402c0e07fcf802721babe2b05,195bfa760d994681f4db21fc8ed21af5,delivered,2018-05-01 09:03:05,2018-05-01 09:15:20,2018-05-02 13:07:00,2018-05-08 00:53:51,2018-05-24 00:00:00
483c22865f4aa9d0bd3cceb535b176ab,209ff5d502f02e97bc3cd9bc444945a4,delivered,2018-01-03 18:58:59,2018-01-05 02:39:34,2018-01-10 22:59:52,2018-01-18 17:23:08,2018-02-01 00:00:00
4863e15fa53273cc7219c58f5ffda4fb,d585ba9998251ba8cc0ee6ed21683b0d,delivered,2018-01-23 01:12:12,2018-01-23 01:19:25,2018-01-23 20:45:06,2018-03-05 16:23:02,2018-02-26 00:00:00
488d5fc485f4624acb8132918763416c,bf7ccf3f1fb5ff1cc9130f8f2985017e,delivered,2018-05-23 11:14:52,2018-05-23 12:00:05,2018-05-24 13:23:00,2018-05-25 21:21:49,2018-06-08 00:00:00
489db951401825ce7d66665e5b5108bf,39747a75c12f4c803a205a1625fdf7ef,delivered,2017-08-02 19:15:07,2017-08-02 19:25:21,2017-08-03 18:33:33,2017-08-04 20:26:54,2017-08-22 00:00:00
48b20e2450ca3aafee885610dadf7f1f,778cff46897ef1ea3369ce789960b2c3,delivered,2017-08-08 17:45:00,2017-08-10 03:25:33,2017-08-10 18:57:29,2017-08-16 20:37:56,2017-08-30 00:00:00
48cfadf939f8bc6a5f3890799a9c62f5,35bc87103d16a383cf9a98b672d3bb3e,delivered,2018-07-18 18:58:11,2018-07-19 02:55:10,2018-07-19 15:17:00,2018-07-23 17:31:37,2018-08-01 00:00:00
48dcd7368e7d1b9bedc55f16a3cc8188,016112a43e0319656ab0b25e1d904171,delivered,2017-07-12 11:55:19,2017-07-12 13:03:25,2017-07-14 19:47:48,2017-07-24 15:09:53,2017-08-15 00:00:00
490f9c9fc86a9e753c5729f7119e84d7,0d9406fc091e557580d0d2171f268d88,delivered,2018-05-04 10:46:21,2018-05-05 03:50:28,2018-05-07 13:16:00,2018-05-10 15:18:47,2018-05-24 00:00:00
49410e2fb311cf8b70baeea98a3cdbf1,973d4d86f73cebd0e362b5e7b1ff21b6,delivered,2018-08-01 22:05:17,2018-08-01 22:23:53,2018-08-03 15:03:00,2018-08-13 12:03:53,2018-08-29 00:00:00
4942bdcf4479ff8d6885299338758784,2941159daf7b19262ea372b0c1faca2c,delivered,2017-10-12 15:13:13,2017-10-12 15:28:14,2017-10-13 20:36:55,2017-10-18 16:13:35,2017-10-31 00:00:00
495f56726168b6a736cc1220b7d49be1,0d57495768b1e3e56d813d71b24fbc4d,delivered,2018-07-24 12:35:38,2018-07-24 13:24:40,2018-07-24 14:19:00,2018-07-30 20:14:46,2018-08-20 00:00:00
497b870cbbeda496567b5d75b81c5722,eae775e65db9c286651ab68cfb76ecec,delivered,2018-02-22 12:10:45,2018-02-23 02:10:58,2018-02-26 23:26:55,2018-02-28 23:27:49,2018-03-14 00:00:00
498021c6811da6622f31f7817f7a7af7,50103da61c9fee9d507ce240a118460a,delivered,2018-05-07 10:01:50,2018-05-07 17:29:45,2018-05-11 13:31:00,2018-05-17 16:32:20,2018-06-01 00:00:00
49a7b21f7d2c538f5e051f749c16605b,3bc03463644a6c233b170519b1b203a7,delivered,2017-08-28 23:10:15,2017-08-30 02:11:12,2017-08-31 11:07:58,2017-09-12 20:47:49,2017-09-25 00:00:00
49aa82d12066e455617693a42d2b8bb2,5c8d317f3565842d664a1a822d033123,delivered,2018-01-02 20:58:27,2018-01-02 21:15:25,2018-01-04 23:32:50,2018-01-16 22:25:07,2018-01-24 00:00:00
49be32fc8ebc94c8e0de530d87883bb4,48785398e9e99d0d61c7e1e48ebca342,delivered,2018-03-06 19:25:41,2018-03-08 02:29:19,2018-03-08 23:17:28,2018-03-28 17:47:41,2018-03-27 00:00:00
49ca71290aca256140005165217e2644,57ea4ab67c545f039981125c28fbf3ed,delivered,2017-08-29 21:46:03,2017-08-31 04:31:21,2017-08-31 19:53:05,2017-09-14 17:33:19,2017-09-21 00:00:00
49d6c0bdfef33c709ed283eb19d8b3d0,d06f2fa7aa37463850e08c3310292112,delivered,2018-08-17 17:41:49,2018-08-17 17:55:10,2018-08-20 22:36:00,2018-08-21 19:52:43,2018-08-30 00:00:00
49dc298f34ef553977f998818dbeb38f,8c615e8041af01e1fb4e74907d70a478,delivered,2018-02-25 19:35:47,2018-02-25 19:47:54,2018-03-02 20:02:51,2018-03-07 22:39:35,2018-03-22 00:00:00
49f0e82d2c3c46134f551799b3990bf9,1e7347c98af2c5dd3b24ef197d20e0ce,delivered,2018-08-02 12:05:48,2018-08-02 12:55:32,2018-08-03 10:27:00,2018-08-09 16:51:10,2018-08-16 00:00:00
4a04b801500a7b7f5dbaefe223e00338,7bf30e8c369da26439282a284134f49e,delivered,2017-07-24 23:41:25,2017-07-25 01:25:08,2017-07-26 18:52:21,2017-07-31 18:43:26,2017-08-18 00:00:00
4a59b00152497e88a6a4ab7bfe77e04b,ceb608636dee1c78b0329ee1143640d6,delivered,2017-11-06 15:59:48,2017-11-06 23:32:27,2017-11-08 18:48:33,2017-11-14 01:53:00,2017-11-24 00:00:00
4a9abb72c66423766ec1a903dc6c70fb,3026909b7b21888a53f87fbc65ae6e5f,delivered,2017-11-23 22:02:16,2017-11-23 22:19:54,2017-11-29 14:51:36,2017-12-26 22:34:36,2017-12-14 00:00:00
4ab8819fc4b34e4d6b2710f3121b2400,7f4dd5f1bbd777aac4f37a4ec70fe503,delivered,2018-02-07 14:04:08,2018-02-07 14:15:27,2018-02-08 22:43:08,2018-02-09 21:19:02,2018-03-05 00:00:00
4acae38053fac34d667306b2de1445ee,c42f73ace92c8109fb462219dc06a400,invoiced,2017-11-23 11:46:27,2017-11-23 11:55:56,,,2017-12-05 00:00:00
4ada6d6dfed2a3a67e95d23f336ae96b,1cf10cb5031fd32d69fa19e7a98168a3,delivered,2018-07-17 20:01:22,2018-07-17 20:50:13,2018-07-18 12:30:00,2018-07-25 19:46:31,2018-08-02 00:00:00
4aebd0c56cd8ca001a245fef3279e6bd,0e5766a0640b2eb2b6523fad91b5fc20,delivered,2018-03-18 20:27:58,2018-03-18 20:47:52,2018-03-19 19:22:12,2018-04-05 21:40:54,2018-04-13 00:00:00
4b084373ddadca63d02071a40596da80,79f38356c8c86dc2ef82f5609cfc0135,delivered,2017-12-01 15:49:57,2017-12-01 16:00:33,2017-12-06 23:17:03,2017-12-14 22:10:15,2017-12-27 00:00:00
4b0ad428488cc1b132333a293f9c1370,23adf3a4eefc7da9cccd2af02ad9f197,delivered,2017-07-28 13:38:25,2017-07-28 13:50:25,2017-07-31 16:52:14,2017-08-04 21:14:48,2017-08-28 00:00:00
4b0c92c783fce531bb5b76d0bb2636ac,fc3fe781283a400950dd7702b8a4dc28,delivered,2018-06-19 08:36:42,2018-06-19 09:18:27,2018-06-19 15:06:00,2018-06-28 15:03:04,2018-07-24 00:00:00
4b1fd4c19cb4a9c1dc657af8a028d002,810c7f3d2980da39feb31e235cc6875b,delivered,2018-02-07 12:57:23,2018-02-08 11:50:32,2018-02-14 19:59:04,2018-02-24 01:19:54,2018-03-22 00:00:00
4b3be677878505d6696458ae4b209876,c010182097ba1abb7169f7ad63cc1b67,delivered,2017-11-30 20:48:56,2017-12-01 10:31:30,2017-12-01 21:14:33,2017-12-04 22:09:28,2017-12-27 00:00:00
4b47ca7c3201379f99ee4c1f4d0c80b0,ad3251051c6981b78a714268f03e4e4a,delivered,2018-03-06 17:42:44,2018-03-06 17:55:26,2018-03-07 23:19:10,2018-03-22 15:41:14,2018-04-03 00:00:00
4b6e9f4a9064668e8c026bf9409993de,188e79c8a44386f6a6ba355783b56a93,shipped,2018-03-09 18:01:07,2018-03-09 18:10:38,2018-03-14 17:42:34,,2018-04-09 00:00:00
4b71239d777b69336e70a98790387836,b97c2a086648b68159e6ffb52f7ac452,delivered,2017-10-26 10:40:23,2017-10-26 10:56:10,2017-10-30 17:56:56,2017-11-13 21:43:43,2017-11-17 00:00:00
4b7e81be5da17ae60c44ba5992fac95d,b07e3d2770a8635837a1a1542b0d54f5,delivered,2017-03-21 16:54:22,2017-03-21 16:54:22,2017-03-23 15:24:26,2017-03-27 18:37:31,2017-04-07 00:00:00
4b806b93edf76523f25669be3962bd2f,43553a559f05e8a6a4b306a55b2a1de3,delivered,2018-05-14 18:09:39,2018-05-15 18:35:28,2018-05-16 13:35:00,2018-06-13 18:52:00,2018-06-27 00:00:00
4bb1efeacab943b0b5364e7121fbcd62,c21ad342c0ece538a14ad12f2fa17fc7,delivered,2018-04-30 14:04:18,2018-04-30 14:15:16,2018-05-03 07:45:00,2018-05-18 18:11:58,2018-05-29 00:00:00
4bb6e6f5af26e1f5951d934386615406,f962bd6ee98fa707c3e2eb532bab37b0,delivered,2018-06-28 11:08:58,2018-06-28 11:31:07,2018-06-28 11:57:00,2018-07-09 16:02:28,2018-07-31 00:00:00
4bc45b40b7495543f90c2cfb8c409035,86911781ab615c91b809029803289020,delivered,2017-11-25 01:00:22,2017-11-28 02:58:23,2017-11-28 16:37:58,2017-12-07 18:19:01,2017-12-18 00:00:00
4bd68cb4a5f7a692f05af3eb298c4039,737e7f52d173df59ee17f5f0c6e86db2,delivered,2017-07-31 16:33:37,2017-08-02 02:35:05,2017-08-08 14:48:37,2017-08-14 11:54:03,2017-08-11 00:00:00
4be2cc8a10974da63ebe8651f2dcc5c7,2865cc1e26f68403d48e4b9fdf4e6a77,delivered,2017-10-12 22:05:51,2017-10-12 22:26:15,2017-10-16 14:04:50,2017-10-24 08:45:32,2017-10-31 00:00:00
4beacb05ac875340b9874e53f3f4bbbb,945de19aa8e05f7328c1de8f7a7a048b,delivered,2017-12-15 12:13:42,2017-12-15 15:13:25,2017-12-18 21:51:52,2017-12-28 13:21:40,2018-01-22 00:00:00
4bfc4fba07fff7db47e3017b9fe22ec6,249e70671556949c5abcfb6fff31af41,delivered,2018-03-06 22:36:06,2018-03-06 23:20:24,2018-03-07 23:36:38,2018-03-08 16:18:34,2018-03-19 00:00:00
4bfccd93522d928f8732e455310da85b,3ec8cc6d30a0755af39886e37e4a872c,delivered,2018-01-24 12:33:58,2018-01-25 12:31:23,2018-01-26 19:16:22,2018-02-07 15:22:11,2018-02-08 00:00:00
4c2bda2a65cf17bca1d9c00daa0f8790,3a0557c5236d866291795f7a4ee3c2c7,delivered,2018-03-29 15:27:11,2018-03-29 16:35:35,2018-04-04 17:02:25,2018-05-14 21:39:21,2018-04-17 00:00:00
4c62b34217c704b6986322911ea89c80,cecbb20844830d963fb3cfb5b2ea39d3,delivered,2017-10-17 14:09:47,2017-10-17 14:32:26,2017-10-19 11:53:34,2017-11-11 00:04:07,2017-11-22 00:00:00
4c68cc2a641de6ebea2ffbd6a5ec347e,e3a02df18fe641e5e86fa056b479c275,delivered,2018-02-19 07:16:23,2018-02-21 06:10:12,2018-02-23 00:19:24,2018-03-07 11:43:43,2018-03-21 00:00:00
4c6f9679175cfb7119be763dd898c8a1,428e2a922b73a9f9fd3f463f767159ab,delivered,2018-04-24 20:14:17,2018-04-26 03:51:36,2018-04-27 10:55:00,2018-05-18 23:18:51,2018-05-15 00:00:00
4cbc1adfd77a6cac701ee1f06cbfe633,814eb5af9d95d35f13f1e6e77847aaee,delivered,2017-07-11 19:14:53,2017-07-11 19:25:19,2017-07-12 17:29:33,2017-07-14 16:48:35,2017-07-31 00:00:00
4cbe8de031dbae0b80286a23fdc1cf91,8667901bd6be984bb8c737a31bef4bbe,delivered,2018-01-10 22:23:24,2018-01-11 13:28:30,2018-01-15 17:22:40,2018-01-22 21:48:24,2018-02-02 00:00:00
4cdae837c07c681dc80adebc6ee90b99,91f62d1acc70de76856fe56e6fa04a32,delivered,2018-07-17 23:46:08,2018-07-18 00:01:42,2018-08-15 14:46:00,2018-08-20 23:18:46,2018-08-10 00:00:00
4cdbb26aa0dc8e7179f33edf59722fa8,07de064ec1b736d53124c6275c05fee3,delivered,2018-07-03 19:29:11,2018-07-05 16:32:16,2018-07-04 14:52:00,2018-07-05 18:21:48,2018-07-20 00:00:00
4ce23a326d80951e2de85a1870483eed,26b8d706ae17092e81e600c7ef41148b,delivered,2017-12-15 15:55:59,2017-12-15 17:00:50,2017-12-18 21:19:24,2018-01-04 00:29:14,2018-01-11 00:00:00
4cfdd4464ee3dbf59c17a69045429af4,3a1b9fe3e0d0d7541f37438799c97571,delivered,2017-08-30 11:39:07,2017-08-31 02:50:41,2017-09-01 20:09:40,2017-09-12 19:50:00,2017-09-25 00:00:00
4cfe6efc40f9645ef7b88440a1c64149,e8a9e053759d650b77440883c7b27235,delivered,2018-08-04 22:42:52,2018-08-07 04:10:17,2018-08-07 15:33:00,2018-08-19 17:08:42,2018-08-09 00:00:00
4d1e8e1f2a630776ccfc291515e610b8,84d24bedfabf04b1cb2a9214a7dffc72,delivered,2018-01-11 00:10:48,2018-01-13 04:55:21,2018-01-16 21:25:58,2018-01-24 16:28:49,2018-02-06 00:00:00
4d280f7e02765cbee0a2ce0359dafb2e,8b44866d1a919a20080812529e2a49d1,delivered,2018-07-01 15:06:53,2018-07-01 15:29:48,2018-07-02 15:13:00,2018-07-03 20:56:31,2018-07-16 00:00:00
4d3bfdf4c7d6578ea445d588371ae10e,7badbcce7da90b7920997ddbac3187b5,delivered,2018-03-25 18:27:34,2018-03-25 19:30:36,2018-03-28 23:48:36,2018-04-13 21:52:07,2018-04-18 00:00:00
4d4810e2bd5834782a256daea7025330,e4f8c2a561051049fd962589006c062e,delivered,2017-08-13 13:26:47,2017-08-15 03:25:12,2017-08-15 18:22:52,2017-08-25 21:38:59,2017-09-05 00:00:00
4d91816c61cb9557eb207bcbf0929f44,9ddcd7504deb234b14f0d44bb47de04f,delivered,2017-06-10 12:53:02,2017-06-10 13:10:12,2017-06-14 15:34:08,2017-06-19 20:03:40,2017-07-05 00:00:00
4db8f00462910a1daf07bd78e151c075,2060e318ca3331cd5a8b03eafa04f813,delivered,2018-06-19 11:59:29,2018-06-19 12:18:40,2018-06-20 10:46:00,2018-06-28 17:38:53,2018-07-13 00:00:00
4dd077c76e72e73742c4af14ebfbd4d1,5184df07acf834cd8a00cda25c376ebd,delivered,2018-06-07 08:57:05,2018-06-07 09:15:24,2018-06-08 14:44:00,2018-06-15 00:22:21,2018-07-13 00:00:00
4ddbc8366d7b18e042a35f6b4b5481e9,bd724004d9c0736e3cc2039972928de9,delivered,2018-06-22 13:16:31,2018-06-22 13:40:16,2018-06-28 14:11:00,2018-07-02 14:58:52,2018-07-18 00:00:00
4de51073bc1cd11e85fb03f29508b308,fd650b09ca50cbec651acc566907b2b4,delivered,2018-08-06 17:14:50,2018-08-06 17:25:45,2018-08-17 11:33:00,2018-08-24 17:11:48,2018-08-29 00:00:00
4dea0f922f4dd1f6db6379f7ad64ede2,ecc519b96e049292f86c9fbeee96097b,delivered,2018-06-04 19:54:49,2018-06-04 20:11:50,2018-06-05 13:31:00,2018-06-06 19:54:46,2018-06-28 00:00:00
4df92d82d79c3b52c7138679fa9b07fc,ba0660bf3fffe505ee892e153a2fbd49,delivered,2018-07-24 11:32:11,2018-07-29 23:30:52,2018-07-26 14:46:00,2018-07-27 18:55:57,2018-08-06 00:00:00
4e0db43ba51c0e0ede8c48b094526132,60d3853e031617a4500f0d196b429bf9,delivered,2018-08-14 21:40:12,2018-08-15 21:30:16,2018-08-20 15:18:00,2018-08-22 11:38:39,2018-08-22 00:00:00
4e55f642a3b11a6cfcec80a9aebbb513,ed9d67265a581b5d39c4bbcf337f6a51,delivered,2018-08-05 22:33:13,2018-08-05 22:45:10,2018-08-07 16:37:00,2018-08-11 18:14:44,2018-08-15 00:00:00
4e6d546fa72049694bdc912c60fc4953,2842a713be186f048490153c66d876ae,delivered,2017-11-19 10:21:25,2017-11-19 10:35:19,2017-11-22 14:53:51,2017-11-23 21:33:03,2017-12-04 00:00:00
4e71da193c31f98d4b7c85960d89cdd2,fc3461ec6d216082b26ec3018c687c1c,delivered,2017-07-18 17:53:14,2017-07-18 18:05:54,2017-07-20 20:06:03,2017-07-28 19:17:33,2017-08-15 00:00:00
4ea7a0509e9dc440b977de71fe9128cb,cfd4dd73c91fba5ba6772df1a5aeb40d,delivered,2018-08-18 11:30:57,2018-08-18 11:50:57,2018-08-20 12:41:00,2018-08-24 13:56:44,2018-08-29 00:00:00
4ea8cf27d2783396b72f4f5f7b07250e,b0583de550099139bf3a61339dfe7e3c,delivered,2018-03-05 14:29:51,2018-03-05 14:49:30,2018-03-07 20:13:03,2018-03-16 14:25:27,2018-03-26 00:00:00
4ed9c32a4e9d45ab8b3b9596e69f7346,3227fb6f17d3a5f8b131c9782516ed07,delivered,2018-05-15 21:40:52,2018-05-15 21:55:25,2018-05-16 15:11:00,2018-05-21 19:08:50,2018-05-25 00:00:00
4f3d4a1f5d64be803fb322242a968047,a718a6a2ef929d33b05173db47e11080,delivered,2018-04-03 17:40:11,2018-04-03 17:50:18,2018-04-04 21:28:51,2018-04-13 14:08:36,2018-04-27 00:00:00
4f4cdcc0b6af1eb7d23872ddc92b5d05,dce0f4ec1a81a9f978ce37a460c55fad,delivered,2017-10-15 17:02:07,2017-10-16 10:35:16,2017-10-18 18:03:58,2017-10-19 22:56:28,2017-10-26 00:00:00
4f5dbf6461099742aada5e5960f721c4,e3b25a8708f4f6e2f7b6fb5caa2eefe9,delivered,2017-05-23 19:02:00,2017-05-23 19:15:14,2017-05-24 09:34:16,2017-05-25 10:04:57,2017-06-05 00:00:00
4f709a231b1d99a9e12f4f86f458dbcb,74c8468d22b1fa822cdef5c8896ec455,delivered,2018-01-12 12:46:21,2018-01-12 12:54:49,2018-01-17 16:52:02,2018-02-02 11:09:12,2018-02-16 00:00:00
4f72abdcedf8185382214a227cdb9e9b,b3bd9aa12a1990ed9f9a1ae281ee7e34,delivered,2018-02-12 10:28:11,2018-02-12 10:35:31,2018-02-26 20:36:32,2018-03-15 21:32:46,2018-03-28 00:00:00
4f7d7c29804187d1b3e013ac5fe1dae5,a02b819fdeb1a2e7c894b46763b47f44,delivered,2018-02-12 22:38:55,2018-02-12 22:47:39,2018-02-16 19:16:35,2018-02-26 15:52:32,2018-03-15 00:00:00
4f8d2bf1636e6c775fbfb0d824880893,d57b9dfc139d48fc3482411baea546ff,delivered,2017-04-07 09:45:54,2017-04-07 10:03:11,2017-04-10 09:46:29,2017-04-13 15:26:27,2017-05-02 00:00:00
4f9a350ccfff326b528a0d7e24ca8743,2d8610587725959ffe9ff9e9696f6c86,delivered,2018-08-19 08:24:27,2018-08-20 11:10:16,2018-08-21 14:54:00,2018-08-28 19:11:05,2018-09-03 00:00:00
4fb22a6181117d7a0532aab46cef0e03,d8297abd5bb5a4e26734e8fb3b57a79f,delivered,2018-03-19 23:36:24,2018-03-19 23:50:30,2018-03-21 21:05:13,2018-04-27 00:58:25,2018-04-09 00:00:00
4fb59cc4950521f470473ef761b30d7e,e2eed9d273e12f782167ef6b5a5a1bce,delivered,2017-09-04 21:09:04,2017-09-04 21:24:08,2017-09-18 21:58:43,2017-09-26 20:13:40,2017-10-03 00:00:00
4fc320374afd63a53d0b5607ef49113c,e8ae3b3d200846af695118ba15688352,delivered,2017-05-20 07:59:38,2017-05-20 08:10:09,2017-05-23 13:37:42,2017-05-31 06:06:58,2017-06-22 00:00:00
4fc55f5886d54eeddf2b8527f4d72485,ae40a9366981463c2e921d2ff3527591,delivered,2018-02-03 11:17:13,2018-02-03 11:32:14,2018-02-07 19:04:00,2018-02-10 19:53:46,2018-03-02 00:00:00
4fe4120d5ff847b658ad80188256cb99,6d0e46867a3f2b90a1e26bda0b1af118,delivered,2017-04-27 00:12:04,2017-04-27 01:15:14,2017-04-28 15:44:12,2017-05-09 09:55:03,2017-05-26 00:00:00
4ff36f43b95e4fbebfa94b98f8f33847,f3f5f2c750c64c3bb2a8d10e7c511d46,delivered,2017-09-26 11:51:33,2017-09-26 12:04:24,2017-09-27 15:06:13,2017-10-10 18:05:31,2017-10-23 00:00:00
4ffcc2f0e8f54f36e73b83db8d8c494d,ed08de22529bac3adf7d5fd900b5c20f,delivered,2018-07-09 18:11:59,2018-07-09 18:25:13,2018-07-11 12:38:00,2018-07-13 21:21:36,2018-07-24 00:00:00
503ff9670f30b2971bcb5df703a3f405,4ba2b0197b5e437ae42e625a89ebaf41,delivered,2018-03-16 14:33:37,2018-03-16 14:49:53,2018-03-19 21:08:49,2018-03-23 19:32:58,2018-04-09 00:00:00
504d232ad4b0cb2e0d3e8c99a98c9938,4abef4291b0857a104890ffc7b63456c,shipped,2017-07-06 19:09:22,2017-07-06 19:23:14,2017-07-10 19:52:29,,2017-07-28 00:00:00
504de5f90c4a0b094b0bc81db7999cdb,e047f484b8447314b1a1e55bdefa4ff9,delivered,2018-01-03 16:37:06,2018-01-03 16:47:23,2018-01-08 16:33:03,2018-01-15 23:18:48,2018-01-30 00:00:00
50a58980b691ff7dee971df1e77476e6,dd92455fa493b7eeaa6a3369589cc4ae,delivered,2018-06-19 20:09:00,2018-06-19 20:38:30,2018-06-20 13:48:00,2018-06-27 16:08:56,2018-07-16 00:00:00
50cb20f783b26639e858a27798b315b6,f39a5467ddf0e94e79e09672905b50d0,delivered,2018-08-11 13:00:33,2018-08-11 13:10:12,2018-08-14 08:30:00,2018-08-21 20:58:32,2018-08-30 00:00:00
50da05e57f65f5b3704cf0cac94bfad0,e8856f4e0d925e70df96824c0f1e0c23,delivered,2017-04-24 23:23:10,2017-04-26 09:35:52,2017-04-27 08:06:30,2017-05-03 13:39:46,2017-05-15 00:00:00
50dca56efe42d2213549482d6a885d6f,6c5beb24690ae5ae0ebec981a59f6aa2,delivered,2017-10-17 20:27:04,2017-10-19 03:15:19,2017-10-19 14:29:13,2017-11-09 18:17:23,2017-11-09 00:00:00
517e0a52c193102990befc46a5c5245a,a998e828a104504f72ceb338f92043b6,delivered,2016-10-06 22:34:03,2016-10-06 23:11:27,2016-10-15 12:24:09,2016-10-18 20:23:49,2016-11-28 00:00:00
5190f963681eb5a3db66961c4fa05a66,2e6d1249c2afaeff7e64fc0a7f4e3e8b,delivered,2017-07-10 18:38:10,2017-07-11 10:50:16,2017-07-12 17:27:47,2017-08-01 19:29:29,2017-08-09 00:00:00
519e8e134cd15d39544f56d9ff932d3e,510781317f5881c0ce1d4506cb1185f9,delivered,2018-04-17 08:30:47,2018-04-17 08:52:02,2018-04-17 20:22:11,2018-05-03 19:50:50,2018-05-14 00:00:00
51a7e6cfd3daa5187a2f973c44a74a74,c04eb50c0972e84c3c4f3bbe3e8e4205,delivered,2017-09-26 22:47:22,2017-09-26 22:56:24,2017-09-28 17:27:52,2017-10-04 22:04:15,2017-10-23 00:00:00
51e8e9b5d80b938a3268cdffe95a59dc,5741b6f030a22bd35a06b1d168c6c6c9,delivered,2018-03-23 12:48:47,2018-03-23 13:09:16,2018-03-27 21:07:34,2018-04-04 02:08:52,2018-04-05 00:00:00
51ec41884835ac1d486fd3f6b4b4bf0a,5e6217cb6898af1f8671a3d8c170cf75,delivered,2017-11-25 00:17:22,2017-11-25 03:11:40,2017-12-01 18:35:33,2017-12-12 17:24:15,2017-12-21 00:00:00
52245a1eec5d9e4278acd0e934e3aa3e,a6c1f27f0d06c709845a304d84fd26aa,delivered,2018-01-10 17:40:09,2018-01-10 17:49:04,2018-01-11 22:09:59,2018-01-29 19:16:21,2018-02-05 00:00:00
52689df16b83773c1004b27478ffe49c,1977c51e28ceb34090390b2363042d8c,delivered,2018-03-19 13:24:33,2018-03-19 13:35:42,2018-03-20 20:51:29,2018-04-09 16:27:32,2018-04-19 00:00:00
5268c3dc8d619070c0a2e5d9403a9945,12fa69008936520da2920cb3a44a3d17,delivered,2017-03-14 00:26:29,2017-03-14 00:26:29,2017-03-21 09:51:39,2017-04-04 17:18:03,2017-04-07 00:00:00
527f95bc978265984802f8ef4ed9dd51,19164000c4f2f70911bb28eb4b20325a,delivered,2017-07-04 22:39:18,2017-07-05 17:41:56,2017-07-07 13:55:42,2017-07-10 11:47:53,2017-07-17 00:00:00
52907fff3c74ab7c7275c83de3d7ad17,3c23fc48e174b704fb7339ae71443a51,delivered,2018-06-29 15:59:27,2018-06-29 16:11:41,2018-07-03 06:43:00,2018-07-09 23:40:33,2018-08-02 00:00:00
52c61c311129f8dc9cc4f8f1c84b0b2d,989d0306f46bfd75ab52c21c9d307679,delivered,2017-10-03 15:22:13,2017-10-05 09:14:09,2017-10-05 19:46:19,2017-10-13 17:41:58,2017-10-25 00:00:00
52cf38023b42cb0b26ced61e1a900c47,4cee3893b1b6c2163c3cb0d202ea8387,delivered,2018-02-15 16:13:46,2018-02-16 07:50:53,2018-02-16 21:07:34,2018-02-27 16:48:54,2018-02-23 00:00:00
5393e88fa91aba9ea46a9f403d287df1,ec1ae820c73e32b6475b51a1d9016316,delivered,2017-08-26 18:39:15,2017-08-26 18:45:38,2017-08-28 14:43:05,2017-09-06 17:23:26,2017-09-21 00:00:00
53b788f7cb182a99dbcf654bbdf21933,350285f2b060dd3b8df76551d0c113a4,delivered,2018-07-08 10:48:22,2018-07-08 11:05:26,2018-07-10 15:13:00,2018-07-31 02:04:14,2018-07-27 00:00:00
53d67d7e562650461c0068ff08a53bbb,42eb20c7af6139c9b3c52be6d46a46a5,delivered,2018-01-08 12:13:26,2018-01-08 12:27:56,2018-01-13 01:23:00,2018-01-22 20:21:32,2018-02-07 00:00:00
5435647d369f72442d1972b399a48ece,909cd887070250934231f0082c96f3c2,delivered,2018-01-10 14:24:28,2018-01-10 14:36:32,2018-01-11 16:16:50,2018-01-19 22:26:53,2018-02-05 00:00:00
5451f2c09029166e1682b8f0d0ce98b6,a44362a019fe8b1358893deb2ebdaffd,delivered,2018-03-01 08:11:23,2018-03-01 08:29:03,2018-03-01 23:48:44,2018-03-09 21:08:42,2018-03-22 00:00:00
5471d26176ed00eac0441e43fe12ce01,d2241057a10028bdde6bf118ec74e49b,delivered,2017-03-31 11:36:08,2017-04-01 11:42:47,2017-04-03 08:42:01,2017-04-06 16:42:57,2017-04-25 00:00:00
54745af3cd64e980bb671452c9b01d15,0058153a752ee674162564afb1191d25,delivered,2018-08-17 13:13:21,2018-08-17 14:30:20,2018-08-20 15:21:00,2018-08-27 17:51:49,2018-08-29 00:00:00
54912035e047f9834df97cdfef0d2768,a28774056a751c7e8affbaff81fcd933,delivered,2018-05-13 19:57:13,2018-05-15 04:52:38,2018-05-16 15:08:00,2018-05-17 14:48:44,2018-05-25 00:00:00
54a321486a622129adda771a323501f8,a22de42cdb14daab6c9a294ed8c1f15a,delivered,2017-08-01 14:08:34,2017-08-01 14:23:52,2017-08-02 16:37:59,2017-08-17 16:49:26,2017-08-31 00:00:00
54c5976111a966ff8a2224dd242cd07a,195ca01e41b6510dd66cadfd844b5016,delivered,2018-07-15 21:12:17,2018-07-15 21:25:13,2018-07-16 09:34:00,2018-07-24 01:03:46,2018-08-07 00:00:00
54d84dc0eff0132dfeae935a6c27eb45,b796e0c31028cfd17967cb1cb6b5dfc9,delivered,2017-07-27 11:45:11,2017-07-28 10:23:43,2017-07-28 17:16:48,2017-07-31 17:41:28,2017-08-09 00:00:00
54dfaf9697f69a07a441fc17ab325f5c,bf1706c03ccc5ecbfd217c81d02d3aee,delivered,2018-05-10 13:09:26,2018-05-10 13:35:49,2018-05-11 12:44:00,2018-05-18 19:05:10,2018-05-25 00:00:00
550c5a737f2d08a5e934958da8fb29bb,e5c572f3eee5a867a24d9e70b1f45c05,delivered,2018-01-17 22:28:59,2018-01-17 22:50:09,2018-01-19 00:05:23,2018-01-26 22:59:05,2018-02-09 00:00:00
5528a3c9850e07ac5eeea39f275d6c5e,e8d28d2771d39b2a5969232737233e9a,delivered,2017-11-07 22:55:01,2017-11-08 18:30:53,2017-11-09 18:38:51,2017-11-22 23:08:59,2017-11-28 00:00:00
5533f1edcb0023c063b64b627abc4024,366b4b63cda57be7ca46ecb33ee71f4e,shipped,2018-02-15 19:49:04,2018-02-16 16:35:20,2018-02-19 21:39:16,,2018-03-15 00:00:00
55529dc7cb99d0befad66b19ad9adc8d,8caaebb31592d2d5431d4a0b856ad536,delivered,2018-04-27 13:39:47,2018-05-01 05:32:32,2018-05-07 16:10:00,2018-05-17 16:25:30,2018-05-28 00:00:00
5599a0eebfc7ecac5cffa25fe2d57e47,905b68aed6177b504cdce690e4e85575,delivered,2017-10-31 10:44:55,2017-10-31 11:06:18,2017-11-04 12:29:00,2017-11-09 16:47:08,2017-11-14 00:00:00
55aeba08a7d54fd54220244c4dfdb559,e2cbf3aa452a25609a3dd8aba84071a6,delivered,2017-11-24 23:03:16,2017-11-25 02:14:00,2017-11-27 16:59:06,2017-12-13 22:22:50,2017-12-21 00:00:00
55bf02fa5414e7b29c5b651c33626e9b,883fad5fe34ba612be8d2047895ff139,delivered,2018-08-23 00:46:54,2018-08-23 01:04:19,2018-08-24 11:20:00,2018-08-30 18:46:26,2018-10-01 00:00:00
55c3e087340bf45947dd9df30b3808d3,30da09f031536186153c0ff9e0dcc0a7,delivered,2018-08-20 23:20:11,2018-08-21 23:15:12,2018-08-22 14:09:00,2018-08-28 16:07:58,2018-08-31 00:00:00
55c5b6e322eed3fe3dbbd82da9906019,ba1b4a0f287cf0364816c7376ac2b141,delivered,2017-09-18 19:35:11,2017-09-18 19:45:39,2017-09-20 03:08:39,2017-09-28 18:30:17,2017-10-05 00:00:00
55ca27587481961b3a085c32da46f015,f7affc6b52397ec89170a5d381b270f0,delivered,2017-12-25 16:31:47,2017-12-25 16:48:57,2017-12-26 16:16:18,2018-01-05 21:58:54,2018-02-01 00:00:00
55d4004744368f5571d1f590031933e4,fcc7b1caafe3b77fd587bab964c4d1fb,delivered,2018-03-18 09:52:19,2018-03-18 10:08:04,2018-03-19 23:51:29,2018-03-21 17:44:08,2018-04-06 00:00:00
55da0b4274a986c801b561481e1d6c78,8e014954315587b9b209c0f581dde918,delivered,2018-04-23 13:18:09,2018-04-24 18:00:46,2018-04-25 01:11:22,2018-05-04 16:43:55,2018-05-21 00:00:00
55ef70439e782ff2c553a03782800960,fe66267e4df233e7c2e72938df4dd8fd,delivered,2017-07-12 12:23:35,2017-07-13 03:03:58,2017-07-14 18:59:41,2017-07-21 18:33:16,2017-08-10 00:00:00
560cd8ba09ed1425cee6fec9ded348cb,b533bfd5e9b9ae57a20ba6fc4bece106,delivered,2017-11-30 13:30:58,2017-11-30 13:56:30,2017-12-04 23:03:34,2017-12-16 00:38:52,2017-12-26 00:00:00
563404de47cdc6763e7eced487016b66,41a0f53af758a122ca3c491b62ee4949,delivered,2018-01-02 17:46:40,2018-01-02 17:56:43,2018-01-03 18:17:51,2018-01-10 15:57:20,2018-01-24 00:00:00
56515935f0fcb6b511a18dc10a50173f,614fe1c6546241092e71ac4d9017cb0b,delivered,2018-03-07 14:50:20,2018-03-07 15:10:05,2018-03-12 16:48:42,2018-03-16 19:51:00,2018-03-23 00:00:00
567cc2038bd5fc2994630f15ba392df9,148befba8d61a3c03523b7384f853ed7,delivered,2018-04-05 22:14:01,2018-04-06 22:10:18,2018-04-10 01:18:38,2018-04-13 11:58:32,2018-04-23 00:00:00
56c3277583e16009c925fdf116df420f,c3d06eb8905fc0c39966b0a57ee7244c,delivered,2017-11-29 19:13:45,2017-12-01 11:31:46,2017-12-04 22:54:53,2017-12-06 20:09:43,2017-12-21 00:00:00
56e2e07e6e0f8e73a5f1c73bcb74f270,2f1be06e5cfe062d929943f22a44e816,delivered,2018-07-05 21:00:51,2018-07-05 21:12:09,2018-07-07 09:17:00,2018-07-12 20:21:22,2018-07-24 00:00:00
57519b17e3776c2f4fa3a4e7fe69ccf8,c35d3d5d1356c183c2742edd2f8ccbef,delivered,2018-03-23 12:30:42,2018-03-27 04:08:47,2018-03-28 22:57:24,2018-04-03 00:28:55,2018-04-05 00:00:00
576e5a5f6d1ed0b333acc88bee3b8c25,e7c1c6bd4a65725fecd89c94428cdd83,delivered,2017-10-22 15:13:56,2017-10-22 15:28:12,2017-10-23 20:22:03,2017-11-03 18:47:04,2017-11-13 00:00:00
57b27ed317a9d0ed3ed31b5a50392b51,03d9a01006461e5674fb618206c83526,delivered,2018-04-30 20:36:38,2018-05-01 03:15:19,2018-05-03 11:17:00,2018-05-08 21:06:49,2018-05-23 00:00:00
57b9cf4a37a14014639920e1f6d81e52,7ae471bc92b0ecb06c812292ffef849b,delivered,2018-01-23 22:47:46,2018-01-23 22:57:25,2018-01-25 00:33:16,2018-02-06 19:00:54,2018-02-16 00:00:00
57f2a60c1d6d8f4fb076ac300e53bc1b,65c563b14ed084517de63c0060ae266a,delivered,2018-08-03 23:28:23,2018-08-03 23:35:15,2018-08-09 14:44:00,2018-08-14 12:57:02,2018-08-28 00:00:00
5802070896d144b2186d3c280570c99e,80b33b056d950694513bbe083d526ea5,delivered,2018-02-13 22:29:44,2018-02-13 23:07:24,2018-02-15 20:08:20,2018-02-20 22:19:11,2018-02-22 00:00:00
5802a2af7adc078756b394ca9f492087,e9fd1771e8a7e1f2e502b27b061b15b8,delivered,2017-08-10 10:42:48,2017-08-10 10:55:24,2017-08-11 19:21:57,2017-08-15 15:52:34,2017-08-31 00:00:00
5813dccc11eeeec1c8b609e396c12291,8fa05383791a1be46455976f3b50a1bb,delivered,2017-11-21 09:55:35,2017-11-21 10:06:53,2017-11-21 18:29:44,2017-11-30 18:28:40,2017-12-15 00:00:00
58274272cfde0e71c0ee61eaee5a60e1,b9cac70fb717faca4acaca1b59ba4e44,delivered,2018-08-14 22:35:01,2018-08-14 22:45:13,2018-08-24 15:36:00,2018-08-28 00:19:37,2018-08-23 00:00:00
58654344ef4d9b4aefb2ee36618d9751,397763187b4a29697d71cacaecef05d8,delivered,2017-10-09 12:55:53,2017-10-10 11:07:48,2017-10-11 19:45:06,2017-10-16 20:23:53,2017-11-01 00:00:00
5882459227aea6eb6f103342a29c76e3,42f3222ef4273d065434ed6449442086,delivered,2018-01-11 18:17:56,2018-01-11 18:28:28,2018-01-16 18:52:53,2018-01-24 14:18:51,2018-02-05 00:00:00
58ac90861e40974e190198a79144f7d0,ca8c954d9a1f49a7c8677a4c033fc913,delivered,2017-06-01 21:28:03,2017-06-02 21:35:09,2017-06-05 11:33:47,2017-06-12 18:18:27,2017-06-28 00:00:00
58c4df4904044782bb1361c5cb001538,c58bac169ebd138ddf0f18ff9a786ef4,delivered,2017-05-14 21:52:01,2017-05-15 22:02:47,2017-05-17 10:31:10,2017-05-18 08:07:38,2017-05-24 00:00:00
58e005414df700025a261e572c2a9fc1,9a8448971700f88cd9be5838b9ead071,delivered,2017-05-12 17:46:25,2017-05-12 18:02:34,2017-05-15 08:31:24,2017-05-19 09:12:53,2017-06-05 00:00:00
58ea2f39b960352a146343ee46c38bb2,968ffe623134add215a1d7e107c5da41,delivered,2017-04-23 09:23:58,2017-04-23 09:35:15,2017-04-25 11:24:16,2017-05-12 13:47:09,2017-05-15 00:00:00
58f608b30531278060213cc7926bc6f5,95682accaa4aa7184a16bc3ee1392129,delivered,2018-07-05 14:30:48,2018-07-05 16:05:59,2018-07-10 17:37:00,2018-07-12 20:36:27,2018-07-18 00:00:00
5907e332dfb01556b0eff58839cc2f75,86c74e1a7c642fe8eb9e3c57c6b95c8d,delivered,2018-01-05 23:22:48,2018-01-05 23:35:25,2018-01-08 23:47:29,2018-01-29 20:22:49,2018-02-08 00:00:00
59136c1fab3d9e26e60db2df573ae8e1,9684024aad1f7f862ec6291eb751c50e,delivered,2018-01-10 20:58:53,2018-01-12 02:34:25,2018-01-12 22:37:13,2018-01-23 15:21:35,2018-02-01 00:00:00
591c776946bf5814d5438574a5b42327,2e6ae98da5c04efadf7992e149fd1155,delivered,2018-07-31 15:48:32,2018-07-31 16:44:09,2018-08-02 15:29:00,2018-08-06 21:46:42,2018-08-15 00:00:00
5933483834803a0e8e9fcd26cdb3774d,30159428cd8098929d2d39e5e357fcc5,shipped,2017-01-23 22:40:22,2017-01-23 22:50:09,2017-02-10 09:33:52,,2017-02-28 00:00:00
599f88486aefa57adef7d260eb589778,3207464ad453b7068d8668810eca055b,delivered,2017-10-06 16:33:14,2017-10-06 16:49:35,2017-10-11 17:14:03,2017-10-17 17:54:50,2017-10-31 00:00:00
5a0c5e6a4fb3e680d5a9664cea3314c5,843fda212b1289268be72a3a6729d776,delivered,2017-11-24 15:39:50,2017-11-24 18:51:18,2017-11-28 21:28:59,2017-12-12 18:53:35,2017-12-21 00:00:00
5a0e97d0e542a67558fb34daa8038b33,4f482d99f4056116c5c9fea55a63bc86,delivered,2017-06-13 19:58:18,2017-06-13 20:10:22,2017-06-16 15:58:07,2017-06-28 11:23:56,2017-07-06 00:00:00
5a13b2c8622862250d7b78581dfbb759,ecdf8a367907e779938b1b6410c45824,delivered,2017-11-24 14:04:00,2017-11-24 16:13:20,2017-11-27 19:17:15,2017-12-01 20:39:05,2017-12-15 00:00:00
5a21bc094a00548eb4ede75095889e95,ab990ef1c4e2bd1d627000a5bd51ab05,delivered,2018-02-19 15:13:10,2018-02-20 07:10:46,2018-02-21 21:15:10,2018-03-14 13:54:33,2018-03-19 00:00:00
5a2fc8deabae69566f89581221d9a0dd,e35a9206d88ff93bc76a5cc78bd71235,delivered,2018-01-11 09:23:12,2018-01-12 02:35:21,2018-01-12 20:46:40,2018-01-15 13:04:35,2018-01-30 00:00:00
5a77e4bc8ac96edc52bed4bc00eaab7c,739a14488c57aa6fce0cf4d30a0c364d,delivered,2017-03-21 19:35:45,2017-03-26 23:32:34,2017-03-31 11:52:31,2017-04-04 13:36:16,2017-04-17 00:00:00
5a85ba245a3a3bcb21334e761e0ef1a2,25a7aac1dd876892549320c943a19160,delivered,2017-09-16 19:56:51,2017-09-16 20:10:16,2017-09-18 21:07:28,2017-09-19 17:33:21,2017-09-28 00:00:00
5ab0d948812c5129aa5d2816e32c05fd,5a978956f6539e2e344d24647d784562,delivered,2017-12-02 20:24:00,2017-12-02 20:31:48,2017-12-12 19:26:37,2017-12-20 15:09:37,2017-12-27 00:00:00
5ab86968467c65a96b9a6437e9e83164,f778f02c91c3d2b58136d23ff663cc23,delivered,2018-05-17 20:48:34,2018-05-19 03:15:28,2018-05-24 13:27:00,2018-06-08 20:29:40,2018-06-06 00:00:00
5ad4c42b55f95ad02ba670fecbcd0540,deece27ba0aadf232c43fb1f379174e3,delivered,2017-11-24 23:29:00,2017-11-25 02:32:57,2017-11-27 17:32:02,2017-12-01 20:12:40,2017-12-18 00:00:00
5ae5a2d65d23cd2e0d8a1ca9b0c5a3bf,166d8a3eebbd35ac3c6013d0226d7e6b,delivered,2018-07-23 00:36:18,2018-07-23 12:31:53,2018-07-26 07:33:00,2018-07-31 18:06:39,2018-08-08 00:00:00
5b0abacd375bd7093422a42eaf889d7d,51154f38c84e78ea286ae12b3815b74e,delivered,2017-04-10 22:39:25,2017-04-10 22:50:17,2017-04-11 13:29:45,2017-04-18 13:05:54,2017-05-02 00:00:00
5b585b8178b9e47c6d423e0e79f415af,36280de836e519ab5004690b9219df9b,delivered,2018-01-18 23:04:36,2018-01-18 23:16:40,2018-01-22 22:07:43,2018-01-30 20:21:43,2018-02-14 00:00:00
5b5e27caef5edb9446df0a7c106285dd,5cd7f8dd7264dd47db8a1e4b858da412,delivered,2018-07-04 18:27:57,2018-07-05 16:23:07,2018-07-13 14:57:00,2018-07-21 15:27:31,2018-08-13 00:00:00
5b67d5593db6802b11d266e3c4d0e0b1,07eb1b14bb3ad0b4c5b5a5412d13eea1,delivered,2018-07-16 15:52:03,2018-07-16 16:05:09,2018-07-20 14:26:00,2018-07-24 18:46:35,2018-08-01 00:00:00
5b74abebfd5bc1d137d7ade71c5cfd36,f4514fc7499d3434ea63195c12bfca4f,delivered,2018-08-24 20:22:30,2018-08-24 20:35:18,2018-08-27 14:47:00,2018-08-28 21:11:45,2018-09-12 00:00:00
5b8dcad724fe4568d2615017c056e69b,97300bfd9a30cf2f2ec1046a2abc1f2b,delivered,2018-08-13 21:23:53,2018-08-13 21:35:20,2018-08-15 17:11:00,2018-08-17 23:18:36,2018-08-23 00:00:00
5b922f60c60062b4c656c69ac0a5834f,c04e51b398eff4fd75a3e7eb519e5638,delivered,2018-01-30 17:00:39,2018-01-30 17:29:41,2018-02-02 01:17:50,2018-02-15 16:42:55,2018-03-09 00:00:00
5b9ec93a929c3ac36c58426030b286c7,feb218d83fec5edd15652761eecdabcc,delivered,2018-04-04 18:32:53,2018-04-04 18:48:34,2018-04-05 16:16:42,2018-04-09 22:41:55,2018-04-17 00:00:00
5bc73b0c41be139e802a0e8f361713db,dda04be43f0a159e1f18f6d2d77f69f3,delivered,2017-09-14 21:54:29,2017-09-14 22:08:21,2017-09-27 19:02:54,2017-10-06 20:52:25,2017-10-11 00:00:00
5be7a00f3302bbc55973ecf0d9322ba8,0e1169a273c00760595751dbbc636efe,delivered,2017-08-04 13:24:31,2017-08-05 03:03:23,2017-08-07 20:12:08,2017-08-11 17:06:48,2017-08-28 00:00:00
5be92ef6cf4a42ece07ad8bc3c00c70b,eb8785624bbc5262c11b11518c6b9c33,delivered,2018-06-19 20:51:45,2018-06-21 03:17:52,2018-06-21 12:44:00,2018-06-25 17:07:56,2018-07-11 00:00:00
5c1ae756614f9d0fabf5173af5c9e55e,6fba2f2bd26fc0e5f05a1e007730bb70,delivered,2018-02-05 19:08:19,2018-02-05 19:30:40,2018-02-07 14:35:00,2018-02-16 02:24:43,2018-03-05 00:00:00
5c1cabc415efcc828343f3b4b284b026,9675a538e974ae5f04d201698b7193e7,delivered,2017-11-24 21:53:00,2017-11-25 01:31:43,2017-12-01 00:18:01,2017-12-05 21:08:55,2017-12-14 00:00:00
5c2b36b8e747abcc27f2d9ab379ed334,a8d9188653afcf6f3069b492036c41e5,delivered,2018-07-16 18:43:18,2018-07-16 18:55:21,2018-07-17 13:22:00,2018-07-24 15:28:42,2018-08-02 00:00:00
5c7ffa6a8321eb05f96b3f941cf874e5,138c289139c20975e732feabd97f3983,delivered,2018-04-04 10:22:35,2018-04-06 03:15:31,2018-04-10 20:28:24,2018-04-26 01:42:38,2018-04-24 00:00:00
5cd498954e2b37d71b315166809b4bd7,ff1a56726b7ea149c7423865609cc0c8,delivered,2016-10-07 00:54:40,2016-10-08 03:56:15,2016-10-25 11:35:52,2016-10-27 17:32:07,2016-12-01 00:00:00
5ce6115708c300fbcc79f7886d0163ec,4e32ac19f4d82eb93a61b07b37c24eac,delivered,2018-08-10 15:55:40,2018-08-10 16:05:17,2018-08-13 14:43:00,2018-08-17 16:04:40,2018-08-28 00:00:00
5ce67f8655ea16aca378fdb87e3a8665,a7f2c8702670c3daa643060f32eba202,delivered,2018-03-02 00:29:29,2018-03-02 01:20:32,2018-03-02 22:14:52,2018-03-07 17:46:09,2018-03-14 00:00:00
5cf4f1db71ef2896c0c286637f7dffd1,90c3de9eb482c56ce68a64076d68323c,delivered,2018-07-25 13:20:53,2018-07-25 13:30:15,2018-07-26 11:16:00,2018-07-30 15:55:11,2018-08-09 00:00:00
5d00da307fb1f170ba75e37b6ff2343d,c45c94c93f9a671931d5ae160b2d3b04,delivered,2018-06-11 13:55:47,2018-06-11 14:18:50,2018-06-20 14:16:00,2018-06-26 20:32:02,2018-07-13 00:00:00
5d2d954e72e7ec31baa0a784aa82a1d6,2d1abb9c4b05dc849f5fb26c75f3d710,delivered,2017-07-20 11:20:15,2017-07-21 02:50:25,2017-07-24 17:37:39,2017-08-01 22:08:02,2017-08-11 00:00:00
5d4904af2abec966288d8236c091bbda,301244891b00c0b50ec19d1707ff24f6,delivered,2017-05-13 18:20:06,2017-05-13 18:30:12,2017-05-16 12:01:42,2017-05-26 18:03:39,2017-06-02 00:00:00
5d8614cc1b5fa0f33976b87215bbdb0c,179404687da732e002e33a0ea0f27a57,delivered,2017-08-17 21:08:09,2017-08-17 22:25:13,2017-08-18 15:08:04,2017-08-28 19:06:43,2017-09-11 00:00:00
5d98c74c9456e1af5dd506e16a9d5993,a83d4e5635b476c1191ec35b5fb941f0,delivered,2017-11-17 19:43:52,2017-11-22 03:06:56,2017-11-22 22:23:31,2017-12-02 18:22:09,2017-12-13 00:00:00
5db54d41d5ebd6d76cb69223355601f5,fe66ded86a1678a8ad544e4c78447348,delivered,2017-03-02 18:53:45,2017-03-03 18:55:23,2017-03-06 11:20:14,2017-03-16 11:09:46,2017-03-31 00:00:00
5db62a99be52172b589440403f644aa9,5195c80d2034a6123f3866574cfffde8,delivered,2017-09-16 21:41:43,2017-09-16 21:55:16,2017-09-18 20:32:02,2017-09-26 15:35:48,2017-10-06 00:00:00
5dbbced030c8556f919a3b392a589b7e,dad1e2ee878086780ede43f04ff07a53,delivered,2017-11-03 11:10:16,2017-11-04 11:15:27,2017-11-06 21:11:58,2017-11-29 12:43:05,2017-11-23 00:00:00
5dd4ba32ddd49be56001b6436d8ef44c,574d62d458f862a40cc12c3f41418c3b,delivered,2018-05-16 16:19:18,2018-05-16 16:38:52,2018-06-01 14:03:00,2018-06-05 20:19:00,2018-06-08 00:00:00
5dea57306e01caa42ad0b07b85042953,0b3a3c105d2d5b981fcf34c111fb18a4,delivered,2018-07-16 01:31:13,2018-07-16 01:47:22,2018-07-26 11:05:00,2018-08-02 19:42:02,2018-08-14 00:00:00
5e0a798e395c3be05f7b2cc9f7ceb6b4,3119195c7ca0da07f02a118f1fd13499,delivered,2018-03-21 12:08:41,2018-03-22 02:55:33,2018-03-22 19:43:41,2018-03-23 13:48:34,2018-04-03 00:00:00
5e0d84280f3a96b37d0228b21ffeb4f6,e9a31b63dccb0bf5d0f7eb63679dbc36,delivered,2018-08-21 13:04:02,2018-08-21 13:31:03,2018-08-21 14:41:00,2018-08-23 01:24:25,2018-08-24 00:00:00
5e29bb4d91686c8d61f87779502db614,8059726e1bee32796e83bf37aa97ee5d,delivered,2018-01-25 08:48:39,2018-01-26 03:15:48,2018-01-26 19:39:06,2018-01-30 20:58:08,2018-02-09 00:00:00
5e8c4235c5941812c1831d835ae020fd,e787ddf38676914ffe9704e1766096ab,delivered,2018-04-07 20:39:43,2018-04-07 20:55:30,2018-04-11 18:21:35,2018-04-23 15:42:04,2018-05-02 00:00:00
5ebce795f868b14058961eb09ebf1cbc,334d2f3da18803bd68cdf58a72f93d65,delivered,2018-03-03 09:11:43,2018-03-06 03:55:51,2018-03-09 17:07:06,2018-03-21 16:12:11,2018-03-29 00:00:00
5ef13293f44c9ba1b12e98237a956679,3c1b792ee531dc8feec4424412320fc2,delivered,2017-12-02 21:37:24,2017-12-02 22:05:06,2017-12-07 15:29:04,2017-12-11 22:14:00,2017-12-29 00:00:00
5f0d18fd02d895b6b8d05a96e97d74e7,4057f6e033d6192837a0a1201e59d3ff,delivered,2017-06-27 11:28:20,2017-06-27 12:05:24,2017-06-27 17:27:50,2017-06-28 15:49:50,2017-07-10 00:00:00
5f15f0c533a12e29594c41ac50ce1379,9f07fee56d107e6f9f3eef24677103a3,delivered,2018-06-05 10:22:28,2018-06-05 19:54:51,2018-06-11 12:23:00,2018-06-25 20:37:47,2018-07-19 00:00:00
5f1c6f4cf77108f298378c829da557c2,c1475271797b42194ddeaf4b84354cab,delivered,2018-04-18 17:48:57,2018-04-20 07:32:14,2018-04-21 00:34:31,2018-04-25 15:40:33,2018-05-10 00:00:00
5f1c8f2e81ded8f245bc3e756524e2f7,cb726dee17ab5dae5abc420d80087d3f,delivered,2018-02-07 16:13:31,2018-02-07 16:49:12,2018-02-09 21:25:16,2018-02-16 20:51:55,2018-02-23 00:00:00
5f20455f0e74de9eae30de410c811013,dd0ec9c1e70785cba65418e8c44ef00e,delivered,2018-05-01 15:17:15,2018-05-01 15:35:24,2018-05-02 12:56:00,2018-05-08 19:47:26,2018-05-22 00:00:00
5f4f8bd3b8bb2614ac31120209f8b1b4,7ac7d517b48638edff7d3ccc84063742,delivered,2017-04-25 15:42:46,2017-04-25 15:55:17,2017-04-26 23:48:01,2017-05-04 13:50:08,2017-05-16 00:00:00
5f53ad559baa843298f7772942dbc6fb,7ce5a437177a6a42ca15e3a62a494ee7,delivered,2018-01-20 22:57:00,2018-01-20 23:20:11,2018-01-22 15:11:57,2018-02-03 18:28:40,2018-02-19 00:00:00
6042c0c3800159373b3343dd442c86bd,3d86c7409e155bf2b6490a0a3384a48c,delivered,2018-07-14 00:35:22,2018-07-14 00:50:18,2018-07-16 13:53:00,2018-07-25 17:32:01,2018-08-03 00:00:00
606a4d197c2fcc7ea1b91a89c0843f1e,3ba4c54a45fcf215d16b7c5fd916deaf,delivered,2017-11-16 17:02:47,2017-11-17 04:26:12,2017-11-23 18:29:09,2017-12-22 20:45:13,2017-12-14 00:00:00
60b276464a67309733a0662e758e9875,437bbefd8040aaa7dcde638396f63c1f,delivered,2017-02-14 16:07:08,2017-02-16 02:10:36,2017-02-16 15:39:17,2017-02-23 13:27:50,2017-03-15 00:00:00
60c2fd4bd6d23ab4fa7a910b61dac591,f50ad8aad42ad296a4604a07de96b236,delivered,2018-08-04 14:23:25,2018-08-04 14:35:16,2018-08-06 12:21:00,2018-08-09 00:51:16,2018-08-13 00:00:00
60eeb6cfb0da0d3db8ccd8a0ca15f272,7df0b431d81325e82cfc663f2c43efef,delivered,2017-11-17 10:24:43,2017-11-17 10:50:45,2017-11-17 19:45:00,2017-11-27 16:14:47,2017-12-11 00:00:00
60f6e33dc906f7b5b4f5096f979ab9f6,194210b93d80c9ed81d077596cbd8ffb,delivered,2018-05-09 08:06:14,2018-05-09 08:30:57,2018-05-09 11:00:00,2018-05-15 18:39:28,2018-05-28 00:00:00
6103ae4e3648137cdabab734faf4c19e,147ea8ab00e6417a666c1b9921b64be4,delivered,2017-09-27 00:26:45,2017-09-27 00:56:14,2017-09-28 16:13:57,2017-10-11 20:42:57,2017-10-31 00:00:00
612951fa21ca749d62ad2b4f3e0757dc,f4bf6d85408fc27f31b125cd16da9e75,delivered,2018-08-06 09:57:33,2018-08-07 09:50:17,2018-08-07 14:13:00,2018-08-10 19:28:43,2018-08-23 00:00:00
6135f38f4bb6d100bd3b064ccaddf7b8,1ce6087cfb4834e9ec5e9ed3941448f1,delivered,2017-11-24 07:15:45,2017-11-24 07:49:36,2017-11-28 17:12:42,2017-12-01 22:07:06,2017-12-08 00:00:00
615915458e5cdf8939ae422e043ca879,abbbbf3b358a480884af84bee14b9102,delivered,2018-04-21 17:05:02,2018-04-24 17:17:08,2018-04-23 17:27:43,2018-05-29 16:36:41,2018-05-28 00:00:00
6192897f85cb2aff6dd1fca56fddb45e,f77559535865a660bd328db79a177749,delivered,2018-07-18 13:34:22,2018-07-18 13:50:12,2018-07-18 11:33:00,2018-07-26 15:02:53,2018-08-03 00:00:00
61b5e339a1a45b4d6eb6a2cdf40da6a4,789adfc01cc490cc19d0ea1d0fa0b420,delivered,2017-09-17 17:31:07,2017-09-18 17:30:24,2017-09-25 19:41:46,2017-10-02 20:55:46,2017-10-16 00:00:00
61bc36958b1d61ed45eb66755fcf5722,cf5d2bf978920481642239c79555b3db,delivered,2018-03-08 19:10:37,2018-03-09 02:35:32,2018-03-09 18:18:58,2018-03-16 01:58:27,2018-03-28 00:00:00
61d9b48d85b81cc207e948c13dbd633b,98c84ee0626307cc9c548753a33b7ad8,delivered,2018-03-18 14:24:34,2018-03-18 14:35:23,2018-03-19 23:52:28,2018-03-21 17:51:44,2018-03-29 00:00:00
61ff26ac3b205fc54a7431bb3b032cf0,e7bcaff19f8b12cf07de86e2796652d3,delivered,2017-09-11 22:36:52,2017-09-11 22:45:26,2017-09-21 20:13:58,2017-10-01 15:04:07,2017-10-04 00:00:00
621be24850f6edd2e8dbd75a0f19668a,06be66243346e59b86a04d25496b19e3,delivered,2018-06-26 14:45:11,2018-06-26 15:15:55,2018-06-26 15:42:00,2018-06-30 18:43:26,2018-07-31 00:00:00
6224401eebe13e25d470d8d6a9ef225e,00a860aeb15fb205efdb0c689d8f9c6a,delivered,2017-09-05 22:26:58,2017-09-05 22:43:53,2017-09-08 19:42:14,2017-09-12 14:29:00,2017-09-29 00:00:00
626d1cc366da566023f1b3d8e202d568,0977ccd98cf666f24223669c1aae0180,delivered,2018-06-26 04:15:10,2018-06-26 04:32:05,2018-06-26 14:37:00,2018-06-27 18:12:33,2018-07-18 00:00:00
6275954c6646fe2a6fcc3b1f7771de04,724dd97cb4813b4be4c1599f6baf15ca,delivered,2017-11-24 15:10:38,2017-11-24 17:37:49,2017-11-28 21:15:22,2017-12-18 19:34:14,2017-12-15 00:00:00
62bec84b920514dd9d777e095fb5be2b,fccc73b03ac8329be1c7b98011fd9638,delivered,2018-01-26 11:25:56,2018-01-26 11:39:35,2018-01-29 20:28:35,2018-02-15 01:13:29,2018-02-22 00:00:00
62d6b75c62b447ebcacb509154ae9958,e01d4d0c98a1f1e998f3b78aa5c48874,delivered,2018-01-31 16:27:44,2018-01-31 16:51:15,2018-02-02 20:39:19,2018-02-06 17:14:56,2018-02-22 00:00:00
62dedcd31d4b3c43f9adbab2d7fd84d4,8db99cc78f0035b7027d4d5da0466cdc,delivered,2018-07-30 23:51:39,2018-07-31 00:24:16,2018-07-31 14:52:00,2018-08-03 18:13:33,2018-08-14 00:00:00
62e8878bf54a37544cf066414f3a2c72,a9bb25e5e037a48e105498de8c4042d9,delivered,2018-03-02 15:27:05,2018-03-03 02:35:37,2018-03-06 17:33:11,2018-03-16 22:12:59,2018-04-04 00:00:00
630740e03f6373612399c5e8cca3c3c3,2c129946f032bb0318e850a5e6b8fc21,delivered,2018-05-14 18:49:05,2018-05-15 18:59:16,2018-05-21 15:10:00,2018-06-13 13:12:04,2018-05-30 00:00:00
631252ac24a799cf8f1c7823248527d5,e00cd6b2b1b0bd04a6813359a2698380,delivered,2017-07-16 21:52:58,2017-07-16 22:05:49,2017-07-21 12:45:55,2017-07-28 22:07:58,2017-08-09 00:00:00
631bf0797fc3480d6eae9757b0c816b4,2bfdfc487c9342cc6ceac940adb36c11,delivered,2018-08-16 21:31:19,2018-08-16 21:49:31,2018-08-20 12:41:00,2018-08-27 15:23:50,2018-09-04 00:00:00
63411626466603435cf74a3d51f8fc8a,a7d2a3c4d297b45634f361190c8ec7f8,delivered,2017-09-19 14:23:31,2017-09-19 14:35:20,2017-09-21 18:37:56,2017-10-10 19:49:09,2017-10-17 00:00:00
635a1975ea58a2c4bf38ed733d7c9339,ec45a475aab53b94988fa324117b87bf,delivered,2018-05-09 22:55:03,2018-05-09 23:12:41,2018-05-16 13:01:00,2018-05-23 22:32:44,2018-06-25 00:00:00
6363b59d2e7f542672e0f11910c0c708,cf5c87f52f4f9d68b80bbaaea6afcb67,delivered,2017-07-18 17:47:55,2017-07-18 17:55:21,2017-07-20 16:02:22,2017-07-26 10:42:10,2017-08-11 00:00:00
637be788712bee0367ea76b1d2b4e702,e072f720ae44bd037c0340b5e6c2828b,delivered,2017-09-04 16:21:46,2017-09-05 16:25:40,2017-09-06 16:47:34,2017-09-13 12:29:55,2017-09-21 00:00:00
63943bddc261676b46f01ca7ac2f7bd8,1fca14ff2861355f6e5f14306ff977a7,delivered,2018-02-06 12:58:58,2018-02-06 13:10:37,2018-02-07 23:22:42,2018-02-28 17:37:56,2018-03-02 00:00:00
63bc56e1d9a5857d87b6de9435e8d304,c528a3c68341dc80baec0b465fbc1c7e,delivered,2018-02-08 12:38:06,2018-02-08 12:56:37,2018-02-09 23:21:40,2018-02-14 23:14:12,2018-03-06 00:00:00
63c303bbfc61f7fea7c12039a331617e,5132492784e2cb68041fb14b457bfe4b,delivered,2018-01-26 18:25:25,2018-01-26 18:39:45,2018-01-30 19:33:39,2018-02-08 20:25:07,2018-02-19 00:00:00
642e30dc3dee21998e3692a38e312bb3,931e89887633d3e4f088f8de9315292a,delivered,2018-05-10 16:55:31,2018-05-10 17:10:27,2018-05-11 14:28:00,2018-05-31 19:05:39,2018-06-05 00:00:00
645fe97a0bdded23a1498357223769de,b1d84e2aa801586af3b21ed91bb9ae6f,delivered,2018-08-19 17:25:36,2018-08-21 04:35:30,2018-08-22 13:52:00,2018-08-30 14:47:46,2018-09-04 00:00:00
6471b260244ab316f8331321d689aff8,8310ed73d01e240966ac0b8127bc68b9,delivered,2017-09-16 16:01:47,2017-09-16 16:10:11,2017-09-21 19:44:09,2017-10-05 16:09:29,2017-10-17 00:00:00
648c8fc147248b2db527bd25821f67af,b6ab7cabd5b094d098e1a1557a6d3f0d,delivered,2017-06-12 10:34:29,2017-06-12 10:50:08,2017-06-16 12:46:42,2017-06-22 16:36:36,2017-07-14 00:00:00
64b6860d0ff4339bec73a08ed44a99f2,8f08b29cda61da37f0bb4c06d4090fb0,delivered,2017-02-15 11:04:52,2017-02-15 11:15:19,2017-02-16 16:12:43,2017-02-20 14:21:28,2017-03-24 00:00:00
65312c6e4ce03c0fb633a4ac541949d8,228da462edabbbc68e6d265087499705,delivered,2018-07-22 15:19:05,2018-07-23 12:32:22,2018-07-25 10:06:00,2018-08-02 21:08:57,2018-08-13 00:00:00
6533a0d9c1703a1ebf0115fb55e01834,7bb71c78bfdc5d8a82c1b6866956daf7,delivered,2018-08-11 16:24:03,2018-08-11 16:35:14,2018-08-13 15:26:00,2018-08-24 16:02:50,2018-10-02 00:00:00
65b214a5e85949a6fcab64ff7e244426,1fcf3b848f9ca72b14d4ea76b2a4fe17,delivered,2017-06-01 21:09:51,2017-06-01 21:22:34,2017-06-06 08:45:50,2017-06-30 12:29:46,2017-07-07 00:00:00
65b5c34eac96c508fd60327de50a2d3c,dcf28d347a6e85c7c92db5579b08ef05,delivered,2018-07-16 09:09:55,2018-07-16 09:24:16,2018-07-20 15:06:00,2018-07-25 18:51:17,2018-07-30 00:00:00
65bb139b1cb6db9d99a350fa4a7d68f0,5855110e604705924d9b962fbbf732d0,delivered,2017-08-08 19:42:43,2017-08-08 19:55:18,2017-08-09 19:27:57,2017-08-12 14:14:37,2017-08-21 00:00:00
65ded6e061f051ce3ae4a69b6870ac24,0bd00959bda7d317449b8ae1749225be,delivered,2017-11-24 11:20:53,2017-11-24 13:15:50,2017-11-30 19:37:56,2017-12-19 22:29:13,2017-12-22 00:00:00
65e9a241667deddeffb1542389e94964,f0bafcc4e19c8efd9aef04d2d4bc1527,delivered,2018-03-28 06:08:51,2018-03-28 06:26:22,2018-04-02 17:48:42,2018-04-04 21:46:48,2018-04-10 00:00:00
65ebd0b456e1fc3533b4c0645a90b366,87d2005a4d6739b37ba77588e743642d,delivered,2017-08-01 09:49:05,2017-08-02 02:55:58,2017-08-04 20:27:27,2017-08-11 19:04:16,2017-08-23 00:00:00
664aece086c0b955e71ee4f88965a565,7aa5c798faaf42173981b921aaaacae3,delivered,2017-08-01 18:30:45,2017-08-01 19:04:29,2017-08-03 16:39:56,2017-08-10 19:53:23,2017-08-29 00:00:00
665c70dad359d52a11ec77814605ab19,3e9e084c1857e375aaaf16a24b3afd17,delivered,2018-05-07 16:57:00,2018-05-07 17:56:53,2018-05-08 13:58:00,2018-05-16 00:20:56,2018-06-01 00:00:00
66b073eb59202fd98ae224db60ccb476,a5ae10c4cf5d68123ae82de71e884f24,delivered,2018-01-18 16:56:51,2018-01-18 17:13:02,2018-01-25 22:54:33,2018-02-01 12:37:39,2018-02-08 00:00:00
66b5056a7febb8679fd88a5b42d59b05,efacfd34542547c82d99fb77d0f545cf,delivered,2017-11-09 19:30:59,2017-11-09 19:50:44,2017-11-14 22:11:40,2017-11-24 00:02:26,2017-12-05 00:00:00
66bc614bb924869b79b65d7f8077a385,d44ef3d822f991ab3ccdc429eee4d8c9,delivered,2018-01-29 17:47:27,2018-01-30 11:15:51,2018-01-30 22:16:48,2018-03-06 21:28:38,2018-03-01 00:00:00
6714663b6b3db5c838d7590c6a7600e3,df90101175bba909f4966543a9c2036d,delivered,2018-02-10 09:18:15,2018-02-10 10:00:20,2018-02-15 00:09:38,2018-02-22 18:33:32,2018-03-07 00:00:00
67268ca1e8a89d4c08b6517a4de13994,606d6f66e1df8bdb3a58d9a1b3f2894d,delivered,2018-04-05 16:45:43,2018-04-05 17:09:37,2018-04-10 00:54:20,2018-04-13 19:36:39,2018-05-02 00:00:00
672e1607b26c5a9e1ec3e1e537af3257,e6c88425cced764e5c72f44c9d8ef940,delivered,2017-06-03 20:16:31,2017-06-04 20:15:11,2017-06-06 14:18:05,2017-06-14 13:44:04,2017-06-30 00:00:00
674dc699bdf7b477fcf8efa0b898802a,55ca0a4d904df9708853ea6231f68a26,delivered,2018-05-20 01:08:53,2018-05-22 09:36:22,2018-05-23 15:01:00,2018-06-05 19:58:51,2018-06-11 00:00:00
675d6533ed09bea158fd932431474b82,6036479ceafa4aab3dc585f1a05772e8,delivered,2018-07-28 21:10:25,2018-07-28 21:24:19,2018-08-03 15:14:00,2018-08-07 18:24:36,2018-08-22 00:00:00
676c554a88771af1264e81fa10e7e760,45a44ce03647965a1233ac3ffff76022,shipped,2018-05-02 21:10:43,2018-05-02 21:35:26,2018-05-04 14:16:00,,2018-05-23 00:00:00
677903861e5a22d39b6c208476a62fe4,e7277a1754c3ea5a86f83ede09db9c91,delivered,2018-03-15 08:34:44,2018-03-15 08:49:33,2018-03-16 20:12:50,2018-03-22 22:41:04,2018-04-05 00:00:00
67b0f99f4462dd93418ed97b21a6c725,edac42fb2321d66c4fe98b9bde2d97b3,delivered,2017-10-06 10:48:07,2017-10-06 10:56:17,2017-10-16 21:38:07,2017-10-21 15:47:55,2017-11-09 00:00:00
67c03c278fad216ed9ab5573e8cc551e,4105eb02085967932bed76c39d8153a0,delivered,2018-02-08 18:30:47,2018-02-08 19:20:25,2018-02-16 16:52:27,2018-04-30 15:46:47,2018-04-02 00:00:00
67c78c07a98cbe27b5acebd87a164192,1aef2277225c3bef344c77bc28a13efb,delivered,2018-03-22 23:02:39,2018-03-23 22:55:38,2018-03-27 21:38:37,2018-04-11 19:22:42,2018-04-10 00:00:00
67d413d255c5eb97d120a90d68e2c3d9,893f9d0672c5190ed0d36e777d769a3c,delivered,2017-06-12 10:26:36,2017-06-13 04:05:13,2017-06-13 15:29:50,2017-06-15 10:03:35,2017-06-28 00:00:00
68045e87308a14e1d77f14ff287a2b3b,5d35803ff17fa008553875bc5e3cac0a,delivered,2018-03-26 22:39:15,2018-03-28 02:50:17,2018-03-29 11:36:57,2018-04-04 13:36:52,2018-04-06 00:00:00
6811f439ad8873c28f8e1138e02229a5,51f2243a8dd72cbaa606deaa06b984b8,delivered,2017-12-10 11:22:29,2017-12-10 11:31:27,2017-12-11 20:44:48,2017-12-19 16:58:07,2018-01-12 00:00:00
6828ba023d753e69328bc0b6e4153cb4,5639a58bc71ac1f158f163a3fd9a1d46,delivered,2017-09-01 13:34:06,2017-09-01 13:45:13,2017-09-04 19:35:45,2017-09-11 18:53:38,2017-09-21 00:00:00
685eef0e70bd850df886871cc0917e81,68fe35f2befb496c88c469dd4120dace,delivered,2017-12-29 21:00:37,2017-12-29 21:09:39,2018-01-04 22:32:58,2018-01-16 13:56:35,2018-02-01 00:00:00
68764c1cae62d3a314f53f05475f5ca7,f8c3c173f3aebb9dc59a19669b25dddc,delivered,2018-08-22 09:39:57,2018-08-23 16:15:24,2018-08-24 14:31:00,2018-08-28 21:14:45,2018-09-04 00:00:00
6886aae7a8428ce1fa707bc8fb70acf8,a259e2eccc91a131646b5dfa00988496,delivered,2018-03-18 17:17:30,2018-03-18 17:30:49,2018-03-23 18:39:01,2018-03-28 13:59:05,2018-04-16 00:00:00
68a688be62a4e82e6f8450c215d3fdae,e9957015777b9fa682e9cab2e94419b3,delivered,2018-05-08 21:08:36,2018-05-08 21:34:12,2018-05-11 17:09:00,2018-05-18 15:18:53,2018-06-04 00:00:00
68a6a32c41cd1cfeab8e2e1507813e84,4b7d83b919310b17588c79823058ddc1,delivered,2017-09-25 04:15:28,2017-09-26 14:35:55,2017-09-27 19:42:39,2017-09-28 15:10:38,2017-10-11 00:00:00
68e3cd57e173ebad230c2879e6c78401,a8004a3d658be3bb26c0ad71671ef73f,delivered,2018-04-07 20:56:45,2018-04-10 04:15:40,2018-04-10 20:06:22,2018-04-11 20:48:32,2018-04-19 00:00:00
68eb31d36231dd3fc97baf5cb6f73103,fc2c4598b5694563811540d01c98fbf6,delivered,2018-06-23 17:24:16,2018-06-23 17:38:04,2018-06-25 17:01:00,2018-06-29 20:12:28,2018-07-23 00:00:00
693264d23ad645c479b42deea5eceec0,aa72002446dfbac0691304465c1b982d,delivered,2017-02-12 12:32:38,2017-02-14 04:15:22,2017-02-14 13:34:16,2017-02-17 15:12:28,2017-03-10 00:00:00
6938607d864e891477d4b5d25ad507eb,7f13d5d564ad95b4a74ba05c15432481,delivered,2017-09-11 01:06:45,2017-09-11 01:23:59,2017-09-14 14:03:18,2017-09-18 23:43:28,2017-10-16 00:00:00
6966b21d5a0ca10f795dc14508c1b7bf,07d2a5fdbee70f085319ad636a84e6cd,delivered,2018-02-24 11:41:05,2018-02-24 11:55:25,2018-02-27 23:37:01,2018-04-19 22:18:27,2018-03-21 00:00:00
69a8b09c27431364c37629468a6e156a,516d80acf7e949f9cbd5839faf326a19,delivered,2017-04-03 07:35:40,2017-04-04 06:02:37,2017-04-05 08:26:55,2017-04-10 14:05:23,2017-04-26 00:00:00
69ad29a3aba936e80ea906bf73c631a8,78dade93bc51c691586fc4880c994b75,delivered,2017-11-23 14:43:38,2017-11-25 03:34:13,2017-11-28 22:08:24,2017-12-19 18:28:37,2017-12-21 00:00:00
69f5eed47613a9d3cd0ae94d398cdd4e,af65b5fb2830e00789e56d7b30e86b63,delivered,2017-07-14 10:40:15,2017-07-14 10:50:22,2017-07-17 17:38:11,2017-07-24 19:51:23,2017-08-07 00:00:00
6a333077739385e594ea01b12faf9323,d78d9586e8895b302072d5438ae4fbf3,delivered,2018-01-15 16:29:22,2018-01-15 16:51:07,2018-01-18 12:47:35,2018-01-20 15:48:34,2018-01-30 00:00:00
6a436bfc9dcfaf12d5075d521f38afe9,d3026f8e45f46142dc55f6801ae02a47,delivered,2017-10-03 20:37:50,2017-10-03 20:56:23,2017-10-04 16:23:20,2017-10-07 12:29:03,2017-10-25 00:00:00
6a4b27f33e33875ed99945d3e271698e,10dcfefeeb0f0dfe99880248167259f0,delivered,2017-03-02 18:58:10,2017-03-02 19:05:10,2017-03-08 12:16:39,2017-03-14 10:32:49,2017-03-27 00:00:00
6a8ead05c1fec9733ff10c379faa4e59,4a431d029dddd37ca7cdc62e65e15c89,delivered,2018-05-14 08:41:04,2018-05-14 08:55:32,2018-05-15 12:00:00,2018-05-21 18:42:49,2018-05-29 00:00:00
6aad3bed746944c70143bcbcadb6c5ab,2b0c7e192538f2086b62e93df18bf446,delivered,2018-06-06 17:40:27,2018-06-06 17:55:08,2018-06-07 13:32:00,2018-06-11 13:19:00,2018-07-13 00:00:00
6ab8dac189301e155d1ff9208d98db3f,f1b716fda069da883eeba66adca9a5d0,delivered,2017-10-04 12:32:08,2017-10-04 12:49:21,2017-10-05 15:03:36,2017-10-07 16:32:55,2017-10-23 00:00:00
6abaad69b8b349c3a529b4b91ce18e46,f5618502bee8eafdee72fb6955e2ebdf,delivered,2018-02-15 10:33:30,2018-02-15 10:47:59,2018-02-20 14:15:09,2018-02-24 19:15:56,2018-03-07 00:00:00
6abb2dd22e301e03c68d0b4e55cf5560,d652330fde451d2476a123ad0650bd20,delivered,2017-02-04 19:47:02,2017-02-07 03:55:10,2017-02-07 11:06:35,2017-02-14 16:05:11,2017-03-01 00:00:00
6af0669bfc3cbdfbc6559919441da2e8,899d314e0ceb5d259c42293077eb5102,delivered,2017-11-23 21:41:25,2017-11-23 22:12:35,2017-11-24 17:39:18,2017-12-04 23:14:52,2017-12-14 00:00:00
6b11abc0295e397afb43aecade82621a,1d432d596d225cc4fb606b6502c123ac,delivered,2018-05-07 17:34:11,2018-05-09 04:15:14,2018-05-11 15:37:00,2018-05-17 18:25:38,2018-05-23 00:00:00
6b5a2cfa488fc5324f22cafe995bd8eb,ea0b4bff98df39909d0bab62c60e0725,delivered,2017-09-16 17:43:25,2017-09-16 17:55:17,2017-09-19 15:04:43,2017-09-20 20:33:38,2017-10-02 00:00:00
6b5fb7a597834a8211623075d4b8e079,0c449d43caee651308a153c58e09c9f7,delivered,2018-02-08 14:14:37,2018-02-08 14:29:32,2018-02-09 19:45:57,2018-02-14 20:25:07,2018-02-26 00:00:00
6b6a02cd68662e796263b55aeced16ad,f1295cf50f85831a3c9e37651cba8792,delivered,2017-10-16 11:10:16,2017-10-17 15:49:19,2017-10-18 20:22:26,2017-10-23 20:52:21,2017-11-13 00:00:00
6b7de2635479caf94e86f987e12644da,9352054a03d9a32bc49b1df0947efb0a,delivered,2017-06-03 21:06:21,2017-06-03 21:24:45,2017-06-05 10:46:51,2017-06-12 15:13:55,2017-06-28 00:00:00
6b8d21bbe1e219c7b5039f232ca30e46,2da3c88ac9284b3bf9bea4cb79fd0e47,delivered,2018-01-04 14:33:41,2018-01-06 02:07:54,2018-01-08 23:04:38,2018-01-16 23:31:52,2018-02-06 00:00:00
6bf136259829d50a608304ba02fb14b3,c3c2b87ca996a282ff709c92cbed3421,delivered,2018-01-11 13:24:49,2018-01-11 13:33:40,2018-01-11 20:18:04,2018-01-18 20:53:14,2018-02-07 00:00:00
6bfefd597dae9bcdc38e087a154ab6e5,c0fd6186a94fc6fe13f085e45a2b5045,delivered,2018-04-25 21:55:09,2018-04-25 22:10:23,2018-04-27 12:56:00,2018-05-08 15:45:39,2018-05-18 00:00:00
6c20d70e7c720f7895651a703e320b86,ea65ed9eccb0fbc782b22c52d38ec8cf,delivered,2017-12-08 11:57:49,2017-12-08 12:10:09,2017-12-11 18:59:12,2017-12-13 15:06:07,2018-01-04 00:00:00
6c2df403c867a6aa913b387d92999d43,cd07153a3e03b42c948bafeec3ff9b76,delivered,2018-03-05 14:47:54,2018-03-05 15:29:17,2018-03-23 20:38:47,2018-03-28 17:34:23,2018-03-27 00:00:00
6c4e1e1b0508d7c73164b8890daa28c6,c6306ac21fb4ae74e7c95593dd0ba5c3,delivered,2017-07-12 23:53:35,2017-07-13 00:50:16,2017-07-14 19:54:23,2017-07-20 18:14:23,2017-08-07 00:00:00
6c6971df6cfa20527e3e3d32aded78b1,4303f036861990814a1cb67ff02d50a2,delivered,2017-12-30 16:45:59,2017-12-31 07:55:28,2018-01-02 16:09:23,2018-01-17 20:43:50,2018-01-30 00:00:00
6c7378154382f7378b82fa860f68c758,72edfa680cf8f4b104e145cbb2b0ec12,delivered,2017-11-27 20:50:39,2017-11-27 21:01:30,2017-11-30 01:18:42,2017-12-27 21:26:45,2017-12-18 00:00:00
6c80694f60ad5694975dc614b2a7e723,e7097960c7662eb4f785a1a4c8f5c59d,delivered,2018-05-16 12:26:21,2018-05-16 12:53:55,2018-05-17 08:40:00,2018-05-29 11:03:31,2018-06-11 00:00:00
6c936253ed9ab81f5293da5081ba8a9a,7bd91fc37caa0e8981ede1e43b09bb3b,delivered,2017-12-15 01:02:45,2017-12-19 09:35:33,2017-12-26 23:51:41,2018-01-08 19:16:54,2018-01-11 00:00:00
6cb295459b579361f0b6186ce45a76e4,b794de71e3798cfb1daf6aae21548bfa,delivered,2018-08-17 07:18:04,2018-08-17 07:38:57,2018-08-17 12:53:00,2018-08-22 19:21:44,2018-08-29 00:00:00
6cd1a4eb4b9a14b5a991a897f096d443,a68d9bfdc7bad336fab0e1643f01a6d1,delivered,2017-06-04 18:21:10,2017-06-04 18:30:49,2017-06-05 15:10:11,2017-06-06 10:57:32,2017-06-26 00:00:00
6dddec4ff6cf5567af3fe54023e28500,fc9338669f6991ca326f7b892001d021,delivered,2017-05-30 23:27:47,2017-05-30 23:35:18,2017-05-31 10:46:53,2017-06-05 15:22:08,2017-06-22 00:00:00
6e228f845ad0d104a3e3c343dbfd0c19,9f5d14a3c0a1ca30fb65b984c3123b69,delivered,2017-11-29 09:39:24,2017-11-29 09:49:26,2017-12-04 18:52:20,2017-12-18 18:49:19,2017-12-26 00:00:00
6e4a56e7ceec57f1cd7fea6278c4c710,9eff8e3689527dcf3f62c2eacb357dde,delivered,2018-05-16 16:50:14,2018-05-18 05:16:46,2018-05-30 14:03:00,2018-06-01 16:07:28,2018-06-04 00:00:00
6e57a0a9be49f002ca81bd94ec9b7021,a623f9c1f640ca6742364b726e5efda5,delivered,2018-05-02 12:35:16,2018-05-03 03:52:54,2018-05-03 13:17:00,2018-05-04 17:08:39,2018-05-16 00:00:00
6e5cff6677f960e7b16b2bae2b941c9d,ff3aa468b3a7f789f855f858cc6a2438,delivered,2018-08-11 09:21:01,2018-08-11 09:30:11,2018-08-13 15:24:00,2018-08-16 19:56:40,2018-08-27 00:00:00
6e61e9948a1e8b1389dd34c5c11fe90d,17b6b7850070f21ce0cb8288fb80a606,delivered,2017-09-28 19:51:55,2017-09-29 02:14:36,2017-10-02 12:11:44,2017-10-12 12:43:36,2017-10-23 00:00:00
6e7e6eaf0039ee7fee0886266ab15e3c,1538b69956aff493fda40edb1e6cbd45,delivered,2017-12-04 00:12:06,2017-12-04 00:19:24,2017-12-04 17:53:04,2017-12-26 17:16:02,2018-01-02 00:00:00
6ec56173121c5972d0fd631f0f084d93,225b0cb5e7de0a208bf0c296fcff7bbc,delivered,2018-07-15 10:24:22,2018-07-15 10:35:15,2018-07-19 15:01:00,2018-07-28 01:22:26,2018-08-08 00:00:00
6f0fe3a4d47a538537e0ff4486928014,d4914fdce3947bbb342bda7ff7333042,delivered,2018-02-19 21:40:19,2018-02-19 22:47:01,2018-02-20 22:42:47,2018-03-01 00:09:18,2018-03-09 00:00:00
6f1ea17aaf0660f7eea41df1f6fc9e27,ed55ec2e2dfb8c29e07a1bf61cf889e5,delivered,2017-04-21 14:44:38,2017-04-24 13:35:16,2017-04-26 09:22:18,2017-05-16 10:53:03,2017-05-11 00:00:00
6f28feea2823c775f5b8110ccf4fe754,338fad4bbe7bbf239e0077d785f8ca18,delivered,2018-03-24 10:58:59,2018-03-24 11:40:27,2018-03-27 23:16:59,2018-04-18 21:03:45,2018-04-23 00:00:00
6f44e08b458a69c51d6c0c460358baf6,1156e7c99b96d2222ef03da9831eb266,delivered,2018-02-09 14:00:41,2018-02-09 14:15:49,2018-02-14 17:19:00,2018-02-20 18:39:10,2018-03-14 00:00:00
6f4a84455372ad6b74c6ddd49e730539,43f44585945297e024c2f5814c7b408f,delivered,2018-02-13 02:42:20,2018-02-13 02:55:20,2018-02-15 15:17:00,2018-02-26 19:38:54,2018-03-08 00:00:00
6fbb3d20bfc2d3afdc6478057599ea2c,c724f10c7dca7eb6d7ed63582413adc8,delivered,2018-08-24 09:09:41,2018-08-25 02:35:20,2018-08-27 13:37:00,2018-08-30 12:26:21,2018-09-06 00:00:00
6fcd1385684eaf7076ac0d72b1fab2db,5dc9d4245de8364e6dd879734ea905e7,delivered,2017-11-29 09:12:25,2017-11-29 09:38:59,2017-11-30 01:47:36,2017-12-20 16:18:37,2017-12-22 00:00:00
6ff14c785c89530b9a33206e62253d05,fe96dfd861c4c42a3f4d7668a3e22900,delivered,2018-08-18 16:42:46,2018-08-18 16:55:26,2018-08-23 19:02:00,2018-08-24 15:59:34,2018-08-29 00:00:00
703363ff17a413eaf90c960dc1a750b6,6ff9a4347bfa57f715794620807ff551,delivered,2018-01-09 17:30:12,2018-01-10 10:31:37,2018-01-16 03:33:16,2018-01-25 18:38:55,2018-02-06 00:00:00
70613a4d0fcc3ad95dd80f90a7d05a59,d8dc5b416324594269249da4d51983a6,delivered,2018-04-10 04:29:02,2018-04-10 04:35:14,2018-04-16 18:08:40,2018-04-26 17:38:37,2018-05-02 00:00:00
7073be83c3247747c26a69d5a689edbf,f2f4eb1a9dd538dbe28987f5d42e9857,delivered,2018-07-16 15:32:50,2018-07-16 15:45:17,2018-07-20 15:50:00,2018-07-23 12:41:23,2018-08-01 00:00:00
709e43f97cb2a47fa749503419163710,3428aeaf91a64e697144aee8178f8cb9,canceled,2017-04-26 21:43:55,2017-04-27 16:22:52,,,2017-06-05 00:00:00
70f357cca87c1162357bf3c0a993cbe5,4ac6bbe5dcaf264863bff08692d00578,delivered,2017-09-01 18:40:11,2017-09-13 22:04:49,2017-09-05 12:33:19,2017-09-12 16:53:41,2017-09-22 00:00:00
714e87e589c74ad0e8ddb6b9c9706abf,bb57625bfea720d058af92852a0bb303,delivered,2017-02-13 10:26:59,2017-02-13 12:30:27,2017-02-14 04:47:54,2017-02-17 11:34:51,2017-03-14 00:00:00
715db622428425d51cc31f65a8b82eb0,60e922d8d5872b195f60949cf1ccd836,delivered,2017-12-02 20:28:18,2017-12-02 20:35:31,2017-12-04 19:57:01,2017-12-07 22:51:58,2017-12-20 00:00:00
71a9bc15cae2d58e86e4be7ae0ddc592,91e482f8c3164d3ccca546c08023e115,delivered,2017-07-20 19:17:05,2017-07-20 19:30:09,2017-07-21 17:38:36,2017-08-21 16:50:12,2017-08-23 00:00:00
71b17a1dca06f13bc0c69595e244d3e7,16762c606d8fb8248ef79a8829ced0c4,delivered,2018-02-13 13:27:43,2018-02-14 13:25:29,2018-02-19 17:29:05,2018-02-23 23:52:52,2018-03-13 00:00:00
71bb4b0d814139920f939608c9d37685,adbf0c3f16cf7a8694225b8853458877,delivered,2017-08-17 08:58:53,2017-08-18 02:31:03,2017-08-18 12:41:22,2017-09-02 15:29:53,2017-09-19 00:00:00
71dab1155600756af6de79de92e712e3,8c20d9bfbc96c5d39025d77a3ba83d7f,delivered,2018-02-01 18:32:02,2018-02-01 19:37:42,2018-02-19 18:37:35,2018-03-12 18:58:21,2018-03-22 00:00:00
71df939ed0ea6fc3549a76728ae598d6,75d7d29f5e0fa14362a17bbeac73c073,delivered,2017-05-04 15:50:13,2017-05-04 16:03:24,2017-05-05 14:32:51,2017-05-13 11:31:44,2017-05-25 00:00:00
72096fec7f0a5c65db72ae549c086803,709cc21d90b1c1afba62d1bec7d2761b,delivered,2018-02-28 18:31:11,2018-02-28 18:48:20,2018-03-02 20:49:03,2018-03-20 01:32:20,2018-03-21 00:00:00
72169ffd15efc268ce012f931a368c4e,de0c4d984792eb5cc97509c7e1d6cb5d,delivered,2017-07-12 15:54:13,2017-07-12 16:05:25,2017-07-13 17:55:59,2017-07-17 21:33:30,2017-08-03 00:00:00
723f4709e0dc0b2fc27c8d68792c2ba6,5df398b20c03c1d2e26f7eb8b65c9f29,delivered,2018-04-28 22:47:11,2018-05-01 05:15:18,2018-05-03 14:13:00,2018-05-07 20:33:34,2018-05-14 00:00:00
727140332cb5607e87e03e1501f636b2,06199a7981ec145069afeb0baf66a49b,delivered,2018-08-15 16:22:26,2018-08-15 16:30:25,2018-08-16 15:00:00,2018-08-21 17:48:53,2018-08-30 00:00:00
72a704e8fb6c499fad9b26bd8873bd39,91bd4ed51ee3835599963b967d9b9bbc,delivered,2017-12-25 20:54:42,2017-12-25 21:08:41,2017-12-27 19:15:17,2017-12-28 21:07:57,2018-01-15 00:00:00
72d4db7bdeb8827a6dcdb6a40f7149c4,522b39c82a9a0eeed9fca23de766cbc8,delivered,2017-06-30 14:29:17,2017-06-30 14:43:33,2017-07-03 17:40:08,2017-07-07 18:12:14,2017-08-03 00:00:00
72e4ee7d458b36222813e2b9707d9d25,32c002400131fb12bb89799af9afebcc,delivered,2017-11-27 21:14:27,2017-11-27 21:38:01,2017-12-01 19:12:01,2017-12-29 18:22:27,2017-12-20 00:00:00
730817800ec1c4805e8a41e67459d4e2,5e0116ac8f05deda37c92a3ab3788720,delivered,2017-10-23 14:41:19,2017-10-23 14:56:28,2017-10-25 13:43:21,2017-10-26 15:43:46,2017-11-03 00:00:00
731fce79a6dfc4251b9ee57dc2f6b239,8eb15ee1040f1c807ba88990089004ad,delivered,2017-04-27 15:33:47,2017-04-27 15:45:16,2017-04-28 12:28:47,2017-05-21 10:23:48,2017-05-29 00:00:00
7325155ebf88da418deb3ac20a5d7f85,90b029e906f07221faaa229502f58f17,delivered,2018-08-16 14:25:26,2018-08-17 04:09:49,2018-08-23 13:54:00,2018-08-29 13:37:18,2018-09-12 00:00:00
733f26eccfda637ff829bb51444ac13b,23c9a4af50b6e7ca6d5843acb4632f71,delivered,2017-12-27 16:02:37,2017-12-29 02:08:39,2018-01-02 17:49:09,2018-01-10 17:40:21,2018-02-02 00:00:00
735458a5d288ba55c03a10cb1b2dd481,5a2e937ebdd78eaa8cac5dc67b8b3a42,unavailable,2018-05-03 14:15:19,2018-05-04 14:13:00,,,2018-06-01 00:00:00
73840bb583b69b1d181d54f3f755a4e2,525fe4903a5cea320f17dcf74c2a1534,delivered,2018-05-29 13:28:56,2018-05-29 13:57:57,2018-05-30 13:46:00,2018-06-18 20:44:45,2018-07-17 00:00:00
738580878981997bfadf04c4c2fbd013,544e78bf4c62c25f76e384103d1823d8,delivered,2018-07-29 18:14:00,2018-07-29 19:44:14,2018-07-30 14:16:00,2018-08-03 20:28:36,2018-08-08 00:00:00
738958f1bd5348249ab7a14f6a9959e3,7a55476a19361dd97c46e26658ba5885,delivered,2017-10-30 09:12:27,2017-11-01 03:26:22,2017-11-01 14:12:26,2017-11-06 20:46:48,2017-11-23 00:00:00
73cfaa863221d5987b3f6aa644affca3,f06bb0bb030eef32d9ce6d9a4f177605,delivered,2018-08-25 20:10:27,2018-08-28 03:45:18,2018-08-28 16:05:00,2018-08-30 21:32:33,2018-09-06 00:00:00
73d68ef344ebda9bf0c80b7e3ed70e45,2aa26f091cbe1ebe446df78de1628f34,delivered,2017-09-07 18:41:13,2017-09-09 04:50:19,2017-09-13 21:22:52,2017-09-19 19:37:46,2017-10-03 00:00:00
7416fee595e25348b79a5d82a55c725d,4ff01dfee89511e08ce1605b08142cb8,delivered,2018-03-19 11:43:13,2018-03-19 11:55:32,2018-03-21 19:16:35,2018-03-31 21:08:41,2018-03-29 00:00:00
74661e530a952a7ca5c7631de0960ada,11f1058e94059e91e907631d99d977f0,delivered,2018-02-20 20:48:31,2018-02-22 02:28:48,2018-02-22 22:53:02,2018-03-11 15:18:59,2018-03-20 00:00:00
7477146d0d3adc1305846034436657ec,e4a55eed69fa7e98992be7fdc783a67d,delivered,2018-03-25 18:29:20,2018-03-25 18:48:22,2018-03-26 22:39:07,2018-04-24 20:08:41,2018-04-24 00:00:00
74bb37ec1177c69720bff87b248233cc,365686a7c86e75148a456893fc8c2708,delivered,2017-06-28 12:18:17,2017-06-30 03:15:25,2017-06-30 12:41:55,2017-07-06 13:36:47,2017-07-20 00:00:00
74da83fb91c2ae842aa99326a002cde7,ce53e3d7a4a60276824c5462d17a34f2,delivered,2017-06-29 12:55:23,2017-06-29 13:05:14,2017-07-04 14:51:39,2017-07-17 19:04:34,2017-07-28 00:00:00
750a04aefe91727a7ab2b2d3f2beba3d,683ea4e05524b7d01d01a91b7bdb3ac0,delivered,2018-03-06 09:30:42,2018-03-06 10:09:27,2018-03-12 11:33:05,2018-03-21 14:38:43,2018-04-04 00:00:00
75132ec71e262337d5239bf757ce228f,e1e500758ecfd8eae3ac31f50644d393,delivered,2017-12-07 16:25:37,2017-12-07 16:34:25,2017-12-08 18:24:45,2017-12-12 17:33:12,2017-12-26 00:00:00
7530b513e10d1b7a2b03962be180f627,a0ace797df6c4f31dc42c2a334a91080,delivered,2018-05-01 07:35:17,2018-05-01 07:53:20,2018-05-03 14:15:00,2018-05-08 19:19:03,2018-05-14 00:00:00
7532f61a8fc7649fe822d89af2ff0a76,e09ccd04cb9679cb5033871d086afd62,delivered,2017-12-16 18:01:40,2017-12-16 18:13:18,2017-12-20 20:48:54,2018-01-09 16:49:05,2018-01-11 00:00:00
7533138abe254f5d3856101e4a21e5f2,5164e21ce84142db5439f4ae25f579a5,unavailable,2017-11-17 19:42:36,2017-11-17 20:35:41,,,2017-11-30 00:00:00
7547e3b174d5790cf512240bf8a99bf2,5f413498abb3c1c25c379320bb68c342,delivered,2017-11-18 10:10:39,2017-11-18 10:27:04,2017-11-22 00:09:38,2017-11-23 16:58:54,2017-12-01 00:00:00
7551a449a88847c6b76206cc5fbe5993,ae4e83b188810992512e82e498bbf333,delivered,2017-10-21 17:21:57,2017-10-21 17:35:13,2017-10-23 21:35:58,2017-10-27 19:33:57,2017-11-10 00:00:00
75754d7bcffc106c7017989bd4b40873,c7d332c9700e825231e256419e58df3a,delivered,2017-05-14 22:46:43,2017-05-14 22:55:11,2017-05-18 14:23:29,2017-05-25 09:23:39,2017-06-12 00:00:00
75b7d764765f4cf3a5f03e7f3f35319f,f680ea76654a400d48f8ca6d16a20442,delivered,2018-01-22 15:54:09,2018-01-23 03:52:57,2018-01-23 19:47:44,2018-02-01 10:57:52,2018-02-19 00:00:00
75d1b089800a77f3c4b653e297632423,5a5bee06f22d5f03e2d648c82571b4ba,delivered,2018-08-14 11:16:44,2018-08-14 11:44:06,2018-08-17 13:35:00,2018-08-21 11:48:48,2018-09-05 00:00:00
75e005e5bcbda5404c4c3f5dcb16f7ae,941e3d52d6ec11f3162bd535afecee7f,delivered,2018-02-27 23:59:53,2018-03-01 02:50:49,2018-03-02 19:52:36,2018-03-05 18:00:04,2018-03-14 00:00:00
75e3a145a842715ed463a3a4ca34e489,8c2ab5cc22ab03b6c3adaa5f1efd5989,delivered,2018-08-14 23:12:54,2018-08-14 23:25:28,2018-08-15 11:19:00,2018-08-21 00:03:17,2018-08-31 00:00:00
75fb23d26903b71ce3dd550ae22d2cc1,3c6484a7438cd35dcc54f53f4b945829,delivered,2016-10-10 09:23:48,2016-10-10 12:02:45,2016-10-14 12:02:46,2016-10-17 13:02:46,2016-11-30 00:00:00
767754680a13ebd92bee7405c6beea73,ecc7dce2de2de9826d6227d33f1b5942,delivered,2018-04-17 09:14:05,2018-04-17 09:31:34,2018-04-17 22:24:46,2018-04-28 05:48:32,2018-05-18 00:00:00
7678a9ec36abfc35527725816936da8e,e8f66ba37c741a51f2b840dab001bcef,delivered,2018-03-03 19:36:34,2018-03-03 19:50:48,2018-03-06 01:24:52,2018-04-11 19:19:18,2018-04-06 00:00:00
76870eacf3fa50d0cce734ff1a826aa2,2a53997627d79044b4200db95b3ed540,delivered,2018-03-06 21:20:46,2018-03-06 21:30:59,2018-03-07 22:24:42,2018-03-19 22:50:36,2018-03-27 00:00:00
7699e05f3c451052397a0248cf24a821,30115ee7a9182b11ce072122a37b6ca4,delivered,2018-04-01 11:12:20,2018-04-01 11:27:43,2018-04-02 18:58:35,2018-04-03 21:04:30,2018-04-16 00:00:00
76a34d13a444dc9e514d59482291ba07,ac5fce3f511bfbc2099eeed240a1194d,delivered,2017-12-15 18:51:54,2017-12-15 19:21:37,2017-12-19 19:30:10,2017-12-22 18:44:47,2018-01-15 00:00:00
76c675dc22e413baabf77157c12c5efe,3b0df9e78918d3dfcfd312ce0bccf312,delivered,2018-03-22 09:29:21,2018-03-22 09:49:09,2018-03-26 22:34:34,2018-03-29 19:08:53,2018-04-10 00:00:00
76eb969a695f694952f79db129b24c46,297d3714675c007773d44da77d58f599,delivered,2017-10-09 08:59:59,2017-10-09 09:25:57,2017-10-10 17:10:27,2017-11-09 22:38:48,2017-11-17 00:00:00
7700cd588241bdd7614416812683d789,5a640517c107d62dc931327c40632325,delivered,2017-02-25 11:55:26,2017-03-02 03:50:37,2017-03-06 14:06:58,2017-03-08 09:12:11,2017-03-21 00:00:00
7714757e3e3208a4bb46a46e52596c78,dfb7c2c626c94a2991089835ed7c2da7,delivered,2017-10-31 12:34:29,2017-10-31 12:47:12,2017-11-01 20:05:56,2017-11-03 16:38:20,2017-11-09 00:00:00
771d0ce9e2f9b65e92d4acec6372d453,920ec9381aa6721f9e3928edcd0f9ff1,delivered,2018-06-12 13:36:19,2018-06-13 13:41:39,2018-06-14 14:29:00,2018-06-15 20:08:30,2018-06-26 00:00:00
776a4baf188ac5bceac98950a0c2d0e6,9b346222f99aa5a395b40a266e38a0c5,delivered,2018-06-27 14:28:06,2018-06-27 14:51:50,2018-06-28 11:47:00,2018-06-29 20:03:59,2018-07-12 00:00:00
777446e0a25e3916df8257965158c82b,f1dc2f2b83bb06c52561643c445ea69d,delivered,2018-06-21 09:01:37,2018-06-22 02:37:08,2018-06-22 13:07:00,2018-06-27 14:46:41,2018-07-13 00:00:00
777f517b51cac586a9532d1d8b596c10,ddf1bb1abaa86fab121917640f8c04e1,delivered,2018-02-26 18:41:04,2018-02-26 18:50:48,2018-02-27 21:26:46,2018-03-16 20:58:54,2018-03-19 00:00:00
7791eb26e081ed5f8dd15b40c45393a3,7936eb4ddff395a867c29f51b6c25ee1,delivered,2018-02-25 21:01:07,2018-02-26 09:35:57,2018-02-26 22:44:43,2018-03-05 15:35:13,2018-04-02 00:00:00
77aa52452b1fc7afb9b3438922e09668,2c09e8cb71e877e5e079fcafb4c75342,delivered,2018-05-09 16:53:41,2018-05-09 17:15:21,2018-05-10 16:01:00,2018-05-11 20:59:06,2018-05-22 00:00:00
77ae79f517b55536c4be2d6953ef30af,a98102f934d6566ffecc597e6f762e90,delivered,2018-04-30 18:56:04,2018-05-03 04:32:51,2018-05-07 08:37:00,2018-05-10 13:17:14,2018-05-24 00:00:00
77e14af3a32e9b3c2eefbf56eac92cc6,a483d29b933f7cdd870da777f32e91b1,delivered,2017-12-14 14:04:18,2017-12-14 14:13:32,2017-12-19 23:27:10,2017-12-28 17:14:18,2018-01-10 00:00:00
77e62c3d5d4bc9c33f9fbab23755728e,1442d92ced8acf903c78285fdfd5b368,delivered,2018-05-25 16:44:17,2018-05-26 02:32:43,2018-06-01 06:27:00,2018-06-04 22:46:25,2018-06-12 00:00:00
7838ed6306a99eba3bb421c33864ccb5,8ad7dfee8e31e2a61e3e4a3053e1104f,delivered,2017-12-19 10:55:08,2017-12-19 11:13:28,2017-12-21 20:47:04,2017-12-28 18:17:46,2018-01-18 00:00:00
7892239c80bff3601c4d78e1e57e6a61,4dfa0728c93bdd9d14c0ac3d52a3fc97,shipped,2017-05-12 19:53:28,2017-05-12 20:05:10,2017-05-15 09:10:48,,2017-06-01 00:00:00
78af2a39c54cf8bac845324f86cf81f0,b2a6a6ad7cd201aee13e057cc1145abf,delivered,2017-04-01 10:44:29,2017-04-01 11:02:22,2017-04-03 16:37:28,2017-04-17 07:08:57,2017-04-26 00:00:00
78b5b205705f30bb989c4a6c7f8822e4,6ca87302fa8a0163488bce8e49f9996c,delivered,2017-12-17 16:32:26,2017-12-17 17:31:27,2017-12-18 22:08:14,2017-12-19 12:58:25,2018-01-05 00:00:00
78be9d9900545877cde2773eb0cb05d7,da874d805c9bee954668d8a5da986933,delivered,2017-11-24 13:46:10,2017-11-25 04:59:23,2017-11-27 21:20:06,2017-12-15 10:28:57,2017-12-21 00:00:00
78ce53a063eb2907f9727aac2c678339,e9859fbdff7d26c36c228cf60796e844,delivered,2017-04-06 21:07:35,2017-04-06 21:22:51,2017-04-11 14:22:53,2017-04-13 14:38:33,2017-05-05 00:00:00
79104bbe8dd124c763911a2821546889,8ca4dd796c8520fe17dcb78c568685ca,delivered,2018-08-21 10:58:08,2018-08-21 11:10:19,2018-08-22 13:13:00,2018-08-27 16:31:49,2018-09-18 00:00:00
79340f2ac5af10a369d02c1acc89eb1a,4f3bfa2a13f306977a996e625a72c698,delivered,2018-03-04 13:14:01,2018-03-04 14:08:37,2018-03-06 19:03:52,2018-03-19 21:51:41,2018-04-02 00:00:00
793a1da0431a53a517bf77cc596a9d7b,494581655b5393bdb9195817e1314b43,delivered,2017-04-14 19:31:57,2017-04-14 19:50:14,2017-04-17 18:25:59,2017-04-19 12:03:24,2017-05-09 00:00:00
7945d0d21f1940b67932b2541985e179,5dc17bbd94322aabc8b47adab7db1f90,delivered,2017-10-12 22:32:15,2017-10-12 22:46:50,2017-10-16 22:10:12,2017-10-19 17:36:24,2017-10-25 00:00:00
79ac824c2c87ae595b94b069e1c78aa0,ce7415c21823c7a96d8f00f437557106,delivered,2018-05-17 16:59:15,2018-05-18 01:17:36,2018-05-22 16:29:00,2018-06-04 18:15:32,2018-06-18 00:00:00
79af690e1f308a4aa1052a6fc4fbc908,90e3a45b81c14374795f25a8fea67c8e,delivered,2018-06-14 18:06:22,2018-06-14 18:18:51,2018-06-15 15:03:00,2018-07-03 16:41:23,2018-07-19 00:00:00
79ce453b9e3dc21f91d306eb1df8bb2a,02d90fa9d123cbc2535acd3871b10acb,delivered,2017-08-16 16:24:16,2017-08-16 17:44:48,2017-08-17 12:57:45,2017-08-29 18:55:50,2017-09-08 00:00:00
79e339edd187057a60d7cbe59df7526f,6746ee7b44577373241b9a9d933cbea6,delivered,2018-08-14 19:59:07,2018-08-15 19:50:24,2018-08-16 14:08:00,2018-08-23 01:27:43,2018-08-24 00:00:00
79f0fd0747eee58c3980cc9cdb2afbb1,cd40f10a04ad8f35228520b212ff43ff,delivered,2018-05-08 15:27:23,2018-05-08 15:50:40,2018-05-10 09:46:00,2018-05-16 20:39:00,2018-05-24 00:00:00
7a0ec92566b936a1e15fcf8b9f934f2c,24b168407182b01edc578f21c2dfb981,delivered,2018-05-11 18:54:55,2018-05-12 03:15:11,2018-05-29 07:07:00,2018-06-01 18:34:27,2018-06-18 00:00:00
7a2305c60573b7af60dd941db4629ec7,1fab691c0fb4a038875b2876180007bf,delivered,2017-04-06 21:02:05,2017-04-06 21:15:10,2017-04-13 17:17:43,2017-04-19 13:13:45,2017-05-02 00:00:00
7a28faee4e4959f358d2fdbe66e22107,02bd740a9c42959b61e38d5a07d43522,delivered,2018-08-14 22:43:55,2018-08-14 22:55:25,2018-08-15 14:50:00,2018-08-17 01:50:27,2018-08-17 00:00:00
7a3db786a9251bc1603dea2c4970e448,d022bd4e48a3db0ddca17f5204dff2a1,delivered,2017-11-24 10:26:54,2017-11-26 10:35:23,2017-12-01 18:41:55,2017-12-26 22:22:26,2017-12-22 00:00:00
7a4caa019e7bb13e8a2c00696be65ec5,58359e541013053d51a9831dc013005e,delivered,2018-06-06 22:58:31,2018-06-08 03:14:07,2018-06-08 12:06:00,2018-06-20 22:12:58,2018-07-03 00:00:00
7ac3402986077088fc8185e65ec5c7b1,c71aa5eeaeb9279b09bb725f6a2c8cd3,delivered,2017-10-31 20:17:23,2017-11-01 14:26:06,2017-11-03 14:05:39,2017-11-10 17:11:35,2017-11-24 00:00:00
7ac818621c9efe9a8f6ef6d66477fc3a,101c3552bad05b03c7b05aa77000931e,delivered,2018-02-19 10:31:09,2018-02-19 10:47:05,2018-02-22 17:47:54,2018-02-27 18:23:31,2018-03-13 00:00:00
7b07a49f82fe58fb4d678aabda69b963,fbafa37ca426d853ba6afe1c796f8c37,delivered,2017-11-12 20:09:31,2017-11-12 20:26:27,2017-11-14 11:41:29,2017-11-16 20:28:29,2017-11-27 00:00:00
7b1ade884cd7da23e0f853fd00807d38,2500d872cf428ae97a335ac039d9ec00,delivered,2018-08-05 19:54:07,2018-08-05 20:05:19,2018-08-06 14:19:00,2018-08-14 23:42:11,2018-08-20 00:00:00
7b1e41f3fe006429cbf78032fcb218d7,d80e4ee14e2b5400fd2ea5a2ea821be1,delivered,2018-05-05 10:00:44,2018-05-08 03:52:08,2018-05-09 11:19:00,2018-05-23 23:42:49,2018-06-01 00:00:00
7b20d43785c16252f51ca77bceaa5ea0,4e925410d560e1beb3420e0dc2424526,delivered,2017-07-28 19:53:33,2017-08-02 02:36:30,2017-08-07 17:57:53,2017-08-11 19:47:48,2017-08-21 00:00:00
7b60439ce00c75448babbcbfb0bdb6f0,477f523d95439da10291dd5659e120a4,delivered,2018-05-12 10:52:23,2018-05-14 14:10:18,2018-05-14 13:11:00,2018-05-22 18:22:03,2018-06-14 00:00:00
7b636347d9f87d9b9a48755fd8495709,258539509521d87f8837ae036369880a,delivered,2017-11-26 11:38:04,2017-11-26 11:54:58,2017-12-11 18:22:00,2017-12-14 19:59:41,2017-12-11 00:00:00
7b6900f9a0d0ecc69d4ac5bdc8b3ffd3,4282ae54c83a5c20bc9b0c199964be41,delivered,2018-03-05 11:08:22,2018-03-06 11:15:35,2018-03-06 22:59:03,2018-03-17 17:28:39,2018-03-28 00:00:00
7b851c9a82166bba7e2bce7bc005a226,3525876b026b30927d11863412612b13,delivered,2018-02-27 19:40:22,2018-02-27 20:09:25,2018-03-05 22:09:01,2018-03-06 23:52:58,2018-03-13 00:00:00
7bbc66a921e0671f689e2bb419d3cf09,79bcc2daa707ab5534f2dde14f6491d0,delivered,2018-03-21 11:40:56,2018-03-21 11:55:44,2018-03-22 23:52:49,2018-04-05 20:54:42,2018-04-03 00:00:00
7c0b9b2385b65bd8c7aa778a843155e9,26486f121c10b3cd835619f24a7cc97e,delivered,2018-03-02 08:32:08,2018-03-02 08:49:49,2018-03-08 19:19:27,2018-05-11 02:33:27,2018-03-22 00:00:00
7c28cd51bc7b7b5b8e81ae0bb7f17340,dd96e8ca7d7dfac2b3b5632801e5f106,delivered,2017-01-25 18:55:31,2017-01-25 19:05:17,2017-01-26 14:48:15,2017-01-27 10:14:04,2017-02-20 00:00:00
7c32a0c8814b54f798f9359f20699633,0f7efdb333a017bc95a8e3c0a930a432,delivered,2018-07-14 14:47:19,2018-07-14 15:04:07,2018-07-17 16:25:00,2018-07-25 18:20:27,2018-08-09 00:00:00
7c33b548f0fee23cb4a8afe1f1333ee8,a04fd07fb2796275f40eed69b7c99865,delivered,2017-07-25 13:54:59,2017-07-25 14:05:29,2017-07-26 19:03:29,2017-08-05 10:08:56,2017-08-22 00:00:00
7c456a887b23a75268a45a224d191c52,b31f9f275c6f4ab74a60d0bebb303f0b,delivered,2018-04-18 11:42:32,2018-04-18 11:55:21,2018-04-18 22:42:35,2018-05-01 17:54:24,2018-05-16 00:00:00
7c83cd570176d1b7e42606920fd81d81,3e30a714244b6788f9fe5637911da9b2,delivered,2017-02-26 15:05:41,2017-02-26 15:21:51,2017-03-08 14:51:45,2017-03-13 10:04:00,2017-03-22 00:00:00
7cb5fd41ca3412b19772e1cbfd716952,3a2a60b086795748df36eb6d22d5cd93,delivered,2017-12-04 11:27:23,2017-12-04 16:31:57,2017-12-07 19:22:45,2017-12-18 22:56:44,2017-12-27 00:00:00
7cd15a71ceaf712ec5e134996f2f8586,c7c9ee8736dff5ec5d8cf9e5e88a5b03,delivered,2017-11-12 11:50:24,2017-11-12 12:10:23,2017-11-14 17:53:59,2017-11-20 21:13:15,2017-12-05 00:00:00
7ce4e38f4eadd993bb5b2e60bb7f7bec,945ff008560255cc327d509beeefb54f,delivered,2018-08-08 14:46:45,2018-08-08 15:05:01,2018-08-08 13:29:00,2018-08-15 18:55:45,2018-08-28 00:00:00
7d2a9b5d033ed3eb9cdfe92ba882a621,c4b4a528ae36f2f533406dd55b9858f9,delivered,2018-06-11 20:44:22,2018-06-11 21:40:25,2018-06-12 13:11:00,2018-06-14 23:51:43,2018-07-03 00:00:00
7d3cd94ead444e7d5a948a9e0021c426,9a4bab346d564c0b0afe5f7f5b9854f6,delivered,2018-03-05 15:56:52,2018-03-05 16:15:49,2018-03-08 23:12:31,2018-03-27 15:06:11,2018-03-27 00:00:00
7d86c4aa9e59504b23f16c7ca68954a7,c4a2da69a354a249cb1c07d703552053,delivered,2017-01-25 16:38:10,2017-01-25 16:45:21,2017-03-21 14:40:51,2017-04-06 12:46:47,2017-03-10 00:00:00
7d9648a2cdd2164cead7a7f126262c0c,a298546d62e795b9cbe36b4aa04fa18d,delivered,2017-12-22 13:57:43,2017-12-23 09:48:20,2017-12-26 18:09:26,2018-01-13 02:13:33,2018-01-23 00:00:00
7d9ccfd5b1183560523d8351e2e22aa2,4b6204272cd5f2e9c0b13cdb47fd3c8e,delivered,2017-09-19 23:01:38,2017-09-19 23:10:22,2017-09-20 19:47:49,2017-09-25 21:22:14,2017-10-11 00:00:00
7da11ffea33e5f6e42aeb19d45e50e31,cd315df8696253c1319ad425de037e8d,delivered,2017-10-14 17:03:38,2017-10-18 03:08:46,2017-10-18 17:48:30,2017-10-26 19:55:11,2017-11-08 00:00:00
7da5789072aa14cff7a42564283c6254,453b036c1075f7deb830bb6205468b94,delivered,2018-03-08 04:02:59,2018-03-08 04:15:26,2018-03-08 19:05:11,2018-03-20 20:42:16,2018-03-26 00:00:00
7dcc6df2be2e64c78a83397fceadea30,94d084a49f9651e3289193e6871094c6,delivered,2017-12-26 14:26:34,2017-12-26 14:37:27,2017-12-28 16:57:27,2017-12-29 18:19:18,2018-01-15 00:00:00
7e3b7b3527cce28aa98702e05fda566e,540acbc48a5a5ef158b6656461288337,delivered,2018-08-07 21:58:48,2018-08-07 22:10:21,2018-08-09 16:11:00,2018-08-15 18:41:35,2018-08-21 00:00:00
7ec4063a8ed5b8e7ab1b7bdd7951ffa9,421c30a5daa9f8c2529a73e1f9152a71,delivered,2018-04-17 13:30:17,2018-04-17 13:51:13,2018-04-17 23:48:34,2018-04-19 00:08:27,2018-05-04 00:00:00
7ec44a8d0d3cf4b2933c5c6dff801adc,cdfcb5ee3d47d7bb53ff911358182913,delivered,2018-08-20 17:59:47,2018-08-20 18:15:08,2018-08-21 14:51:00,2018-08-30 10:51:20,2018-09-14 00:00:00
7ed1f028ae9291bb2f0e80683526867f,92baec73466089a352a95f1ec4716688,delivered,2017-10-01 11:10:48,2017-10-01 11:23:39,2017-10-03 17:27:06,2017-10-18 20:44:59,2017-10-31 00:00:00
7ed696782f4472458c5f1fc95bf5d6ed,aeaac9ee4a3514cf3da5f8cb07eeec5f,delivered,2017-09-18 23:34:58,2017-09-18 23:50:21,2017-09-21 20:15:51,2017-10-02 11:07:46,2017-10-04 00:00:00
7ede340903c485e891cba5b1064ecf5c,75306b74ca7ebe07b42a7e1eec7eca79,delivered,2018-04-18 09:57:17,2018-04-18 10:11:07,2018-04-19 17:06:53,2018-04-26 17:04:45,2018-05-23 00:00:00
7f21d3ca84edda19b1982865712ca42e,543bd86dd06751b88b98c285e6f74189,delivered,2017-08-09 16:18:54,2017-08-10 03:25:23,2017-08-11 19:39:39,2017-08-21 12:57:43,2017-08-29 00:00:00
7f33b2f7072ae341ce1f0f20a6d9e9ab,385eb3be53ed064c17035d8c92a36d16,delivered,2017-08-10 22:07:55,2017-08-10 22:24:01,2017-08-15 15:45:54,2017-08-16 19:05:00,2017-08-25 00:00:00
7f5e0af4864278a71b1c273b11dfc090,6ec20bc88d916200c9dd90203f08a483,delivered,2018-04-12 11:30:39,2018-04-12 11:51:39,2018-04-17 16:36:00,2018-05-08 18:04:51,2018-05-22 00:00:00
7f6d16fab3bed015ec202cc66b21283f,a0ee08995836546ec96882db7a0f0d26,delivered,2018-03-29 19:44:56,2018-03-29 19:55:08,2018-04-02 23:31:45,2018-04-10 18:24:45,2018-04-20 00:00:00
7f877edba51577b9054e7490ab7469e9,9aa6f4346dce412af1c614f252bebcc0,delivered,2018-08-15 10:59:53,2018-08-16 03:26:01,2018-08-16 14:10:00,2018-08-21 16:03:31,2018-08-30 00:00:00
7f8b38a8af20de6f906cfd9a585dae13,f3a1fdd0863c859cc6f71a1b4b935e51,delivered,2017-11-28 09:15:36,2017-11-28 09:35:10,2017-12-19 17:04:21,2017-12-27 21:25:49,2017-12-18 00:00:00
7fc14928697eee65dc635592072afaa8,d494b02fb3835e2d398d44ea7f275bce,delivered,2017-03-27 21:24:30,2017-03-29 02:10:36,2017-03-30 13:55:14,2017-04-12 19:08:14,2017-04-18 00:00:00
804b3f6bad007a44efd1fd85f0291070,186da0669cec6692e20f9bb2f1985aba,delivered,2017-09-28 21:11:45,2017-09-29 10:28:35,2017-09-30 00:12:02,2017-10-09 19:32:59,2017-10-20 00:00:00
8057404f0b48f9bc5a2e1c8deab5a8d4,cdc1ba89d0d408195ecd707031d452c3,delivered,2018-03-26 13:05:50,2018-03-26 13:15:41,2018-03-27 23:18:51,2018-04-02 15:50:41,2018-04-12 00:00:00
8065dba483ac5b6fb4e77317735d87a1,76da4fe74fdc548bf5e2840fac940130,delivered,2018-04-09 21:04:43,2018-04-09 23:30:10,2018-04-10 19:19:06,2018-04-18 01:24:54,2018-05-15 00:00:00
8076135356d195170fe9f8d5698182c4,791adb0cb24efdbc7bca8035528f4446,unavailable,2018-01-03 21:56:47,2018-01-03 22:08:30,,,2018-02-15 00:00:00
807ab3e85f25f4d8abe5a1379b177d69,48eca07f2ff174b2796c11ee75f1b4b8,delivered,2017-11-24 20:58:34,2017-11-28 02:55:36,2017-12-04 10:46:51,2017-12-12 17:56:42,2017-12-18 00:00:00
807cfbea3c04fa82a5bfda36d63e88d6,17b7724e770d6c20971072aa6e672734,delivered,2018-07-25 15:35:55,2018-07-25 15:50:19,2018-07-26 12:04:00,2018-07-30 20:04:34,2018-08-08 00:00:00
808ecdee681597379a39d3697c8b28f1,d3e38ace62dce86e66465738be3bbe6a,delivered,2017-05-16 18:26:57,2017-05-16 18:35:26,2017-05-17 11:50:19,2017-05-26 07:29:52,2017-06-09 00:00:00
809d874fcf0f3327664fd7eefe923676,0c1ef04b363af81d555ce9ba603b02f3,delivered,2018-08-24 00:07:22,2018-08-24 01:10:18,2018-08-24 14:10:00,2018-08-28 12:38:37,2018-09-03 00:00:00
80b74dde5b336c1f75c610521dedec08,940f2ce7cb288f723f854cdbf763b43a,delivered,2018-01-27 21:52:14,2018-01-28 21:58:02,2018-01-29 18:11:37,2018-01-31 13:52:05,2018-02-14 00:00:00
80bef000a2d88b3b23fab45c546c67ff,9761a94d5172ffc843e5fff9838d5a89,delivered,2018-08-15 10:11:11,2018-08-15 10:24:20,2018-08-20 13:41:00,2018-08-23 17:16:56,2018-08-31 00:00:00
80ce2b07c4a46dfc98710e39bfe3bd26,afd2cfeecb6e905d2014a7483d9adc79,delivered,2018-01-26 11:50:10,2018-01-26 12:21:28,2018-02-01 00:46:50,2018-02-14 19:38:43,2018-02-19 00:00:00
80d83b7a6c9a79612f4957850ec91be4,af589f330821cdeba520d83f6db139da,shipped,2018-03-09 16:54:10,2018-03-09 17:11:01,2018-03-13 20:51:56,,2018-04-19 00:00:00
80dfedb6d17bf23539beeef3c768f4d7,926b6a6fb8b6081e00b335edaf578d35,delivered,2017-04-18 20:37:26,2017-04-18 20:50:13,2017-04-25 14:08:56,2017-05-04 14:13:36,2017-05-16 00:00:00
81194be55fc90582cc03fab5c592f817,514eba5aa9d0a2e9066c0ab4b14ee53b,delivered,2018-05-13 15:06:36,2018-05-13 15:33:28,2018-05-15 14:17:00,2018-06-06 01:33:21,2018-06-04 00:00:00
81277706855c514ff89aaaf67d45db24,4c48be8f6a938ef775ba2c4b4ecb64e1,delivered,2018-05-09 11:29:02,2018-05-09 11:51:21,2018-05-10 11:11:00,2018-05-17 14:04:27,2018-05-24 00:00:00
81b1c5ab3c30ee9f67392bbd60dc0f58,015c9c9ba7524dcb69a8a6d2f383db8c,delivered,2017-09-27 13:28:47,2017-09-29 02:14:19,2017-10-04 20:57:47,2017-10-09 22:23:03,2017-10-23 00:00:00
81c684bc700b0e67cd0461f8f1216b0b,84bb667f31c68e42d29cc300ed7f574b,delivered,2017-03-24 10:34:50,2017-03-25 02:10:42,2017-03-28 13:08:16,2017-04-11 12:39:20,2017-05-02 00:00:00
827e39f2fbd0101d81c2168ab6699f7c,1f26384d40990fe4d5741956ccbbd1ce,delivered,2018-05-23 14:46:11,2018-05-23 14:55:20,2018-05-24 10:39:00,2018-06-06 17:52:21,2018-06-14 00:00:00
828acc6ccec3081f5615750358c691db,8882d4731ff6a9c7c6d5680992e456f8,delivered,2017-09-04 13:02:02,2017-09-04 13:15:10,2017-09-05 14:20:05,2017-09-19 18:33:56,2017-09-25 00:00:00
82f2c3e9aac31446ce4f3edd3a876f8e,d27ab6c5d811cf06526972c02529c67d,delivered,2017-11-25 14:37:15,2017-11-25 14:55:53,2017-11-29 20:52:55,2017-11-30 18:07:26,2017-12-11 00:00:00
830e68f85c573a0b3ad78cc4915e0fcd,26851e2e2407326a8ae15b13a6260e64,delivered,2017-03-21 11:45:54,2017-03-21 11:45:54,2017-03-22 13:50:17,2017-03-24 18:18:05,2017-04-17 00:00:00
832079e71d5ee058d10e1ee1abe0e0f9,41397863e4d52c8b25203f276d95cce4,delivered,2017-08-04 14:27:42,2017-08-04 14:43:24,2017-08-12 16:48:02,2017-08-17 16:22:00,2017-08-29 00:00:00
834545a0dc30bbf519e4d9c697eca0a1,b12a07131fc3b2e84833273255ed7f98,delivered,2018-07-04 18:50:37,2018-07-05 16:23:33,2018-07-05 09:36:00,2018-07-10 20:42:26,2018-07-26 00:00:00
8345e1e2a321e4b374a65fe12d8b30d3,955d4456e83263262d6b8d14526abf92,delivered,2018-03-08 16:06:18,2018-03-09 02:30:31,2018-03-09 15:38:20,2018-03-15 16:07:41,2018-03-20 00:00:00
83497c05dd75dfe740fb8b0c5482da3b,0660653f7367d760f49c8430de9c6263,delivered,2018-04-08 21:54:08,2018-04-10 04:15:42,2018-04-12 00:22:48,2018-04-16 22:42:32,2018-05-11 00:00:00
8376f6035204b549b6bae5c4a7aa5a44,a2b2a36f8fc933744ce13a81e2a28291,delivered,2017-11-16 19:12:57,2017-11-16 19:35:02,2017-11-20 13:35:31,2017-12-06 21:35:48,2017-12-12 00:00:00
83ce09b55f29086739212db0e38aaca1,978ab92450ae467eee081d04e8b665bb,delivered,2018-01-22 12:26:53,2018-01-23 12:29:58,2018-01-24 14:26:37,2018-02-17 17:41:55,2018-02-19 00:00:00
83fb50047ae335655fcb980c0a2430b5,a5625176ab429bebff8b164653f2ff02,processing,2017-05-27 17:48:11,2017-05-30 05:02:21,,,2017-06-29 00:00:00
8413ac0b09301d03b78adeca5840866f,b6ff5a99f18bc4da7753ab8659c829df,delivered,2017-05-09 21:45:55,2017-05-09 21:55:24,2017-05-16 11:26:47,2017-05-19 09:23:46,2017-05-29 00:00:00
842b4431d67fe173503b4239cbffb841,b31700129fac4f7d452b4b5216fde4d6,delivered,2018-02-15 21:02:45,2018-02-15 21:10:32,2018-02-19 11:27:07,2018-02-28 23:13:04,2018-03-16 00:00:00
84580325d236dbdc6585c81d12f5c9ab,a48ba60be28864ede4421c52ae28761b,delivered,2018-05-15 13:47:02,2018-05-15 14:14:41,2018-05-16 09:23:00,2018-05-29 20:28:50,2018-06-14 00:00:00
84f9634e0295cecca0f76ae5cf5634f2,e38f354c82da2d54f3e038bf4f40d5af,delivered,2017-10-09 17:39:44,2017-10-11 07:33:38,2017-10-17 15:13:10,2017-10-24 19:59:23,2017-10-30 00:00:00
85008a8fe3cde72dea5abbbc2be0a2f8,642ca6837fc987be7fb4c37628647b46,delivered,2017-09-26 19:39:16,2017-09-27 15:24:47,2017-09-28 17:26:11,2017-10-09 21:28:01,2017-10-23 00:00:00
85031edc7b58dbec75ff2e24d7365e13,91524308b1a531051d75c3eae41d7594,delivered,2017-03-09 23:56:22,2017-03-09 23:56:22,2017-03-10 10:23:56,2017-03-14 12:53:56,2017-03-29 00:00:00
853f6531ac67b7e58f3f8104ef85bd66,6dd2c6f73170b8f3b10e4720e6b54032,delivered,2018-01-02 18:08:35,2018-01-04 05:19:13,2018-01-05 15:57:51,2018-01-23 12:52:41,2018-02-02 00:00:00
854963422ef4369edb2416355e8323bd,4c47ecc85fce7602cc1989de3f83fe4a,delivered,2017-07-23 19:46:11,2017-07-23 20:06:26,2017-07-24 15:04:22,2017-08-01 19:03:31,2017-08-15 00:00:00
858d458b39082890e96fbb1fed8c2a52,f959b7bc834045511217e6410985963f,delivered,2017-09-06 16:10:51,2017-09-06 17:15:08,2017-09-11 19:48:01,2017-09-16 16:18:03,2017-09-26 00:00:00
859c79a3ec5c558828c5f5a86e66841e,2e6d201b0cf5ee860e16f58c0c55cfd5,delivered,2018-01-13 09:16:12,2018-01-16 03:36:36,2018-01-16 22:43:31,2018-01-24 21:12:32,2018-02-07 00:00:00
85b05a808acf9ce20564b3550e7ba749,45e511389f079966e0d6931b774dc7f4,delivered,2017-02-13 09:22:39,2017-02-14 09:30:14,2017-02-15 09:19:04,2017-02-22 15:03:59,2017-03-14 00:00:00
85c14f3be89a889592d53a5b8ff031bb,f5721b9d1b28be65390235aaf8576a30,delivered,2018-06-07 15:40:32,2018-06-07 16:00:15,2018-06-08 14:02:00,2018-06-14 16:51:46,2018-07-11 00:00:00
85d142633f7411ccb6c6af60c196b8c5,532ffb06662d3a63de097386d409ab63,delivered,2018-07-03 13:41:36,2018-07-05 16:27:16,2018-07-04 14:30:00,2018-07-10 22:38:28,2018-07-25 00:00:00
85ee0b549c2d6696190c17f5b9be6991,2f78ef832d692748084dce34b2386d99,delivered,2018-03-19 17:25:53,2018-03-19 17:55:43,2018-03-23 23:18:57,2018-05-04 12:58:45,2018-04-18 00:00:00
85f8ffb0071e850ecba540ba938f32a9,f388da80d7f9a29735dd482be3995dc2,delivered,2017-03-16 20:04:07,2017-03-16 20:04:07,2017-03-17 09:15:30,2017-03-22 19:48:52,2017-04-06 00:00:00
8603de8fb5551ed7faf81d2a31b8bf0e,0037d14e53af1d555a582504a4058f4c,unavailable,2017-06-11 17:40:22,2017-06-11 17:55:17,,,2017-07-05 00:00:00
86278332ca8c82016ab4aa45191c71f4,186471b7d8aa716be1efeb6753759d30,delivered,2017-11-13 23:25:36,2017-11-13 23:36:09,2017-11-16 18:04:38,2017-11-27 19:02:51,2017-12-04 00:00:00
86430d523480a84b621ef0c347f56ff2,df36c3d696e5167eaf8dad13008e5f3c,delivered,2018-07-31 12:47:31,2018-07-31 13:04:31,2018-08-02 13:23:00,2018-08-08 17:23:54,2018-09-10 00:00:00
8661d034c37aca81ad2a118217c354bb,cb1d0195fb95cef5d3227a964c936f8d,delivered,2018-07-30 01:03:18,2018-07-30 01:15:08,2018-07-31 12:30:00,2018-08-01 15:06:32,2018-08-13 00:00:00
867f74e7d9350af5b0a100bb329fe38e,70c1a561e4290f2d1551c8a9f5804d4e,delivered,2018-02-13 18:18:09,2018-02-15 03:55:37,2018-02-16 17:45:54,2018-02-19 19:49:19,2018-03-01 00:00:00
869e47849cdcd2a24f33ab52accd0e89,78e21576614d5285cbd63410d6c0efaa,delivered,2018-03-02 17:24:58,2018-03-02 18:33:13,2018-03-10 00:42:25,2018-03-19 23:27:27,2018-03-27 00:00:00
86ab312ff20b032420f0320b32a37f12,d3195197238054c36312c802372c387d,delivered,2018-06-13 08:54:59,2018-06-13 09:16:13,2018-06-13 13:29:00,2018-06-21 14:26:40,2018-07-17 00:00:00
86ed2440255dfb35605f2d01dc0a545a,e3873c79ae4773d74c44609750deb7c7,delivered,2017-09-11 08:32:58,2017-09-11 08:45:18,2017-09-12 20:57:45,2017-09-18 19:56:21,2017-09-27 00:00:00
86f409689bcc6848577f53fcfa1154eb,7e3ab6709f035a498a17cb5a9e9e0b93,delivered,2018-04-29 17:29:45,2018-04-29 17:50:12,2018-04-30 14:14:00,2018-05-10 21:18:52,2018-05-21 00:00:00
871586e5b572f8c5d8b07b091e396e6e,307adfea8ecb1ca5a1961e628afc8358,delivered,2017-06-03 17:59:48,2017-06-03 18:10:18,2017-06-14 14:33:41,2017-06-23 13:16:47,2017-07-07 00:00:00
8719765a2c69491f63bc8b06f379488f,5b97cf3a33ee85a30c7dc07f080b52e0,delivered,2018-08-17 15:27:40,2018-08-17 15:49:35,2018-08-21 14:13:00,2018-08-24 00:16:49,2018-08-27 00:00:00
87218c61d4b05c0bc1b4f0872218a3c8,c59c934799c1688f73043362b63a203f,delivered,2017-12-05 10:55:11,2017-12-06 02:50:19,2017-12-06 17:33:17,2017-12-13 17:09:23,2018-01-03 00:00:00
87334ea6311529ce3e36b18350d2d4b3,02f29ee4753e69018942c30e71c04cfd,delivered,2018-01-20 18:39:14,2018-01-20 19:09:35,2018-01-23 19:29:09,2018-01-31 18:38:38,2018-02-20 00:00:00
8737b567a657802c6dd1761fdf3c256f,0f51a7a10a8e27e61852fdad564d3c0e,delivered,2017-10-24 19:35:03,2017-10-24 19:49:38,2017-10-26 19:49:46,2017-11-14 14:39:07,2017-11-24 00:00:00
875e51f9d6e1c16b9c8efd34fce58b13,d79dc87e5f7e08edbda3d5a7ee57ff18,delivered,2018-04-03 20:25:44,2018-04-03 20:49:10,2018-04-09 21:14:51,2018-04-11 06:15:50,2018-04-19 00:00:00
87889791f729ac3bc040d1633961d826,b4fea8b00d9af9605b5381e3100a0271,delivered,2018-08-20 18:17:43,2018-08-20 18:30:14,2018-08-22 14:27:00,2018-08-28 16:10:47,2018-09-04 00:00:00
8791e495e7f1b8d77696f42ff295d945,d98d984f06ada593e263ff7cb810d798,delivered,2018-03-04 22:43:52,2018-03-04 22:55:39,2018-03-10 00:08:45,2018-03-28 14:56:38,2018-03-27 00:00:00
87c30aa444c21f77f5dcedb637f9ba85,499cec095230909d69db703a919b2d22,delivered,2018-06-11 14:07:58,2018-06-11 16:31:31,2018-06-15 14:21:00,2018-06-20 18:26:28,2018-07-05 00:00:00
87fa3e925b3406c52f70ca7c5faccce6,3a5a619866e843b7ebabf717e2f68d4e,delivered,2017-07-07 14:07:02,2017-07-07 14:23:38,2017-07-12 11:14:29,2017-07-15 13:21:33,2017-07-20 00:00:00
88040d9d01657ab39bf19c2f0a90f6d3,3ff46fd67dbe9f158238070d47821cf4,delivered,2018-02-08 09:23:33,2018-02-08 09:35:26,2018-02-09 19:56:44,2018-02-15 18:21:35,2018-02-26 00:00:00
880995aee9550ecd4518103daaf74fa0,68f692d1f39843a16d9319a7306b6b10,delivered,2018-04-24 21:26:05,2018-04-25 04:15:14,2018-04-27 15:27:00,2018-05-02 20:36:47,2018-05-16 00:00:00
880e262ca224fc654e306f76653f4d25,4e46d204fdc870530157b2c4923e3312,delivered,2018-08-03 09:54:52,2018-08-03 10:24:00,2018-08-03 15:08:00,2018-08-10 17:57:49,2018-08-16 00:00:00
882d810d98542e6512788b9a49d6d886,ec2dc6cc4dd715182e85b4e8bb9f3f63,delivered,2017-02-08 20:48:57,2017-02-09 03:03:24,2017-02-09 13:13:57,2017-02-13 17:05:56,2017-03-17 00:00:00
88543da9ad238e70098166896bf9ea06,8c36552c8308b0ba88cd19ba9fa14597,delivered,2018-08-14 10:47:21,2018-08-14 11:04:24,2018-08-15 14:54:00,2018-08-16 19:56:40,2018-08-17 00:00:00
88953f14c276491e60e060e8ef21b769,b48a7fbccbe678a096c4639b103a9af9,delivered,2017-07-14 15:02:42,2017-07-14 15:15:22,2017-07-17 17:27:52,2017-07-21 13:29:46,2017-08-07 00:00:00
88b09aac7b8d279dec75a3a810c21028,2ad663165e9d0bf46c7a41509af06f2f,delivered,2017-06-22 21:09:34,2017-06-24 02:30:23,2017-06-27 13:37:55,2017-06-28 12:19:55,2017-07-05 00:00:00
88d7788f2c5eb4f76ca8186a46e03fd8,5415aadcb5a98a2a85dd8312b8b73885,delivered,2018-04-27 21:41:31,2018-04-28 02:35:11,2018-04-30 13:15:00,2018-05-11 22:22:46,2018-05-28 00:00:00
890b59a3c92690ae11b0cfe321e979fc,5a3342f212d4ac404bd2f450632d1cf4,delivered,2018-03-09 21:12:27,2018-03-12 16:15:49,2018-03-16 19:19:43,2018-03-31 12:31:54,2018-04-16 00:00:00
8929dd94b6e68f8d1c3258d5fe4700e7,451a995ba5dc2665a4524890b7962f91,delivered,2018-01-18 02:11:56,2018-01-18 02:30:36,2018-01-19 16:42:50,2018-01-30 19:19:01,2018-02-19 00:00:00
892e01736ad734f028d207bb6578ff85,83564e084d6459291605b2d7fd3ef239,delivered,2018-01-07 15:00:06,2018-01-07 15:09:27,2018-01-08 18:52:37,2018-01-16 21:34:54,2018-02-05 00:00:00
8931c9e36c3b25b6ba7bfd32a38c1677,83e44a5511874831c347939adc6da046,delivered,2017-04-04 13:27:53,2017-04-06 02:46:15,2017-04-10 11:56:44,2017-04-19 11:38:41,2017-05-12 00:00:00
89564bd6a7ea1056554275f223301d84,7a488fa8ab38cf1c5fc2a7d95a1c84f0,delivered,2017-05-02 16:36:02,2017-05-07 23:32:49,2017-05-09 12:02:51,2017-05-23 13:25:54,2017-05-25 00:00:00
89a05ddfc0652c91d7fb671794757d3d,f83b48b7214d442aec1d4dbe429a31b9,delivered,2018-07-20 11:33:51,2018-07-20 11:46:15,2018-07-20 13:14:00,2018-07-24 16:13:45,2018-08-22 00:00:00
89b9dca459730f82d38425daf378b9e0,2951177dd2ff5f7fb550f854733d1fa9,delivered,2018-02-16 15:38:29,2018-02-16 15:50:29,2018-02-22 20:53:39,2018-02-26 12:56:57,2018-03-05 00:00:00
89c1a3d3179ce60a4f6debd3c0986711,9fca88a9940dd40e6cd7bcb5f2e48996,delivered,2018-06-17 18:45:32,2018-06-17 18:58:04,2018-06-18 13:45:00,2018-06-19 18:28:42,2018-06-28 00:00:00
8a5dedf23891883d88a7f6e28b880c8f,60c06a57fc591a04007cc99b992309d6,delivered,2018-04-16 13:01:39,2018-04-16 13:55:38,2018-04-18 17:38:54,2018-05-11 21:23:40,2018-05-08 00:00:00
8a5f03e334444e1899c6eede50adfcd8,547d4b9a978e29af787701d11e358b23,delivered,2018-01-04 17:23:20,2018-01-04 18:08:07,2018-01-05 22:58:10,2018-01-27 16:06:46,2018-02-05 00:00:00
8a8485723ca5bd95fd69bab2f1057157,44e721751303c6afc04f9b9c61aeed75,delivered,2018-03-14 13:24:52,2018-03-14 13:35:32,2018-03-15 20:03:28,2018-04-05 19:19:03,2018-04-10 00:00:00
8ac6e77e1c72888c65cbe9e246fac46b,3c23b9abaaff0ca38f4116be91be60dd,delivered,2018-04-09 22:05:32,2018-04-10 00:15:59,2018-04-11 16:39:00,2018-04-24 22:06:36,2018-05-07 00:00:00
8acc03c83b14de718a6f275727b3001d,cc0dc6660942e0b9ba94d4ef6e6a18ff,delivered,2017-05-17 18:29:03,2017-05-17 18:42:20,2017-05-24 11:17:48,2017-05-29 13:53:44,2017-06-08 00:00:00
8b308e477ac0136cd944e507c62edace,4d91a0aeb419c5f2629c4a2a00c08dac,delivered,2017-12-12 22:40:14,2017-12-12 22:50:56,2017-12-13 23:46:14,2017-12-19 16:04:54,2018-01-05 00:00:00
8b6746478f6b44e7b76097d1c2f4dbe6,82e75091956ca96dc8d1325295733386,delivered,2018-07-30 22:09:45,2018-07-30 22:44:16,2018-07-31 19:50:00,2018-08-01 23:55:45,2018-08-07 00:00:00
8b693238573589337ab106bbf08ed2b3,a8d9f64aec9cce8f0dee0b9f449e5dbf,delivered,2018-03-08 16:12:38,2018-03-09 02:31:30,2018-03-09 17:32:04,2018-03-26 14:32:26,2018-04-06 00:00:00
8bd34a173d34d6aa86d5e4a0627f7b97,8ef6bba5213cf13e716b0e72657c7118,delivered,2017-07-26 16:02:36,2017-07-26 16:15:25,2017-07-28 13:27:46,2017-08-04 20:25:47,2017-08-15 00:00:00
8bef37e0a778afcdf32118f376beb9de,332ea0e2b2e87e9ed11f7aee42cf698f,delivered,2017-01-20 19:33:29,2017-01-20 19:45:13,2017-01-23 11:52:31,2017-01-30 14:09:01,2017-02-28 00:00:00
8c1340adfa38dcce671b3e2eaece6cdb,7494240f5d789b28dd2814f66140f069,delivered,2017-06-27 10:57:42,2017-06-28 02:44:10,2017-06-29 11:17:57,2017-07-08 12:32:01,2017-07-19 00:00:00
8c24ff4b5a28bb8f08034fca0e4e1263,c86ba1fc25ab18f3109aeecf55e497d3,delivered,2018-05-06 16:56:31,2018-05-07 09:13:51,2018-05-08 09:14:00,2018-05-09 19:48:50,2018-05-16 00:00:00
8cefcd4d626074f8b6fa9c501659da8e,823ad0d5432f4992ce749eac3ed94b52,delivered,2018-06-25 20:01:01,2018-06-26 20:07:46,2018-06-27 10:33:00,2018-07-04 13:42:10,2018-07-23 00:00:00
8d3e3ee88c55c4666fda9d82a922a036,7b5d63eb48386b35bc84661adc8ea79e,delivered,2017-08-22 22:06:41,2017-08-22 22:15:16,2017-08-24 20:36:50,2017-08-29 21:14:40,2017-09-12 00:00:00
8d6f2d65fb984460ec10037e22a06fa2,3b4509c643e02e104700ed7e0d1da174,delivered,2018-01-21 23:36:32,2018-01-22 14:17:58,2018-01-24 00:09:04,2018-02-08 19:11:49,2018-02-21 00:00:00
8dfcba64312b559340f9c9f65ac6205c,ac45e35bf2b9db0b1da073260e0455ff,delivered,2017-06-09 05:48:49,2017-06-10 03:03:48,2017-06-12 07:06:25,2017-06-19 12:26:11,2017-07-04 00:00:00
8e17072ec97ce29f0e1f111e598b0c85,9e29cde4ddb42f9330bcf3c9bc23d177,delivered,2018-03-31 15:08:21,2018-03-31 15:50:11,2018-04-03 15:58:24,2018-04-06 17:38:34,2018-05-04 00:00:00
8e1d33832d930d453a3a329a0fa4c604,5079d74c713c4f881925b51705857054,shipped,2018-03-22 12:47:22,2018-03-22 13:09:16,2018-04-06 23:52:48,,2018-04-19 00:00:00
8e1ded141534096603108f1ee5c27735,3956d1e55818b7dc872d5a1de09e4ddc,delivered,2018-01-23 15:04:18,2018-01-23 15:15:32,2018-01-24 23:33:04,2018-01-30 19:35:28,2018-02-07 00:00:00
8e231eb804b052ee611d6c4a9300e10f,96d2f53797a8297aa57abd73dc80e96d,delivered,2017-06-19 22:23:37,2017-06-20 15:23:25,2017-06-22 14:32:42,2017-07-04 14:39:31,2017-07-13 00:00:00
8e350d5e83f49b662f870b48cf3f5b29,cc1269b1ae384f3a4534a4433ebdc619,delivered,2017-05-21 15:18:54,2017-05-23 03:45:12,2017-05-24 08:40:00,2017-06-02 08:23:51,2017-06-16 00:00:00
8e3ab8811f9c3a04413aa4e14f84b872,6255375724659cd90a2cefe829af62c8,delivered,2018-02-28 13:08:04,2018-03-01 02:48:56,2018-03-02 20:15:07,2018-04-10 22:41:47,2018-03-26 00:00:00
8e500747ed0fbfd6b89bb11955b3ccbf,8dad9347d1a281ed85a300a7be9d0647,delivered,2017-05-17 12:49:38,2017-05-17 13:11:12,2017-05-18 08:26:53,2017-05-26 07:22:09,2017-05-30 00:00:00
8e580dc7233ba4a6f93b8de2fe826bb3,07d5cc9ef6daee5c5205f14545476b09,delivered,2017-08-28 21:12:41,2017-08-28 21:25:17,2017-08-29 18:52:01,2017-09-05 15:32:44,2017-09-20 00:00:00
8e81e473c93d414e73105233e248347b,174cf4e5e95b5a49bac9cee9ef6cef70,delivered,2018-03-04 18:38:05,2018-03-04 18:50:27,2018-03-07 21:27:57,2018-05-10 13:40:48,2018-03-27 00:00:00
8e96f3e6633f7601ec50f3a904c3a3a2,c5827b73d67d474d76a268f0dda54396,delivered,2017-08-28 18:43:50,2017-08-28 18:55:17,2017-08-29 15:18:24,2017-09-06 19:46:59,2017-09-08 00:00:00
8eb2c9d9099a3b53d1ebe9579ab8c1a3,31ad7bf4a4090e22e0c5d22acaf04f9e,delivered,2017-02-21 08:00:44,2017-02-21 08:31:55,2017-02-22 12:34:52,2017-03-02 10:51:45,2017-03-22 00:00:00
8f28f1dcfe373e3adad096ae2108087f,3991580304cafd33a90e2d58755279bd,delivered,2017-12-12 20:01:00,2017-12-13 02:34:22,2017-12-13 15:57:36,2017-12-15 20:58:50,2018-01-03 00:00:00
8f35c9d6cb15b3bc14a4a88374c6d3d6,d3824ffc020a43364ee0cdb7c6c31df3,delivered,2018-07-22 18:14:46,2018-07-24 08:31:46,2018-07-26 11:07:00,2018-08-01 20:18:53,2018-08-16 00:00:00
8f7176f38b6ac3f5e924b9b05716440c,4f0b5b05dd181055bb1fa47d9290cb60,delivered,2017-09-02 15:59:48,2017-09-02 16:15:20,2017-09-04 22:03:05,2017-09-14 17:08:01,2017-09-29 00:00:00
8facae71080d66f3601522b0f6e143bb,ffe642291d0c94528389d64c07ec8341,delivered,2017-07-02 11:53:10,2017-07-02 12:05:41,2017-07-04 12:29:44,2017-07-25 00:26:37,2017-08-02 00:00:00
8fc359cc10f3ab99032248ef5f152d4f,1d02449a44daa29a1ba7b66474a10f58,delivered,2018-04-10 14:43:10,2018-04-10 14:55:20,2018-04-11 20:18:25,2018-04-18 18:37:29,2018-04-30 00:00:00
8fc45fcea7ef26a592a2f96dc5fd9b05,78449129b97eb41e46418a648050d958,delivered,2018-08-07 11:06:43,2018-08-07 11:15:23,2018-08-13 14:41:00,2018-08-16 17:48:42,2018-08-15 00:00:00
8ffd7451dcd8c7f8dad79450d7f4708b,8bc6fbf4d57f4c3dda3f16447e74f375,delivered,2018-06-24 22:09:28,2018-06-26 05:37:16,2018-06-28 14:50:00,2018-07-02 15:51:26,2018-07-24 00:00:00
908227fe95698325710fe450d4b7018c,75644d190d3f51f6230b265ae2b3f6d8,delivered,2018-08-05 00:29:13,2018-08-05 00:44:11,2018-08-06 11:51:00,2018-08-10 00:03:39,2018-08-15 00:00:00
90a0728a1ce3a04e661798e3db7d842b,d050ccd8fa4f60813134f7bb409ca04e,delivered,2017-11-24 19:31:32,2017-11-24 22:53:55,2017-11-29 21:17:02,2017-12-23 15:23:40,2017-12-22 00:00:00
90a35d9f1707a645c3bd2dda9c3f2643,5d94eb3a651e44419266ec8fddbd57be,delivered,2017-12-02 16:44:06,2017-12-02 16:59:01,2017-12-04 18:04:30,2017-12-19 16:44:45,2018-01-02 00:00:00
90c0d4df184cd39fe38d7b3de0cbd878,1373bf3289262687cf4e388a8318d8d5,delivered,2018-08-22 07:28:08,2018-08-22 07:44:15,2018-08-22 14:55:00,2018-08-24 19:46:43,2018-09-06 00:00:00
90de07e389ed6cd973ae93d5b36f159c,4212cb0b515edd1723eb5dade9852916,delivered,2017-11-20 18:02:21,2017-11-20 18:14:29,2017-11-22 00:24:32,2017-11-29 19:58:47,2017-12-08 00:00:00
90f0e72dfebcd41e26656d079d881674,509efbe31adf8f6409b0fdb484d79208,delivered,2018-05-20 22:33:40,2018-05-20 22:58:20,2018-06-06 08:20:00,2018-06-11 15:47:50,2018-06-07 00:00:00
90ff3cffbad0c03e76cdb32a788a649e,404625763e1fb3d80a8f2b984a19b1eb,canceled,2017-02-20 11:29:19,2017-02-22 03:22:35,,,2017-03-27 00:00:00
911e42ae2c0cf7e1050b31ac36d8b2c2,38086643ba09e7eb60211ef04c0382a0,delivered,2018-06-04 12:57:23,2018-06-04 13:12:10,2018-06-04 14:44:00,2018-06-13 17:03:36,2018-07-17 00:00:00
9146e206bcd61ac9fb10f3a26336a7ec,defa9b41656fc8b4cb457e88cf9de970,delivered,2018-02-15 14:09:43,2018-02-15 14:27:08,2018-02-19 17:47:19,2018-03-12 16:41:47,2018-03-16 00:00:00
914e07017d246eee143555a432b6746e,a41f7c579dd43b7e3de0b0a5a5f796f9,delivered,2018-02-06 14:15:39,2018-02-06 15:55:59,2018-02-09 21:04:15,2018-02-20 13:32:20,2018-02-22 00:00:00
916c26a4b35875fa3e5237c9abb44c2c,c68ef50ab50bcd3641328ffe3f745771,delivered,2018-04-15 19:15:18,2018-04-15 19:31:14,2018-04-16 17:58:33,2018-04-25 00:59:33,2018-04-27 00:00:00
917a1e55e47868301492b1f8f765a6f8,e66a30c180b39bc69be9b943afcd94e6,delivered,2018-01-26 19:04:42,2018-01-26 19:18:19,2018-01-30 23:39:36,2018-02-03 13:26:42,2018-02-09 00:00:00
91e37208355ef2b54b5d8217ed81f365,4cff4ccf3368309cf771eecd63eed6da,delivered,2018-03-27 10:10:46,2018-03-28 02:47:56,2018-03-29 11:36:59,2018-04-16 12:58:45,2018-04-23 00:00:00
91fcdc0357e6c76803fb5d654a0226a0,d95eb0e957edfbca43feb2f292484de4,delivered,2017-08-21 15:53:42,2017-08-22 16:08:45,2017-08-25 15:59:51,2017-08-31 16:55:14,2017-09-04 00:00:00
92332bfe0b5269414ff8497677a10d5f,3c38c986290171c64d66277d6fbb6be4,delivered,2018-03-03 20:44:13,2018-03-03 20:56:07,2018-03-06 00:12:57,2018-04-02 19:21:39,2018-03-29 00:00:00
923e0c030350975afcfa4ffbc70c0146,30499bd0b4374d37074cfabc399c9f85,delivered,2017-04-29 20:51:41,2017-04-29 21:05:17,2017-05-02 17:09:37,2017-05-04 17:12:10,2017-05-23 00:00:00
924482525801c274a1c8e5d4a2f15725,dc46fa85c061e77c72b5d5b870491ad0,delivered,2017-11-25 22:43:58,2017-11-25 22:54:03,2017-11-30 13:51:55,2017-12-06 23:58:56,2017-12-15 00:00:00
928e8e158d1096bf9bad69d9e927b6b0,925ddf3482c150d9e469c4b47d52e1c2,delivered,2018-05-22 20:21:55,2018-05-22 20:37:20,2018-05-28 13:19:00,2018-06-06 17:54:29,2018-06-14 00:00:00
92a40ff0f53b250065933f8b42431911,04c81659bc6756aec0dea8a3fe320d7b,delivered,2017-05-24 21:02:39,2017-05-24 21:10:19,2017-05-25 14:00:45,2017-06-09 09:27:33,2017-06-16 00:00:00
92b56c79ee136de9db64ceafdf002f72,94c83c89df9c4e9fd402f2b6a4316391,delivered,2017-05-08 15:58:21,2017-05-08 16:10:22,2017-05-09 13:31:04,2017-05-18 17:34:08,2017-06-08 00:00:00
92d82a97b257e7e81b567f8ceb8b89a3,fd65e5fe0237e5d9d5a346ed57652831,delivered,2018-06-13 09:18:06,2018-06-13 09:40:18,2018-06-13 14:36:00,2018-06-18 16:17:47,2018-07-04 00:00:00
934daa3b33591884346152a2c7f15ce5,ccc2a5577a251f98fb39d90e7fca0c78,delivered,2018-05-17 20:04:34,2018-05-18 01:57:15,2018-05-18 12:57:00,2018-05-22 19:12:18,2018-05-28 00:00:00
9371a323185fe5bc627ed3065bf2fcd8,9632189e7c39675d6984fda2932d81d2,delivered,2018-03-22 10:11:39,2018-03-23 02:27:47,2018-04-03 20:26:44,2018-04-04 22:28:51,2018-04-05 00:00:00
9371ddc98fdf148feec83c1ddbdaaef5,c4f47317fc0d0ad7ed8924267314064f,delivered,2018-01-16 10:29:52,2018-01-17 03:39:33,2018-01-22 14:58:55,2018-01-29 21:55:02,2018-02-09 00:00:00
938ce9437524223bf05a48b84add7375,8cba10915b6907ea55528a24f72a3099,delivered,2017-07-03 15:46:50,2017-07-03 15:55:13,2017-07-11 18:27:34,2017-07-18 22:49:54,2017-08-08 00:00:00
93b4851a0e1121b652d1a222c342dc71,462c4dacc0634811647e5ca3b058796b,delivered,2018-06-25 18:56:32,2018-06-26 19:04:28,2018-06-27 08:07:00,2018-07-03 22:48:51,2018-07-23 00:00:00
93cb3576b5e361f46b9a9f1720a3eb06,30e20b600c72408514e38306ffc7138b,delivered,2018-08-03 14:08:55,2018-08-03 14:43:54,2018-08-06 15:37:00,2018-08-07 23:18:41,2018-08-09 00:00:00
93dacd550574d8a7b38362c2a6f040b8,b3390183a9a6422eff0ad8b0f17a6bec,delivered,2017-07-29 22:37:12,2017-07-29 22:50:12,2017-07-31 18:54:29,2017-08-04 19:52:21,2017-08-18 00:00:00
94539d5722ad55c3ae8c7369974b67ab,792176f239bc0c4e2f26a7703fcd27ed,delivered,2018-03-09 17:45:08,2018-03-10 18:08:26,2018-03-14 19:38:31,2018-04-03 14:02:49,2018-04-09 00:00:00
9476149aec45b9b1774a161abcce8631,73969b20fe25029e7ffabb98d15fd650,delivered,2018-06-27 20:09:21,2018-06-28 09:51:08,2018-07-02 12:27:00,2018-07-04 20:54:33,2018-07-24 00:00:00
94853d2e9f30e859446eaadc4d6bcbe2,df2d5ce0cccedc3f1794852cc8d2b452,delivered,2017-04-07 13:33:24,2017-04-11 03:41:59,2017-04-17 13:54:36,2017-04-26 14:57:12,2017-05-12 00:00:00
94aa3ae1cb5c1c152c6cc757b68bb659,e117eacf032d0011156eea7df55e6b2c,unavailable,2017-09-26 15:31:52,2017-09-27 02:49:17,,,2017-10-26 00:00:00
94d2de9ad08d15bd3e714a984bd09bcb,79de7628f4e126069110cd01e0cafa0b,delivered,2018-03-09 18:18:40,2018-03-09 18:35:31,2018-03-12 17:21:45,2018-04-20 20:54:52,2018-04-12 00:00:00
94e9d4fb987019517b0aac56db0ae735,0fb55518436111358f550b10bfe4e180,delivered,2017-12-01 14:46:09,2017-12-05 04:12:25,2017-12-06 22:48:36,2017-12-14 20:33:22,2018-01-03 00:00:00
94eb86ebbf4bb41bd02ea3035a2a39cb,539367c2ca3545d7e1293d04b3b25296,delivered,2017-08-14 08:06:43,2017-08-16 03:15:43,2017-08-16 17:25:48,2017-08-22 19:34:29,2017-09-05 00:00:00
94ed99124b4c0ee155fd9bb057a14c2e,63f4af09fb9173f543e2c340dd9aef85,delivered,2018-03-06 10:16:21,2018-03-06 10:29:57,2018-03-06 20:36:13,2018-04-11 21:32:03,2018-04-06 00:00:00
9526afac09af0c00e87b74eb7290b6ec,020a406d49fb26441c5cab66fb8309bb,delivered,2017-12-06 12:41:52,2017-12-06 12:51:30,2017-12-07 14:49:02,2017-12-18 17:12:38,2018-01-02 00:00:00
954945beeb5990c532ac06d464edf931,893c3461da11001c1a1d9bf9afd13aa5,delivered,2017-11-05 21:29:37,2017-11-05 21:50:56,2017-11-06 19:47:04,2017-11-16 20:58:40,2017-12-04 00:00:00
962938a0eb303d087976fbcbe632723a,1579098c5d9e5744b0f81f652b2f3f3b,delivered,2017-12-18 08:26:07,2017-12-18 09:31:24,2017-12-20 21:51:41,2018-01-09 18:45:26,2018-01-18 00:00:00
9633aa23810f64d3bec8f43b7778befa,19710590c8b046f5ca763e0b60894865,delivered,2018-01-11 13:55:00,2018-01-11 14:07:48,2018-01-15 16:10:12,2018-01-22 19:21:29,2018-02-05 00:00:00
9675440ebf61a1a3482cc6308e3ebd28,9597de20c8b55d0f22dcc26fdaa6b2f1,delivered,2018-08-18 23:35:23,2018-08-24 22:05:08,2018-08-27 16:14:00,2018-08-28 17:37:30,2018-08-23 00:00:00
96874d51b07a419abc3260ea8e854fbc,271132bde8869ff73d30c2a9866aa824,delivered,2017-12-23 21:17:29,2017-12-23 21:30:03,2017-12-26 18:23:37,2018-01-05 00:33:17,2018-01-29 00:00:00
96ad1339a836acd49229ab6564bfba8f,2d4e9c0e42af45f4b002376d45f7d46c,delivered,2018-06-17 21:11:28,2018-06-17 21:37:56,2018-06-18 14:28:00,2018-06-19 18:55:52,2018-06-28 00:00:00
96c9a85ac467d3065eb7f6d184672511,a8b68ee0362dd1f3db60fd5145d113d1,delivered,2017-05-15 22:23:53,2017-05-15 22:35:17,2017-05-16 14:42:56,2017-05-30 11:41:47,2017-06-16 00:00:00
96d921e9bfe801df7426999a566a8aeb,bf814c71e0db62efbaa06968cc9c6763,delivered,2018-07-16 20:48:51,2018-07-16 21:05:12,2018-07-17 14:28:00,2018-07-26 16:49:01,2018-08-01 00:00:00
96de2b7f7f3c401fbee3eef068376da6,eec30b788184a6d93954fd5e82c48add,delivered,2018-01-01 20:11:53,2018-01-03 04:33:31,2018-01-05 23:44:37,2018-01-10 19:46:50,2018-01-24 00:00:00
96eb9d1d1588412109dae29e68f86e86,6f33091955b66227318d0e051265e9fa,delivered,2018-05-25 10:38:16,2018-05-25 10:57:05,2018-05-29 12:26:00,2018-06-07 17:08:55,2018-07-11 00:00:00
9703eb84b4433601ca6171b79e26ce1c,65d9c386ee0eb43e165aded25bff79d7,delivered,2017-08-25 14:04:12,2017-08-26 02:24:50,2017-08-29 20:22:37,2017-09-11 17:49:59,2017-09-19 00:00:00
9704b8f76b77e74be19dd79d9371b6b4,fc105fb8764574f55866fa877934c978,delivered,2017-07-05 17:22:50,2017-07-05 17:43:57,2017-07-13 20:33:02,2017-07-27 14:13:38,2017-07-24 00:00:00
974489a317d3b3f2e471a3e8d05ebeb1,7ee20476c82bf1b2f0e35cffe4cb474d,delivered,2017-02-13 12:10:59,2017-02-15 02:45:25,2017-02-15 11:45:49,2017-02-21 13:53:58,2017-03-14 00:00:00
975314569c698f3bd86f7f7013f19acf,f9e4a03d5da9c240e34c34d56a0f3b8c,delivered,2018-07-16 12:58:39,2018-07-17 12:15:14,2018-07-18 13:25:00,2018-07-26 13:56:35,2018-08-08 00:00:00
977ca490eb652320089f258d0431c2c4,ec257db94d9fad7c9c2fd544e2af1649,delivered,2017-05-17 21:05:43,2017-05-17 21:15:18,2017-05-19 09:44:42,2017-05-29 14:48:07,2017-05-30 00:00:00
977f92d98cab7bb13fedbec436375f8d,1ae6cb85d1f8d6c71e80ec5ddd725e8d,delivered,2018-06-20 08:46:31,2018-06-20 09:20:20,2018-06-22 13:24:00,2018-06-27 17:38:44,2018-07-23 00:00:00
978c88fce8bfdad5559f67f50abfb7da,886b49d12074e82e2587e7e09fd1f7d0,delivered,2018-06-09 15:47:49,2018-06-09 15:55:18,2018-06-14 08:19:00,2018-06-26 23:42:04,2018-07-19 00:00:00
97f1dd40b5bea6a7e3cf78fd83a28cb1,8a4f9a65cf1e6a64ebaba3578c868d1d,delivered,2018-08-24 16:26:08,2018-08-24 16:35:22,2018-08-27 14:32:00,2018-08-30 18:32:02,2018-08-30 00:00:00
9863811d92f6ae6fdc407813b2e6a285,894344399c9fdb69219284fad90d6b28,delivered,2018-05-16 13:53:00,2018-05-16 15:18:32,2018-05-17 10:07:00,2018-05-21 18:52:11,2018-05-30 00:00:00
98a1fffc0c110af1abb9aa2d4af96dd3,2758692f01ac5b7613432ef9df04a56f,delivered,2018-06-28 15:58:24,2018-06-28 16:10:44,2018-06-29 14:47:00,2018-07-03 16:21:47,2018-07-16 00:00:00
98dd9c43c306401e85dec3ca829faea3,206eede398a0e68dbba3f1465e45c58e,delivered,2017-10-17 08:24:41,2017-10-17 08:35:57,2017-10-17 19:25:37,2017-10-24 18:42:13,2017-10-27 00:00:00
98e109d3f1db912647c2140cdee13836,018447394d87c7921d8ee1fb40d91d90,delivered,2018-08-19 20:04:32,2018-08-20 13:10:11,2018-08-21 15:01:00,2018-08-30 18:41:55,2018-09-05 00:00:00
98f75acaf1c9b0c2424f3b0fc6a22bdc,30f82c0ee854f242de987b4f2390aa95,delivered,2017-06-02 10:26:34,2017-06-02 10:35:11,2017-06-02 15:14:00,2017-06-13 12:52:15,2017-06-27 00:00:00
99022bc546d95ac49e5cc2ae5df73ae2,3f7e374a2f266e9e8f268c19d761408e,delivered,2018-05-15 18:17:45,2018-05-15 18:35:17,2018-05-16 12:04:00,2018-05-21 18:28:24,2018-05-29 00:00:00
99154e0d0a403c1c7dc3f38886f6776b,005596395ca3acd0433fe7d6f95a028e,delivered,2017-08-25 23:07:33,2017-08-25 23:15:18,2017-08-30 21:58:48,2017-09-06 15:52:23,2017-09-29 00:00:00
99268218a07f08ded2575058ffefb286,0197df52c22d6ef0aa52ffb63ac80404,delivered,2018-06-13 12:43:51,2018-06-13 13:02:17,2018-06-14 10:18:00,2018-06-20 13:59:52,2018-07-24 00:00:00
992e5d6c51707533e0be958b2e283373,d27a0560b2900260662c7cf680c21ee2,delivered,2017-12-28 12:43:02,2017-12-28 12:52:24,2017-12-28 22:47:16,2018-01-18 16:28:01,2018-01-30 00:00:00
9951333a5f09b5c054baa1f1c43887c8,d8ab5b41d7a5762f09f5327d552dda1c,delivered,2018-06-12 16:36:31,2018-06-14 02:39:30,2018-06-20 13:15:00,2018-06-21 15:38:56,2018-06-26 00:00:00
995ca4e760797710d04230ca83a51ea7,d5ee339324aa0689199584764bb23cfd,delivered,2018-03-19 14:33:59,2018-03-19 14:55:42,2018-03-21 17:51:49,2018-04-05 01:08:36,2018-04-16 00:00:00
99bc267f49d76932cd195bfb2a94dd03,a74d22d1fa7ac7e321a09c49fb1b3b15,delivered,2018-02-26 11:25:38,2018-02-26 11:49:41,2018-03-23 20:44:24,2018-04-03 19:26:38,2018-03-20 00:00:00
99c272b1c830220b1aa0047b42e9964e,98556837f8c2cd03d6704cd641ec8e65,delivered,2017-07-13 08:41:29,2017-07-14 02:15:24,2017-07-18 15:52:08,2017-08-01 18:14:47,2017-08-17 00:00:00
9a327776c4009cd0980497d9386b1472,af3bbdd63bf976839718d59fd60ba9f1,delivered,2018-03-25 22:33:39,2018-03-25 22:47:54,2018-03-26 18:17:44,2018-04-03 19:12:49,2018-05-02 00:00:00
9a43b717c408493ff788aeb5d11d0684,79325a5900413d28fb63c05bfbd39e5c,delivered,2017-11-02 20:28:53,2017-11-02 20:45:09,2017-11-06 20:09:21,2017-11-14 22:58:44,2017-11-23 00:00:00
9a5e2e79294284216bd97c19ba039cfe,8130a950fdc7369a2ffa922a542a7ad5,delivered,2018-07-29 14:12:01,2018-07-29 14:44:28,2018-07-30 13:55:00,2018-08-01 20:36:38,2018-08-09 00:00:00
9a7e8939f3e332415b9915a209e3607e,c8d008cabef5ece4d46688391a2f639e,delivered,2018-07-07 20:49:04,2018-07-07 21:05:32,2018-07-10 15:40:00,2018-07-12 22:40:52,2018-07-23 00:00:00
9a886ac42ca6eb5571fbdd1bdd8be02e,c7f920a7b4aed73af416b5fa6f5c5584,delivered,2017-04-15 23:53:50,2017-04-16 01:05:16,2017-04-18 07:27:45,2017-04-20 17:38:07,2017-05-08 00:00:00
9ae0aced36093f0e2cb7510c20b7ffc5,fcc90a4fa7060b81815bca0f9cd77f15,delivered,2018-04-17 18:09:15,2018-04-17 18:32:26,2018-04-19 20:36:31,2018-05-21 20:28:35,2018-06-12 00:00:00
9af5f003f0da353f6c32a5c5e0c83b39,2129cc3d2764d1f9c4618f6c06f40f65,delivered,2018-01-31 09:52:29,2018-01-31 14:10:58,2018-02-02 16:27:15,2018-02-03 15:07:04,2018-02-20 00:00:00
9af89743e7144e56b5e028a248174ef1,6d9ded111ea89ad26ed04e6b806de89e,delivered,2018-03-03 15:04:01,2018-03-03 15:15:24,2018-03-07 23:18:43,2018-03-14 15:43:00,2018-03-21 00:00:00
9b228d02d9abe567855fe2f934772858,e311c5cf7650f781ee140f998ebd8ae7,delivered,2017-08-15 16:22:54,2017-08-17 03:06:22,2017-08-22 15:05:19,2017-09-01 21:58:02,2017-09-06 00:00:00
9b27acea1ceeaf0e2c4409066b85c93d,fba7127c5408d58b69e6a5502865a4ce,delivered,2018-07-26 12:31:19,2018-07-26 12:44:36,2018-07-30 14:01:00,2018-07-31 19:44:28,2018-08-07 00:00:00
9b67d7f926480a9b1dfda8f3595013a6,11c191489b5fecd461e9d538280e9c5e,delivered,2017-11-08 10:14:53,2017-11-08 10:30:22,2017-11-08 18:46:52,2017-11-16 20:02:47,2017-11-29 00:00:00
9b81934297f0b5aab6474d8eb7fb2b4e,be2be648d9b138656b913d423ed0ae19,delivered,2017-10-17 23:15:45,2017-10-17 23:28:11,2017-10-23 15:05:36,2017-10-24 18:14:04,2017-10-27 00:00:00
9bddf07b813124e63282b716df591c36,ea05ea055bde9cacc0963b2c5530d07d,delivered,2018-06-12 18:14:33,2018-06-14 02:17:52,2018-06-15 07:45:00,2018-06-20 23:53:44,2018-07-05 00:00:00
9c1becadc6a0c6445eb02167b8d1bbff,fc788d5e3648d52793588cb90a77b5a1,delivered,2017-09-08 10:57:39,2017-09-08 11:05:18,2017-09-11 19:25:51,2017-09-18 19:47:50,2017-10-04 00:00:00
9c5bfba7de6a4abbb6ba0baab78d1622,383a25447c28d7bd477c15cf76b412f6,delivered,2017-07-08 14:55:52,2017-07-08 15:10:14,2017-07-11 17:12:41,2017-07-19 20:46:57,2017-08-03 00:00:00
9cd3b6a2b07667e425975a219b4fc382,f44729d81505dfc0b3e20396543f15f1,delivered,2018-05-08 20:38:56,2018-05-08 21:11:41,2018-05-09 15:08:00,2018-05-14 20:28:34,2018-05-22 00:00:00
9cef7eef349dd605b870fce05c57765f,a241ef5f3554f7a8184134b5fe5bb666,shipped,2018-03-21 11:50:08,2018-03-22 02:51:03,2018-03-22 21:36:38,,2018-04-12 00:00:00
9cf62f240f501435b77f4d448a2b5f39,6b2841f584f046ce582a6a12ca0ae051,delivered,2018-02-04 13:30:00,2018-02-04 13:49:11,2018-02-06 22:26:45,2018-02-07 20:57:38,2018-02-21 00:00:00
9cf677fc6e42f8256b310109fe5f2333,dcf9da02825b471237d9f83bd0c39fe6,delivered,2017-10-09 22:05:59,2017-10-09 22:14:24,2017-10-10 16:48:13,2017-10-20 18:42:25,2017-11-08 00:00:00
9d02a36395b93b35ec7f46d79ee3e8b9,9b9c07a0eaadb3eed67732a6fc954e4f,delivered,2018-01-29 18:29:35,2018-01-31 13:32:23,2018-02-01 21:46:07,2018-04-09 15:58:31,2018-03-09 00:00:00
9d5cb46eb8b0851d32e0a86b6dea782c,59f2334998439940f49385494fb8ff54,delivered,2018-05-10 15:26:30,2018-05-10 15:41:40,2018-05-11 07:22:00,2018-05-30 16:06:45,2018-06-04 00:00:00
9d5dfd77cf32bd319a504f77a137491b,c590bde02b403025bd56faa049638968,delivered,2018-03-20 16:43:21,2018-03-20 16:56:06,2018-03-26 20:32:08,2018-04-13 22:58:22,2018-04-06 00:00:00
9d6b1d10fd62d8f52d1ee875b4842c2e,03b436ea506015a721669b80835907c6,delivered,2017-11-19 19:59:00,2017-11-21 04:08:30,2017-11-22 22:52:53,2017-12-01 21:06:32,2017-12-11 00:00:00
9d70ddf4f9027ee7e5f0851c480d3fbe,3ededc1f808f7482c3a034e1aa27e494,delivered,2017-11-22 15:36:42,2017-11-22 15:47:29,2017-11-23 18:27:12,2017-11-25 00:25:53,2017-12-04 00:00:00
9dd2fd0bc65b8d4b92ff4ab91cab5b28,be3989ffce9034d2e139160793f1db99,delivered,2017-12-13 19:20:31,2017-12-13 19:30:33,2017-12-21 15:37:59,2018-01-09 13:46:32,2018-01-11 00:00:00
9dd9eb1d7c035198b06f1775e0711a59,b26f48357d67172f0343e920a2c64f15,delivered,2018-07-07 16:39:15,2018-07-07 16:50:17,2018-07-10 11:05:00,2018-07-11 23:06:39,2018-07-19 00:00:00
9de73f3e6157169ad6c32b9f313c7dcb,eb7a157e8da9c488cd4ddc48711f1097,delivered,2018-06-05 12:45:17,2018-06-05 14:31:37,2018-06-06 09:15:00,2018-06-12 09:54:46,2018-07-03 00:00:00
9e24613b913b312f009ec05b56b339d4,e41024577c0be0553a143f9189d61862,delivered,2017-05-05 16:19:56,2017-05-05 16:30:20,2017-05-09 15:17:18,2017-05-11 15:04:05,2017-05-30 00:00:00
9e27a77121b82195690a4fb1994814ea,884bd418dcc0f0dc117f7800e752acfe,delivered,2018-01-08 13:11:16,2018-01-08 13:28:04,2018-01-18 22:39:12,2018-01-20 17:35:19,2018-01-24 00:00:00
9e4429e3ca6daefcb5a085302eb4d9a9,b47df8baa34b9880117394560bcb04be,delivered,2017-12-08 12:02:45,2017-12-12 03:56:29,2017-12-21 15:58:38,2018-01-06 10:44:20,2018-01-16 00:00:00
9e555160d5ee4c0a12a9451cc98afedc,ec55b85b43b1ea0b5488736283c05e78,shipped,2017-11-16 12:04:23,2017-11-16 12:31:39,2017-11-17 17:34:45,,2017-11-29 00:00:00
9e6356cd884202aa5e0d16e033c8c08a,046ba797126ef91632351367c0845f9a,delivered,2018-03-05 11:23:01,2018-03-06 03:49:05,2018-03-08 21:50:45,2018-03-27 13:16:38,2018-04-02 00:00:00
9e782eef55c0f6f0a4de48f967232e91,6108edce175bb2a5d603884594fae1d5,delivered,2017-10-07 22:42:26,2017-10-07 22:56:12,2017-10-09 22:00:08,2017-10-13 18:58:36,2017-11-01 00:00:00
9e8994e6f853899f834bc1d3c25b1939,bb62bffe600f9e09d2a97b8c261ed5b6,delivered,2018-04-03 22:18:48,2018-04-04 09:48:45,2018-04-04 21:56:24,2018-04-25 18:36:54,2018-05-08 00:00:00
9ea29024f36561184f0253cccb1b3fc7,9cf59d7ac388b59fe805de855de08c69,delivered,2017-05-30 14:36:44,2017-05-30 14:50:27,2017-05-31 13:07:43,2017-06-09 09:22:20,2017-06-30 00:00:00
9edb5899606254447166a651aa65c063,97506d4cd017040573666207f7ad537d,delivered,2018-02-23 14:49:38,2018-02-23 15:16:00,2018-02-26 23:27:12,2018-02-28 15:33:01,2018-03-09 00:00:00
9eefad52e5b37dc3e94fc823d63057b5,8946712e249771f86d5cd37ac704b443,delivered,2018-04-13 09:32:23,2018-04-13 09:52:08,2018-04-16 12:46:48,2018-04-19 21:33:09,2018-05-17 00:00:00
9f1fdd62873c571b8206dd1cf23e208d,a022ce2be66d62e89e6e534a29334da3,delivered,2017-09-11 14:43:43,2017-09-12 14:35:20,2017-09-13 17:27:54,2017-09-18 19:27:47,2017-10-03 00:00:00
9f24306ad42ec0b914ff60357df376ff,649bbe04de822b1a2a9bd8cf6e4a7435,delivered,2018-08-20 21:33:51,2018-08-20 21:50:17,2018-08-21 16:45:00,2018-08-24 03:27:03,2018-08-29 00:00:00
9f25f43e006aa4d61b6f1188696e93a8,3c0c28d9a92d94fbbb14beab19df2b40,delivered,2017-08-15 10:10:34,2017-08-16 10:24:30,2017-08-17 18:18:33,2017-08-24 15:42:45,2017-09-04 00:00:00
9f3bb89658a46c809fdd407e86914f94,ff217adc6431eb19f8af637ddd66a2d8,delivered,2017-06-09 09:35:06,2017-06-10 02:55:21,2017-06-12 14:11:02,2017-06-22 13:57:38,2017-07-04 00:00:00
9f3f85ddc354be372be6cde53a577cd5,acc559579aefad3c725ffb1b7c7e4c45,delivered,2017-07-06 19:46:22,2017-07-06 19:55:21,2017-07-07 20:24:45,2017-07-12 12:52:56,2017-07-26 00:00:00
9f7b07e872a431807e81c38d6328502a,d8fb8c9aa1bcbcbb0b883be6c45f2ea1,delivered,2018-06-10 09:02:12,2018-06-12 07:37:09,2018-06-12 14:23:00,2018-06-18 13:48:23,2018-07-12 00:00:00
9f80f54504b9a0002c494e13068044f0,489183cf22f5264d0774f03fbc6b17c5,delivered,2018-03-28 19:57:40,2018-03-28 20:10:12,2018-03-29 22:03:43,2018-04-09 22:48:37,2018-04-23 00:00:00
9fc1cdaa591d198154efdbf0e8e33712,6f73cd5eba805d0532ea9099393deed1,delivered,2017-09-17 15:12:17,2017-09-17 15:27:58,2017-09-19 16:52:51,2017-09-26 18:48:53,2017-10-06 00:00:00
a00d80133807b3fcebee86be41116908,de4c540fcac301e3bf0dd6a9ffcfaa8a,delivered,2018-04-22 17:44:50,2018-04-24 18:35:49,2018-04-23 22:37:31,2018-04-25 22:56:48,2018-05-08 00:00:00
a0224d0bc0030c9226e9613d6561a7aa,278c63ede99698eb4838f0df378d9adf,delivered,2018-05-09 23:19:02,2018-05-09 23:33:32,2018-05-29 12:28:00,2018-06-11 22:18:38,2018-06-19 00:00:00
a041155864e5141116458291313b35c2,8fbab2ff4df1a7cc9531b14a686bb3ce,delivered,2016-10-04 15:10:15,2016-10-06 15:56:27,2016-10-10 15:56:28,2016-10-13 15:56:28,2016-11-24 00:00:00
a091ad657d4d673814a9dc6b64829a42,a472568c15484b8299393ec28b623f9c,delivered,2018-06-07 19:56:24,2018-06-07 20:15:18,2018-06-08 13:37:00,2018-06-28 17:48:33,2018-07-23 00:00:00
a0be4f22d143bef8121980995eaf15c9,d123e124664159a19da41685ea47a13a,delivered,2018-03-09 22:32:57,2018-03-10 22:30:20,2018-03-12 22:09:48,2018-03-29 20:18:39,2018-04-24 00:00:00
a0f7769c320fd4c1900add6490eab094,74513f73285330d3a484736bdc3b3671,delivered,2018-05-31 15:39:15,2018-06-01 15:35:28,2018-07-04 06:38:00,2018-07-09 18:04:16,2018-07-25 00:00:00
a0fbae87b2c4f96a56e39ea7df0c1fd1,427d898b8a06d03e1e805f09d82f250b,delivered,2017-04-29 12:27:06,2017-04-30 12:35:47,2017-05-11 10:57:49,2017-05-19 10:32:23,2017-06-07 00:00:00
a0fd3e8622e5fd64beaf31de61399b1e,97b271d89f6d420be947869c55c64b76,delivered,2018-01-12 14:09:36,2018-01-12 14:17:34,2018-01-15 16:48:08,2018-01-22 13:27:18,2018-02-08 00:00:00
a1259693d26fb84a646c5c4a913a7c40,f1dd969025776935e2b9dd2a17ec87c2,delivered,2017-11-03 13:32:48,2017-11-03 13:46:12,2017-11-03 21:07:49,2017-11-10 20:18:50,2017-12-05 00:00:00
a15a0b2ddcff917321e721b84d7217cd,d49d050b968aa2bfef80ee4a2906ab8e,delivered,2017-07-14 09:30:29,2017-07-14 09:43:52,2017-07-14 18:29:50,2017-07-27 18:03:09,2017-08-07 00:00:00
a182c021b0561e70031de925b3991fb3,1d93c38087f43927ad29cdbd73a1a01b,delivered,2018-04-02 20:25:56,2018-04-02 20:35:17,2018-04-04 18:13:12,2018-04-11 11:14:31,2018-04-25 00:00:00
a1910c13f7264ec8e1b32221debcee26,5614a6b8b6919eb54f6feda7377b97cb,delivered,2017-03-26 16:11:09,2017-03-26 16:35:24,2017-03-27 15:48:19,2017-04-05 00:34:48,2017-04-18 00:00:00
a1ad04708ac63bf780235612020e647e,2a7538a3a9b5de992de6fda7e4338624,delivered,2017-04-30 18:48:05,2017-04-30 19:03:24,2017-05-04 08:39:40,2017-05-23 05:12:03,2017-06-06 00:00:00
a1bbc50582a23583fb463282d7807e6a,c6b80a2b1b90507f8a4d42ec211ba949,delivered,2017-10-03 08:44:58,2017-10-03 08:56:30,2017-10-04 15:42:10,2017-10-10 21:35:40,2017-10-25 00:00:00
a1c47ee60da7efa582a5da058796df50,cc48ccc7941ecfdb38d051e94d34f7ee,delivered,2018-05-02 12:17:34,2018-05-02 12:33:43,2018-05-02 14:26:00,2018-05-08 15:06:41,2018-05-29 00:00:00
a1d8201182a838255aca3592492761d0,cab14a7a1312ca00956056f08c16ce46,delivered,2017-12-16 22:31:36,2017-12-16 22:50:55,2017-12-18 15:33:20,2017-12-26 16:26:55,2018-01-19 00:00:00
a1dd8c3d72d95a11312293743c4064a6,4c67e0a1613b34e3047e157f9dd98d1b,delivered,2018-05-28 15:23:45,2018-05-28 15:35:11,2018-05-29 15:44:00,2018-06-01 19:52:02,2018-06-13 00:00:00
a1deb5a1e93bdf89bc4e5e00ec3691d6,00949af96107ff1f55bc0f09e913686d,delivered,2018-03-31 11:35:12,2018-03-31 12:15:06,2018-04-04 20:42:18,2018-04-05 21:51:43,2018-04-17 00:00:00
a21f7cbfcb4757dd5866a2673dc059b6,8e37466ad86944a7a42628b170a417c3,delivered,2017-10-08 18:58:53,2017-10-08 19:28:32,2017-10-09 17:31:00,2017-10-19 21:09:23,2017-11-09 00:00:00
a22b607df785ae2bd6fada8c68de0986,a8dd0e2a05799a5e36cb68c9192207a9,delivered,2017-10-15 17:03:31,2017-10-18 03:14:58,2017-10-19 19:51:48,2017-10-27 16:13:09,2017-11-07 00:00:00
a231611f82f7625fba490466e2606aa5,ce7eca55be37e75d368b4a6d903e5b2a,delivered,2017-05-28 23:28:36,2017-05-30 04:50:20,2017-05-31 16:00:05,2017-06-06 17:37:19,2017-06-21 00:00:00
a242b157f059b58578956fe8e3b35812,97d14673ff6d319aa5548768e577ce0b,delivered,2018-06-09 00:48:52,2018-06-12 05:16:16,2018-06-12 15:22:00,2018-06-18 18:22:25,2018-06-28 00:00:00
a27eb404169bf0159dcee550b59b9d5e,517776a386c72774906153b1648f8689,delivered,2017-05-06 20:11:53,2017-05-06 20:22:17,2017-05-09 14:49:49,2017-05-12 19:06:03,2017-05-19 00:00:00
a28f6c9d0933acd34c3ae149cc537b65,93a449c8c999a89f29461ea0d7dcef4b,delivered,2018-05-15 17:42:46,2018-05-16 17:57:36,2018-05-18 13:22:00,2018-05-25 18:52:39,2018-05-30 00:00:00
a2b2d6d1919f4f35f47c42de3f62a1fc,26bc7a790e0b09e634990bd957f09ef4,delivered,2018-07-14 11:40:54,2018-07-14 11:55:18,2018-07-23 15:08:00,2018-07-30 20:19:34,2018-08-10 00:00:00
a2b3e75e2e444a9ce134788d66d5dec1,3982c2958292950bf13e6df79c25aa3f,delivered,2018-08-16 10:45:11,2018-08-16 10:55:25,2018-08-16 13:57:00,2018-08-22 01:17:44,2018-08-31 00:00:00
a2f084633c53f198fb3ba4148fd4a148,a862553fffca102946274396683cbd39,delivered,2018-02-25 09:57:15,2018-02-27 04:31:05,2018-02-28 17:39:18,2018-03-07 23:18:41,2018-03-26 00:00:00
a2f1b733d3d3cb7185e9661387534161,cd8c7feb6e5a1f734ef52ffcf4a25c6a,delivered,2018-02-16 13:40:46,2018-02-16 13:55:20,2018-02-19 23:12:13,2018-02-27 18:56:42,2018-03-13 00:00:00
a30c919a89ae0abb92170254dcf8ff02,0691838627fb0142895c23d5459bed3c,delivered,2017-06-08 10:17:53,2017-06-08 10:25:29,2017-06-08 16:35:50,2017-06-21 17:19:11,2017-07-11 00:00:00
a31ecde4565b9e5e70a4ac17fb47174c,7c4b8e956f27bed90b8269e5a04ac6db,canceled,2018-01-29 21:55:59,2018-01-31 13:32:23,,,2018-03-02 00:00:00
a33c70384e5369223140d28308cc84a4,3cf843218f85922e5fe972904be4322f,delivered,2017-09-17 15:13:10,2017-09-17 15:28:03,2017-09-21 13:51:58,2017-10-04 11:52:39,2017-10-23 00:00:00
a37e63f75db3f7601cd0e95a5b63c083,8dee5b9d88493d6dd0a51b834867dc84,delivered,2018-01-07 21:28:13,2018-01-07 21:47:38,2018-01-11 21:10:25,2018-01-12 21:12:40,2018-01-24 00:00:00
a3b5d696f2dc3df83942f644beb879da,f936ee0917d5d6e40833918f8672ced0,delivered,2018-01-04 09:30:01,2018-01-05 02:38:00,2018-01-08 19:19:07,2018-01-09 14:59:33,2018-01-23 00:00:00
a3b5da7c8f8d9a1edf856dd01f9c91cb,d45d9822b7a7caa83d425d780535f084,delivered,2017-08-09 10:26:30,2017-08-09 10:44:01,2017-08-10 14:28:12,2017-08-11 17:45:02,2017-08-22 00:00:00
a3b9ef87dc9bf6125988a6146005ccd6,e732d2301beacd7362fe3091cee0b9a3,delivered,2018-04-04 08:09:40,2018-04-04 08:29:33,2018-04-17 12:32:32,2018-04-18 21:11:46,2018-04-27 00:00:00
a3c2dfa534b942bcc28371fdec7702d9,fc27567df87c171a1811d56017c96caf,delivered,2018-06-26 19:00:20,2018-06-27 13:32:50,2018-06-28 18:07:00,2018-06-29 20:46:52,2018-07-16 00:00:00
a3d974992b6e4d46af6f3c6259ad725d,88782b2c9e75029d37432e25fdd9839c,delivered,2018-08-16 16:50:31,2018-08-16 17:09:09,2018-08-17 12:37:00,2018-08-29 17:38:45,2018-09-03 00:00:00
a3df0981c7418c75ec3e64bcbaf4b82c,49bfff17c9d66763eb474bce40c414fc,delivered,2017-11-24 00:28:30,2017-11-24 00:57:10,2017-11-24 18:09:19,2017-11-30 19:18:36,2017-12-11 00:00:00
a3f40d7f1e3446fb6bd73bb0373b0996,afb079080479ab5badeb44fc0cb140c7,delivered,2018-03-17 16:05:33,2018-03-17 16:31:14,2018-03-21 23:41:19,2018-03-22 15:41:23,2018-03-29 00:00:00
a4131292599279a50b734fb7fbf83c0c,1e0f911566b6b2b5f3baa386b315d2d6,delivered,2017-02-28 14:46:06,2017-02-28 15:01:34,2017-03-01 14:15:02,2017-03-08 09:54:03,2017-03-23 00:00:00
a43b47899fae27435d67c19684c2a5d3,b81c6fd25c64143c04f4d107c6f8457a,delivered,2017-09-19 18:02:28,2017-09-19 18:15:23,2017-09-21 15:52:50,2017-09-27 20:53:44,2017-10-09 00:00:00
a43f06aa18fbe7db935630bd59aa0cdb,97b2b6460d59f786baf7f4b2b3ba64d6,delivered,2017-09-15 14:57:47,2017-09-15 15:10:11,2017-09-18 19:52:31,2017-09-29 22:19:44,2017-10-10 00:00:00
a49dc0169f9bb6d3ac9829bdebd12299,c78088a2467e83cbb726c1283608dca7,delivered,2018-07-21 11:46:28,2018-07-26 23:31:27,2018-07-24 14:55:00,2018-07-25 18:24:31,2018-07-31 00:00:00
a49f05cadcb7f056c2725a1463b7d7db,e154aa6c833c997823d31268993dd32d,delivered,2018-01-24 18:10:28,2018-01-24 18:37:38,2018-01-25 17:09:12,2018-02-05 23:22:28,2018-02-21 00:00:00
a4b19ba687d68b54e5598956990afa98,9cc508ab838e2303299fe5c9d97a2704,delivered,2018-02-14 17:48:51,2018-02-15 17:46:38,2018-02-20 00:42:57,2018-02-23 11:27:32,2018-03-13 00:00:00
a4e716425319a6fefa5bf8c58eeccfcd,e665ff378c7fbc9320f3a9507cd7bfd7,delivered,2017-05-30 09:27:49,2017-05-30 09:43:04,2017-05-31 14:50:01,2017-06-06 09:36:55,2017-06-22 00:00:00
a518b0e2cc4f320f21cf76b615df9869,dc20dedafe13e7115406d0761505b778,delivered,2017-05-28 21:12:56,2017-05-28 23:05:14,2017-05-29 09:25:19,2017-06-07 15:59:22,2017-06-21 00:00:00
a53e05ecd2ed1f46a2b8e1f5828be7c6,addc91fdf9c2b3045497b57fc710e820,delivered,2018-01-26 14:30:21,2018-01-27 14:35:51,2018-01-30 00:41:21,2018-02-02 13:53:10,2018-02-15 00:00:00
a543320aceee9be9a814f4808aacaf3f,725ab1386add4f257ae6b635da68daa5,delivered,2017-11-12 01:39:16,2017-11-12 01:51:08,2017-11-17 19:41:41,2017-11-27 16:53:00,2017-12-13 00:00:00
a5ab32d92df4aa22033de78a4c20dedb,db3d228e48b195e4ecb9622a0b0e7807,delivered,2017-12-27 13:00:00,2017-12-28 02:35:50,2018-01-02 19:09:26,2018-01-12 20:48:49,2018-01-29 00:00:00
a5c7e6bac2227411fff0d646ffdef74c,3c9a270080ee810c3d766c0ef3868bd9,delivered,2017-05-31 12:45:31,2017-05-31 13:11:03,2017-06-01 12:53:55,2017-06-12 11:57:59,2017-06-23 00:00:00
a5d7086b3574973a5df31d93bf524039,7640e5568c56caebc8e765dd896b6182,delivered,2018-05-20 20:41:30,2018-05-20 21:01:24,2018-05-29 07:13:00,2018-06-06 19:38:42,2018-06-18 00:00:00
a5db0385f8aea138fbbb47e6bb8c03e5,bcd1cf06eec92b0c218d121f562de5df,delivered,2017-07-30 17:18:58,2017-07-30 17:35:18,2017-08-02 19:41:00,2017-08-11 18:12:43,2017-08-29 00:00:00
a632507614b292ff5f60b5282ba78df1,7b26720e0d801bebb3cccbc054d0ef55,delivered,2018-01-30 16:28:51,2018-01-30 16:55:54,2018-02-03 14:52:52,2018-02-14 16:34:15,2018-03-05 00:00:00
a65b4ca3851f2b54790d82614f404348,00502500a53243e07961383bf1a6fa82,delivered,2018-02-20 14:24:58,2018-02-22 02:08:50,2018-02-23 02:49:05,2018-03-10 17:26:48,2018-03-12 00:00:00
a67da1598758f2e830db1f553721799c,f87b752f04715b171d9fae7d337ac078,delivered,2018-05-16 16:19:51,2018-05-16 17:08:57,2018-05-17 14:31:00,2018-05-23 15:43:38,2018-06-07 00:00:00
a67f2f8a8a684916bd58ae4f6f2a4507,8330434e5221369d1f7d3ffdf257168f,delivered,2017-03-23 14:22:15,2017-03-24 03:32:27,2017-03-24 14:53:47,2017-03-30 13:17:54,2017-04-11 00:00:00
a6832f84211588f24e426d167333044e,33e568bedf5661ed4fa55e229874c071,delivered,2017-12-21 21:27:00,2017-12-21 21:37:31,2017-12-22 23:14:00,2018-01-09 18:10:53,2018-01-18 00:00:00
a69d0f3cfd16e940ead155695b5fb184,7641b48b8bfb1b7a75fca3244ed99e0d,processing,2017-08-12 17:39:56,2017-08-12 17:55:15,,,2017-09-04 00:00:00
a6bb9d1aab3f3b84ce39c8164836fc87,febca700fa4661a712a437ba656dffb5,delivered,2018-07-05 02:06:49,2018-07-06 03:11:22,2018-07-06 11:18:00,2018-07-07 17:56:24,2018-07-18 00:00:00
a6d934d331efb68761bccb25bc87d170,50ecbfb5620e40761c024319ff82597f,delivered,2017-06-05 09:56:03,2017-06-05 10:10:18,2017-06-06 16:33:45,2017-06-09 11:55:35,2017-06-29 00:00:00
a6d9999c33b017f6d907c296e13db22c,f27ae830b105fa0c204da2ef6a3ad0de,delivered,2018-07-30 09:52:26,2018-07-31 10:31:00,2018-07-31 12:36:00,2018-08-03 14:37:42,2018-08-20 00:00:00
a6ea59851ffee8cb73761179fc7bcb6c,4f431dee2efccd72a2b5707929dc85bf,delivered,2017-11-28 12:18:08,2017-12-01 12:31:34,2017-12-01 21:17:41,2017-12-15 22:28:37,2017-12-28 00:00:00
a70e2a7c5779986b66893322855c4932,08ef50ea1923ce347f194bbc8d8e40e9,delivered,2018-08-02 18:50:07,2018-08-04 04:05:14,2018-08-06 17:57:00,2018-08-07 16:42:58,2018-08-09 00:00:00
a739bf4717343c5f9c84196b61a9c53f,daee6b701a5a602c82bc88c89b25e03b,delivered,2017-09-07 19:07:38,2017-09-08 19:03:47,2017-09-13 18:50:07,2017-09-20 17:30:09,2017-09-27 00:00:00
a77f068fe42de19045229fa9a9380ed5,09cd1b030888cd5d39ff8cf8c63da284,delivered,2017-10-23 18:48:32,2017-10-23 19:06:27,2017-10-25 19:58:41,2017-11-01 16:51:27,2017-11-21 00:00:00
a78ac816235b4503a1af1b74fceb7a43,291d6844b59e2c397d3c5003a8bd709b,delivered,2018-03-19 14:12:42,2018-03-19 14:35:44,2018-03-20 22:24:48,2018-03-23 20:42:43,2018-04-05 00:00:00
a78c0962e6a2425978965be2eabb31f8,c089255b3acfc822d731d4319a443d95,delivered,2018-07-23 13:20:40,2018-07-23 15:32:07,2018-07-27 15:43:00,2018-08-02 23:51:42,2018-08-16 00:00:00
a79e71cf3a8c8b52b0fe82c772927688,7aa6eb6e24f566f4ec744e82bd1118d4,delivered,2018-05-01 10:31:57,2018-05-01 10:57:12,2018-05-02 12:11:00,2018-05-08 16:06:29,2018-05-23 00:00:00
a7e30722ecb34ffbeb0fb198ff547677,48917c6bc62665546306ddf9da1170f4,delivered,2018-02-08 22:53:00,2018-02-08 23:08:31,2018-02-09 17:59:49,2018-02-16 15:42:37,2018-03-02 00:00:00
a7ecb6cd7ccbea584ec3f96ecc6fc8b1,a53aad9dffb6d554e7f8356c2017baa4,delivered,2018-01-14 17:18:57,2018-01-14 17:29:19,2018-01-16 21:10:13,2018-01-17 23:22:26,2018-01-30 00:00:00
a7ed24c6e9dd5c83996984932b57c9dc,29397baa14b34d03bb0491d3a99564ca,delivered,2017-12-06 22:54:33,2017-12-06 23:55:26,2017-12-11 18:15:11,2018-01-02 19:07:23,2018-01-05 00:00:00
a7f4bdd6d19c92879d484c48ada14fa9,4d3d0cd7d346e05a0173d4e6fa0df254,delivered,2018-05-09 21:54:45,2018-05-09 22:14:38,2018-05-10 11:24:00,2018-05-14 18:53:24,2018-06-01 00:00:00
a7f50550b7c9925554fb9bda2d7d220a,47a7e64cd6c194e9358b7df9c67bf9a9,delivered,2018-01-12 14:28:29,2018-01-12 14:36:25,2018-01-17 18:47:08,2018-01-19 20:53:02,2018-01-31 00:00:00
a83bbd7210fc35296b93c16a48be49b8,1a760c39f66b1b47fe6812876b945e48,delivered,2017-07-11 00:39:48,2017-07-11 00:50:14,2017-07-12 16:44:26,2017-07-17 19:07:27,2017-08-08 00:00:00
a849c2a7ea93e09f56fba22f019394da,29d896af6952f87f4e4416e976985555,delivered,2017-11-25 18:25:52,2017-11-25 19:03:57,2017-11-27 15:57:05,2017-12-19 22:42:51,2017-12-19 00:00:00
a87b470c41fa3b8f3fc5280ebae30da4,2667bc80c6ede888b1ab84093e1e1a14,delivered,2017-12-17 15:42:23,2017-12-17 17:13:45,2017-12-20 22:04:02,2017-12-23 12:21:39,2018-01-05 00:00:00
a8ab4d61b3fd92a9aa110f5940434d1e,4aad0658e81c7e6766ea82c9b30016b3,delivered,2017-09-12 20:43:48,2017-09-12 20:55:12,2017-09-14 16:47:51,2017-09-20 18:24:48,2017-10-13 00:00:00
a8cec343b0975de8649d3679eb20b587,97fc40739ff80bf9082ed3030f73be26,delivered,2018-08-22 11:12:30,2018-08-22 11:25:24,2018-08-22 14:06:00,2018-08-27 18:59:56,2018-09-13 00:00:00
a8dbaf4197af2f96f35fb65ad457c912,4828dec276b8e9249578cab092211e13,delivered,2018-05-13 19:21:01,2018-05-14 08:55:23,2018-05-15 14:20:00,2018-06-05 20:05:42,2018-06-05 00:00:00
a9016dde97a6a447890dd748aa844b85,75ff064e942910b72e1ab6ddfabdda46,delivered,2018-04-25 16:06:04,2018-04-25 16:53:42,2018-04-26 12:51:00,2018-04-30 13:27:36,2018-05-16 00:00:00
a90f2cf8d5c323e4a3de7437de1ff1b7,db67f7fdcc6e85b2d040459c6fab854f,delivered,2017-07-11 22:11:02,2017-07-12 00:45:15,2017-07-14 14:39:42,2017-07-18 08:56:09,2017-07-24 00:00:00
a94b9255b3c3ebd206b09a5625e39ea2,92630c29ae3735ed24891feef3e66906,delivered,2017-06-04 21:12:58,2017-06-04 21:25:18,2017-06-13 14:16:36,2017-06-30 15:53:32,2017-07-07 00:00:00
a951133aeeb49076723a581a3eb8d51b,c62fa47ec3288088f819f9d779871d76,delivered,2018-07-27 15:20:38,2018-07-27 15:35:19,2018-07-30 13:42:00,2018-08-02 19:48:48,2018-08-16 00:00:00
a951336e450bb85ef1cd906edbcbb270,ffd294eea523f67ee8c743d3a904ee20,delivered,2017-08-16 11:04:41,2017-08-16 11:35:47,2017-08-17 22:06:44,2017-09-08 14:37:59,2017-09-20 00:00:00
a954b5c6ed542bc3970ff1181cb20ef7,403d6dc4a2ce0ab3c7c8ed1267e7b989,delivered,2018-01-25 06:40:27,2018-01-25 06:56:16,2018-01-25 22:36:23,2018-02-02 19:52:30,2018-02-22 00:00:00
a9726615eb24e9b1fa84fe7f8c9a5b54,8e294610f95b78e8de960a10bea8d515,delivered,2018-02-27 22:56:06,2018-02-27 23:10:34,2018-03-02 20:21:41,2018-04-09 22:53:01,2018-03-21 00:00:00
a98012aa8c697f2bcff9f8c2183e0f2b,3e337c99e0f5ff7ba9a4b98fbf7412fd,delivered,2018-05-13 22:50:32,2018-05-13 23:11:49,2018-05-14 11:49:00,2018-05-18 22:46:45,2018-06-01 00:00:00
a9d12173450be22cabf7f56bfebc2565,ce40914475f12c24e87e57bca904be45,delivered,2017-09-18 00:18:29,2017-09-19 20:55:09,2017-09-21 15:52:48,2017-09-22 15:32:05,2017-09-29 00:00:00
aa120c892f79c1304455344f05773ac1,e4bcd01f073e48ced2ad06ecc560fff3,delivered,2018-04-17 15:43:03,2018-04-17 16:30:32,2018-04-19 22:38:34,2018-04-25 22:24:33,2018-05-10 00:00:00
aa2a0609fab50d659ead956ec8f69de1,64db84b65ce929e0a68373aece3e6acd,delivered,2018-01-14 10:38:47,2018-01-14 10:49:42,2018-01-20 00:32:30,2018-01-23 17:23:24,2018-02-15 00:00:00
aa5472de2f22cca7b5a661f6fbc94389,edddd8420d4baec0251cfaed38b577a7,delivered,2018-06-16 22:24:09,2018-06-16 22:36:21,2018-06-18 10:56:00,2018-06-19 22:04:12,2018-06-28 00:00:00
aa7968b0028d36ccc666016b18193b0b,994d1cb2a69ad8faa51355e9f82d87e5,delivered,2017-07-23 19:54:45,2017-07-24 20:03:29,2017-07-26 10:49:43,2017-08-03 19:59:37,2017-08-15 00:00:00
aa799c67bfe59b0de24f6db1dc1b776e,5c5932c767b1eea17f6374dab31c76ec,delivered,2017-01-29 20:14:15,2017-01-29 20:31:06,2017-01-30 11:38:21,2017-02-02 15:24:04,2017-03-15 00:00:00
aaab15da689073f8f9aa978a390a69d1,df20748206e4b865b2f14a5eabbfcf34,unavailable,2018-01-16 14:27:59,2018-01-17 03:37:34,,,2018-02-06 00:00:00
aabd0a7ecf741520be60dc59fc6002ee,adcda79effeaa7398aba44f473e8aed8,delivered,2018-08-06 14:51:08,2018-08-06 15:05:12,2018-08-07 15:08:00,2018-08-10 01:03:39,2018-08-09 00:00:00
aae35f8d7c5a9806060218e572d8370d,2ce3065b5ddebd3b59b31861d2f9bf5e,delivered,2017-11-30 23:14:31,2017-12-01 10:31:17,2017-12-04 14:48:46,2017-12-15 17:39:07,2018-01-05 00:00:00
aaf067f5adccd2b8fdf1a9f651a9148a,62aaae3eaf6f655d97919594b388feaa,delivered,2018-06-16 15:30:56,2018-06-17 15:40:49,2018-06-19 12:28:00,2018-06-29 21:07:08,2018-08-02 00:00:00
ab042583eff2cb1ffe2110a95da95d4b,6fb4f2354f36e554ac80141e9128f528,delivered,2018-01-22 12:02:21,2018-01-22 14:19:01,2018-01-24 14:36:32,2018-02-07 21:22:40,2018-02-22 00:00:00
ab2bbb9188a3ad23926472cabceb9d4d,d1b7642a6ea8e5dd0f5c4e9f6e147bd4,delivered,2018-03-11 21:44:22,2018-03-11 21:55:35,2018-03-16 16:08:46,2018-03-22 17:42:06,2018-04-10 00:00:00
ab7645aa9bb508419e3dfcd8805edf76,e7da42975653f8bcc8311bdef3847164,delivered,2017-12-22 11:42:09,2017-12-22 11:52:31,2017-12-27 23:03:15,2018-01-11 23:09:39,2018-01-26 00:00:00
ab84bf29e9617a0fc438bb0a95a50d6d,d158ce9e0f20d24d2235731f42f1249b,delivered,2018-01-23 18:23:05,2018-01-23 18:38:40,2018-01-24 19:16:33,2018-02-08 18:48:53,2018-02-20 00:00:00
abc5ec9ecaec740b498a37f19c29a8c0,85aa7dc7ea24c96b5ac7864f13922495,delivered,2017-04-30 22:43:56,2017-04-30 22:55:09,2017-05-02 13:58:16,2017-05-12 12:04:38,2017-06-05 00:00:00
abcf5984d3741238d9c49184b7fa5941,ae949beb91846815154c3fdff84351a0,delivered,2018-07-25 10:01:44,2018-07-25 10:10:14,2018-07-26 11:54:00,2018-07-30 16:48:43,2018-08-08 00:00:00
abfcea2fcceafacc40dd9edf35aa1f5d,cbfa8d4b6563cb9f871f7f5412ebf9d9,delivered,2018-04-26 12:00:11,2018-04-27 03:50:54,2018-04-27 10:48:00,2018-05-04 16:52:19,2018-05-21 00:00:00
ac00d3859c095d282f6bef69e0ed1b38,503d0a7d55227b38ccce96ec23251f5a,delivered,2016-10-06 18:03:01,2016-10-06 18:32:03,2016-10-14 18:00:00,2016-10-15 18:32:03,2016-12-20 00:00:00
ac0d19143b07550124df5139ba1faa6a,6c4746775f7e66bf1e3e44bc3e9065fa,delivered,2017-12-08 17:10:54,2017-12-08 17:30:27,2018-01-09 16:31:35,2018-01-09 22:58:06,2017-12-27 00:00:00
ac28921ef185c0a4f81b4fbbdf4d645e,023a2dda10505c5b757b7f9887f5c41f,delivered,2017-10-28 16:36:44,2017-10-30 22:31:39,2017-11-07 17:08:46,2017-12-05 04:10:01,2017-12-08 00:00:00
ac4b7ecdaaa68d5c37e626e9a1f49005,4551d3400f68fda36d0062727b26c04b,delivered,2018-05-03 22:54:21,2018-05-04 21:35:17,2018-05-09 08:25:00,2018-05-24 03:27:19,2018-06-12 00:00:00
ac730ec54a5502ff2a207c2f485f3d83,bee38172e88b59389711a1147ac7521a,delivered,2018-08-15 10:52:48,2018-08-15 11:05:46,2018-08-15 14:15:00,2018-08-18 15:20:38,2018-08-24 00:00:00
ac8f33e39cd4da19fb975a3b2e1bb57a,f4e1e1a718f0175a94e3afc20da813d7,delivered,2018-05-03 20:08:59,2018-05-03 20:30:56,2018-05-04 07:17:00,2018-05-10 20:22:30,2018-05-23 00:00:00
acbd43df296646b7b242d1e25b18a646,ab73bc2a2fc1188712c1c764be830d08,delivered,2018-07-25 16:11:44,2018-07-27 04:05:21,2018-07-31 15:29:00,2018-08-06 14:06:26,2018-08-21 00:00:00
ace8653b9b01a6d0347aa993f8e9b0a5,e479ecf0b485cfa096b3a7f1bb4cd99d,delivered,2017-03-28 11:33:47,2017-03-28 11:42:59,2017-04-07 12:43:23,2017-04-13 15:34:25,2017-04-27 00:00:00
acf06644cacca76ec575d6e2b7ca9c1d,05cf8b2243fd1c51697c4105e149d99f,delivered,2017-04-29 12:02:34,2017-04-30 12:04:03,2017-05-02 12:10:04,2017-05-08 14:58:16,2017-05-23 00:00:00
ad45318f69f5c8613267854b52b2996e,1b6aceac84d043da5b7a09d1baa8a40d,delivered,2018-04-06 21:33:53,2018-04-06 21:49:23,2018-04-11 16:07:31,2018-04-16 14:12:59,2018-04-30 00:00:00
ad6aec326fc31e34aaa0ff7ab3788c43,d8623801d61ed78b96506a12868d09f7,delivered,2017-10-11 08:34:30,2017-10-11 08:49:10,2017-10-11 15:42:56,2017-10-17 22:16:41,2017-10-30 00:00:00
ad7e012867d486bee881d0a10df0399c,ff5731378cb5629a451019021cc4cbbf,delivered,2017-10-10 18:10:44,2017-10-10 18:27:41,2017-10-16 19:33:58,2017-10-27 19:52:55,2017-11-03 00:00:00
ad87f982d1ef40d7a0bc339828e35616,2d691a5872478b245f5c80c7077b8901,delivered,2018-07-21 19:35:02,2018-07-21 19:45:14,2018-07-23 10:43:00,2018-08-06 12:27:01,2018-08-15 00:00:00
ada48b7ce9fee2a62cd265bd45a9c97b,64ded60f3124e272f4403c9fe551de28,delivered,2017-05-28 23:22:32,2017-05-28 23:35:16,2017-05-29 10:34:43,2017-06-28 16:09:45,2017-06-23 00:00:00
ada812c7806382c3085a5f5024bc17ca,455035066e8cf2ed71bf3f6b758593c3,delivered,2018-07-18 16:17:54,2018-07-20 04:45:16,2018-07-20 12:54:00,2018-07-27 12:35:44,2018-08-02 00:00:00
ada852cf7a2944b2980679fbf593bf6e,9341fecaab3e912d71cf05c31ead299f,delivered,2017-06-28 22:12:22,2017-06-28 22:30:11,2017-06-29 16:05:49,2017-07-07 16:17:53,2017-07-26 00:00:00
adde6f841dc05dfe3899ed053001e5bc,1f27d4af7d5199e0bd0879d06f7d2b4d,delivered,2017-05-14 17:02:54,2017-05-14 17:15:20,2017-05-15 11:36:18,2017-05-23 10:42:20,2017-06-02 00:00:00
ae49e90268bf29c43b79c9e447278c84,6ca5c385d8c155c371d98c756966498f,delivered,2018-05-09 17:37:12,2018-05-09 17:52:52,2018-05-11 15:02:00,2018-05-14 20:31:34,2018-05-18 00:00:00
ae577e9c807a2335fb55c903ca5e90fc,b3f223f6d6a12d794c2ed30c717998cc,delivered,2018-03-20 21:36:47,2018-03-20 21:48:47,2018-03-27 13:06:18,2018-04-02 22:51:21,2018-04-13 00:00:00
ae6770c71e1083a03742c4b82d98076c,dd4f2d0c1912aff03fd6980ddb32a214,delivered,2018-03-14 07:11:17,2018-03-16 03:50:28,2018-03-20 17:24:36,2018-03-29 22:19:17,2018-04-03 00:00:00
ae8a569660d9208ffed48d06824629a3,1201779af32273e7d0a14ab05164ab0b,delivered,2018-07-26 20:08:59,2018-07-26 20:24:24,2018-07-27 10:53:00,2018-08-07 18:34:42,2018-08-09 00:00:00
aeb970f75d1a1aa41b4fd895c60fcdeb,23b8d8f0b764cd3b1b8791a64cf2e79c,delivered,2017-03-22 19:47:12,2017-03-22 19:47:12,2017-03-29 13:23:15,2017-04-05 17:27:55,2017-04-18 00:00:00
aed5fd4c4ada58504679761465a6486e,fb5adcc8d11e1000f05d9e6b683a0700,unavailable,2017-07-07 10:48:37,2017-07-07 11:03:33,,,2017-08-08 00:00:00
af07804a2d53e8639954baf97fbf803a,61a39d14e096f31b0d84c33bf54ace42,canceled,2018-04-19 13:46:42,2018-04-20 10:22:46,,,2018-05-03 00:00:00
af32211fd3ca6faa65dcf8f3bd3f53bb,258d6e98cdbae7ca4da08233d45cd8b6,delivered,2017-03-01 09:02:58,2017-03-03 02:35:33,2017-03-03 10:47:13,2017-03-07 13:38:05,2017-03-30 00:00:00
af42887f85d980291a066176c4d13709,8f0b436a1be5cd29776f9ddb3bef133a,delivered,2017-06-18 19:51:54,2017-06-20 10:35:28,2017-06-27 16:37:54,2017-07-04 14:41:48,2017-07-11 00:00:00
af4c1c7ca3aa8d5d93c434ae5f59edca,4515fac76cbb11d7c0c69afeb93c49fc,delivered,2018-01-06 12:08:02,2018-01-09 07:27:11,2018-01-09 19:43:02,2018-01-22 14:09:16,2018-02-08 00:00:00
af6abe9c52e60044f9a708a55cb9b189,04c87355ded588f31f753951fd7e4af0,delivered,2018-02-21 22:22:48,2018-02-21 22:35:22,2018-02-23 19:08:25,2018-02-28 16:53:15,2018-03-21 00:00:00
af7ae6bafcf0885e40e8c5fd1ef4c745,88d9941d5993f28e7017bc9d2f540a24,delivered,2017-03-19 15:20:25,2017-03-19 15:20:25,2017-03-21 09:17:46,2017-03-29 12:35:34,2017-04-10 00:00:00
af91d510d187f304483d1081272ad705,f8b520e355ce4e8d4ddff7f6f9ec7830,delivered,2017-09-25 11:25:01,2017-09-26 03:49:15,2017-10-04 12:37:42,2017-10-17 17:03:43,2017-10-23 00:00:00
afb23e950af5ba7626b9fcc4e1c63147,14c726663ad6885d4bd8fc9cb2ce8393,delivered,2017-10-19 19:14:44,2017-10-19 19:25:59,2017-10-20 19:37:52,2017-10-28 13:52:06,2017-11-08 00:00:00
afcb8a93dec4243dbcf29ed98e5b0d4b,2814ddad2bdc3682d9f32b3f4c86dd7e,delivered,2018-07-26 10:17:25,2018-07-27 02:24:10,2018-07-27 14:47:00,2018-07-30 22:06:25,2018-08-06 00:00:00
afef48d3c8a0b1b7c9b7f8f922fb5674,65f09de0b77ca07963fde8601c6be1fb,invoiced,2017-11-10 16:27:32,2017-11-10 16:50:47,,,2017-12-06 00:00:00
aff043b28dfff4c65665fb42597daf94,996e0d7f08d29b4301784932a81f2132,delivered,2018-01-04 00:19:58,2018-01-04 01:31:54,2018-01-04 21:54:55,2018-01-05 16:42:33,2018-01-22 00:00:00
aff32bb12b83b30724cae766b0270c64,b449a237ced28dd8fc749aef0d4d4037,delivered,2018-08-24 11:43:17,2018-08-24 11:55:18,2018-08-24 14:11:00,2018-08-27 18:26:31,2018-08-30 00:00:00
b02709d4e987b97b8713543629c82401,bb4f37452ca6a6d24da2acd8ed4dd726,delivered,2018-08-04 11:23:51,2018-08-04 11:35:28,2018-08-06 11:53:00,2018-08-09 16:31:52,2018-08-21 00:00:00
b038aba0da1e1ebf55076d3217291ad7,a6706034291a5a04f56be377236415ae,delivered,2018-05-20 21:24:40,2018-05-20 21:38:26,2018-05-21 13:53:00,2018-06-08 21:41:48,2018-06-22 00:00:00
b04b061c476ead18ecd0294170063e16,08827cc1bfff8f8ec04d396cdf2a124f,delivered,2018-05-07 12:30:27,2018-05-08 12:29:44,2018-05-11 05:35:00,2018-05-18 22:38:57,2018-05-28 00:00:00
b0631e643c8b1d98bfcade30d0e71e31,2a5050a15ba0fe3b15ce7e7add83e818,delivered,2018-05-14 21:50:14,2018-05-14 22:10:23,2018-05-16 15:30:00,2018-05-21 20:49:46,2018-05-30 00:00:00
b0b49de4bb38c36e7acd74d879631d6f,2bcb866f83a922fe129eee30d6657290,delivered,2018-02-20 18:15:43,2018-02-20 18:30:41,2018-02-21 21:23:57,2018-03-05 15:04:39,2018-03-12 00:00:00
b0bfe907b9812101e7b442221ffb8f07,c5cf24cd094521d9270ff310c36fff9f,delivered,2017-07-27 13:11:39,2017-07-27 13:25:14,2017-07-27 18:57:44,2017-07-31 17:12:17,2017-08-16 00:00:00
b0edc0b20a380c879d0775721c5b5b20,209e672c1927a0fb4362d09d0f3971af,delivered,2017-03-14 17:21:08,2017-03-14 17:21:08,2017-03-22 10:55:51,2017-03-28 13:21:53,2017-04-07 00:00:00
b12e06af2feaab15941320b70896b799,249e03e6bd09c9043273de4e6532aa76,delivered,2018-08-08 12:17:57,2018-08-08 12:30:15,2018-08-08 16:13:00,2018-08-13 14:51:37,2018-08-17 00:00:00
b12e5d725658a4566286153c51727af2,2312b7bbf7f097b43ba5e3feb3429f59,delivered,2017-05-07 13:05:13,2017-05-07 13:15:17,2017-05-10 14:51:01,2017-05-17 15:17:51,2017-05-29 00:00:00
b144e2ac9863ed27bc59dbe4dd2f8773,49bc0bacf1f213a2d30e240c648ccb01,delivered,2017-12-06 14:04:08,2017-12-06 14:14:32,2017-12-14 15:17:57,2017-12-22 16:34:00,2017-12-29 00:00:00
b1503f3f344c66cf0a3bdc1e2a6e3fcb,698c9575d3f2b6fd6cd368475a5cf865,delivered,2018-01-13 22:30:17,2018-01-13 22:39:24,2018-01-15 15:46:54,2018-01-24 22:44:36,2018-02-09 00:00:00
b1600c1915c18f85050002d08b6274a3,340ca5d6edd1acd5f533cab61ac899f7,delivered,2018-05-12 06:33:05,2018-05-12 06:51:20,2018-05-14 06:05:00,2018-05-22 21:14:42,2018-06-07 00:00:00
b18c7057bf0a8cf25032b7dc0a680796,6d28f0fa1646cf572c403bae21daea20,delivered,2017-09-25 22:13:40,2017-09-25 22:29:18,2017-09-27 19:03:47,2017-10-06 19:34:05,2017-10-23 00:00:00
b1a5d5365d330d10485e0203d54ab9e8,f0ac8e5a239118859b1734e1087cbb1f,delivered,2017-05-07 20:11:26,2017-05-08 22:22:56,2017-05-19 20:16:31,2017-05-26 09:54:04,2017-06-12 00:00:00
b22b324b1e1fbc78c0f7006c3eacc3a4,8dc30f947f34a278c965a36c649a218c,delivered,2018-06-17 20:39:05,2018-06-17 20:58:36,2018-06-20 10:34:00,2018-06-28 21:28:52,2018-07-25 00:00:00
b2634f19a1007fd4a54a9fed9291230c,725482e68df8d999924c84f62c9ee40e,delivered,2018-02-04 20:40:56,2018-02-04 20:56:05,2018-02-08 00:44:49,2018-02-09 22:05:02,2018-02-21 00:00:00
b26d171d404f1e506b8d41c6f70c4426,3a5c33915bd8a049355d05d61e6c4650,delivered,2017-09-25 13:51:01,2017-09-25 14:06:02,2017-09-29 16:16:07,2017-10-10 17:08:24,2017-10-20 00:00:00
b2b7043343c97ca1dfc624e1d71e43df,dbdac9ead3187fed68b68fd81a5321da,delivered,2017-08-01 03:36:49,2017-08-02 11:23:40,2017-08-03 16:03:35,2017-08-10 17:32:49,2017-08-25 00:00:00
b2f6d9c004d4df667af498c97106b8f1,1e43f63c1584c4703baf3b71577f0bc8,delivered,2017-07-21 10:49:31,2017-07-21 11:03:29,2017-07-21 17:36:48,2017-08-02 18:33:10,2017-08-16 00:00:00
b313c4c6f6035467d515a2e7e6031950,9adf38dde72b3e6f74335f97b2680f11,delivered,2017-04-14 17:43:56,2017-04-14 17:50:18,2017-04-19 16:06:26,2017-04-28 12:08:11,2017-05-29 00:00:00
b38d2e3c75d7bf6d8579c98cca3e7285,da90bbab988fd15a113fd67237e1f933,delivered,2017-10-20 16:25:43,2017-10-20 16:49:24,2017-10-23 15:42:39,2017-11-01 15:52:02,2017-11-14 00:00:00
b390755d66d3ef7697796139c14782e3,aa79a2362592a54446b3ec3821f88924,delivered,2017-11-25 13:12:09,2017-11-27 20:17:06,2017-11-29 17:21:55,2017-11-30 21:37:47,2017-12-11 00:00:00
b3a0eb2ed8d1c40cb723235fc937b654,fe9837d3b6aa2502781cb57e41e23d5f,delivered,2018-03-28 09:57:20,2018-03-28 10:10:17,2018-03-29 14:29:50,2018-04-23 14:42:55,2018-04-24 00:00:00
b410cd41ac56f6a246e23dc5158f12d9,419dcee16dfb4b82102d0f441fa3397c,delivered,2017-04-08 17:19:02,2017-04-08 17:30:21,2017-04-11 07:48:05,2017-04-18 13:43:54,2017-05-08 00:00:00
b41a16657a96770a0b3e233b13555502,8ae262d281173e7b36840e20cd8dc9d8,delivered,2018-02-11 21:22:05,2018-02-11 21:35:20,2018-02-14 17:05:49,2018-02-20 00:26:44,2018-03-12 00:00:00
b41f51ebf23530b00f69e5602f81a653,98235737c9dddb3db5fe5a9b1af8918b,delivered,2018-02-13 01:24:48,2018-02-13 01:35:33,2018-02-16 17:37:01,2018-02-25 21:04:23,2018-03-07 00:00:00
b42c56d4b6b545d2b9c293472cf728bd,64d1999fccf860c8164fc0374209625c,delivered,2018-04-16 15:32:41,2018-04-16 15:53:23,2018-04-18 00:17:48,2018-04-18 16:32:58,2018-04-30 00:00:00
b42c74ef741f507b421d3dfb4949178f,4312276d4e4b3007a437693e5a39887d,delivered,2018-08-26 22:48:32,2018-08-26 22:55:23,2018-08-27 13:37:00,2018-08-28 18:48:36,2018-08-30 00:00:00
b4aa3480c0ed15b8bf7f9d32a64c2426,d950a3cf4d3d4765ff33d20db0e0e6e3,delivered,2017-11-27 00:27:50,2017-11-27 00:37:25,2017-11-29 23:09:28,2017-12-02 01:12:46,2017-12-11 00:00:00
b4b82a96ad1cd1dd5071980861bb2575,95e503072b755cc678800adf674febb4,delivered,2017-07-28 13:55:46,2017-07-28 14:05:24,2017-07-31 19:47:00,2017-08-03 17:52:46,2017-08-18 00:00:00
b4b86df50ff2b7209ced1549d9ea4b2e,a2a0ae5761e112d438da0e090c450de7,delivered,2017-02-28 13:45:30,2017-02-28 14:55:08,2017-03-02 17:59:09,2017-03-20 03:57:49,2017-03-24 00:00:00
b4e154c611973630ea64ad7f8daa133b,4d5d91c2c6c5cb1db85e1754508721ab,delivered,2018-01-30 01:39:14,2018-01-30 01:53:31,2018-01-30 18:48:45,2018-01-31 16:17:12,2018-02-21 00:00:00
b4e517beb22f957e76469c4b7eed9f8b,75356ef942799219979533e3b50950de,delivered,2017-12-13 14:45:31,2017-12-13 14:57:02,2017-12-15 17:52:03,2018-01-16 20:33:35,2018-02-01 00:00:00
b4ee8b4e6cdba36455ad826db9938e35,ed3fe46fbc557470fab546231b8b44dd,delivered,2018-01-18 22:44:34,2018-01-18 22:56:21,2018-01-23 17:39:13,2018-02-02 02:41:52,2018-03-12 00:00:00
b522474ba0639dd0385e4918d46ddcba,1dec5968d57ad73965f305ba85654eda,delivered,2017-07-01 14:02:36,2017-07-01 14:15:11,2017-07-03 12:35:48,2017-07-21 19:08:10,2017-08-08 00:00:00
b5247f083ab1483738dc1a173aac237a,f0e79a1f29a02c9c0af513d340f48e1b,delivered,2017-07-11 22:27:14,2017-07-12 00:25:14,2017-07-21 18:57:20,2017-07-31 17:26:45,2017-08-10 00:00:00
b52b4c23e1d9e705c8d31ab607ae9b50,900a671e292964b344e101ca2e529adb,delivered,2017-07-25 21:15:28,2017-07-28 15:35:48,2017-08-02 21:00:24,2017-08-17 21:32:56,2017-08-24 00:00:00
b52d29abb97a3978df1d8922bfe36fbe,ed034127e0801850ca9162dd9de7a106,delivered,2018-05-09 17:11:41,2018-05-09 17:36:11,2018-05-10 14:28:00,2018-05-21 15:38:36,2018-05-29 00:00:00
b57b0a8e4374e4aa14d959fe79f4765a,a69fbad70edba5ff322f07ffe0529850,delivered,2018-04-18 23:31:57,2018-04-20 00:16:35,2018-04-20 15:57:26,2018-05-02 15:27:40,2018-05-16 00:00:00
b5a1d012931f59ed905df201cf2aba80,56e7899b07b9a515442d8855a6e049b3,delivered,2017-08-07 17:41:16,2017-08-07 18:20:06,2017-08-08 20:11:58,2017-08-11 15:57:44,2017-08-29 00:00:00
b5b17e32ff5821a918338446a51c6ce7,5d3f357bcae87e7099d31a769c2e4cc9,delivered,2018-08-16 14:46:01,2018-08-16 15:04:40,2018-08-17 11:30:00,2018-08-22 23:32:18,2018-08-29 00:00:00
b5b4d7badbb01d0d2b9d6c5a060bc058,5649da471208b18769ef8347746fcac4,delivered,2018-02-20 08:07:28,2018-02-20 08:32:32,2018-02-24 18:27:49,2018-02-28 15:59:00,2018-03-12 00:00:00
b5ba129c3461e787bf826b827b5a03ab,2a28433a6df5eec74729ea651525a6a7,delivered,2017-10-10 11:54:44,2017-10-10 12:14:51,2017-10-16 20:58:43,2017-10-24 20:21:53,2017-11-08 00:00:00
b5caac3d864a0915203a1789e69329b3,c9347dc84f33e68dee8155d73757b001,delivered,2017-05-25 22:40:59,2017-05-27 03:15:12,2017-05-29 08:58:32,2017-06-01 16:24:57,2017-06-19 00:00:00
b5f7ed4633fb5be4575467a3ecd2ebc0,3c4080981138bdcb28c729effeb9b682,delivered,2018-08-04 22:31:02,2018-08-04 22:44:21,2018-08-06 14:23:00,2018-08-07 15:22:41,2018-08-30 00:00:00
b60e4bb897c3faf7417e11850072fab0,9c78a4b143253799ac3fc65d6dd8e2c4,delivered,2017-11-25 18:41:10,2017-11-25 18:52:35,2017-11-28 19:56:54,2017-12-16 18:09:21,2017-12-15 00:00:00
b61baa7b1523a2a7e4e1382f25e6f9de,f280a183e4e63b12aa5b9b6d06baecaf,delivered,2017-07-28 21:49:59,2017-07-28 22:05:37,2017-07-31 13:02:42,2017-08-07 20:02:27,2017-08-28 00:00:00
b63d14d5b4f36c400c5a897287b48a1e,51def764e5bbf0192ed1d8130cfce208,delivered,2018-07-27 16:36:49,2018-07-28 15:31:51,2018-07-31 09:02:00,2018-08-03 20:04:07,2018-08-29 00:00:00
b6480a468bd89b1732a3e73ba16a270c,111997ec0859f110522368071ef7c63b,delivered,2018-04-30 17:15:21,2018-05-01 02:36:24,2018-05-02 07:17:00,2018-05-16 12:42:08,2018-05-22 00:00:00
b67b6f2b2675c892382cac4ba30ef88d,79e35a8cf48a05893167fd04dbd226a8,delivered,2018-07-18 10:22:56,2018-07-19 02:42:48,2018-07-19 11:21:00,2018-07-25 15:52:44,2018-08-02 00:00:00
b6a89d6b9a0f7e821a59bdb3e44d8420,0d96bcb52476d4965d0b50080cd9a443,delivered,2017-07-26 00:34:08,2017-07-26 00:45:11,2017-07-27 18:17:33,2017-08-10 18:08:44,2017-08-30 00:00:00
b6cc6c3ee09a6542d7cb6fa9a4e13a9f,112bade7b7b461df9734fb6fa2ec6b2e,delivered,2018-01-03 14:24:39,2018-01-03 14:31:31,2018-01-05 12:30:10,2018-01-06 13:57:31,2018-01-19 00:00:00
b6cd84e6c9328ed77a9e0401e661eeb8,776d24c2bd8c17b3c32f753308c0a8be,delivered,2017-05-11 14:39:36,2017-05-11 14:50:18,2017-05-13 07:23:36,2017-05-17 12:23:04,2017-05-31 00:00:00
b72a28958acaa4abcff7b24c1b517c42,cb831c015f5b26cae7cda73671c7510f,delivered,2018-06-17 20:41:05,2018-06-17 20:58:36,2018-06-18 14:58:00,2018-06-21 16:54:32,2018-07-17 00:00:00
b73183cb490ec16839818660ffc3d832,9c6bf855fea8ceee89c3a2f9073e65de,delivered,2018-05-14 11:01:01,2018-05-14 11:15:27,2018-05-16 15:50:00,2018-05-23 18:38:18,2018-06-06 00:00:00
b7579d24f5b2dd3e20f2e57d0e07d170,76cff9a9995b25f21d51697f49f87652,delivered,2017-04-21 17:49:46,2017-04-24 15:02:38,2017-04-27 12:31:44,2017-05-25 16:54:46,2017-05-11 00:00:00
b75a6018e7dd4580ea41116341ec362f,157d0e216493fbaacd5ea9175f15076b,delivered,2018-02-13 17:36:29,2018-02-13 17:47:53,2018-02-16 15:58:30,2018-02-27 20:59:47,2018-03-16 00:00:00
b7a4a66ce73fd0c32b0e380f5134d977,f8c36af7264a536d9e04e41c819ea41a,delivered,2017-10-23 21:22:27,2017-10-23 21:35:15,2017-10-25 12:33:23,2017-11-03 19:38:39,2017-11-10 00:00:00
b7c4c48cbc6af3c8db4a65fe2347faae,a4355553d1a2462b71ba37cfaed64c99,delivered,2018-03-06 14:16:00,2018-03-07 14:10:28,2018-03-09 02:23:32,2018-03-29 22:38:42,2018-03-29 00:00:00
b7ee003a15e0771e300ba4fa565c1cde,bb248d53ccfad4213d4cc085f4ea8605,shipped,2017-06-06 22:31:52,2017-06-06 22:45:14,2017-06-07 15:58:40,,2017-06-27 00:00:00
b7ef6e87085339d9ef7be05148b8ea74,1e09987320988d8b3261d401a5d2c2f8,delivered,2017-12-04 20:17:01,2017-12-04 20:35:11,2017-12-07 12:42:09,2017-12-09 15:28:27,2018-01-16 00:00:00
b81fc2a4875952a72ef06b533847377e,95e3388b5dcbb48857ce7d634e15ead3,delivered,2017-07-31 09:08:39,2017-07-31 09:23:03,2017-08-10 16:37:26,2017-08-11 19:19:38,2017-08-11 00:00:00
b83dec1771b70a81dedd9db612fca052,b659e27b20373321f446da16aea776ce,delivered,2018-04-29 15:52:00,2018-05-01 05:32:40,2018-05-02 16:35:00,2018-05-08 18:12:12,2018-05-22 00:00:00
b84394f64014d2bc61ef7e890cf10a0a,d7eddcfab75659e77f4423338b2b04df,delivered,2018-02-06 16:04:20,2018-02-06 16:15:31,2018-02-07 17:23:35,2018-02-15 20:13:22,2018-03-09 00:00:00
b84b9f8e6380570cdabdb0af246d6b9c,ef2632671769cd78a10d1deeca649078,delivered,2017-04-22 13:44:23,2017-04-22 14:01:12,2017-04-25 11:35:36,2017-06-12 14:39:40,2017-05-19 00:00:00
b8585b755e4a6d296c78133909d74022,c6120aa7dc24c885d3aa523a74de5fa3,delivered,2017-08-28 08:26:30,2017-08-28 08:44:22,2017-09-01 12:26:41,2017-09-06 18:29:58,2017-09-18 00:00:00
b8871d60cf4ec81490da7658b25c1c04,98320c18e7b0f0ad33ae1283f6482237,delivered,2018-04-30 12:31:24,2018-04-30 12:54:26,2018-05-09 06:11:00,2018-05-18 20:32:05,2018-06-01 00:00:00
b8f1d12f21b83fdb91d157f357617d90,7f1bc009fe19bd5da0750c9161fe70d2,delivered,2018-07-03 21:50:06,2018-07-05 16:40:42,2018-07-04 14:06:00,2018-07-10 19:16:33,2018-07-20 00:00:00
b8fde15d11aff23b07a6081d8a7652aa,76f07d247039cd77e1cc89cebcf82aa5,delivered,2017-12-31 13:55:55,2017-12-31 14:06:50,2018-01-02 18:09:08,2018-01-08 19:33:47,2018-01-26 00:00:00
b9301fa4912e6d5f755e12b4986c5f84,75c435ed38ebed76da849c31086b8ebc,delivered,2017-03-19 22:22:20,2017-03-19 22:22:20,2017-03-20 10:14:17,2017-03-28 12:48:41,2017-04-10 00:00:00
b9351dba71092089d0c4fdff1bb8c38b,039e247f51f48db99559485f01600562,delivered,2018-07-26 21:55:17,2018-07-26 22:05:11,2018-07-27 13:37:00,2018-08-13 19:41:40,2018-08-10 00:00:00
b93b56bfb9867dddd26df4ee3efa2eb6,a2bedbeca6072d658c7a3a0fd0c5b845,delivered,2018-04-09 14:19:27,2018-04-10 07:35:24,2018-04-16 17:34:37,2018-04-26 01:18:40,2018-05-07 00:00:00
b948bdde0e60c872c56a559f349c1a66,e7e307a443d773d59d8e248b750589f1,delivered,2017-10-03 08:48:54,2017-10-04 03:04:03,2017-10-11 20:43:02,2017-10-17 20:23:58,2017-10-25 00:00:00
b951958a518d9186c1b3196e445ccb08,dd15d636cbf48f2cbf86149ebf9556c0,delivered,2018-01-26 10:03:01,2018-01-26 10:19:15,2018-01-29 21:58:30,2018-02-14 11:38:54,2018-02-21 00:00:00
b956b417947842f743b0ca3d0c3fb1fa,3b5b6699a87f8039d1e602b8e04cffde,delivered,2018-01-13 15:24:28,2018-01-15 12:50:39,2018-01-30 19:31:58,2018-02-05 16:48:53,2018-02-21 00:00:00
b97ca938c0a55ff9a5b2a89081b4b677,245218ed5faf26b2117f4edfb033ec80,delivered,2018-08-17 23:20:40,2018-08-17 23:30:12,2018-08-20 07:25:00,2018-08-23 23:56:40,2018-08-30 00:00:00
b992cd122d05b330c88f6eab0181dfc6,456dfcb8d51506383bab4a48d1ebfa6f,delivered,2018-04-12 23:43:37,2018-04-12 23:55:07,2018-04-13 19:51:44,2018-04-23 16:48:55,2018-05-09 00:00:00
b9968318b0149a5239e1b401ffb54ace,eb6e86744bdbcb48c0f9129bc8cfb9c5,delivered,2018-03-07 01:02:51,2018-03-07 01:10:22,2018-03-09 20:03:44,2018-03-13 17:24:22,2018-03-19 00:00:00
b9a9373fc111512d93f74cbafd0d15e5,b61c656c330cd99a4d2cd8e90a498c84,delivered,2018-01-27 20:34:58,2018-01-27 20:52:18,2018-01-29 18:25:07,2018-02-09 23:35:20,2018-03-06 00:00:00
b9babcd3be5ab7aae890f68c9fb4ccc8,41382c6cd1d97c0f778023549dcd51ac,delivered,2018-04-25 09:11:40,2018-04-25 09:33:19,2018-04-25 12:44:00,2018-05-02 15:09:04,2018-05-25 00:00:00
ba6fe5e92a31200b06b69c99171eacf8,ebd1765f07bfab797475df79adb9b281,delivered,2018-06-19 21:10:11,2018-06-19 21:35:30,2018-06-20 15:48:00,2018-06-21 20:42:36,2018-06-29 00:00:00
ba772856bdab971f8c7eae9e03cf8706,c4c4d26a00f19c91e319f41dd10170e9,delivered,2018-08-12 20:58:37,2018-08-13 20:55:31,2018-08-14 15:47:00,2018-08-17 20:28:26,2018-08-23 00:00:00
ba81383846b0b6c97b5160f986fa3707,18e4dd593a3162753b5c6081fb581862,delivered,2017-07-29 21:51:40,2017-07-29 22:05:23,2017-08-03 20:39:42,2017-08-24 19:37:28,2017-08-18 00:00:00
bac64cbfd217477d0b1d11fd3552ffbf,1600093c29588c00ddcdecf90a48a37e,delivered,2018-06-01 08:53:45,2018-06-01 09:12:26,2018-06-05 11:36:00,2018-06-08 14:51:57,2018-07-05 00:00:00
baeda1a6ab86cb05572b31817ab4e413,dc545d1bf1d2ad26b5cc1c9eb612e6b7,delivered,2018-05-27 20:33:05,2018-05-29 03:14:38,2018-06-07 14:04:00,2018-06-19 11:58:29,2018-07-11 00:00:00
bb112b59b8f03e372acab987c036fbf3,af8b83567bf08fb140505a1b95c895b7,delivered,2017-11-18 13:14:17,2017-11-18 13:30:43,2017-11-21 16:13:08,2017-12-04 20:57:25,2017-12-12 00:00:00
bb2e64c3040ceb9b7ca2bfc602adca08,753bd08248a5fa2c21da47c01cfd83a3,delivered,2017-11-03 11:29:00,2017-11-04 11:25:22,2017-11-06 19:22:34,2017-11-08 02:42:06,2017-11-16 00:00:00
bb44d0c37f5fcc456bbaefd9aef6adb8,2baf69aa9f7c51867a17a6bb88fb194e,delivered,2017-11-20 18:53:16,2017-11-20 19:09:26,2017-11-21 21:04:51,2017-11-28 20:44:51,2017-12-13 00:00:00
bb5dc4553cd94f942c0b3eb3ca1147eb,4d250c75cc0d2a9babd43a689f66f86d,delivered,2017-07-26 12:56:36,2017-07-26 13:10:08,2017-07-27 14:35:36,2017-08-01 18:17:39,2017-08-31 00:00:00
bb6098323b5ddb5435b705192fe81ebc,8e3e478dd90b21a99470ef5973db83e8,delivered,2018-02-19 15:02:50,2018-02-20 07:27:39,2018-02-23 17:52:34,2018-03-03 00:46:37,2018-03-12 00:00:00
bb8a565ee080cd9009f0209bf124beaf,0f7e05d305b397dd18acb5dbc69a39f1,delivered,2018-01-01 18:23:56,2018-01-01 18:32:52,2018-01-04 00:09:55,2018-01-04 12:23:09,2018-01-18 00:00:00
bb8b0de6aab45a9395bd46092865b6ef,d50dcc264b92c899c1a4f0f1c99cb67c,delivered,2017-10-30 23:03:42,2017-10-31 19:50:13,2017-11-03 11:27:59,2017-11-16 22:56:39,2017-11-22 00:00:00
bb93c6dd59d2881e38fba9891aa63b7e,67817eb4255687172606062046a0c192,delivered,2018-06-10 16:31:19,2018-06-12 04:57:32,2018-06-12 13:42:00,2018-06-19 22:11:32,2018-06-29 00:00:00
bbb9be5bd8d6ef3bcd6c165902f3dca2,1fdbbeee2463b68075c1dbcdfbde3a4b,delivered,2017-12-17 23:11:18,2017-12-18 00:10:45,2017-12-20 18:33:58,2018-01-09 21:12:45,2018-01-16 00:00:00
bbc78f387d75afb81df8da1498337e8e,881863067d0626fbbe58417d7cbd8dff,delivered,2018-01-02 15:47:32,2018-01-02 15:55:24,2018-01-03 23:23:37,2018-01-15 21:43:00,2018-01-24 00:00:00
bbd1b9ebbc5a09d51caaa2d10e0f93b5,3068255d75f415c21b115399dc51f7ea,delivered,2017-11-22 19:01:04,2017-11-24 19:12:30,2017-11-28 16:48:37,2017-12-27 17:58:53,2017-12-13 00:00:00
bbf5ed9b1422ec62f85bb583115b56a1,c2a2fca81f9fa31bede9b92c5606bc7b,delivered,2017-12-17 22:34:50,2017-12-17 23:31:26,2017-12-18 23:19:13,2018-01-03 20:32:26,2018-01-15 00:00:00
bc0dce0474c363f867cd5784ca5ab763,8e47c128512416f5ba15d5453c342818,processing,2017-02-23 12:18:09,2017-02-24 12:32:33,,,2017-05-03 00:00:00
bc2373d0e7ab7801b2b550f82b6327f6,6cc5df4c5ba75812a9c847c4f56d0af8,delivered,2017-12-17 13:09:06,2017-12-17 13:16:23,2017-12-18 19:29:14,2017-12-27 17:04:23,2018-01-15 00:00:00
bc3f00ad0efe370a931d034fedaecf61,c72d1cfbb75bd73135c4e6a08a87ff53,delivered,2017-04-10 20:28:34,2017-04-10 20:42:03,2017-04-12 11:54:49,2017-04-17 13:38:08,2017-05-04 00:00:00
bc54eadd50eb0e830200b242f32152bd,aa3cdc56190e8af89caac31d0c2cdcf1,delivered,2018-02-23 12:04:01,2018-02-23 14:15:53,2018-02-26 23:58:50,2018-03-09 16:08:31,2018-03-21 00:00:00
bca67f1d036be009d17824489da2f178,4e26ab9c4d5ac920bde76fe5979962e2,delivered,2017-12-07 20:14:56,2017-12-07 20:30:53,2017-12-12 20:55:32,2017-12-14 02:18:29,2017-12-26 00:00:00
bcc3b9b2b1b0f27be6e2816968b08fc6,ef5e98e0d04d6d17a694e2fdacf0a8d8,delivered,2018-01-15 13:34:20,2018-01-15 13:49:58,2018-01-17 21:30:06,2018-01-24 00:28:11,2018-02-08 00:00:00
bcca8157ee4f7b0cd2e0505b01764144,daab4685358496bbfd69f4c8f515f653,delivered,2017-11-07 21:31:13,2017-11-07 21:51:27,2017-11-08 19:35:38,2017-11-23 20:14:05,2017-12-04 00:00:00
bcce0481b3f582ede8d29c5b4bcdffdd,de406673d1ebab073424c7375cb0841f,delivered,2018-04-14 00:58:00,2018-04-17 05:51:20,2018-04-17 21:51:02,2018-04-20 22:51:26,2018-05-02 00:00:00
bcd3f65a42c31d80afe51626263a8644,f95dec2dd92f1caa88e67cc83927b868,delivered,2018-05-22 23:23:23,2018-05-22 23:36:24,2018-05-29 07:16:00,2018-06-08 23:44:53,2018-06-27 00:00:00
bcdc8da39b779f95c0542643fa9beea7,51260b6df0b2fecdf113e4d05a199266,delivered,2017-11-07 04:34:31,2017-11-07 07:30:29,2017-11-07 19:21:27,2017-11-30 21:48:53,2017-12-15 00:00:00
bd4ce88d696959198a72416bd32be0ca,d7e3800d834c7a104b669979e90b12d6,delivered,2018-01-04 09:15:20,2018-01-04 09:28:38,2018-01-05 01:43:40,2018-01-15 20:12:01,2018-01-30 00:00:00
bd61a1bf4bb521167f6718320f9f5508,baf4e2432cbc16712f26928d45e69c9c,delivered,2018-08-17 21:46:18,2018-08-17 22:09:44,2018-08-21 12:35:00,2018-08-24 20:48:51,2018-09-26 00:00:00
bdb92d2b88b1514aebc54ba49ed0c20d,0808e1fd27de920368bc1c0b7bfc116d,delivered,2018-03-09 11:34:36,2018-03-10 03:49:28,2018-03-20 17:09:52,2018-03-22 20:23:02,2018-04-06 00:00:00
bdccf03ca8600528b6f897db4f6329ef,bcbd6cac6872d044a9ad40f105793e57,delivered,2018-03-12 12:13:08,2018-03-12 12:29:14,2018-03-13 18:38:38,2018-04-16 15:58:40,2018-04-03 00:00:00
bdf132cfee5c1e0674b5b27eaf076f71,219d016b257f7847b1490eb159c79036,delivered,2017-11-24 19:55:06,2017-11-24 23:12:46,2017-11-29 22:24:45,2017-12-07 19:03:11,2017-12-14 00:00:00
be049b6fa688493e1676db5fafc0bbb3,15ba5913a2d5f80e06202cf53444d565,delivered,2018-05-03 17:43:11,2018-05-03 18:14:54,2018-05-08 14:48:00,2018-05-14 19:52:50,2018-06-05 00:00:00
becacb74a2852573d3b095348a9da1ed,31ab6a796d6f50e7984aba374f115b28,delivered,2018-04-17 18:45:44,2018-04-17 18:55:25,2018-04-19 19:51:14,2018-05-04 11:48:31,2018-05-14 00:00:00
bede3503afed051733eeb4a84d1adcc5,919570a26efbd068d6a0f66d5c5072a3,delivered,2017-09-17 16:51:43,2017-09-19 04:05:52,2017-09-19 20:22:49,2017-09-28 18:14:35,2017-10-11 00:00:00
beef13df9e204c44aef29545324a9606,436e76ce9db9ce1615e2d2072ddc8490,delivered,2018-04-25 20:57:08,2018-04-25 21:11:29,2018-04-26 14:43:00,2018-05-03 22:31:24,2018-05-25 00:00:00
bef6f136b891658b2b57851b5afb5c99,54565fff90abee9162c1e36bafcab49e,delivered,2017-12-08 19:36:16,2017-12-08 19:52:20,2017-12-11 20:56:34,2017-12-21 19:40:33,2018-01-10 00:00:00
bf79d036f5374ea92a94c50341ada3da,42da46ef0cdd769b68cea0d88b6bc5ec,delivered,2017-02-01 09:08:09,2017-02-01 09:21:08,2017-02-03 17:08:04,2017-02-07 11:28:10,2017-03-14 00:00:00
bf88003f2580db7589007ec44bc85695,e7b9bc73f30f476a29a9a805d3817504,delivered,2017-01-28 20:55:38,2017-01-31 04:35:20,2017-02-01 10:45:57,2017-02-06 08:12:00,2017-03-10 00:00:00
bf88704e42dfbdcebd1a543c31583990,0f43bb156644d11c7824d6ea4080b757,delivered,2017-06-26 16:50:06,2017-06-26 17:05:09,2017-06-27 10:47:55,2017-07-05 14:28:30,2017-07-18 00:00:00
bf98c50762b9fc7e06742bcd424e1e9f,201142652b8594b971071e2242e7e0be,delivered,2017-11-07 22:51:30,2017-11-07 23:06:19,2017-11-08 22:14:33,2017-11-13 23:37:32,2017-12-01 00:00:00
bf9ff7bda0e211e564cf059ef5649e4e,25bd150ede65776445aa57a87edeb980,delivered,2018-06-12 15:56:30,2018-06-12 16:32:02,2018-06-22 20:15:00,2018-06-28 13:17:47,2018-07-19 00:00:00
bfab719f64f6c06620c60d71353b2b76,af034e4bf00b0ddf9941a93f2c0710ed,delivered,2017-12-28 13:49:39,2017-12-28 14:07:08,2018-01-04 17:41:57,2018-01-18 17:14:02,2018-01-23 00:00:00
bfb1d0f7664c36a532d74c4cf0da37af,811e55e5f48c8f37832963ff509ce85b,delivered,2017-08-31 15:05:50,2017-09-01 17:25:22,2017-09-04 21:21:34,2017-09-11 20:45:01,2017-09-22 00:00:00
bfb8512783ccd2271d2e96d3b856bf2b,4ee7fc32553f4f1cda85112b9a2719e3,invoiced,2017-09-16 12:37:51,2017-09-16 12:45:16,,,2017-10-06 00:00:00
bfc2396e870e56354fb163b76c9c1e3b,671a303e12a184a9b815ee3c48ab3ef0,delivered,2017-11-19 16:35:17,2017-11-19 16:46:24,2017-11-20 17:52:58,2017-11-27 19:30:08,2017-12-13 00:00:00
bfdfcb5b457a83ebc43eccb8d8531f7f,c85c132e580214d746e0ed80283975ee,delivered,2018-02-25 11:02:16,2018-02-27 04:31:19,2018-02-27 20:33:47,2018-04-19 16:32:55,2018-03-21 00:00:00
c02f1c85742b8acbc1c02a8d7e6d71dd,943521f571176614708a6910175178e3,delivered,2018-03-07 22:25:17,2018-03-07 22:35:35,2018-03-12 19:02:14,2018-04-15 18:20:47,2018-03-29 00:00:00
c09b25f84f52644793916c9d834ee48b,b39cc591b3abb3b29b880bb174b10d65,delivered,2017-11-13 00:19:54,2017-11-15 02:55:32,2017-11-16 20:17:07,2017-11-21 19:39:37,2017-11-27 00:00:00
c0ab546d7eeab2e210dbc49084319e46,2fb134171eb8b58c2cb3aef1b480c14e,delivered,2017-07-02 15:48:49,2017-07-02 16:03:26,2017-07-07 19:02:46,2017-07-20 19:12:16,2017-08-10 00:00:00
c0ac0672fbc1b9f9424dc334437a3564,a83d9778528a50b4850c15eddb39ab57,delivered,2017-11-10 08:19:22,2017-11-10 08:30:54,2017-11-10 20:28:27,2017-11-21 15:06:52,2017-12-08 00:00:00
c0b3a6ec68db87dd98bb317ea6835608,6d97521e6f45280a193f48c4b7cd5ee0,delivered,2018-06-08 13:41:47,2018-06-09 03:13:13,2018-06-15 14:43:00,2018-06-21 16:38:27,2018-07-03 00:00:00
c0e02613bf15378f18d3498361a76c9d,c2f181778a12039532d79460d4ba59e2,delivered,2018-06-01 22:22:52,2018-06-05 04:51:55,2018-06-06 15:47:00,2018-06-22 18:31:59,2018-07-26 00:00:00
c0e6116a3c6c2d732ec1b43bb7b5f307,b073fa2486ffea654bcd31968d03d8a1,delivered,2017-10-27 19:00:02,2017-10-27 19:15:19,2017-10-30 18:45:26,2017-11-01 19:32:24,2017-11-09 00:00:00
c111660003fe3dd242a376599653b22a,66c7d377394b98ffbf45ede7f96d5c07,delivered,2017-10-14 10:17:06,2017-10-14 10:28:22,2017-10-16 20:13:01,2017-11-01 21:27:52,2017-11-13 00:00:00
c11b5924ad0d8c5d5d391d87178f00a8,e36b2be26fcc8f7f0f5e79f01122ddd2,delivered,2018-03-18 12:26:15,2018-03-18 12:47:35,2018-03-20 20:18:50,2018-03-23 00:05:05,2018-04-05 00:00:00
c12f6da2e568142b38a24c3c2bcf13a2,64642aa123af222fbb120c610625f2ae,delivered,2018-03-07 18:04:25,2018-03-07 18:15:47,2018-03-08 21:21:26,2018-03-12 18:38:36,2018-03-23 00:00:00
c13e96ee541f8f115bf9a364d29a6169,6a6c7092d00c7aa351fc18cdb5a8e544,delivered,2018-06-23 11:12:17,2018-06-24 11:18:31,2018-06-25 14:06:00,2018-06-28 22:35:02,2018-07-17 00:00:00
c14c3f7884d25f88ef34bc018d3accc6,be908210af8ee3355cf14d91d1656986,delivered,2018-01-30 18:33:28,2018-01-30 18:51:14,2018-02-01 14:41:29,2018-02-16 23:53:06,2018-02-22 00:00:00
c158a29fefce1c895e70154ee3963633,4653d9549c8d0bcfa57b462d36fa1b79,delivered,2017-12-22 09:24:11,2017-12-22 09:30:42,2018-01-04 23:29:59,2018-01-18 15:39:45,2018-01-19 00:00:00
c1a3c19dff6500babf78f097560b3107,1f0e5627ab7f200afcc77b408b918ad0,delivered,2018-06-19 14:47:41,2018-06-19 15:19:22,2018-06-28 14:15:00,2018-07-03 20:14:58,2018-07-23 00:00:00
c1c46208ebd1440f4da5b7197c544d6c,5ed20df302ec69a4b9e25c4fa2d2d54e,delivered,2018-08-20 20:59:39,2018-08-20 21:10:13,2018-08-21 15:54:00,2018-08-27 21:46:38,2018-09-10 00:00:00
c1d3d16d19447e6ae5ea015f6056b3cd,b11e250946825112922c4a12a013b858,delivered,2017-12-20 09:56:32,2017-12-20 10:09:52,2017-12-27 11:40:43,2017-12-28 20:25:17,2018-01-09 00:00:00
c1dc2aa07165a0844cc6a68cebfeae67,f7302cd809752f03603a30e3ee06696a,delivered,2017-03-05 12:57:38,2017-03-07 04:25:17,2017-03-07 12:58:14,2017-03-09 07:52:41,2017-03-23 00:00:00
c1e204186043302a0a6e1f4d955460fe,81840cabffc6c79f0f88fdbac5853531,delivered,2017-11-16 17:21:21,2017-11-16 17:38:40,2017-11-21 21:43:58,2017-12-02 18:38:46,2017-12-11 00:00:00
c1e3705ddd242ae29dca5c5d3367cdda,39d1b3f6e70944054f15906756f6f6c9,delivered,2017-11-26 21:47:48,2017-11-28 21:51:27,2017-12-01 22:07:06,2017-12-14 18:36:02,2017-12-22 00:00:00
c21dbddd7317624d1067278b35ca6915,71ef4d882400ced4bddcd6e8a60e1e9f,delivered,2018-03-22 17:28:55,2018-03-22 18:10:27,2018-03-28 21:46:47,2018-03-29 14:12:16,2018-04-04 00:00:00
c23cbe2fda508079dda241b040935e11,517ad4abec0310211174507e6a73d4bc,delivered,2017-07-29 12:08:21,2017-07-29 12:23:40,2017-07-31 15:53:04,2017-08-08 20:45:54,2017-08-22 00:00:00
c24b8b41e6857d59a27f2b150bb669d9,b84ee32cfcdb1695b4638a90864e9f96,unavailable,2018-03-14 08:45:03,2018-03-15 03:16:17,,,2018-04-06 00:00:00
c26d8022e70e332fc205684fbc850c12,b6d61a3a2355b4681cb37e28178f7f81,delivered,2018-03-12 09:13:12,2018-03-12 09:49:09,2018-03-12 18:56:32,2018-03-13 19:54:40,2018-03-22 00:00:00
c2be39a9987d992896de790f005d1bf4,60737004a5ba9b76bd54988608ff46fe,delivered,2017-09-14 22:30:48,2017-09-14 22:45:41,2017-09-15 21:23:47,2017-10-17 19:38:57,2017-10-05 00:00:00
c30c327fa4864049bf96aec00f7a05ca,139b6cd4eb1c268bb89af031d62b7000,delivered,2017-11-28 21:39:50,2017-11-28 21:51:38,2017-11-29 17:17:03,2017-12-09 17:48:41,2017-12-12 00:00:00
c314dee9e9d49560087a6ccb64ea5850,4441b0bbfe2bd5aa5683e3857f90ed09,delivered,2018-07-31 20:41:36,2018-07-31 20:55:21,2018-08-01 15:38:00,2018-08-04 00:44:54,2018-08-14 00:00:00
c3172e32bc52d8dde2aa5c6cb36cddfd,e8ed7572e721227ba8633a723b2562d2,delivered,2018-01-24 21:06:55,2018-01-25 02:38:20,2018-01-26 17:24:42,2018-03-02 01:49:11,2018-02-21 00:00:00
c3297de5d87bdb1364601547517e83b0,8da8819c5808c4bd18ccf60153c44ff4,delivered,2018-07-18 12:24:30,2018-07-18 12:35:15,2018-07-19 13:30:00,2018-07-23 20:33:25,2018-08-01 00:00:00
c38db22a86ae94a2a5a9dd2d5700f6cb,da0f1d8609882eb8e79a55c7ca567834,delivered,2018-05-09 17:18:11,2018-05-09 17:36:39,2018-05-16 05:29:00,2018-06-08 18:41:46,2018-05-30 00:00:00
c39345e6efbb71413c9fc98a3dc1a4c5,1c117dc3ec342ed88164b572f61fdd33,delivered,2018-04-25 23:26:03,2018-04-27 03:35:25,2018-04-27 15:37:00,2018-05-08 20:12:37,2018-05-23 00:00:00
c3c27f7cd6104efcb1a0d7793dd66fd2,faac546cb986bf69ac3fe11b519c3c43,delivered,2018-02-21 20:48:49,2018-02-21 21:49:05,2018-02-27 17:05:47,2018-03-05 19:37:22,2018-03-23 00:00:00
c3c637478a3bd7fb492aff16c4aa8ec0,2bda60edb6f8c6f0c33e334cae94a3d9,delivered,2017-10-19 09:34:04,2017-10-19 09:49:24,2017-10-20 20:45:49,2017-10-26 22:51:22,2017-11-10 00:00:00
c3cf38b5ae4bba4ccb2082824d3066e0,fb082762e5a4e41cedcf439f6f7b32c0,delivered,2018-02-19 11:58:27,2018-02-20 07:30:54,2018-02-21 01:16:55,2018-02-26 18:11:50,2018-03-12 00:00:00
c40251d941c82933d4c4645793793577,189c34e996a949f104c0976d2a9a8400,delivered,2018-04-16 22:36:26,2018-04-16 22:50:33,2018-04-19 18:46:46,2018-04-27 00:32:42,2018-05-09 00:00:00
c4160802efad8c9cbde695407bb04a7f,e9ca03844b49d3306a4ae7ecb5ea3e52,delivered,2018-03-23 17:13:43,2018-03-23 17:30:25,2018-03-26 14:12:24,2018-04-04 23:56:47,2018-04-06 00:00:00
c457891e7dfbb909e2ec96d592d94edf,659b21e93a6fdd45d2cb906223618cbe,delivered,2018-01-28 16:50:02,2018-01-28 16:58:19,2018-01-30 20:03:50,2018-02-07 22:04:17,2018-02-22 00:00:00
c48a0edfbe31112fc8f48c3acfb42e2b,982e82b0ac09b67a31c446d41db6927f,delivered,2018-05-11 15:03:50,2018-05-11 15:51:52,2018-05-15 15:03:00,2018-05-16 23:46:39,2018-05-23 00:00:00
c48c006cc34f94c1fb2aa8afd2c1cc9f,2374b79f980310c0de32c4d0bbca4150,delivered,2017-11-24 17:09:14,2017-11-25 04:53:48,2017-11-28 14:47:55,2018-01-10 00:43:47,2017-12-26 00:00:00
c49f6b5cef87291f38f2b1fccf57c3c6,90162d136020a80dcb381eb7a112f574,delivered,2018-07-12 13:05:21,2018-07-13 03:05:19,2018-07-13 14:04:00,2018-07-26 08:32:46,2018-08-09 00:00:00
c4e8de1b1ec983e061c3ff765be41405,c3b95e06aec930357964374b1a004941,delivered,2018-04-25 22:21:30,2018-04-25 22:35:12,2018-04-26 13:20:00,2018-04-30 20:12:40,2018-05-11 00:00:00
c4f4ee4a762d4a787e43c9b8eecaf3f6,3955e9bd50f72fbd4168cae28cbe8a28,delivered,2017-12-01 21:26:27,2017-12-05 04:13:59,2017-12-05 16:34:51,2017-12-19 21:52:14,2018-01-03 00:00:00
c577af5e9d5dbecf0ac65ff28cb8ad45,4877c8bc9b7438703b2e63ee5396335e,delivered,2018-08-09 20:25:54,2018-08-10 20:25:11,2018-08-14 15:54:00,2018-08-22 17:09:03,2018-09-05 00:00:00
c58cff333993bb6b7161d7ec1350eef3,36298473367cf09c2706b2372508079c,delivered,2018-03-27 18:00:43,2018-03-29 03:28:47,2018-03-29 21:48:48,2018-04-06 02:32:49,2018-04-18 00:00:00
c5976da90bd31c7f760891b7db4e0c9b,66a3f3356033193e40383a4f9888934d,delivered,2018-02-22 19:13:33,2018-02-22 19:27:54,2018-03-01 00:09:11,2018-03-02 18:07:12,2018-03-08 00:00:00
c5dad23638f05002b5af4579f0437709,38a8eed82f0a23ea6ffa40bb72ba9ee6,delivered,2018-03-10 10:56:25,2018-03-10 11:10:34,2018-03-12 18:28:42,2018-03-20 20:42:43,2018-04-04 00:00:00
c5f9505b4bf9db0433b371002f7be6ff,d7837537f0fbe29cade1ee024539bbbc,delivered,2017-04-23 18:02:49,2017-04-23 18:10:16,2017-04-24 13:21:59,2017-04-27 12:30:21,2017-05-11 00:00:00
c6051ea41588b7a6ae49a458fcba5ac9,c9f679a703814e76c1bb7636d2cbec9e,delivered,2018-03-13 08:28:09,2018-03-14 03:08:25,2018-03-14 19:03:24,2018-03-19 18:29:31,2018-04-04 00:00:00
c60c1ff560443153d7f50771e5fe9b92,a2dec8f3303859110de7fa39ea593b45,delivered,2018-02-22 17:53:15,2018-02-24 02:50:34,2018-03-02 00:59:00,2018-05-11 16:45:21,2018-03-15 00:00:00
c626db29ab3699e67c95a88bb63aa471,e1c4ffcfe541eafef20ba795b776a613,delivered,2017-08-17 23:03:15,2017-08-19 09:45:15,2017-08-22 17:54:04,2017-08-23 17:22:47,2017-09-12 00:00:00
c63b161b8e0d866d60b95902f4d0046e,02c61d2bc19f626c10dd080efe7ecfde,delivered,2018-04-17 17:41:46,2018-04-18 17:58:44,2018-04-20 01:18:45,2018-05-02 23:47:31,2018-05-10 00:00:00
c65ca254bd0c624c11dd60d92955c989,3e4ebed68177e081dd84a416c4718ad8,delivered,2017-12-13 20:15:02,2017-12-13 20:29:21,2017-12-18 22:38:32,2017-12-22 19:27:44,2018-01-09 00:00:00
c6d222a38df267553737a56da260cca3,236164dd0ff42848fca581b887c1f6c9,delivered,2017-11-29 17:43:52,2017-11-29 18:30:55,2017-11-30 16:09:14,2017-12-14 17:03:06,2017-12-26 00:00:00
c72ab77b36e73ef2e5f95a0c2f9fa739,abdf6cc37ffadac78377e096c2d298f0,delivered,2018-07-30 14:56:43,2018-07-31 15:31:49,2018-08-01 14:33:00,2018-08-08 18:48:37,2018-08-14 00:00:00
c77296df05b5ed399d2d111ec97b0b17,9ebea242c3341fd8563bb832e64a569e,delivered,2018-07-21 15:05:23,2018-07-21 15:15:17,2018-07-26 13:58:00,2018-08-09 16:45:41,2018-08-13 00:00:00
c77e3aa4caf8e752789d9b7ce1caf352,b4d1a3ed75c14a0a67cf515cdad1ff79,delivered,2018-02-09 09:48:39,2018-02-09 10:14:33,2018-02-09 22:32:01,2018-03-20 13:13:18,2018-03-13 00:00:00
c79bdf061e22288609201ec60deb42fb,fe4176df564772c058286208c0daa2a8,processing,2017-05-01 18:58:54,2017-05-01 19:05:20,,,2017-06-06 00:00:00
c79c512fd61a1008f15dbf7ca2a8c7cd,1bd7c96e803c5114e0c1b2da62198fd5,delivered,2018-08-19 22:58:44,2018-08-21 04:10:42,2018-08-21 11:27:00,2018-08-25 17:04:32,2018-09-10 00:00:00
c7a60c45b05ec8fa2477a5291f1e8220,b0e3cb6a4f179d4ac6adc91841a16b9e,delivered,2018-03-20 10:24:43,2018-03-20 11:31:03,2018-03-21 18:48:46,2018-03-23 23:38:41,2018-04-02 00:00:00
c7ec0aef506b16f956082d33b51e9aa1,401f18788389eeaf3bc1fe8da020fea0,delivered,2017-05-15 09:48:46,2017-05-16 03:25:20,2017-05-16 14:01:59,2017-05-25 12:42:13,2017-06-02 00:00:00
c80f02a8f0c066df7a56a2b61c8c0610,90154c4758ec68d50d74a971c4073314,delivered,2018-03-31 17:37:56,2018-03-31 17:50:13,2018-04-04 18:34:53,2018-04-09 17:31:46,2018-04-23 00:00:00
c811577fd6f05e9a1e607f874d37204b,3441d1ccfaa627cd4ab94b3c799cf663,delivered,2018-05-16 19:23:21,2018-05-16 19:54:26,2018-05-17 13:01:00,2018-06-04 16:51:41,2018-06-07 00:00:00
c8561f97a8ae2c73be7dc1a013203192,1a7b562e49d93966444db2704cdd5632,delivered,2017-10-19 19:45:40,2017-10-19 20:05:06,2017-10-23 20:37:56,2017-11-03 20:38:32,2017-12-01 00:00:00
c8714809bc84ffb9c675dcf4a6455df9,e02b0a31345a94677bcc33aa9bc0909a,delivered,2017-09-21 18:21:46,2017-09-21 18:35:14,2017-09-28 18:14:36,2017-10-09 17:58:16,2017-10-23 00:00:00
c87cf593c8c9e0e59f1039a2bb8e5d44,6a995457b886564201d3e6016b9bbbbe,delivered,2018-08-07 14:30:58,2018-08-07 14:44:50,2018-08-08 12:03:00,2018-08-14 19:31:19,2018-08-20 00:00:00
c90025afa3c59ad0768b713161777935,a19293d28c4d1e19c47d0ff5dc906a43,delivered,2018-02-28 12:59:08,2018-03-01 02:50:46,2018-03-02 00:25:02,2018-03-07 20:11:51,2018-03-16 00:00:00
c9005699b095802a8c29533ef432d578,504b1f32fab0729c552a28e3db5e0d4a,delivered,2018-01-29 22:18:06,2018-01-29 22:30:22,2018-02-27 18:19:17,2018-03-09 18:04:45,2018-03-29 00:00:00
c90a73b5ef059a234ef5d65c235ae154,94822da72de9c6e43f0f6990d899fe7b,delivered,2017-08-02 18:26:50,2017-08-02 18:43:15,2017-08-04 13:17:54,2017-08-23 13:32:49,2017-09-04 00:00:00
c918c3225cd5d12cacf8c7e54e9444c5,6792b0ebecf141d45746d320bed0d951,delivered,2017-08-22 19:43:36,2017-08-23 02:55:35,2017-08-23 14:44:03,2017-08-24 23:22:40,2017-09-05 00:00:00
c94380d457c5b733057185e23d14b4ed,3bb6fe6b4eb747875fd4976d6b37e8cc,delivered,2018-01-19 15:34:35,2018-01-23 03:37:47,2018-01-24 20:33:28,2018-01-29 18:13:08,2018-02-05 00:00:00
c94517a93bb24f22495c95eb3f90adc5,17084ed39947b199ababfe28c0044b39,delivered,2017-08-11 17:17:17,2017-08-11 17:30:10,2017-08-16 12:15:04,2017-08-29 19:25:10,2017-09-08 00:00:00
c95614cc539582d4d37f7effd5aa7375,636ef8f8228cea2700e6fea673379421,delivered,2018-03-05 18:22:49,2018-03-07 03:20:36,2018-03-08 18:09:29,2018-03-29 13:07:50,2018-04-04 00:00:00
c972da56dd3849df6cfb9e1322aee6b5,906cf240823209f74c44d6b0663309a8,delivered,2017-04-24 13:52:47,2017-04-24 14:02:36,2017-04-25 10:17:24,2017-04-27 13:17:46,2017-05-23 00:00:00
c9fbd3052dbd9c9ff427806225df3ad8,eebae414ff03e98fc5c4ecc1b449d6fb,delivered,2017-11-24 20:11:37,2017-11-28 02:52:34,2017-12-01 22:22:20,2017-12-06 19:48:45,2017-12-14 00:00:00
c9fe3cca849fd78e942704ee0078cedf,9dbb563726bbfc01c1ca04df3768e5e8,delivered,2018-04-30 18:56:27,2018-05-01 02:36:12,2018-05-02 15:02:00,2018-05-03 19:03:42,2018-06-01 00:00:00
ca0f56eab306ab99911de4c96727a104,3d65e1ccf1a3b05e204ed59e8e14af82,delivered,2017-09-12 15:25:10,2017-09-12 15:35:24,2017-09-14 17:22:49,2017-10-11 21:05:37,2017-10-09 00:00:00
ca32e37618d388555627885cae8a34d5,1182014e15085488488a16a15078d230,delivered,2018-08-19 20:01:06,2018-08-20 13:09:56,2018-08-21 14:46:00,2018-08-24 21:11:55,2018-08-30 00:00:00
ca3e242e59ebe1f51d7b8bcb568a38ba,e9f07e374acd86b8bebe0c0f2971ff08,delivered,2017-11-10 07:56:18,2017-11-10 08:10:20,2017-11-17 17:48:24,2017-11-29 00:17:55,2017-12-04 00:00:00
ca4b9f3ce6fc19e8533501cf8c6b832e,8e54a1f4e992629b3c41f7905d6b46c3,delivered,2018-07-30 17:46:46,2018-07-30 18:40:10,2018-07-31 14:03:00,2018-08-03 19:26:49,2018-08-10 00:00:00
ca4ced509eae117b7d3823b4ce2467dd,9e0628923d9fe029c079eb11ae72d241,delivered,2018-08-04 14:57:00,2018-08-07 04:15:26,2018-08-10 13:29:00,2018-08-15 22:18:37,2018-08-23 00:00:00
ca61177bf561a85529ab68e6e3870b34,f667db04148a1a36897d6d635abaf788,delivered,2017-12-21 16:30:15,2017-12-22 02:51:13,2017-12-22 22:09:49,2018-01-03 20:52:35,2018-01-17 00:00:00
ca8404db0c07ba332b8a7d83693af3a3,c9e25c0ca23edc17c193b970556e84f9,delivered,2018-02-02 14:02:12,2018-02-02 14:10:33,2018-02-02 23:33:06,2018-02-16 23:22:14,2018-03-07 00:00:00
ca85e8b80de7543b68e7443fdfe051e4,61109e00cae8fa7f8ae8011b45f06b0c,delivered,2017-06-02 18:13:24,2017-06-02 18:25:07,2017-06-05 10:47:38,2017-06-08 15:03:24,2017-06-27 00:00:00
ca978d2459ea2c5ef6d5fde02be26b9c,f255d679c7c86c24ef4861320d5b7675,delivered,2018-03-06 09:16:56,2018-03-06 09:29:07,2018-03-06 18:51:58,2018-03-07 20:58:53,2018-03-19 00:00:00
ca98afe572ee9754ef0cd28c6b97758a,4ee37274d091e7e0ae7d61d1ae0a37f8,delivered,2017-03-21 01:35:08,2017-03-21 01:35:08,2017-03-21 08:17:22,2017-04-03 12:58:09,2017-04-20 00:00:00
caaf47e44c959a733f8665acac275e69,66a6706f055fab5821f25b0cb8b02c15,delivered,2018-06-11 20:59:33,2018-06-12 05:16:42,2018-06-22 14:02:00,2018-07-06 19:38:44,2018-07-18 00:00:00
cac424e74cd7f269d55aecca60a99333,712ca407bde1bb1d03b671d4fb6d23d5,delivered,2018-07-02 12:39:24,2018-07-02 16:50:20,2018-07-03 08:43:00,2018-07-10 17:04:49,2018-07-20 00:00:00
cad08f9cafe86a00a19ad9376c356779,47904533b073544ff4554e7bf27003ea,delivered,2018-01-15 10:06:38,2018-01-15 10:30:57,2018-01-16 00:18:05,2018-02-01 20:50:15,2018-02-15 00:00:00
cb303a906d3da8596487dc9de116fae8,327927b2dace55da79e24be043558518,delivered,2017-12-08 23:55:40,2017-12-09 00:11:43,2017-12-12 20:13:27,2017-12-27 03:48:46,2018-01-16 00:00:00
cb5c1ad1fb0068c83523238259a8e930,732b3392e5516cb60017547792c7e141,delivered,2018-05-29 08:10:45,2018-05-31 03:10:13,2018-06-05 07:06:00,2018-06-19 18:58:40,2018-07-13 00:00:00
cb853e8420ad49b1a4c1a35000a24f69,f36896ee9f1173ab26a7fb902080e060,delivered,2017-09-30 09:17:47,2017-09-30 09:28:11,2017-10-04 18:27:48,2017-10-11 15:35:58,2017-11-01 00:00:00
cba3306126337d8de821145b22b9b0e0,7f93efdaacb4248f93bdfec0686d3a8d,delivered,2017-12-04 21:55:40,2017-12-05 10:30:54,2017-12-08 20:53:50,2017-12-11 14:53:33,2017-12-20 00:00:00
cbb8c3748ad61bcd4011720d8a58a3a0,a43feec22398d94452ebb06dba1ff80d,shipped,2018-08-17 13:11:13,2018-08-17 14:30:40,2018-08-20 13:41:00,,2018-08-29 00:00:00
cbbac32b13e7fbbcc8e815705213e1e0,683ee50297d69c35e07eb2fbcdc95737,delivered,2018-05-31 11:16:12,2018-05-31 11:35:09,2018-06-05 13:43:00,2018-06-19 21:18:52,2018-06-26 00:00:00
cbd72908cd519d4501d42b94604a313a,dc731b7b1ea79314929ca4e222ded652,delivered,2018-03-25 18:29:27,2018-03-26 18:35:23,2018-03-28 00:38:55,2018-04-17 20:58:32,2018-04-23 00:00:00
cc0f9e4057df851c6911641bf7ea0459,5209b05b5563ed01606cc30cadd672d2,delivered,2017-12-11 19:18:09,2017-12-11 19:30:54,2017-12-22 18:22:49,2018-01-08 19:32:36,2018-01-22 00:00:00
cc3336764b2bc18f4eaa8f17f86bfd53,bddabc9e266194149ea15a62de9e55a8,delivered,2017-06-11 17:43:18,2017-06-11 17:55:17,2017-06-13 10:09:27,2017-06-17 13:18:43,2017-06-29 00:00:00
cc3de1b196170ae020cf79cde9883058,e1be54348f99cd564abe01493dbb0a69,delivered,2017-11-13 20:04:00,2017-11-15 02:51:24,2017-11-16 20:48:25,2017-11-24 19:03:15,2017-12-08 00:00:00
cc427984e779c3d1dd7e082f39a98fc6,702e844f1c2e77ce0d9cb9211c7c19e4,delivered,2017-10-28 20:52:15,2017-10-28 21:10:17,2017-10-30 19:34:11,2017-11-07 19:26:31,2017-11-22 00:00:00
cc44fca1bc5f1313d254769c6e3d12db,aba117622ed5ebbbf12cec54e77ea66e,delivered,2017-08-01 16:53:35,2017-08-01 17:05:19,2017-08-02 18:51:39,2017-08-09 08:10:24,2017-08-23 00:00:00
cc5a504c7761122bceafca452e63c2de,dde349ab91bfc0a8136adadc4d994d5c,delivered,2017-09-16 12:08:34,2017-09-16 12:24:23,2017-09-18 19:42:05,2017-09-27 13:06:41,2017-10-17 00:00:00
cc6c9b89f70b32d7fe075718e0fc58e7,418e9412b396846b861a8c5cb59ba65b,canceled,2018-01-27 10:52:04,2018-01-29 10:52:24,2018-01-30 19:52:55,,2018-03-02 00:00:00
ccbbefa45f3de84ef18124da1beedf7d,cb013c379aa9b1ad752096be81a9f605,delivered,2018-07-10 20:01:59,2018-07-10 20:15:23,2018-07-12 11:04:00,2018-07-16 12:28:26,2018-07-26 00:00:00
cd2a97948b841f4702799b800b8e5b29,5f33e81a2d06645914734b1be2e05e73,delivered,2018-04-19 15:00:32,2018-04-24 18:02:40,2018-04-23 20:18:38,2018-04-28 13:35:51,2018-05-10 00:00:00
cd74303942bee59edc3379f0a6433c62,5949664f01f7a008770bc82d8fcdf363,delivered,2018-04-07 22:09:46,2018-04-09 14:31:02,2018-04-11 02:41:58,2018-04-24 00:21:02,2018-05-07 00:00:00
cd8676507ccbfc96f9e0908910b9e0bb,ab4764e19b0376c21427606045dc6ca9,delivered,2017-11-29 13:47:30,2017-12-01 11:32:12,2017-12-06 22:07:06,2017-12-13 13:18:02,2017-12-27 00:00:00
cd9a4a2f34981d431266156f950ce0ef,1a29814ab6e4206da679cab75575ccaf,delivered,2018-06-07 13:36:53,2018-06-07 13:57:30,2018-06-22 08:34:00,2018-06-28 11:12:46,2018-07-04 00:00:00
cdb17e415cae13fddbaee8ab5e55e9e2,5444e5d0250fbbda0955d66d99aeea3d,delivered,2018-03-22 17:21:28,2018-03-24 12:08:07,2018-04-03 22:02:43,2018-04-09 22:14:21,2018-04-11 00:00:00
ce0474c2f50a216ddec3b17b6852a5f2,e5bc9f8faba8738132bffaeb1a998ff4,delivered,2018-06-08 13:55:38,2018-06-08 14:47:09,2018-06-11 14:10:00,2018-06-18 14:02:46,2018-06-26 00:00:00
ce1102192008032289474c932a4c241a,741fe7c77752d287f9654ebf6564000a,delivered,2018-06-20 22:11:57,2018-06-22 02:58:53,2018-07-03 14:20:00,2018-07-04 19:18:44,2018-07-12 00:00:00
ce4d8859d85000477949b11c78144074,ac583d1c408be7cac515ad79d5e4c97a,delivered,2018-03-05 14:35:43,2018-03-07 02:10:26,2018-03-09 08:50:35,2018-03-20 23:12:24,2018-04-03 00:00:00
ce5cc8db5db3cf165759073512ba3d82,4b62d0cad63bc44821375623cddc2835,delivered,2017-05-21 17:57:39,2017-05-21 18:10:18,2017-05-23 11:55:54,2017-05-26 09:39:56,2017-06-02 00:00:00
cf1ff716be04ebeff7831c79c17f9151,3e0483e69ad990a67229dcaee3b37cf4,delivered,2017-11-28 18:44:57,2017-11-28 18:57:02,2017-11-30 20:48:21,2017-12-03 13:24:11,2017-12-15 00:00:00
cf49cb20f726614d8f2bbd281489b0b3,e5068fdba733f2e566016ade1dcc3e11,delivered,2018-07-23 21:14:36,2018-07-24 10:31:28,2018-07-24 14:22:00,2018-07-27 23:46:48,2018-08-06 00:00:00
cf4f9b14dc732f5f824b66bc35c3cf69,6996bc5c3cc14dc5f5d3551c72e90b97,delivered,2017-07-18 15:41:20,2017-07-18 15:50:09,2017-07-19 17:39:50,2017-07-24 19:37:30,2017-08-09 00:00:00
cf597c14464cc1f0e5657952d0ce4818,f084c9358e93908e58e42c0e3f7fed69,delivered,2018-08-11 23:10:46,2018-08-11 23:25:10,2018-08-17 11:52:00,2018-08-23 23:08:30,2018-09-06 00:00:00
cf6ed66599cd48144b174a41097963eb,782f2405f1685183416ae504fabdc09b,delivered,2017-02-15 09:55:56,2017-02-17 02:05:22,2017-02-24 06:34:07,2017-03-01 15:29:01,2017-03-16 00:00:00
cf79d8a5a9b82bce4c9cb3e9469a9b0c,d39cf4eab90c8ae5d853c5111bdaf0d7,delivered,2017-11-25 16:03:45,2017-11-28 03:44:34,2017-11-28 21:42:30,2017-12-13 23:48:53,2017-12-20 00:00:00
cf82b80e79a66336306b0c6c151f64ef,d699f64b223f98ab755be189008776e1,delivered,2018-06-07 09:12:28,2018-06-07 09:34:19,2018-06-07 14:11:00,2018-06-19 20:22:22,2018-07-20 00:00:00
cf848a1927357659bfc5aec6664e9254,043563b734e56fc7efa52c47e58d339f,delivered,2018-05-10 20:12:10,2018-05-10 20:31:16,2018-05-14 06:35:00,2018-05-24 10:58:49,2018-06-05 00:00:00
cfda3e5bd8b79ab7fc0bbd0c485d6414,387456acd703ad6ba4deefd1eb8a65ac,delivered,2018-08-13 07:14:52,2018-08-13 07:25:06,2018-08-13 15:23:00,2018-08-16 00:51:34,2018-08-20 00:00:00
d02a5a29d82eed1f82be00c04745ea7c,ea27eeb8eb04badc2dbfe54cb1e54f74,delivered,2018-06-19 18:25:25,2018-06-19 18:56:33,2018-06-21 12:51:00,2018-06-27 16:09:28,2018-07-11 00:00:00
d06632a45bfed8725d59741e45820839,2e845e9a6ddbbaad0133e952fdc8ef2c,delivered,2018-05-18 15:27:15,2018-05-18 15:55:29,2018-05-22 07:07:00,2018-05-25 12:42:28,2018-06-05 00:00:00
d116a9f838daeae6ab2e694cad2045f8,f67d9e12ea311010186ea6dd5b1748f7,delivered,2018-05-15 21:12:48,2018-05-15 21:35:24,2018-05-16 14:45:00,2018-05-19 17:46:39,2018-05-30 00:00:00
d128b5634e1faad98f4ef5ac2f7e2e97,bdc2adf18b17bb2f8305082d8a7df775,delivered,2018-08-18 23:53:24,2018-08-20 11:10:02,2018-08-20 15:20:00,2018-08-28 14:58:32,2018-09-12 00:00:00
d13bd0cdf8acb0062b969df660e560e1,55be0dac47bedb86aab1f4f36bcd47bc,delivered,2018-02-23 09:41:17,2018-02-23 09:55:40,2018-02-23 22:13:26,2018-03-14 18:08:18,2018-03-22 00:00:00
d14319b7a9ffe116c1ba706238d3cd27,e93a01a8ad2d943db17fa596e51d93cc,delivered,2018-06-29 10:58:34,2018-06-30 02:35:17,2018-07-03 07:18:00,2018-07-07 11:54:41,2018-07-23 00:00:00
d1872a759d4c1e5437aa708d64ff592c,e4c5593923a15e857d120fab87609318,delivered,2017-08-02 21:20:58,2017-08-02 21:35:15,2017-08-18 19:44:58,2017-08-30 14:30:04,2017-08-22 00:00:00
d1c0be9650d4276bd67e6f8cd3af248b,dcde62303950a15fc5b2aea31c11f5a8,delivered,2018-02-04 15:39:37,2018-02-04 15:55:33,2018-02-06 01:33:05,2018-02-15 16:59:21,2018-03-06 00:00:00
d1c6fa11a0fb958619647d438f9e4849,b69f71499d18371756e7a6d31a9ac0dc,delivered,2018-06-29 10:32:33,2018-06-29 11:11:29,2018-06-29 14:58:00,2018-07-26 16:08:03,2018-07-25 00:00:00
d1f4276166cee5a37d01beb15e2426fc,4eadcffca4cbd545ee337b830acd0b6d,canceled,2018-02-26 06:37:45,2018-02-27 04:30:59,,,2018-03-12 00:00:00
d200a7526c6d29e8c2742a0bff8cff14,ce976f549c104536bfe1468454154b35,unavailable,2017-05-04 15:19:42,2017-05-06 02:15:13,,,2017-05-29 00:00:00
d208c0e6c8b9829a4ede83ff0caa36cb,822a6d94daa01784546c234b769fa0ca,delivered,2018-05-18 13:37:26,2018-05-18 13:55:12,2018-05-29 14:04:00,2018-06-06 20:41:54,2018-06-07 00:00:00
d234a970b741b7ea0578de7dd3dba128,22e295fa2af8d7eed44d5821a7a76dee,delivered,2018-06-01 13:15:11,2018-06-05 04:12:42,2018-06-06 14:41:00,2018-06-16 00:27:53,2018-07-16 00:00:00
d2669bd045e902f5d1038d1a0008fdbe,cc0956d7abbaa00b63912a91be6d5a13,delivered,2017-11-29 12:56:47,2017-11-29 13:12:26,2017-11-30 17:37:43,2017-12-09 20:17:24,2017-12-21 00:00:00
d2783b3ae3458b44a4ab7cc0169bbde6,b24013868be3e363721503d466163c0d,delivered,2018-08-06 18:11:48,2018-08-07 04:44:33,2018-08-07 14:32:00,2018-08-09 22:57:27,2018-08-15 00:00:00
d28edd4d734c48841154eae6d8a14539,7033600dee5ca5748733e816de91d495,delivered,2018-01-19 11:08:49,2018-01-20 09:07:48,2018-01-24 18:45:17,2018-02-08 14:52:19,2018-02-22 00:00:00
d2a0cfdf8f3b718afce8a4b9d943614a,9c0b57c0b36a9d3ad9eef00e104a174a,delivered,2018-03-26 14:55:06,2018-03-26 15:10:26,2018-03-27 20:04:55,2018-04-05 18:18:39,2018-04-16 00:00:00
d2a447028b1fbbc9200739e3fee4e22c,b0dbe26f4e6b3d6dfe331c70f7e2073e,delivered,2018-08-15 14:57:55,2018-08-15 20:29:49,2018-08-17 15:21:00,2018-08-21 21:14:58,2018-08-24 00:00:00
d2c879fe9085258d38e3cb17af134189,44f9f8d695b6b897671ffa2cca447e09,delivered,2017-10-23 12:51:42,2017-10-23 13:14:15,2017-10-24 23:03:58,2017-11-06 21:48:35,2017-11-24 00:00:00
d2e870fac3d41a82545e1cf3ebaf5a4e,727d45008fe83848235f2e29d60e29f1,delivered,2017-04-11 14:43:04,2017-04-12 06:45:20,2017-04-18 08:57:38,2017-04-27 17:05:47,2017-05-03 00:00:00
d2feffdc8a5c6772992aafeff8b9bdef,ed6d639168d3420f50058536d6bc0118,delivered,2017-03-08 15:02:43,2017-03-08 15:02:43,2017-03-09 11:00:15,2017-03-16 08:37:58,2017-03-31 00:00:00
d314606b4bdfe800bef60e92196924f7,9129cf8276a56e1c8b1b61ed8cacf484,delivered,2018-01-25 20:02:02,2018-01-27 02:50:30,2018-01-29 19:57:08,2018-02-01 16:22:22,2018-02-09 00:00:00
d32fbb7b9c7d393b293c80e66091ee4b,66538c9da66571088de88815faa7ee9a,delivered,2017-09-10 15:33:23,2017-09-10 15:45:19,2017-09-11 12:08:37,2017-09-15 17:11:32,2017-09-28 00:00:00
d341bf71429128ec496e8012f3f8e2a0,84cad6a5d13b2a45316812384327e16f,delivered,2018-06-12 21:41:59,2018-06-12 22:01:37,2018-06-13 14:33:00,2018-06-18 22:08:52,2018-06-29 00:00:00
d35d04877fd2f044b404b6e80567532b,01bb4e5dc779fa3f09a2c2cdf9561f7a,delivered,2017-11-27 15:11:04,2017-11-29 15:13:59,2017-12-01 19:37:57,2017-12-18 17:43:23,2017-12-20 00:00:00
d389978f75f6d3117c609815dc04b989,75c4bb4fe41386400f81e65c63159504,delivered,2018-06-15 21:41:47,2018-06-16 21:37:01,2018-06-18 13:59:00,2018-06-21 23:26:44,2018-07-16 00:00:00
d392709d59adcaff2d80dee55da91748,77ed68c1f51e428898c4d4ae3eb5f23d,delivered,2018-02-12 09:25:17,2018-02-12 09:48:43,2018-02-16 20:41:40,2018-03-02 19:04:11,2018-03-14 00:00:00
d409a253fa6f530d0aa7786bd667f9a7,eb5a536e0b18887946767095ebf6b6f5,delivered,2018-06-09 17:28:49,2018-06-09 17:50:18,2018-06-11 14:29:00,2018-06-19 15:07:50,2018-07-12 00:00:00
d416e69ac2b8a56d17f9b3ad10bb37b0,918682ce20388377743df77dd23645ef,delivered,2018-05-23 11:58:01,2018-05-23 12:15:01,2018-05-28 12:38:00,2018-05-29 15:56:50,2018-06-19 00:00:00
d42ee092dd327bf569aa4406ceb2ec61,38b0f50e9a57a11d7a4af9a6fe006ea9,delivered,2017-09-17 18:19:41,2017-09-17 18:30:13,2017-09-21 15:00:14,2017-09-25 22:07:34,2017-10-06 00:00:00
d44d3aabe5fd82754ca3b4696cdc90e7,dd502b57abd7ac93f33959fd9cc88348,delivered,2018-04-11 11:59:18,2018-04-11 12:10:43,2018-04-19 21:35:44,2018-04-27 21:18:55,2018-06-06 00:00:00
d468e4e85ee3a383eae43d3e8d9f116b,f176e43ae87e9456af2f9bed9243b93d,delivered,2018-04-10 10:10:05,2018-04-10 15:10:59,2018-04-11 17:23:27,2018-04-23 14:11:30,2018-05-03 00:00:00
d479fa8a25e886f272e443a70acfb2d9,776ff0f0b482f68cf127f48484ab5ed6,delivered,2017-11-25 13:22:03,2017-11-25 13:33:55,2017-11-30 00:10:18,2017-12-05 16:57:37,2017-12-15 00:00:00
d47b9b1166f0cb84c9cc7b8a507808ff,3edd6632f0023b2e66e1cf3e7814c7ea,delivered,2017-06-02 14:35:36,2017-06-06 13:25:36,2017-06-07 12:02:16,2017-06-14 14:42:22,2017-06-23 00:00:00
d4c2cda5ee1ebae34af938976048ccaa,69d3af0bc26ccffc1d256f41a27c469f,delivered,2017-02-22 09:09:39,2017-02-23 02:45:14,2017-02-23 13:42:59,2017-03-08 10:47:56,2017-04-03 00:00:00
d4daa9ee1fe28458773297759dbfe2bc,6519f59a7687a4661f7c8a7e24f28f94,delivered,2018-05-08 11:15:05,2018-05-10 02:57:14,2018-05-11 19:00:00,2018-05-14 21:36:38,2018-05-21 00:00:00
d4e4ac3c423a38f131a755f777d2f73d,433d2e1477547cc3eec3981cadaade64,delivered,2017-05-24 09:05:17,2017-05-24 09:15:19,2017-05-24 11:56:08,2017-06-02 15:03:37,2017-06-20 00:00:00
d5499e385aef94ea76d2ea5e6a73e60a,db4ed23635ef5d8105c78ecc17fc34a9,delivered,2017-02-22 17:38:51,2017-02-22 17:50:22,2017-02-23 11:34:08,2017-03-03 12:41:42,2017-04-04 00:00:00
d55318b1aeb088c57b1eb9759d0adc9a,5d82da996297b353588bc2f1da9b9b9e,delivered,2017-12-27 22:03:07,2017-12-27 22:13:25,2017-12-28 21:21:48,2018-01-11 19:52:01,2018-01-30 00:00:00
d55ece0f3afa9b57b5a78038efddbbbc,f027649d8f2a7b182522d5da3cd4f010,delivered,2017-05-22 17:20:34,2017-05-24 02:50:18,2017-05-24 09:44:28,2017-05-25 10:40:49,2017-06-06 00:00:00
d568698e0ce60cca292f739e9a60e8d0,64058e47b0b554f449a7c61c432b56f0,delivered,2017-11-03 08:44:37,2017-11-03 09:06:04,2017-11-08 18:57:01,2017-11-18 01:05:00,2017-12-05 00:00:00
d5af3f91478b15918f7250953622d89d,0ab3070066ef0b76972bc47348cc9163,delivered,2018-04-25 19:07:43,2018-04-25 20:35:26,2018-04-27 12:32:00,2018-05-16 16:09:05,2018-05-23 00:00:00
d5db5ade6120da8525cd7eac0608d009,49efae505182bd0c31e9afb8be694cb5,delivered,2018-06-04 16:58:20,2018-06-04 17:10:53,2018-06-06 15:03:00,2018-06-11 18:48:46,2018-07-17 00:00:00
d5de523ef823dfdb68b1509abd0f64f2,311f42c5d087ceb28e115741e1087d03,delivered,2018-05-16 15:22:50,2018-05-16 15:59:16,2018-05-18 14:40:00,2018-05-22 22:42:41,2018-06-01 00:00:00
d6229aca790acb92366c9888f1e0c181,5cb5ff757d630a29902ea9b9699b936e,delivered,2017-02-12 19:40:41,2017-02-12 19:50:19,2017-02-14 12:28:30,2017-02-17 06:52:16,2017-03-10 00:00:00
d6461ecc120609d0cef78fea638e47fe,0e19f44898c5554faac8f95f1473bb4b,delivered,2017-08-15 06:26:32,2017-08-16 03:26:19,2017-08-16 21:48:41,2017-09-26 20:08:11,2017-09-15 00:00:00
d65342a5836898c61a3ca324c2226927,d84789ac57945e39f324f63e2059b36f,delivered,2017-10-16 10:05:47,2017-10-16 10:27:29,2017-10-16 19:35:27,2017-10-29 14:39:47,2017-11-08 00:00:00
d65f26752fd6834bfb0a567b581dde3b,85d00c84cc236fdb8d5a58a0aed680ac,delivered,2017-07-25 17:40:12,2017-07-25 17:50:23,2017-07-26 15:17:45,2017-07-27 17:53:52,2017-08-22 00:00:00
d6717d9840d700bd7be08d9ca8bb791b,3258445d69ee63eac4af6749b70a0305,delivered,2017-10-31 10:40:37,2017-11-02 02:15:53,2017-11-03 14:27:45,2017-11-08 17:48:59,2017-11-21 00:00:00
d67ce32732e8d5413c4bb2358bf5bb16,1de528add3801283e26459cf6005e3d0,delivered,2017-12-19 18:19:27,2017-12-21 02:12:15,2017-12-21 21:59:02,2017-12-26 22:27:47,2018-01-15 00:00:00
d6b40eecfed664621ea3e0076d2a58aa,9538a496551125bb56e2f3be77b9a45a,delivered,2017-09-30 01:30:57,2017-10-03 04:14:23,2017-10-05 20:49:27,2017-10-18 21:49:55,2017-10-27 00:00:00
d6c877d8995925578fdeb1d186915549,ed31032d177b2192f391ea291d349b35,delivered,2017-05-07 12:50:03,2017-05-07 13:10:37,2017-05-18 10:40:00,2017-05-22 21:45:24,2017-05-19 00:00:00
d6df48bb0f7ae326cc10448785ab0a11,b262251b73679ebd943908bf6d76649d,delivered,2017-09-10 12:49:26,2017-09-10 13:03:54,2017-09-11 19:05:33,2017-09-13 17:46:00,2017-09-28 00:00:00
d704a9711f8054198d01cb7bc07ec101,e77db91ad228d0c7e49609d360f5623f,delivered,2018-04-18 21:35:29,2018-04-18 21:50:54,2018-04-27 14:25:00,2018-04-30 19:21:30,2018-05-07 00:00:00
d72653b199232133a82a28e6e340133c,774a93f58af283167817a7a186680553,delivered,2018-06-07 10:02:26,2018-06-08 09:56:04,2018-06-08 13:59:00,2018-06-15 19:16:34,2018-07-27 00:00:00
d7449e15f5045562074cc57796341cf7,fab2ba3e5e0d2c6d3f95578a423696c4,delivered,2017-01-31 18:59:08,2017-01-31 19:05:17,2017-02-02 11:41:27,2017-02-20 14:33:11,2017-03-21 00:00:00
d74e29bbba41049b6c17603fd9fabc58,24f9d86fe662411f563ed4cfd6361b1b,delivered,2018-04-18 19:56:04,2018-04-19 19:51:05,2018-04-20 17:32:41,2018-05-03 16:41:18,2018-05-17 00:00:00
d77d1461e81c281918bbfa4c878bdcc3,db8d5969bd8a72001e6f9e26caf31d6b,delivered,2018-06-11 07:03:41,2018-06-11 07:15:15,2018-06-11 14:08:00,2018-06-14 16:51:03,2018-07-05 00:00:00
d78f157135db9ba4f043330c2b62dfb4,0e8aaa6517ca0b989a2df53396f879a3,delivered,2017-03-20 09:13:51,2017-03-20 09:13:51,2017-04-20 13:39:02,2017-05-04 12:46:51,2017-04-28 00:00:00
d7c88b34559c799b7170fb42a1222ab7,4bee7310eb7a2e6ff35cef3c2b3e0f5f,delivered,2018-05-02 09:25:17,2018-05-03 04:32:49,2018-05-04 15:46:00,2018-05-10 13:13:11,2018-05-28 00:00:00
d80e0abae74765187eb4970037b244c8,c9c15abe8d61c9b312ba5dec770a4991,delivered,2018-02-17 18:39:22,2018-02-17 18:50:34,2018-02-19 17:29:13,2018-02-26 20:17:22,2018-03-09 00:00:00
d8a6f310927336f8375b12a6f2391da3,ef2bb412da650379df8e40b023a38f93,delivered,2017-11-18 09:40:39,2017-11-18 09:51:05,2017-11-25 13:57:01,2017-12-21 16:27:20,2017-12-21 00:00:00
d8aa6831ce562b75f8b1974395f3eb1d,8a0db2c14abe657a553f35959fdacbcc,delivered,2017-07-11 22:07:14,2017-07-12 00:45:17,2017-07-12 18:13:02,2017-08-08 15:26:04,2017-08-14 00:00:00
d8ae8039b59ce1eb9a0f9579e07d30c7,a6f13157245571c035876037e4cc3ca1,shipped,2018-02-25 14:44:31,2018-02-27 04:30:55,2018-02-27 23:12:41,,2018-03-21 00:00:00
d8c2d5ded5aae20ac6a6e9ef34d9c3dd,0d5ad5130aba65dee9bb68e0496c37aa,delivered,2018-07-23 01:03:24,2018-07-23 13:31:26,2018-07-26 12:01:00,2018-07-30 18:29:45,2018-08-09 00:00:00
d8f4cab2c25988993e96c6c02a837ec9,51ec9c71b8a1fa7cfbdcd29bcbdeea39,delivered,2018-02-26 15:59:29,2018-02-26 16:32:22,2018-02-27 20:34:14,2018-03-20 18:26:32,2018-03-27 00:00:00
d90174017bf4d85298251ec0cf5a0bb7,c14a7f74602050fc8e33fe5820a9089e,delivered,2018-03-27 12:25:41,2018-03-29 03:15:34,2018-04-24 23:07:45,2018-05-15 16:24:51,2018-05-16 00:00:00
d9164ce0fa1f133d586e4373c8571614,c3d91bb352bcaec67b7d2fdb1e2cf98a,delivered,2018-02-14 16:48:07,2018-02-14 17:08:15,2018-02-16 16:09:27,2018-02-26 22:05:01,2018-03-12 00:00:00
d92197e1617b69200451debc2626c333,a45ca5e6fc32bfa5bfae981107d3ef27,delivered,2018-05-19 09:12:17,2018-05-19 09:39:47,2018-05-21 15:54:00,2018-06-12 18:08:33,2018-06-21 00:00:00
d931b40ce94a288787de6e568f9a76b3,1d0ded2f48df2b2bccec7f7cd8d2d17c,delivered,2018-06-07 19:21:36,2018-06-07 19:35:20,2018-06-08 14:23:00,2018-06-26 16:48:45,2018-07-18 00:00:00
d9547df3c08b9a1d75ac31317de05c25,03484d8666a3cecf775ab6eeca4576ec,delivered,2017-05-11 02:07:10,2017-05-11 02:22:55,2017-05-12 15:54:38,2017-05-23 19:36:47,2017-05-31 00:00:00
d99c77f6eb93e9cdfca26e997f54530e,d03195784405b22ba42a0d473ce01c26,delivered,2018-04-19 19:37:07,2018-04-19 19:51:01,2018-04-20 22:38:45,2018-04-27 13:34:30,2018-05-21 00:00:00
d9f046249ca6beb35e2d00f2eecece56,bd5dca788b04c05cb9f4aa5101a163bc,delivered,2018-07-20 12:14:10,2018-07-20 12:25:14,2018-07-20 12:46:00,2018-07-31 14:42:49,2018-09-03 00:00:00
da28a815dd7996590e84c9e51dec1ff4,0400b2f1a68d9a8cae29fe11727ceebe,delivered,2018-07-23 15:00:02,2018-07-23 16:20:18,2018-07-24 13:44:00,2018-07-27 16:21:08,2018-08-06 00:00:00
da32e0ec629676994bea2c2fa8f0584a,4fa4b599b0c73654490624e2ea81ce75,delivered,2017-07-24 18:37:54,2017-07-24 18:50:16,2017-07-27 18:55:32,2017-07-28 20:41:29,2017-08-04 00:00:00
dab4d0e2e34ccf6d7136c2a702fb5a5f,48ae3070d7a4aabfeb92cd766d8d15b0,delivered,2017-02-13 10:18:19,2017-02-13 10:30:21,2017-02-15 10:44:03,2017-02-24 23:15:45,2017-03-24 00:00:00
dacd45999c3175778f90426dc0dfbebc,de109e69fadb52d5b40c1fc211fab539,delivered,2017-11-14 19:33:12,2017-11-15 02:46:14,2017-11-20 19:38:42,2017-12-01 17:12:55,2017-12-11 00:00:00
dacd9ea86285f197d0b7495e8af14781,1ee7676535dc405dbb88977050668100,delivered,2018-04-18 20:51:20,2018-04-18 21:11:15,2018-04-19 18:35:29,2018-04-30 21:17:21,2018-05-28 00:00:00
dafb5cbb5a0e7ff890bd9f8db676b51b,9ccb1a83b45a82fde633de4af9fbd099,delivered,2018-02-27 17:32:19,2018-02-28 10:29:48,2018-02-28 22:09:11,2018-03-19 20:52:36,2018-03-23 00:00:00
db021dc0eafd8de55256243118e4a046,4cd906a5d8555340aee749b3a3a3b5d5,delivered,2018-03-13 19:17:01,2018-03-14 10:07:56,2018-03-16 20:17:31,2018-03-20 18:31:47,2018-04-02 00:00:00
db0bd04c3beff2d041d364ce8d96b2f0,3ac65bf8cf7bea336ad70d583da199cc,delivered,2018-08-12 10:34:07,2018-08-12 10:50:09,2018-08-17 09:10:00,2018-08-23 16:51:39,2018-09-28 00:00:00
db4d39113d1f1f359709384518d81e31,91aed284ce3e18b2be4cb2dafc798b51,processing,2017-09-19 11:08:41,2017-09-19 11:34:08,,,2017-10-10 00:00:00
db5a41f8a08f620920c7c413e91a4438,df4c4273ca572a5dccb721c358e92c8d,delivered,2017-10-14 10:17:15,2017-10-17 04:25:08,2017-10-17 21:22:34,2017-10-26 22:46:11,2017-11-10 00:00:00
db6f3a04842dc0b863498c5d8534ae73,f145f4addd56671c42102732192ad8bc,delivered,2017-06-12 08:34:18,2017-06-12 08:50:08,2017-06-14 14:17:31,2017-06-19 11:22:13,2017-07-05 00:00:00
db7ba1651fa9b12357f71dd1606ec722,7a0080167c446b9791171a3d8114cdbb,delivered,2017-12-02 18:25:16,2017-12-05 04:17:24,2017-12-05 22:18:51,2017-12-18 23:04:00,2017-12-28 00:00:00
db8730baa35db478122207bf2b26590c,eed8fa5607d71228491abf287184146e,delivered,2018-06-11 08:03:30,2018-06-11 08:31:39,2018-06-11 15:11:00,2018-07-02 14:46:42,2018-07-05 00:00:00
dbb2c9fcb812c0eb6a8b856435e484d7,17fc94945c78e2f5d7100ae17fe19f12,delivered,2018-04-04 09:21:19,2018-04-04 09:35:20,2018-04-05 00:36:51,2018-04-19 00:26:52,2018-04-24 00:00:00
dbb96df7d9b75d3dfde8d10da0d65cde,72780e9a805ea5c484a91e4a440201a6,delivered,2017-04-13 12:05:51,2017-04-13 12:25:04,2017-04-17 12:01:22,2017-04-26 12:12:28,2017-05-09 00:00:00
dbe5b409519c5dfb85b5b0955913e5af,bbe35ecb54adfb96b16d95c719c756c6,delivered,2018-04-17 05:53:21,2018-04-17 06:11:47,2018-04-17 18:42:14,2018-04-26 02:08:48,2018-05-17 00:00:00
dc5f1b52c9effb2ca43d8ddbae249f10,d64a08de709e077018f8950694c25602,delivered,2017-12-11 08:18:54,2017-12-11 09:01:59,2017-12-15 18:21:54,2017-12-21 22:52:53,2018-01-04 00:00:00
dca3b709f4c0389495cb4fa1a063440c,e672223579b2241f67b57c34d7aad49d,delivered,2017-07-19 18:22:52,2017-07-19 18:35:23,2017-07-28 11:32:45,2017-08-02 19:54:55,2017-08-08 00:00:00
dcc3610bd6745b8ec0d84354631fbd3d,060a46f3e1097e08371f2c8c7064156c,delivered,2018-07-22 20:04:02,2018-07-24 11:31:40,2018-07-24 15:45:00,2018-07-27 21:41:38,2018-08-08 00:00:00
dcfd7c52a6963113ae9c4e12ceebde69,4ffcfe8466141df05466bea2db1389c1,delivered,2017-05-15 18:51:09,2017-05-15 19:02:38,2017-05-16 15:06:38,2017-05-29 10:21:25,2017-06-16 00:00:00
dd1eff57387644bafd3823d2d49560b7,a6d1f7d3fee8f81223a0baf690ce7557,delivered,2017-11-20 11:47:23,2017-11-20 12:11:32,2017-11-23 18:04:44,2017-11-26 19:09:06,2017-12-01 00:00:00
dd38e6620e0995c23a9f4c9c71dbdc1d,adcb313ceaacab871bf8ff21a49108d6,delivered,2017-11-14 14:28:05,2017-11-14 14:47:52,2017-11-17 16:02:54,2017-11-21 17:21:40,2017-12-06 00:00:00
dd42374a06906225a225f1e6edfed9b0,3dad10fa91656a1d27cf3bd2514c881b,delivered,2018-02-15 10:09:02,2018-02-15 10:47:31,2018-02-16 12:37:14,2018-03-06 21:36:58,2018-03-13 00:00:00
dd445195b0424460abe3fe3bf4497228,07cb625d1689d0583fc1d853bb4b58b5,delivered,2018-04-15 11:22:19,2018-04-17 06:11:37,2018-04-18 21:59:26,2018-05-23 18:05:29,2018-05-11 00:00:00
dd4ca62b4abb4a5fe11f24d45b63eb79,d8df48f69b225702b91075434cebbf5c,delivered,2017-11-25 23:56:26,2017-11-27 23:50:00,2017-11-29 14:42:08,2017-12-15 04:22:46,2017-12-27 00:00:00
dd7bd4b50d554cf0c41fb4c0cfccdedc,9457de49ae6cdad8a4be1c7d37c118f9,delivered,2018-06-15 12:19:19,2018-06-18 11:02:34,2018-06-18 15:13:00,2018-06-21 20:05:14,2018-07-05 00:00:00
dd8b90a226aafeea68fd6144f173f2d7,c4a29c4b38dac6d1a9fc6f7047dad063,delivered,2018-08-18 21:48:53,2018-08-21 05:00:15,2018-08-22 18:46:00,2018-08-23 17:22:00,2018-08-29 00:00:00
dda34d917fca93319316d959e22b9289,38c07e7e9ae35da412133b052d05edaa,delivered,2017-02-22 17:46:56,2017-02-23 20:05:19,2017-03-02 09:39:47,2017-03-17 14:58:05,2017-04-04 00:00:00
ddb831adbe504c02601f03328420af4d,986c90c93b95ce4d823f9396c9a25751,delivered,2018-03-22 15:00:34,2018-03-22 15:40:26,2018-04-10 18:49:24,2018-05-18 12:41:46,2018-04-23 00:00:00
ddd05ce5cf8b84ccf7f200b027c7753f,a16696afb36b4eb70a718a4932c0db09,delivered,2017-12-18 09:05:02,2017-12-18 10:36:28,2017-12-20 18:15:05,2017-12-22 19:22:50,2018-02-02 00:00:00
de003338463979d8a9be8b8d3e598efa,a5fc87720b2ee6dd805edc6cf48d2e18,delivered,2018-04-26 00:18:49,2018-04-26 00:35:17,2018-04-27 12:32:00,2018-05-03 17:51:54,2018-05-21 00:00:00
de364de7f162af086becab0daf5bba53,65a2ba24925de9690a89ab47d1ef8448,delivered,2017-06-20 09:52:08,2017-06-21 02:15:28,2017-06-23 12:46:33,2017-07-03 15:29:30,2017-07-14 00:00:00
de4127c6a206a16556d30c1fdeb8a9e7,06021ac4f1fd77a98585c3b7eefbb379,delivered,2017-04-09 15:03:02,2017-04-09 15:15:05,2017-04-11 14:06:47,2017-04-20 07:09:51,2017-05-11 00:00:00
de4c5454fb8e64f76ec9689a472b23c7,66b1555c5aaf32eda9799f8c6af3a884,delivered,2017-11-24 14:45:59,2017-11-24 16:52:42,2017-11-27 16:12:05,2017-12-13 15:25:20,2017-12-19 00:00:00
de9a3a4892ed94ca9e82655bdae1b840,798741b4332a186edf3fd721754e23dc,delivered,2018-03-06 08:19:25,2018-03-07 08:15:31,2018-03-08 18:09:29,2018-03-27 20:32:57,2018-04-10 00:00:00
deb733aececa59120f37a6395d57c4c0,d8a9d769f268e4800b019a0d8c2328ae,delivered,2017-07-11 12:53:26,2017-07-11 13:05:13,2017-07-13 21:37:38,2017-07-19 22:06:30,2017-08-04 00:00:00
def59cab0d40fb6e73cf4a05911344df,aaac580394d307641eaa83279b83fbdd,delivered,2018-06-17 15:15:27,2018-06-19 03:36:41,2018-06-19 15:45:00,2018-06-26 00:31:59,2018-07-24 00:00:00
defe6c6f7875ec5d8409143a3d850eaa,4a18d5b47e8cd57cec04f4ff4cf453de,invoiced,2017-09-25 11:11:34,2017-09-25 11:30:15,,,2017-10-24 00:00:00
df0a2eff6f0fc7262189d138f3defa0b,3325076d2bbc0b97e626ed18613f0e3b,delivered,2018-08-18 00:14:09,2018-08-18 00:30:07,2018-08-22 12:35:00,2018-08-28 21:51:46,2018-08-24 00:00:00
df147d110784e81110ece3cae5fafee2,15fbd33f76e4ccb6d4a8cf129f863e76,delivered,2018-01-13 06:24:46,2018-01-13 06:32:38,2018-01-16 20:32:21,2018-01-17 16:09:34,2018-02-02 00:00:00
df258d3d30d51b9991fe71bb0e4f126c,e1c409b2499704247a1dbb5b7f96d78f,delivered,2017-06-29 13:25:04,2017-06-29 13:44:01,2017-06-30 07:35:28,2017-07-05 14:27:42,2017-07-19 00:00:00
df3c03ee5c240bfffaa5e3dfaeb4699b,54bec33d5e42b3d9f9aaae70bbc2f441,delivered,2017-07-05 22:44:25,2017-07-05 22:55:23,2017-07-13 13:40:01,2017-07-21 21:33:55,2017-08-03 00:00:00
dfb37d2ceed290c718d7778273ba8b4a,b154a09d611816a2bd59fa2582e5beb8,delivered,2017-08-22 20:05:07,2017-08-22 20:15:23,2017-08-23 21:33:02,2017-08-28 21:12:44,2017-09-20 00:00:00
dfc9bc36d5db98182f4b1dc41fe8e258,39c9dc82d5f60eb1ee8bc4fe4aa29dc6,delivered,2017-09-21 13:22:26,2017-09-21 13:35:21,2017-09-22 16:23:59,2017-09-25 22:53:41,2017-10-06 00:00:00
dfdbb5222ccb0db3a64c6a09ba0995b1,f96d1e884731f2c5327d02bf12c8d451,delivered,2017-05-03 12:13:55,2017-05-03 13:03:10,2017-05-05 09:44:03,2017-05-16 13:17:47,2017-05-30 00:00:00
dfec7411ab4ba17202e5aa72bcd3a3e1,6f0e037423a31f6b624f905700044d26,delivered,2017-11-12 10:00:56,2017-11-14 04:26:34,2017-11-15 00:07:36,2017-11-25 12:03:05,2017-12-01 00:00:00
e00bfbddf86f0a755d3550dd87962824,4ec69c7b800374eb21ae088ad7d707ff,delivered,2018-06-27 12:03:22,2018-06-27 12:33:21,2018-06-28 12:32:00,2018-07-03 16:18:48,2018-07-20 00:00:00
e0324d1696ac7872c9dcc6ea30afad20,ccdcf5a3241fa4143b5e8e92199a5c4a,delivered,2018-06-18 11:26:16,2018-06-18 12:19:00,2018-06-19 13:10:00,2018-06-20 20:38:23,2018-06-28 00:00:00
e0820022dc8f9840abec5c1057054ba9,85f3d9a16a36cae43f37c9119046df4b,delivered,2018-06-07 13:21:36,2018-06-08 02:56:20,2018-06-08 14:40:00,2018-06-18 15:51:58,2018-07-04 00:00:00
e0f9722525043b60edddacd46709fea1,a89cadca9c9e913ed236af9991cfd22d,delivered,2017-05-11 22:41:40,2017-05-11 22:50:21,2017-05-12 21:37:56,2017-05-19 08:34:51,2017-05-31 00:00:00
e1090e366ab626c68ca02d56a6dd1821,1bd7e7f56fdc321a90128087e3e3e220,delivered,2017-11-05 10:22:00,2017-11-07 07:30:38,2017-11-09 22:32:06,2017-11-22 22:14:35,2017-12-04 00:00:00
e10d89c39c03d21e016420afd134cc17,8fed668b3ed411fb360e8763176b2da2,delivered,2017-06-14 15:16:09,2017-06-15 03:10:25,2017-06-16 17:22:44,2017-06-28 15:41:43,2017-07-11 00:00:00
e11dbf8f73df2ef44ac68c5dd90b3892,8bba7817c19c5fa590c8857669ade46a,delivered,2018-08-14 17:59:38,2018-08-14 18:45:20,2018-08-15 13:03:00,2018-08-17 22:16:24,2018-08-17 00:00:00
e1247131e29e9f01c5ba3db262a4cd25,26bc070c7700855f66d4539446779a16,delivered,2017-06-06 08:37:15,2017-06-07 08:45:18,2017-06-07 16:18:43,2017-06-19 21:49:32,2017-07-03 00:00:00
e179df200326739d8a8bc2353c2c7699,ef7e64330764ee3f5cdaff632d5f514b,delivered,2018-01-09 12:04:32,2018-01-09 12:12:29,2018-01-09 20:52:56,2018-01-20 01:03:54,2018-02-05 00:00:00
e17d3302a2923d0185757dfca4243419,dab6b8d21ca0042c271d59be395eea8c,delivered,2018-06-20 21:44:28,2018-06-22 02:58:53,2018-06-25 14:34:00,2018-06-28 19:32:23,2018-07-23 00:00:00
e1a9073ab42d6cbd16dcf2aa7d695f6d,5f6afb0591f38a26989947e3617c9f91,delivered,2018-04-06 10:33:36,2018-04-06 10:49:46,2018-04-09 20:04:04,2018-04-25 13:06:56,2018-05-15 00:00:00
e1c810cb179481ffaa80d2cb9585933d,4df4e1475d8002888804dbefbf86a891,delivered,2017-11-21 22:40:24,2017-11-21 22:57:23,2017-11-22 19:58:54,2017-11-24 19:22:04,2017-12-08 00:00:00
e1ccac2f83d9ae0c22cd16e9573c3f5c,d3d7dd13a66c2d1362de5251fdbebef2,delivered,2018-01-16 17:55:45,2018-01-16 18:12:06,2018-01-19 01:22:59,2018-01-25 12:44:53,2018-02-08 00:00:00
e21677585042e206b003e3d9766064e0,1ad05de046ac6a5e9bca4fb1652af25c,delivered,2017-06-20 09:56:04,2017-06-20 10:05:15,2017-06-29 14:49:35,2017-07-06 15:54:36,2017-07-14 00:00:00
e21e08b6eee6cda8f5cc69981707fa71,308d20f143f513753219bce6d5493022,delivered,2017-11-22 19:04:36,2017-11-22 19:10:28,2017-11-23 16:33:45,2017-12-05 20:22:13,2017-12-13 00:00:00
e22a3e8048469ea68906f666d446c25c,aa0533eb31ed3be79086f11bb2bec430,delivered,2017-08-28 09:48:01,2017-08-28 10:05:04,2017-08-29 11:05:28,2017-09-05 21:42:35,2017-09-19 00:00:00
e24316b06e2bb70e3fe3a79a12d247ab,9b575914ad2a492bfe7653524046e6d1,delivered,2018-02-16 13:20:35,2018-02-16 13:35:30,2018-02-20 16:25:47,2018-03-09 19:18:34,2018-03-15 00:00:00
e247c295703844ab1b844311e25046a5,86212139fb99b709e78667fb42c939fd,delivered,2018-03-05 20:42:54,2018-03-05 20:56:10,2018-03-07 17:55:06,2018-04-17 16:58:30,2018-03-29 00:00:00
e29cb1f5fe7801584de0f49a7423dc2c,56c1cf4b6abb00b12bcb6a01ee635acd,delivered,2018-04-25 14:14:35,2018-04-25 14:33:20,2018-04-26 12:35:00,2018-04-28 01:24:55,2018-05-14 00:00:00
e2d5b94a4565c77d5c35af59bb8eea79,099786bcc7ebf2f323ecf03a9f54b02d,delivered,2018-07-24 15:47:23,2018-07-25 02:55:25,2018-07-25 14:26:00,2018-08-06 17:12:38,2018-08-14 00:00:00
e2faa52f99b7893fb663270530caf2fc,f1d3bd4e6b8c7df24fef98121bd8710d,delivered,2017-06-01 01:02:27,2017-06-01 01:42:28,2017-06-05 13:05:04,2017-06-07 15:27:29,2017-06-22 00:00:00
e31a910f74f5bbf483db4595290864ca,1222383916b5fb69b50cdfc3cdae8d7e,delivered,2018-01-23 11:37:54,2018-01-23 11:50:54,2018-01-24 16:53:21,2018-02-01 20:07:54,2018-02-15 00:00:00
e32eb573740a87c938b90b290605b617,49ceea8899f3a3c0198faa2485ca942c,delivered,2017-03-28 11:53:16,2017-03-28 12:08:07,2017-03-30 10:52:28,2017-04-05 15:23:05,2017-04-24 00:00:00
e354b2d0793a71a63da3f45920085835,586af8a2b104ecb53497149f1fb0cc51,delivered,2018-01-26 20:29:16,2018-01-29 07:32:20,2018-01-29 20:38:31,2018-02-07 21:43:23,2018-02-20 00:00:00
e37dabbc051a3f58d73581522f7eef81,3e661a73488109b0bc5c9e71427d9939,delivered,2017-12-03 21:32:13,2017-12-03 22:58:08,2017-12-05 00:14:31,2017-12-13 13:55:09,2017-12-28 00:00:00
e39e98d4f4a88b8e39f59e17c9d0a7b1,4cd281d8030921fc1b77650f63efdda3,delivered,2018-03-01 14:12:24,2018-03-03 03:20:25,2018-03-05 22:14:51,2018-03-14 19:16:40,2018-03-22 00:00:00
e3c8ec2636b34ec7a41bf25dba83440f,4401cb686f98e0903686c15230e9e14f,delivered,2018-06-14 12:45:18,2018-06-15 13:06:27,2018-06-18 11:17:00,2018-06-25 18:21:59,2018-07-05 00:00:00
e3e5126cb05e7c16dd2ef864271fa8e6,f28ff42f4a3d29ba87737305a4d73212,delivered,2017-08-02 18:32:55,2017-08-04 02:30:36,2017-08-07 20:11:56,2017-08-14 20:45:09,2017-08-25 00:00:00
e3f4b4c899325f23b973d9aee02d2071,a667da129180ee7f49d7ca633ffce577,delivered,2018-08-26 18:26:33,2018-08-26 18:44:20,2018-08-27 15:18:00,2018-08-28 21:22:46,2018-08-30 00:00:00
e4096fb3855821fb19ff9025c7ce4edf,a78a3b844bcdc775fcea2bc88b41f787,delivered,2017-10-28 18:31:22,2017-10-28 18:46:38,2017-10-31 16:54:36,2017-11-13 19:21:26,2017-11-27 00:00:00
e4223b96432f4984fc69390438d80861,892f0b2349a54be7359c83c18fb5c241,delivered,2017-10-03 10:08:21,2017-10-03 10:24:18,2017-10-04 23:12:31,2017-10-09 19:48:45,2017-11-07 00:00:00
e439c4c76d0ddcee47707e6353dc21af,89d8f6feb5a9c81286b5d34fdfe8042c,delivered,2017-06-08 08:41:16,2017-06-09 02:15:14,2017-06-09 16:33:12,2017-06-21 15:36:55,2017-07-11 00:00:00
e4406088398131aed8c21c5a4ec3442b,8cfb9c9751da0ae0f664b97b2fa0ecc2,delivered,2017-06-12 10:26:05,2017-06-12 10:35:09,2017-06-13 09:10:09,2017-06-19 15:17:44,2017-07-03 00:00:00
e44ab38a09c7c1c8491ba831c5527914,98f2de76457ee90e5d8b763c25c734de,delivered,2018-02-28 10:21:31,2018-02-28 10:35:42,2018-03-02 17:51:52,2018-03-13 19:23:46,2018-03-23 00:00:00
e47bfd40dd32463a27120cccaaf5aad9,2037fabeb61ec611127657814c6a8a00,delivered,2017-12-12 17:48:18,2017-12-12 18:10:46,2017-12-13 21:53:00,2017-12-19 13:48:50,2017-12-29 00:00:00
e49756b486c722bb970c4cadf35a2cc3,395109240d37ac26c624df336fb780c9,delivered,2017-09-13 16:41:53,2017-09-13 16:55:11,2017-09-14 19:13:40,2017-09-18 19:10:23,2017-10-02 00:00:00
e4c09ee4522daa0f32bd2e6b2f5ed048,cccd5136fc9518bcbf7eea735c6c2ae1,delivered,2018-08-04 22:22:59,2018-08-04 22:35:14,2018-08-08 09:48:00,2018-08-11 16:21:54,2018-08-16 00:00:00
e4e87503e23bd920473b4bbe54e015b5,713c42e5bbadd1ed6689da3a8cc51846,delivered,2017-08-22 10:55:25,2017-08-22 11:10:16,2017-08-23 19:16:38,2017-08-31 21:23:47,2017-09-18 00:00:00
e4ef0775ca01d0f6839f7d362041abef,b7e148738c004d326ccc987bf4d78372,delivered,2018-07-01 21:31:39,2018-07-01 21:50:02,2018-07-03 11:18:00,2018-07-05 18:32:48,2018-08-02 00:00:00
e5141c749e377be251981ba3ff55b1e7,768d73a87af63f0ecc15c2095bb55fcc,delivered,2018-08-20 09:19:33,2018-08-21 04:50:05,2018-08-23 14:25:00,2018-08-24 20:03:51,2018-08-24 00:00:00
e51d5fd82a186a64728b4de03b0fd8f8,079bc1808c0fda17593c5642b429bee7,delivered,2017-06-16 14:55:45,2017-06-19 08:25:05,2017-06-23 08:35:49,2017-07-03 18:45:48,2017-07-12 00:00:00
e537e63305719171bcf7cd7fa815d921,f24d7a432c684bf4e571600c1a8c313a,delivered,2018-01-23 14:57:59,2018-01-23 15:12:52,2018-02-07 00:01:47,2018-02-26 21:22:17,2018-03-06 00:00:00
e544af259c17461504ff139fd5783179,ce10eba206282d64135a408029e09872,delivered,2017-07-20 16:25:56,2017-07-22 02:23:50,2017-07-26 00:49:50,2017-07-26 17:42:15,2017-08-07 00:00:00
e5660f4c411090251a0a154f085bbfe8,2a2ed8a860ff9b8c1da194b013ded085,delivered,2017-04-09 18:50:11,2017-04-09 19:02:06,2017-04-11 07:43:49,2017-05-01 11:43:39,2017-05-04 00:00:00
e576bdc500f0c1c9a1b2a3ccce7000fb,8b1f18c2f22e45482d3a3ad8e68090ed,delivered,2017-12-21 13:05:53,2017-12-21 13:16:26,2017-12-21 21:42:02,2018-01-11 12:20:19,2018-01-23 00:00:00
e57ab4127be9907d3078d0227c45e63e,b7d75a382d48af7918464a319d6b5587,delivered,2018-04-26 18:11:20,2018-04-26 18:32:00,2018-04-27 15:25:00,2018-05-10 23:07:44,2018-05-23 00:00:00
e58f5be3f92e03a392967e08cd6647cd,27f95d7b4a63f96982ee5301a310333d,delivered,2018-04-13 08:27:25,2018-04-13 08:50:57,2018-04-19 14:19:10,2018-05-08 00:48:44,2018-05-14 00:00:00
e594644501ac2bce6c65b6c21b0c625d,50120b2e9525017c97134c87a2e04967,delivered,2018-07-26 16:51:49,2018-07-26 17:05:10,2018-07-27 15:10:00,2018-08-10 01:42:20,2018-08-22 00:00:00
e59dbfb7d81fd513f1ffa941fe849c57,affa1ae9fc01158bf723814d1dd9d0ce,delivered,2017-12-14 17:07:59,2017-12-14 17:31:55,2017-12-15 22:24:37,2017-12-22 16:49:06,2018-01-09 00:00:00
e5da8f29d47b6f0f3ef8ab33a013a0b3,c6d90ccb4260e1d4ec587ab1463752c2,delivered,2017-11-21 22:54:55,2017-11-21 23:06:22,2017-11-22 23:09:00,2017-11-28 22:27:35,2017-12-11 00:00:00
e63f16fab229756ce58f86d40747944e,0c8fca0ebf003ce1352d04675da28d70,invoiced,2017-12-11 12:22:24,2017-12-11 12:31:01,,,2018-01-12 00:00:00
e6a9a4963c309a68db1f1a515e700764,32fdc4fcee9bccaf828edad48942dd0c,delivered,2017-02-01 21:45:04,2017-02-03 03:45:20,2017-02-03 10:39:24,2017-02-07 10:58:58,2017-02-27 00:00:00
e6be4d2a8e251c464dbb1c4e17c93bbc,a9221830e2e582026c45c252842c7504,delivered,2018-03-23 13:31:27,2018-03-23 13:48:51,2018-03-27 02:28:19,2018-04-10 18:28:32,2018-04-11 00:00:00
e6bed0846d5d268bf1ebcf66eab19a42,2110656d0356c5d1d3c7f1c7bce0e319,delivered,2018-03-13 22:21:03,2018-03-13 22:30:39,2018-03-14 20:15:50,2018-04-19 17:57:33,2018-04-05 00:00:00
e6d0bbe2424dd2fc97db5851253f90d3,5880e46677c68394bda62479fd673340,delivered,2018-02-17 21:51:05,2018-02-17 22:07:15,2018-02-20 11:30:12,2018-03-09 23:22:47,2018-04-06 00:00:00
e7138235cbd7170b72054b66531ad713,3699e8655ee2b00739ab632855447c5d,delivered,2018-02-19 11:58:03,2018-02-19 12:10:40,2018-02-20 22:52:46,2018-02-22 17:03:32,2018-03-05 00:00:00
e72ce58da5fa186692fb2a9d253c0cbd,eb4e1a00320b05de70f104ef47d3f20e,delivered,2017-10-03 09:49:10,2017-10-03 10:07:16,2017-10-04 10:10:19,2017-10-06 21:51:17,2017-10-19 00:00:00
e7438254f9ef8bf2a7e744f84c561452,9e2edef7aeef3c2fef91128e16df141d,delivered,2017-12-15 22:02:39,2017-12-15 22:14:27,2017-12-19 22:07:18,2018-01-06 12:28:40,2018-01-12 00:00:00
e7522d7d44b7cdc7e33f08062d37d269,353aba3ea1d310ecca8f0e596715a0e2,delivered,2018-05-10 16:51:34,2018-05-11 03:37:33,2018-05-12 08:18:00,2018-05-18 17:48:55,2018-05-29 00:00:00
e7673cc4ac15a894f6d03cef60d88fcd,1084c1659a761ef371671a882a4134b9,delivered,2017-11-24 22:54:41,2017-11-28 03:33:09,2017-11-30 15:28:36,2017-12-15 21:21:49,2017-12-18 00:00:00
e77b2b3ed9f949ad731cb0cc10a59000,0841a3b87693f387daef11ec89e33d8a,delivered,2017-06-17 21:21:25,2017-06-17 21:30:15,2017-06-19 21:22:13,2017-06-28 15:51:54,2017-07-11 00:00:00
e77d85bec584c36b9558adc732947c76,117b1c66b1089ece5c2254144f37cfe6,delivered,2017-03-02 21:58:35,2017-03-04 02:25:22,2017-03-07 10:09:07,2017-03-29 15:22:38,2017-03-29 00:00:00
e79ce960e58239f855503114732d9d09,632a782e0ba41230e69216e593be4ef3,delivered,2017-06-25 22:44:56,2017-06-25 22:55:08,2017-06-26 15:22:30,2017-06-30 00:04:50,2017-07-14 00:00:00
e7b87b156cde9f1d3a765da80d093d6a,e94ab025529a46247f058102c92b3627,delivered,2017-10-22 18:24:56,2017-10-22 18:37:54,2017-11-01 21:05:30,2018-02-09 14:19:09,2017-11-13 00:00:00
e7d94ab6c93320816f9b59df54012a32,3852c9b2aa7cc61aad3e90a9ff12e898,delivered,2017-05-02 02:16:43,2017-05-02 02:25:06,2017-05-02 09:34:33,2017-05-13 10:43:32,2017-05-25 00:00:00
e7f30a3abdc763c660d1dc442dce909f,981dc5e9b0855c9d17f0819bb3c4f27e,delivered,2018-05-04 11:28:12,2018-05-04 11:51:42,2018-05-07 12:55:00,2018-05-11 00:27:48,2018-05-30 00:00:00
e807a70014b92cf251b7b8f3768b023f,d7288a6538f2639b5916c4337eaebe09,delivered,2018-04-19 19:46:23,2018-04-19 20:10:39,2018-04-20 22:42:00,2018-04-23 20:08:26,2018-05-07 00:00:00
e81a8cb665767198e8d2e17dcd39af87,5f0099134079adfe14d1df3d8ecc57ae,delivered,2017-11-10 15:24:09,2017-11-14 03:47:39,2017-11-16 21:18:47,2017-11-28 19:43:09,2017-12-06 00:00:00
e8373361f5e06afd6a7e7971e68512dd,14b8fc48b9f66832dfca6333034c46cb,delivered,2017-07-24 15:19:05,2017-07-24 15:30:14,2017-07-26 10:17:43,2017-08-03 20:49:40,2017-08-15 00:00:00
e8549294b90188285cf1f7d6a35f758c,1914576a74b2122c63a456293cf7e52c,delivered,2018-07-05 01:05:40,2018-07-05 16:22:42,2018-07-11 14:58:00,2018-07-14 16:34:34,2018-07-18 00:00:00
e8b777112a2c5482e9005c327997cc21,db2ba56a5295e78cf97852d6f4f27a9a,delivered,2018-03-15 00:53:20,2018-03-15 01:09:21,2018-03-19 20:47:38,2018-04-13 22:24:34,2018-04-05 00:00:00
e8c8faf5a3bf5f4897ae8ca83902afe8,7bb9480c1d5413975d01c3caefbfb081,delivered,2017-07-29 08:54:32,2017-08-02 02:37:17,2017-08-10 19:13:41,2017-08-14 16:18:06,2017-08-17 00:00:00
e90da786f0f0041ca35e71de95ef4eb6,c53c0706d9dfc081b79e3f57c6ce7165,delivered,2017-06-06 20:26:32,2017-06-06 20:42:32,2017-06-14 15:02:59,2017-06-19 21:33:18,2017-06-28 00:00:00
e91d77b27ccd3bac6b23a34a44ae3db1,3b24e072e212ab877ec93ab12054d5de,delivered,2017-09-03 11:38:54,2017-09-04 11:45:17,2017-09-05 21:52:07,2017-09-12 18:39:58,2017-09-22 00:00:00
e95cac7e9ed8e477d726d47f72f420c6,66b6452526c64a892e836a6cac812833,delivered,2018-05-11 17:28:16,2018-05-11 17:50:49,2018-05-14 15:15:00,2018-05-15 17:52:30,2018-05-24 00:00:00
e9a673444938dfb3ee73bc31383f2921,f720495cf4e467694ff915bbec4959c7,delivered,2018-03-19 12:54:50,2018-03-19 13:35:44,2018-03-23 15:24:26,2018-04-08 15:26:50,2018-04-12 00:00:00
e9cdba9b8112d2c4cd5cd65431742977,314f5515cf84ac3a11ba7fea4e9a2822,delivered,2017-09-14 16:49:48,2017-09-14 17:05:38,2017-09-21 16:22:39,2017-09-22 16:08:53,2017-09-26 00:00:00
ea2b2e907341618980eb6f87436f1c4a,daf3eaa2eddf5bdf79f12d1702343fc5,delivered,2018-03-27 20:37:35,2018-03-27 20:47:14,2018-03-28 21:51:39,2018-03-29 22:46:50,2018-04-09 00:00:00
ea3a35b74d6cd2751271c60d423563f1,b995dc022350b92b96dc3d1678368e41,delivered,2017-03-18 13:06:45,2017-03-18 13:06:45,2017-03-20 12:18:29,2017-03-28 12:30:11,2017-04-10 00:00:00
ea440eac95a801c80784b5105a5e4a9f,ef61483f84cb06e6510dec2103d4e789,delivered,2017-04-18 23:30:42,2017-04-19 16:15:19,2017-04-25 15:47:19,2017-05-02 14:55:50,2017-05-10 00:00:00
ea5a5e11ad8f97f731325b326cc2f3e5,7536b44a83b05083df3c3834d161b373,delivered,2018-02-18 14:26:06,2018-02-20 07:15:24,2018-02-21 21:05:03,2018-02-24 16:18:34,2018-03-06 00:00:00
ea974c111a2a711f43305d2968ffa86e,25cc5042606c108675729a1e2967486f,delivered,2018-02-22 23:33:58,2018-02-22 23:47:52,2018-02-26 22:17:43,2018-02-28 22:12:58,2018-03-12 00:00:00
ead4584d779958e7605fe628d3f253f0,144b53cd31f35cd3d90944d275d93141,delivered,2018-06-21 09:08:19,2018-06-21 20:17:32,2018-06-26 15:16:00,2018-07-11 13:56:43,2018-07-26 00:00:00
eada3ac7ed364835ff906f8b4c8b1f72,c83cfa71a2ded601be5ef7d16115dbd7,delivered,2017-11-21 20:27:49,2017-11-21 20:35:52,2017-11-23 23:18:50,2017-12-04 23:59:11,2017-12-11 00:00:00
eb45ff263f9e77136f626c712add7354,25132871ae2b537453a598c4156ae8c5,delivered,2017-04-17 21:07:54,2017-04-18 03:55:35,2017-04-18 11:07:07,2017-04-22 10:57:49,2017-05-09 00:00:00
eb4f7af52d42fb1b1051cd5457074b9b,a181c725fbac1e1d13348c71d7c5c9f9,delivered,2017-06-06 14:29:03,2017-06-06 14:42:34,2017-06-06 15:24:34,2017-06-08 14:02:48,2017-06-20 00:00:00
eb5f1eb411fccd8696f979bcf81bb92e,3936a4ba8bf001770c912e8cac8fe8e7,delivered,2017-02-15 17:11:08,2017-02-15 17:23:29,2017-02-21 14:23:24,2017-02-24 09:54:02,2017-03-22 00:00:00
eb7df5ec433a5660c84c3a2e1bce192d,76525f0c94f889d91e4335fae56eaaaf,delivered,2018-05-13 23:53:10,2018-05-15 03:55:50,2018-05-15 13:59:00,2018-05-19 12:34:47,2018-06-05 00:00:00
eb9b354f1582c2c24333dc1eb187f47a,65da9d8be4d5288e06f7836851e93a6a,delivered,2017-12-09 08:16:28,2017-12-12 03:58:27,2017-12-14 22:18:21,2018-01-05 16:53:16,2018-01-11 00:00:00
ebb5b8275a6a365d1243d225386bf299,de2fcb2cca074deebf0c24b2591df6d8,delivered,2018-08-09 18:26:03,2018-08-10 18:25:16,2018-08-13 14:53:00,2018-08-23 21:11:20,2018-08-31 00:00:00
ebc00d28934c1edd775b307bf5cff160,3205756d1ec1fd148f6b6f000e9ae144,delivered,2017-05-21 13:09:50,2017-05-23 03:35:19,2017-05-23 16:03:25,2017-05-29 11:01:31,2017-06-13 00:00:00
ebc291ccb847d85f438a0b661490ac16,845eeb91509cf49e43a6730a4edeed0a,delivered,2018-01-08 20:13:14,2018-01-08 20:28:02,2018-01-09 22:27:25,2018-01-30 23:22:58,2018-02-09 00:00:00
ebcb5b268095abb9ff8739f83b939864,168b5d343376984732f2f71895766adf,delivered,2017-08-07 15:15:03,2017-08-07 16:03:30,2017-08-08 18:52:55,2017-08-14 17:24:00,2017-08-25 00:00:00
ebd33d4995d183ba4c6ed1e273816aa7,64a8756f577e219a3752509a837ce067,delivered,2018-08-21 08:49:35,2018-08-23 19:05:24,2018-08-27 09:50:00,2018-08-28 18:49:47,2018-08-27 00:00:00
ec3c91446200b1b6f5d6f20fc5a61ab6,ded39065fc8497451c408fb756c65a4c,delivered,2018-04-15 16:28:39,2018-04-15 16:50:20,2018-04-16 18:24:56,2018-04-30 15:01:52,2018-05-10 00:00:00
ec4015e0b9b735844b7b6c8066835378,d35ff00f29959bf609fd6f1aac62d164,delivered,2017-08-03 09:47:34,2017-08-03 10:05:22,2017-08-03 18:51:52,2017-08-11 20:55:38,2017-09-08 00:00:00
ecca17940ac000efeca3a8bbb3866591,20f7d5a1e72cd09a5e9ef4d16b72eb1e,delivered,2018-02-15 11:26:52,2018-02-15 12:27:25,2018-02-16 15:39:19,2018-02-28 19:59:37,2018-03-12 00:00:00
ed1436604076711db664bd5063508cc6,25e7f8bd0e19c0c112b944f4c0ab9c9f,delivered,2017-12-07 12:36:47,2017-12-07 15:43:19,2017-12-12 19:55:47,2017-12-28 18:03:48,2018-01-10 00:00:00
ed3b18e876bbc16bfe330cd934aa0f68,ee76d186862db08ec487d67f0e5c7bc4,canceled,2017-09-11 20:07:36,2017-09-11 20:23:37,,,2017-10-02 00:00:00
ed4681677f54e700fbd94ae70f1a85c6,91c66f98e2690e4f7957e24809a03266,delivered,2018-01-09 14:19:44,2018-01-09 14:30:23,2018-01-11 23:22:55,2018-01-17 19:17:12,2018-02-06 00:00:00
ed9bc2af2e1ae9d510b862314efd8e72,c7b91f61168f8405335fbc6371c11962,delivered,2017-04-15 12:11:01,2017-04-16 06:35:18,2017-04-25 06:53:46,2017-05-02 21:07:41,2017-05-12 00:00:00
ed9ddf13b205161d8ca32de15a50a5c7,0c6402878bcf4a5a361d9008210101d4,delivered,2017-12-03 19:38:53,2017-12-05 04:17:40,2017-12-05 14:52:37,2017-12-19 20:38:23,2017-12-27 00:00:00
ed9e33c926c94cc5cc50a68696119dea,a2d19f05cef411aa2938ca9d2a92d156,delivered,2018-01-10 11:32:09,2018-01-12 02:34:29,2018-01-15 17:13:00,2018-01-19 17:49:25,2018-02-02 00:00:00
ed9ffbb3fee532270f819cae7e6a87eb,1b83698cf7a5f87b3769b57bd1325a85,delivered,2018-07-02 10:32:42,2018-07-02 10:50:13,2018-07-04 08:16:00,2018-07-05 20:04:35,2018-07-18 00:00:00
eda3f5678e561d64fa75367186df15ab,574b75eb445dc885dc65eee5460752f7,delivered,2017-10-31 16:01:24,2017-11-01 13:50:23,2017-11-04 00:22:08,2017-11-18 05:18:45,2017-11-28 00:00:00
edb87b920c0d70259a62d95cd4922c87,2a03419803b591a0c0f37ca997c84875,delivered,2018-07-06 10:19:18,2018-07-06 10:32:04,2018-07-10 08:09:00,2018-07-13 15:35:33,2018-08-01 00:00:00
edc8ed56158af55c22d0d8153e921879,f6780a74d50eccbe545477c344e8347e,delivered,2017-07-20 12:09:41,2017-07-20 12:25:12,2017-07-21 18:22:59,2017-07-28 15:34:30,2017-08-14 00:00:00
eddcd0974bcd773f5734decebf0225a4,e10711e2c6acbe40d4fa6ad9a5bf647c,delivered,2018-07-29 14:10:13,2018-07-29 14:25:10,2018-07-31 16:06:00,2018-08-02 22:26:55,2018-08-06 00:00:00
eddf262f362444dbd097ffd397117611,e2a24090f81ea85d218b542924f6b753,delivered,2017-07-15 17:03:24,2017-07-15 17:25:26,2017-07-17 20:07:44,2017-07-18 20:07:41,2017-08-03 00:00:00
ede7a83eecd35db0e8db274811529d98,166e5d30f99819bb69c7803bf33923e0,delivered,2018-05-12 09:33:55,2018-05-12 09:54:29,2018-05-15 14:27:00,2018-05-21 17:25:38,2018-06-06 00:00:00
edf3091b65403afebeb2a7cbb1682b6f,8156312633461c3ae6e53e1df5c03083,delivered,2018-05-09 21:00:33,2018-05-09 21:15:26,2018-05-10 19:07:00,2018-05-12 09:56:28,2018-05-23 00:00:00
ee02295dfa5d0519664c1dcd4a70e87f,71fdbaa760e25ef2449d79d1c4264021,delivered,2017-08-26 15:36:02,2017-08-26 15:45:39,2017-08-28 20:59:37,2017-09-11 17:43:26,2017-09-18 00:00:00
ee3485f5152cb61d512769574a0a1419,083f43233953a6a6b3a4fbf9dcf3722a,delivered,2017-08-02 14:14:24,2017-08-02 14:25:18,2017-08-11 19:40:00,2017-08-16 18:14:30,2017-08-29 00:00:00
ee3cbcc20d5984bc1074efa744139f47,ac21bf9bfae1fe0cd4577cfab4dd8f3f,delivered,2017-12-05 23:32:19,2017-12-05 23:56:51,2017-12-07 23:22:26,2017-12-27 01:35:31,2017-12-28 00:00:00
ee5cc68a9c849b21b595655a944b417c,39159308231d229f2fec5131e6667329,delivered,2017-07-06 10:35:17,2017-07-06 10:50:18,2017-07-07 16:02:58,2017-07-14 19:46:17,2017-07-28 00:00:00
ee76c8b8bd42ca7913d033a9dea1383f,f758f5ae570f1a7311b5a2e93d5c9a31,delivered,2017-07-20 15:44:05,2017-07-20 15:50:18,2017-07-22 14:07:18,2017-08-03 17:31:41,2017-08-21 00:00:00
ee8725c782f35716fe7a9e445bbf0a78,984e2ab6a072e04516bca3040606d641,delivered,2017-09-11 09:46:10,2017-09-12 04:46:05,2017-09-12 18:43:49,2017-09-19 19:13:58,2017-10-09 00:00:00
ee8dd407e306b0808fd6fddc17ea6f78,001c7f05398c45b42eee0d5a77783bca,delivered,2018-04-12 13:41:07,2018-04-14 02:30:34,2018-04-16 20:22:11,2018-04-18 20:03:10,2018-04-30 00:00:00
ee8dfce1f9bd464688d3b8906b0a4c12,cb07e9c35f7a2f69616e3f98e53b4378,delivered,2018-03-20 21:48:22,2018-03-20 22:09:01,2018-03-21 19:29:30,2018-03-27 20:13:03,2018-04-06 00:00:00
eed6de9f4e402f8a8f204646b98307ab,de017a7470c1080fb969cf1241087883,delivered,2018-05-30 02:17:36,2018-06-02 03:31:49,2018-06-04 14:31:00,2018-06-12 12:13:52,2018-07-11 00:00:00
eeee28417bb0a24c511c9b96a03fb29b,e8435133133d4eab7ded41332934b2d6,delivered,2017-09-07 23:18:04,2017-09-07 23:30:18,2017-09-08 19:57:48,2017-09-13 17:55:51,2017-09-20 00:00:00
ef2c378cc37b127ef373094451b9b70f,b1b26cc44465736250c7795b7f0b18b8,delivered,2017-10-10 12:29:11,2017-10-10 12:49:24,2017-10-11 21:13:14,2017-10-18 18:12:22,2017-10-31 00:00:00
ef32bb24f4e81a29a305e5285c8d3d34,90864878aebf8b7456fc25ac866af6ce,unavailable,2017-12-19 13:11:08,2017-12-19 14:24:07,,,2018-01-08 00:00:00
ef524a601004635e7bd1ec43937e961f,cbf6862136b197affc013850088fbfb9,delivered,2017-10-18 18:20:00,2017-10-18 18:37:22,2017-10-19 21:03:00,2017-10-24 20:12:14,2017-11-07 00:00:00
ef53159b7b28df06945b68eb2b65abc1,86b43d0ee7f61f76dda5e430759ae5f1,delivered,2017-12-06 11:06:52,2017-12-08 02:54:19,2017-12-08 22:22:24,2018-01-09 20:23:13,2018-01-05 00:00:00
f0134bd71e6bbd312d86f1f073d60b72,76aec02fc0fe8e71e8903834b520cf2e,delivered,2018-08-16 09:11:19,2018-08-16 09:24:12,2018-08-20 13:56:00,2018-08-23 16:38:51,2018-09-03 00:00:00
f033bcb921f7c09fa9203df5177932c0,1cea141062333aa5ee8a5f68c85e69a0,delivered,2018-02-14 19:31:57,2018-02-14 19:47:31,2018-02-16 02:12:33,2018-02-22 21:13:25,2018-03-14 00:00:00
f05099a928d90c394963b1f0d8360149,511f8f1b15ae846f219dde14f0fbfd5f,delivered,2017-08-16 01:56:09,2017-08-16 02:45:10,2017-08-18 17:42:21,2017-08-21 22:12:20,2017-09-08 00:00:00
f057c0b69a9b64e8579f7873e9d04cd3,841b2848b570367c3e7f73ff6ce67bb3,delivered,2018-06-29 19:31:33,2018-06-30 19:30:19,2018-07-04 12:02:00,2018-07-14 01:10:33,2018-08-09 00:00:00
f057e285395efbc0c032cf9e4ccfd146,a3291b519a23943f436aa7f0b31d5614,delivered,2017-10-10 19:26:34,2017-10-10 19:49:17,2017-10-11 19:58:31,2017-10-17 20:22:47,2017-11-03 00:00:00
f05c1aa49a54cd865ee8ac61c2b15473,0ee9116e24841febd9a2debcd75cdfa0,delivered,2018-03-29 00:21:32,2018-03-29 00:35:20,2018-03-29 22:28:50,2018-04-09 15:26:36,2018-04-20 00:00:00
f068cf7680252cb38a48b6c831c03342,ee94754cc685fccc80e5f9ced9ca9a8a,delivered,2018-03-11 13:02:38,2018-03-13 04:20:28,2018-03-13 17:21:52,2018-03-21 20:50:46,2018-04-03 00:00:00
f071b368fba027eb94d3880678104d50,10b6ca8551febff6407d7331aa0c95e8,delivered,2018-02-28 16:17:01,2018-02-28 16:35:33,2018-03-02 01:15:08,2018-03-20 20:48:47,2018-03-22 00:00:00
f09ab6762312942497f5c45240901ead,fb7481b0cc9f7ef408c625a696cf3e51,delivered,2017-07-15 20:32:39,2017-07-15 20:43:34,2017-07-18 18:38:00,2017-07-26 19:47:27,2017-08-08 00:00:00
f0ef9b99abb2937dd8698615e6c2f909,66aedbf6febb5a9634fc13fc728f9ae5,delivered,2018-02-02 22:08:02,2018-02-05 06:48:29,2018-02-05 22:34:06,2018-02-28 17:36:14,2018-03-16 00:00:00
f103be8682f589d58ea25909ad7d74f9,42ed17dd9dd112b5f482da819af01e08,delivered,2017-05-15 12:01:45,2017-05-15 12:18:51,2017-05-16 13:06:11,2017-05-17 09:32:20,2017-05-26 00:00:00
f1205199f6295174f518734d954e5da3,67dbe5defb9537a94eca5964c22b9238,delivered,2018-05-17 15:46:16,2018-05-18 02:36:19,2018-05-18 16:12:00,2018-06-04 16:36:35,2018-06-13 00:00:00
f1367a0a8fa445363c4e6d5a529db4a5,5d2d4e5c02f22c6a3927a09532d9f163,delivered,2017-11-10 09:11:37,2017-11-11 15:26:21,2017-11-13 17:32:44,2017-11-14 20:09:19,2017-11-24 00:00:00
f15a9d9b458aa040e6c47b6bb2311fb4,37e814aa0b2b15f198064bc42bc5886e,delivered,2017-05-16 21:55:21,2017-05-16 22:05:13,2017-05-18 10:45:52,2017-05-23 10:47:47,2017-06-07 00:00:00
f19aee0ec494fa468b59ae57ea6af345,7bdbb95d68b7d4edfe5fb9173398fdb0,delivered,2018-08-20 07:36:53,2018-08-20 14:11:42,2018-08-22 05:56:00,2018-08-29 18:51:30,2018-09-12 00:00:00
f1b69a785e2f47e44415f46f270f1545,ac689b1fabb72a1bb917134bbf6f0d23,delivered,2018-01-22 12:30:16,2018-01-24 02:35:31,2018-01-25 17:33:14,2018-02-15 13:48:50,2018-02-26 00:00:00
f1be668faf7b301d7b9269d0dcacda99,2d0a0a0cf5486b4ba0c20331304305e6,delivered,2018-03-06 18:38:23,2018-03-06 18:50:24,2018-03-08 12:58:23,2018-04-18 18:48:29,2018-03-27 00:00:00
f20439467653674ebac675290f67e15a,bbb6209ec81e15add72706f298fe88e2,delivered,2018-01-07 18:03:44,2018-01-07 18:31:45,2018-01-08 23:14:42,2018-01-19 00:53:03,2018-02-06 00:00:00
f23681a0fffdb8051c674707c7e912ef,7930549f156eea2b01b0fc2fdd323063,delivered,2018-07-15 02:11:15,2018-07-15 02:25:08,2018-07-16 13:53:00,2018-09-21 23:46:29,2018-08-06 00:00:00
f25e32d51127cbef9f269ecae2c83573,9db4ccd0f8b1b542f5b7069d6bbf27e5,delivered,2017-08-21 13:40:40,2017-08-22 04:16:11,2017-08-23 13:39:58,2017-08-24 17:34:10,2017-09-04 00:00:00
f25ef046203c850005cd4200f7f8c190,5d198c71f07ca2f27163c5f04205e1fd,delivered,2017-05-02 22:12:26,2017-05-03 15:32:04,2017-05-04 15:04:47,2017-05-11 09:51:48,2017-05-25 00:00:00
f29d2e7d66aaf2845c93e1fe45fabc8a,bc7bc166a8bdf0e93d73758882248ba9,delivered,2018-06-14 15:11:41,2018-06-14 15:38:39,2018-06-18 12:04:00,2018-06-25 19:58:24,2018-07-16 00:00:00
f2a5336cc1662ad56b16f4ed6e4b2de5,b0b27c44f7e3d2c6e45d506cbd4a5627,delivered,2017-01-15 17:55:56,2017-01-15 18:05:14,2017-01-16 12:25:16,2017-01-25 10:56:03,2017-03-02 00:00:00
f2b609cb8300d9cf7f2731582909bd61,4107cf3182f56b9dc9ce104c7379434c,delivered,2017-09-20 16:32:20,2017-09-20 16:45:32,2017-09-22 19:11:56,2017-09-25 21:13:48,2017-10-05 00:00:00
f31cf521d461f5b8b5b1456a0448495e,7d9fd47eeb21776ed93f070d71499e0a,delivered,2017-05-28 15:50:05,2017-05-29 21:45:10,2017-05-31 09:07:45,2017-06-07 11:51:24,2017-06-21 00:00:00
f34c3736b33b7d0c9eaaac33ac7b1ba5,1c3d7a65ccd05610b467567d6879a2f2,delivered,2018-05-23 13:19:46,2018-05-23 14:14:23,2018-05-25 07:29:00,2018-06-06 15:06:57,2018-06-22 00:00:00
f36d534d445a4b1a5cef4092573aa1f1,28991726082135ea6a75457c41995705,delivered,2018-03-20 00:36:35,2018-03-20 00:50:25,2018-03-20 22:52:42,2018-03-26 13:38:45,2018-04-02 00:00:00
f37f4d49c3bec3fe208ac7f86a58a97d,81d496ec70b5cbfdd088b86d39d9f078,delivered,2017-11-26 23:02:08,2017-11-26 23:14:27,2017-11-28 00:18:53,2017-12-15 21:55:23,2017-12-22 00:00:00
f38bf6fe56ece7d6029b0c1dfaa00276,debbe37150b6292d513552862564809c,delivered,2017-06-27 14:01:26,2017-06-27 14:10:21,2017-06-28 15:19:34,2017-06-29 14:44:28,2017-07-12 00:00:00
f3a9c397a2fa5a2366b4b96bc15737f6,8282c77cb03f64a929db1f36df79e92c,delivered,2018-02-26 18:45:14,2018-02-26 18:55:32,2018-03-05 20:22:21,2018-03-10 01:21:55,2018-03-19 00:00:00
f3c7adf3b94a38f6822478ff79db46e7,d9709eaebf11e70a175f179d55b42bae,delivered,2017-11-24 02:14:00,2017-11-24 02:29:42,2017-11-24 22:28:36,2017-12-04 21:17:10,2017-12-15 00:00:00
f3da0d205fb8a689ba773b74194ad85c,b4d59456cf6d20c530c51c65e749c5cc,delivered,2018-01-04 08:41:09,2018-01-05 02:36:44,2018-01-08 19:06:57,2018-01-17 22:07:11,2018-01-30 00:00:00
f3f48b527972908a9a5c7f5593eea307,01a1579cd07b292799675eeef1e9561c,delivered,2017-11-24 23:01:29,2017-11-25 01:58:27,2017-11-30 18:15:33,2017-12-11 18:14:54,2018-01-02 00:00:00
f40ef9a47f9670b54b9e350f354795a2,7f34b9bf56cacd4cb15a9c221c7d31da,delivered,2018-04-21 14:57:23,2018-04-24 18:51:22,2018-04-23 19:14:20,2018-04-30 23:04:27,2018-05-11 00:00:00
f425c83fa6d7f497e5f4a1c243401110,6bbd371a1f2217cc0ad1bc185c0e2894,delivered,2017-06-27 22:36:13,2017-06-27 23:04:24,2017-07-04 14:57:22,2017-07-13 21:04:30,2017-07-19 00:00:00
f439741ef3997ceace2e3b92ad169e0b,4c2c68d88b09e3758eeac9a4cbc8248c,delivered,2017-10-16 17:42:49,2017-10-17 17:46:05,2017-10-19 20:00:20,2017-10-26 16:47:49,2017-11-08 00:00:00
f45074ae38f2e01d9b854ec8d40362ff,d036487ffd91aa5b2f21e17f2bb83543,delivered,2017-08-20 15:36:25,2017-08-20 15:45:18,2017-08-24 14:42:44,2017-08-25 18:54:58,2017-09-01 00:00:00
f46423982b1927442355a79e98c8bb29,6a93f59d910079c839072844fe72a98b,delivered,2017-08-23 02:11:58,2017-08-23 02:26:50,2017-08-23 17:04:57,2017-08-29 18:10:20,2017-09-13 00:00:00
f4b85a796ab70afd964c35ac15b29fa4,819cbd55a98fda9364f7241bc8336a14,delivered,2018-08-07 14:56:32,2018-08-08 04:35:15,2018-08-11 07:17:00,2018-08-15 20:48:42,2018-09-04 00:00:00
f4d52c8679d7de408090a7c7ec487cf3,69f17a4b73fc71cfe47dca090919130f,delivered,2017-09-12 12:09:27,2017-09-13 03:26:15,2017-09-13 19:15:44,2017-09-14 16:33:09,2017-09-22 00:00:00
f4d8046ef75f7f0f6cb957b00531b6f6,9fa0823c5a0aa74a619092da448119c4,delivered,2017-08-10 20:14:49,2017-08-10 20:30:16,2017-08-14 14:14:10,2017-08-21 18:15:50,2017-09-04 00:00:00
f4db4affcb95da2a38c0713f619c8313,654111c54075858e34bbabeeb1a1273d,delivered,2018-04-20 17:46:12,2018-04-24 18:56:37,2018-04-23 19:38:20,2018-04-24 20:03:22,2018-05-09 00:00:00
f5306185c917952d794bb6da1280a050,5ccf1c712d44f6ffd2698798916e59ee,delivered,2017-09-16 22:05:02,2017-09-17 01:04:02,2017-09-21 19:55:16,2017-10-03 19:58:07,2017-10-09 00:00:00
f5450c4188fb856ef71d0ccd3ecf673a,cee03fd42fb674365f5af3e609f206d9,delivered,2018-01-12 11:03:05,2018-01-15 08:19:30,2018-01-19 02:16:35,2018-02-06 21:43:34,2018-02-08 00:00:00
f565be42bf5390f6cd98934cc4c17091,d5bb85d2c9324fc7a298992e501ca509,delivered,2018-05-09 15:22:58,2018-05-09 15:51:38,2018-05-16 05:29:00,2018-05-25 23:51:46,2018-05-28 00:00:00
f59ee70148bbdacff5fc0b6d1205252e,4511ae99b6e4a71562a8fff52835d251,delivered,2018-01-22 19:57:33,2018-01-22 20:16:13,2018-01-23 19:12:52,2018-01-31 19:28:35,2018-02-21 00:00:00
f5bce854828285b05f16143027a664c6,6d84c2a1d0700d51abff6b1aa6024a58,delivered,2018-08-09 08:22:11,2018-08-09 08:50:52,2018-08-09 13:32:00,2018-08-10 11:18:34,2018-08-14 00:00:00
f5ce5c20560cb88a5e940f660077ba1e,07d4d7c6584be1dfbea942bd0fe5b9b9,delivered,2018-03-06 12:54:04,2018-03-08 02:11:07,2018-03-08 17:27:23,2018-03-20 18:12:21,2018-03-28 00:00:00
f5ef1b1dc8aed14279eeb0f4b745d887,8d17dadd38588a5614269486646477dd,delivered,2018-01-19 16:14:35,2018-01-19 17:26:08,2018-01-22 17:19:52,2018-01-31 22:09:43,2018-02-19 00:00:00
f60acdf6e4ce0842ce375a157ae600c0,34aeda2e58cb0b208099004f55062cb3,shipped,2017-10-07 19:02:42,2017-10-07 19:14:15,2017-10-09 20:17:57,,2017-11-07 00:00:00
f62fdeb39023106b1bb98bee97a54a87,598906e581679bc9af2e1f1ebaca663c,delivered,2018-03-22 18:19:14,2018-03-23 18:15:20,2018-03-26 21:49:06,2018-04-23 17:26:59,2018-04-24 00:00:00
f64d913f55a51b368d17498f8cdef01d,c777b902d1733ccee3c92bc2c451538f,delivered,2018-01-08 09:05:10,2018-01-08 09:16:20,2018-01-09 20:22:34,2018-01-10 16:32:24,2018-01-30 00:00:00
f654f714b94e829d982e2313f2343493,94c90dd6345dc271e7b76b634f03cab6,delivered,2018-08-16 18:26:45,2018-08-18 02:49:53,2018-08-20 10:09:00,2018-08-27 18:26:30,2018-09-12 00:00:00
f67f6b887c390a91e5077e54f3fb5823,7c6650dbe201ce4be3cb25392966dc3b,delivered,2018-05-16 21:16:14,2018-05-16 21:35:57,2018-05-17 13:18:00,2018-05-21 21:32:24,2018-05-30 00:00:00
f6bce229e7e3fce75cf00f2028efbcac,ca39118cc8dc7a02eaea5bd20ab6fda8,delivered,2018-01-17 20:41:09,2018-01-18 20:33:37,2018-01-22 21:59:20,2018-02-03 16:26:53,2018-02-14 00:00:00
f6d067206524168938aa5ef598260e4c,f70db3370240ee4cf3dc237b7527a1bd,delivered,2017-07-02 20:42:50,2017-07-02 20:55:15,2017-07-04 13:07:36,2017-07-05 15:06:48,2017-07-18 00:00:00
f6dbef2d61321dedc716a1683d7b1509,8091032f392951aa6e5a1933b88ffd00,delivered,2017-04-24 22:16:57,2017-04-24 22:25:24,2017-04-25 14:17:55,2017-05-04 11:04:45,2017-05-22 00:00:00
f6f1f2a565bc0c1d761799e42d923401,410416e1364a0c589538c2c856ec97a9,delivered,2017-11-05 23:10:41,2017-11-05 23:27:09,2017-11-07 19:03:19,2017-11-18 16:22:52,2017-11-28 00:00:00
f6f4791d4e9af576b54789af41c06f23,d555b8d70c02be78fe7f6f59377a8ada,delivered,2017-12-14 10:55:35,2017-12-14 11:17:53,2017-12-18 21:21:57,2018-01-03 17:37:51,2018-01-12 00:00:00
f7057bf47ad8d184d0857bdaee0a1603,bce6c0027c2efdbfcb8ffe58e2c5abc7,delivered,2018-03-30 12:00:06,2018-03-30 12:15:28,2018-04-02 20:56:32,2018-04-05 00:18:24,2018-04-12 00:00:00
f7059c86772ca15e9640e43be7c31fb1,63245dac879daaff3b3a4e5e6f5946aa,delivered,2017-10-04 16:29:59,2017-10-05 03:07:19,2017-10-05 21:53:37,2017-10-09 22:05:05,2017-10-31 00:00:00
f71640d90e6e9a31928e18730dbac95c,9ec3bc2615120af90c75c1cc7bc4fa81,delivered,2018-01-08 11:10:20,2018-01-08 11:16:22,2018-01-10 22:34:25,2018-02-01 17:22:03,2018-02-09 00:00:00
f73eb3272fd7648a3f673c87768d61a3,f474e4ad031e0c93db5b6c0f64da1659,delivered,2017-08-17 07:33:58,2017-08-17 07:45:09,2017-08-18 10:23:56,2017-08-31 21:45:52,2017-09-25 00:00:00
f81bd34ec4dd1f36d89fe966cf87c4d7,a0046dd51e43cf0c76c5acbe045d423f,delivered,2018-08-02 12:06:18,2018-08-02 13:04:24,2018-08-03 12:28:00,2018-08-06 16:13:06,2018-08-08 00:00:00
f826075f4109bb1b2f8d8123b117d81c,2e8baa32dcbd76cc57f3ebc82c29aeb7,delivered,2018-04-16 18:21:46,2018-04-16 19:11:52,2018-04-19 00:14:43,2018-04-23 22:31:39,2018-05-14 00:00:00
f83bde2f77db7c7343f2bd54bb17fda3,0d801865cd313be33b1ffdfac6b41936,delivered,2017-11-29 15:28:29,2017-11-29 15:43:11,2017-12-05 15:43:18,2017-12-18 14:13:29,2017-12-27 00:00:00
f8b40129171baf5eeb5ef5ea1af01386,c2da3910c101b8a7c4e270ae4ef4e5c0,delivered,2018-06-10 14:30:17,2018-06-12 05:36:44,2018-06-15 14:17:00,2018-06-18 23:24:26,2018-06-25 00:00:00
f8edef1bb71dfdec2bc42a061eea6275,64cbaee24bb0f4adad82390b520efc72,delivered,2018-07-19 12:28:15,2018-07-19 12:42:55,2018-07-20 10:26:00,2018-07-23 18:18:49,2018-07-31 00:00:00
f8f5a64c41c130ac24bbdd4421d97f6f,07dc52724b55fe329c0f84c458f48505,delivered,2018-01-22 19:28:16,2018-01-22 19:38:22,2018-01-24 00:23:39,2018-01-30 19:16:19,2018-02-16 00:00:00
f94a0462cf50552772e515493550bc4e,6d57ec6cb7ed54490d99bf28d64aca94,delivered,2018-02-19 13:04:45,2018-02-19 13:26:38,2018-02-20 18:39:04,2018-02-21 20:33:26,2018-03-05 00:00:00
f962d2edc594dccae522feb6446d2104,1f843b666464a2b8e2f0c82b1f4ef82b,delivered,2018-02-26 19:24:25,2018-02-26 20:00:23,2018-03-12 20:25:50,2018-03-14 21:38:37,2018-03-26 00:00:00
f967b3b4e10db096bfc62535abb40d43,d5daf7ae61b3e1e9de715d658bbb0133,delivered,2017-12-06 13:24:01,2017-12-06 13:34:23,2017-12-08 21:38:41,2018-03-02 15:15:11,2018-01-11 00:00:00
f9738bd11e7b55e079a85fd057acf232,51a4c0fe0a21d5eeba0b60a0de272051,delivered,2018-02-04 11:16:42,2018-02-06 05:31:50,2018-02-07 23:08:40,2018-02-20 19:38:06,2018-03-13 00:00:00
f988dc242c742c1dfde32b24032b8fb3,00788705370da606e9f8390258b9e977,delivered,2018-01-06 10:38:43,2018-01-09 07:20:02,2018-01-09 17:29:34,2018-01-16 23:23:13,2018-01-31 00:00:00
f98a06b99cbcc7caef174bc5efa78a31,4a6c652e42562190c75405da10f1fdf2,delivered,2017-09-10 20:13:24,2017-09-10 20:25:27,2017-09-12 23:32:19,2017-09-27 22:42:32,2017-10-05 00:00:00
f9a6aec1708cd20b564a6b2a29ed2290,df72728563c0a348eed0e450e9e8c2b7,delivered,2017-09-27 07:26:22,2017-09-27 07:49:07,2017-10-04 17:38:26,2017-10-09 18:52:57,2017-10-17 00:00:00
f9af701b20215d529fbc24a4884ccf73,d95597cf8fd578a1e0e09891c81afbd6,delivered,2018-01-15 14:27:12,2018-01-16 03:40:05,2018-01-17 17:13:19,2018-01-31 17:13:00,2018-02-14 00:00:00
f9e3b033a477076e2b9e014a852af668,e341b3f8d88fc48a56221bacbe1d7e55,delivered,2018-01-25 12:09:32,2018-01-25 12:19:09,2018-01-26 20:46:42,2018-02-08 15:23:10,2018-02-19 00:00:00
fa1504a98e3482c59bb07d3024a15b14,1142984916495fad0d7693eee6007457,delivered,2018-08-14 16:25:29,2018-08-14 16:44:18,2018-08-15 11:45:00,2018-08-16 18:48:48,2018-08-17 00:00:00
fa1885a7cb632c832c660cc710bae77f,911ddd6a22200fb5be95414c01dbab72,delivered,2018-04-08 13:05:22,2018-04-10 04:10:53,2018-04-12 16:41:53,2018-04-19 00:33:08,2018-05-14 00:00:00
fa200e49cb5e3ae19cde414d9d9161d4,8c249a8270e7388f730eba7a657c2318,delivered,2018-08-18 15:35:12,2018-08-18 15:50:08,2018-08-20 15:29:00,2018-08-23 16:35:34,2018-09-11 00:00:00
fa2211e05a1ebb8eedfa015e5d6d7957,62a91310a7666cefb5f7275f731338db,delivered,2018-05-22 15:11:07,2018-05-24 02:18:31,2018-05-24 15:37:00,2018-05-28 16:08:04,2018-06-04 00:00:00
fa3d745324c8a96e112e217b025689f1,ac1a389528fe61d073b809c5cd02d95a,delivered,2018-02-05 14:38:57,2018-02-06 15:56:02,2018-02-10 14:27:04,2018-02-19 16:04:36,2018-03-13 00:00:00
faed4646f30cd940f469d0dfb42c4b29,11606ae54baae4efda562f7c8c14b46d,delivered,2017-06-19 10:09:48,2017-06-19 10:25:08,2017-06-21 18:24:29,2017-07-03 14:44:35,2017-07-17 00:00:00
fb2e0a2eb0a7cd9fc655c3fdda628acc,cfebfc0e3c40c12fa6153e1e76d2685c,delivered,2018-07-30 10:17:54,2018-07-31 10:31:06,2018-08-06 10:46:00,2018-08-14 16:27:35,2018-08-20 00:00:00
fb37b4e097b850ea9b2a568362742d10,52f35df64db924db0b1efdf93f4ac0ed,delivered,2017-12-19 20:53:41,2017-12-20 06:58:30,2018-01-11 15:32:59,2018-01-12 21:57:14,2018-01-08 00:00:00
fb4ac2c3fe6b4c0499e23ecf1cd6a462,b110f265a26913195d6915ca99f96262,delivered,2018-03-14 17:58:16,2018-03-14 18:10:34,2018-03-16 22:39:45,2018-04-09 20:37:56,2018-04-03 00:00:00
fb52c1aeadce7c26d4c57e429909eab6,b0c1aafff555304981f80c9447e70fda,delivered,2017-08-30 21:25:43,2017-08-30 21:35:18,2017-09-18 18:24:49,2017-09-26 16:28:52,2017-11-13 00:00:00
fb7a9e3e0ff0d94790b472206462f2de,cec58a230b3feb0e56a802540eb8b28d,delivered,2017-06-15 07:42:43,2017-06-15 07:50:14,2017-06-19 14:56:01,2017-06-19 18:46:44,2017-06-29 00:00:00
fb87fe28380004e9d6ddcc862b23a82b,ce5c8c732842b0d9dd8b950e9d70358e,delivered,2018-02-08 14:10:22,2018-02-08 14:29:12,2018-02-16 00:55:09,2018-03-19 17:08:54,2018-03-16 00:00:00
fbd8e4b53b733986be42e401224bd99f,26f58d252e67e195ac5c4cda3c7c065f,delivered,2017-11-11 16:16:37,2017-11-11 16:48:41,2017-11-17 20:58:24,2017-11-24 21:56:46,2017-12-08 00:00:00
fbf5bc2dbcebfcaf6cd32cf61a87e28c,c4da03f92024bc6f58a152fc2160242f,delivered,2018-02-27 19:17:20,2018-02-27 20:00:28,2018-03-01 22:09:05,2018-03-02 22:33:27,2018-03-14 00:00:00
fc10f44eba425f75f88abffef84186e8,0ea8cb0fd92fb311cd7cac1299c91589,delivered,2018-01-17 15:52:42,2018-01-18 02:11:51,2018-01-18 18:56:54,2018-01-23 17:45:06,2018-02-07 00:00:00
fc504e55e65297119164294412b4635a,357e87b35149a16a798b9fc374d3a22b,delivered,2018-07-18 19:52:34,2018-07-20 05:05:16,2018-07-20 15:43:00,2018-07-30 21:33:36,2018-08-06 00:00:00
fc9d6087c02b8f60e1a365a3b6ae786e,77aee2eb8ffa237d57591d6dda952a8e,delivered,2018-01-11 11:23:09,2018-01-12 02:37:59,2018-01-13 01:07:01,2018-01-17 15:23:04,2018-02-06 00:00:00
fcdcf0cd9b77731f38b0c97a27038042,0d4ed3c9d48b373888a0eb3fc96b77d9,unavailable,2017-07-06 21:54:54,2017-07-08 03:23:22,,,2017-07-19 00:00:00
fcf9b8fad0bf8c9ebbe6ac43a434d0d9,38488c59ca50203c33c42971cb795edb,delivered,2017-08-04 11:17:00,2017-08-04 11:30:14,2017-08-14 15:58:16,2017-08-28 20:07:31,2017-09-05 00:00:00
fcfb5461769cc63d4c83cc3dd5c2ec55,23ab8595a676de7f50c83385883977e5,delivered,2018-08-04 09:49:36,2018-08-04 10:55:10,2018-08-06 15:30:00,2018-08-10 13:09:35,2018-08-27 00:00:00
fd74a95ccfea489d33e78d0c076a640f,75b825be7ed48b117b651c8f0346ab4b,delivered,2017-10-15 14:55:23,2017-10-15 15:07:12,2017-10-17 14:58:06,2017-10-26 18:18:11,2017-11-08 00:00:00
fda462df0b5a0cf1f8316eabeb9525b5,6e4240128fc3c9e110f429b72a92822f,delivered,2018-04-25 09:28:02,2018-04-25 09:35:31,2018-05-02 14:51:00,2018-05-03 18:48:23,2018-05-09 00:00:00
fdc0c4c2efc395cf5b80b60f573097cd,d691e507881083888d101b80911604bf,delivered,2017-11-08 21:35:07,2017-11-08 21:50:25,2017-11-10 20:28:57,2017-11-23 01:58:48,2017-11-28 00:00:00
fdcca0e15a4d03e3fb89fb14664a3744,58ee086556a160d66dc3f6d43b4efcc3,unavailable,2017-09-11 20:02:08,2017-09-11 20:15:25,,,2017-10-02 00:00:00
fdef371165dea256526258defc0b326d,a3e5361f7c25968ead0d78b66da9d20a,delivered,2018-06-27 12:05:04,2018-06-27 12:33:28,2018-06-28 15:41:00,2018-07-02 17:12:56,2018-08-02 00:00:00
fdf0de381108943ba5c28f2ebce00782,0fe123899f3b5e1552eb5dea4d9d2283,delivered,2018-08-22 13:58:43,2018-08-22 14:15:14,2018-08-23 14:17:00,2018-08-27 23:11:51,2018-09-19 00:00:00
fdf6635fc014c7f771754eefe24ff684,d204659d7a7e5e8d95820be143be3acc,delivered,2018-01-14 18:50:16,2018-01-14 19:09:18,2018-01-15 23:39:49,2018-02-02 02:50:58,2018-02-14 00:00:00
fe05d1b3e709ca154c9f1377c91f6b05,fdd9327630579a54d51465e9cae41a9a,delivered,2017-10-12 20:38:14,2017-10-12 20:49:32,2017-10-13 22:48:50,2017-10-24 22:27:56,2017-11-01 00:00:00
fe1466a3d7546b7ae29bcd953b472339,06e663beae776e2f679ae6d7ccfd222e,delivered,2018-04-02 07:06:21,2018-04-02 08:29:02,2018-04-02 18:56:33,2018-05-16 19:55:39,2018-04-24 00:00:00
fe451ba1809fbc234c68216803496d39,b809f3ddc7909525d24c851b9582cb47,delivered,2018-01-08 23:26:52,2018-01-08 23:36:21,2018-01-16 01:19:41,2018-02-06 19:39:49,2018-02-14 00:00:00
fe52796ecc672e9bd061049987e19829,af5b5730fdb743bb121c1b8894d63bb7,delivered,2018-08-09 18:12:13,2018-08-09 18:25:15,2018-08-13 14:17:00,2018-08-21 17:46:38,2018-08-27 00:00:00
fe6fc04c1126046e3f641fee9303d4cf,e148f151e0fff5b53a940a0b8a0b9b45,delivered,2017-03-27 19:57:29,2017-03-27 20:05:39,2017-03-28 12:25:01,2017-04-07 13:13:47,2017-04-18 00:00:00
fe99f8be754e8a75c4201c7156bd99ee,829bef4f2034240ba8baa923960704f5,delivered,2017-06-02 14:32:06,2017-06-02 14:43:00,2017-06-02 15:17:29,2017-06-09 17:22:45,2017-07-07 00:00:00
fea523ebb7e205d346f445544e0a18fd,fbf15dd7058613351fcd0f821a222933,delivered,2018-08-17 12:46:57,2018-08-17 14:15:18,2018-08-17 13:35:00,2018-08-24 22:12:54,2018-09-05 00:00:00
fea563d194760a0737be8bff36ca8c40,495a5765ce04283cae03e31b63355cd4,delivered,2017-06-10 18:27:07,2017-06-11 18:35:09,2017-06-12 16:48:49,2017-06-19 18:14:40,2017-07-05 00:00:00
feb4e69949791cedc24d210212eb73ce,99a24036cf2d3673ae33a0c9399d4834,delivered,2017-08-23 18:31:06,2017-08-23 18:45:27,2017-08-24 18:39:08,2017-09-06 22:23:52,2017-09-27 00:00:00
feff6425f4657f07071d4e5c52cb97af,301ba01907a5eb0b500c272f8a7080c7,delivered,2017-11-13 17:36:45,2017-11-13 17:47:11,2017-11-14 18:58:06,2017-11-24 20:58:46,2017-12-01 00:00:00
ff2ea5b20dfaf42bcf891f8aea31542b,32e84e30a72593d42adf2608dcdc3921,delivered,2018-02-02 10:04:32,2018-02-02 10:16:08,2018-02-02 20:58:51,2018-02-06 18:28:42,2018-02-20 00:00:00
ff5912414bd207006a7af78477de9733,67488e8cd4c4cd4b21118b03fc4bf6f6,delivered,2018-02-20 14:19:01,2018-02-20 14:30:45,2018-02-21 21:23:16,2018-03-07 16:46:31,2018-03-16 00:00:00
ff632bc583a94f23c59db4cbaa0ba2ab,0214d81e1cb90cf47f40f5345a1a6c08,delivered,2018-05-09 22:23:41,2018-05-09 22:53:41,2018-05-10 19:05:00,2018-05-21 19:03:44,2018-05-17 00:00:00
ff7cbd73d6ce84294d3d40ec1a7e12f3,8c52d6913768a05524e8eacbe70a2808,delivered,2017-05-19 20:35:45,2017-05-19 20:45:20,2017-05-26 11:44:42,2017-06-07 13:39:19,2017-06-29 00:00:00
ffc5d47e40567b5f153d5cd17138eb89,6a259f105654c36924187507b16c4a04,delivered,2018-05-21 09:15:31,2018-05-21 09:36:59,2018-05-21 14:44:00,2018-06-24 17:28:45,2018-06-08 00:00:00
