review_id,order_id,review_score,review_comment_title,review_comment_message,review_creation_date,review_answer_timestamp
6f3eb43ec2f5092cf04c8d705864a8ac,f3a9c397a2fa5a2366b4b96bc15737f6,5,,,2018-03-11 00:00:00,2018-03-14 00:38:50
a34d2c4ace97245460e240e07db0212d,9cd3b6a2b07667e425975a219b4fc382,5,,,2018-05-15 00:00:00,2018-05-20 13:57:26
5c37d7ba6ef2f031c34bb4fda3454018,bbd1b9ebbc5a09d51caaa2d10e0f93b5,2,,Demorou de mais pra entrega ,2017-12-17 00:00:00,2017-12-17 12:14:13
072aa82842434b050889c89a33c699a7,f1367a0a8fa445363c4e6d5a529db4a5,3,,,2017-11-15 00:00:00,2017-11-16 08:47:52
a0adf7a439816b22050d6bf433cbbff6,15c8f741c0b7deafafea8af0f7bb6852,5,,"Produto bonito, entregue bem valado e dentro do prazo. Recomendo!",2018-04-10 00:00:00,2018-04-13 11:04:52
1b76e88159db434a903b2f6ce68e2c6a,c87cf593c8c9e0e59f1039a2bb8e5d44,5,,,2018-08-15 00:00:00,2018-08-16 12:59:51
557d0e6fe3a03460bb041cd5b3f7427d,adde6f841dc05dfe3899ed053001e5bc,5,,"Sempre compro no stark e sempre sou bem atendido, site eficiente e produtos de ótima qualidade, recomendo a todos podem comprar de olhos fechados! ",2017-05-24 00:00:00,2017-05-24 23:06:01
4292f07bf6cb46aa563a430e6d9cf10b,7ec4063a8ed5b8e7ab1b7bdd7951ffa9,5,,"A entrega foi realizado muito antes do previsto. 
Bom produto...estou satisfeita",2018-04-20 00:00:00,2018-04-20 11:17:21
ddda0fa55fc550a8f14f6ae00652fcf9,bef6f136b891658b2b57851b5afb5c99,5,,"Produtos otimos, entrega rápida.
Super recomendo!!!",2017-12-22 00:00:00,2017-12-23 15:49:01
4fa8392da03c452f77faa3f2952fa346,0bb77e62d791c3e5b009815ac19825be,5,Bom ,Muito bom mesmo!,2018-05-24 00:00:00,2018-05-26 15:55:48
2afe3bd43d00fe8743d030db08906ac8,c77e3aa4caf8e752789d9b7ce1caf352,5,,,2018-03-15 00:00:00,2018-03-15 12:23:46
1eaf9c9223fcb221f246741e05d75399,83ce09b55f29086739212db0e38aaca1,4,,,2018-02-18 00:00:00,2018-02-27 16:57:53
2eeefc4cf6ad9a0a7c708ad556dc1947,c39345e6efbb71413c9fc98a3dc1a4c5,5,,,2018-05-09 00:00:00,2018-05-17 23:49:49
a68b5b20f860f7904fd5486d3a2d5173,ac4b7ecdaaa68d5c37e626e9a1f49005,3,,,2018-05-25 00:00:00,2018-05-25 11:06:00
7ea98afafdbe948b63e8007a5cba824c,723f4709e0dc0b2fc27c8d68792c2ba6,5,,,2018-05-08 00:00:00,2018-05-10 20:10:26
90ee8065d229642eab9c2ffe3b33b91d,e95cac7e9ed8e477d726d47f72f420c6,4,Boa,"Recomendo esta loja entrega direitinho
",2018-05-16 00:00:00,2018-05-16 21:37:47
62a46fc83383b0146249fc7345d00c2b,2e509a0f39264c5e18d820911b16990e,5,,,2018-07-25 00:00:00,2018-07-26 21:22:23
db64106aff6c7180cb841937f43f5f44,208215ef3138230b69b97f3fb415e9bc,1,Entrega atrasada,Ainda não recebi o produto...,2018-05-24 00:00:00,2018-05-25 01:27:45
1f5aa5d7c3ee7895e4d223797b5a5f2d,c79bdf061e22288609201ec60deb42fb,5,,Tudo ocorreu de forma eficiente,2017-05-10 00:00:00,2017-05-12 00:58:11
0090eb2a29946f932f1f7af8cbbcf9c0,d65342a5836898c61a3ca324c2226927,5,,O produto chegou antes do prazo e em perfeitas condições. ,2017-10-30 00:00:00,2017-10-30 18:37:31
15686e0544ebe0a2c5c5dcbc20e84432,50a58980b691ff7dee971df1e77476e6,5,Bom,,2018-06-28 00:00:00,2018-06-30 20:24:47
cca1f09408bb9c03ccc236339d4b2c61,21c71f62d2554e1ad6c8ba9dc7af2c62,5,,,2018-01-04 00:00:00,2018-01-07 05:25:32
bd641140d7eb41325f8b2f1d22c41c5a,ad6aec326fc31e34aaa0ff7ab3788c43,5,,,2017-10-18 00:00:00,2017-10-19 11:55:19
03b3143cc596bb50864988b76106a418,7551a449a88847c6b76206cc5fbe5993,3,,"As bolsas são lindas por fora, a cor é bem próxima da foto, mas por dentro não tem o forro da descrição e o acabamento deixou um pouco a desejar, no mais a entrega foi super rápida ",2017-10-28 00:00:00,2017-10-28 22:08:06
b42955e5003fa4e9449770fb8b50d30d,1f186ad4ad389666cd9482ce1942038d,2,,Demorou mas entregou!,2017-10-01 00:00:00,2017-10-02 06:10:08
771654d19b26b9108952856b225ad105,4703440eb9289d3769819920e98ec061,5,,,2018-02-15 00:00:00,2018-02-16 01:50:41
a0eea85aa0ca529a082648ea37681a5e,4f4cdcc0b6af1eb7d23872ddc92b5d05,3,,,2017-10-20 00:00:00,2017-10-23 11:03:00
71d6d02f57622797c1e7748b1d25f478,3b336014b6a2b0774fb872f338dab7a2,3,,,2018-01-21 00:00:00,2018-01-23 23:20:39
98d7f3c22274e12f342deac7430d9af0,0f7477abc25a26f58ebc0d00d2a7cde5,5,,comprei num dia e recebi no outro e a mercadoria é excelente!!!,2017-09-21 00:00:00,2017-09-21 21:28:42
83796cb2312caca571fe0261e148e1df,72096fec7f0a5c65db72ae549c086803,1,,O produto enteque veio Errado ,2018-03-20 00:00:00,2018-03-20 23:21:00
23342871d2c6f17002db4c7f082ba20e,ebd33d4995d183ba4c6ed1e273816aa7,5,,,2018-08-29 00:00:00,2018-08-29 22:12:46
09716d4181bad94853a76b357eaf3202,e4223b96432f4984fc69390438d80861,1,,O película de vidro veio com defeito e não estou conseguindo resolver o problema.,2017-10-10 00:00:00,2017-10-11 20:29:39
b703764760e6e5d534a8940a12fca101,2b49d60af10ea7e2443376987ec8a184,1,,"Só veio uma capa comprei 3 aí paguei. Mais de 100 reais por uma capa
",2017-04-11 00:00:00,2017-04-14 11:02:46
d43a314cbbe003bee49ac179616c060b,ed9ffbb3fee532270f819cae7e6a87eb,5,,,2018-07-06 00:00:00,2018-07-09 13:20:11
985e48b93ee65708e73e0d29b1bde5ea,43101ee6b066954af2c1074445d240ec,1,,Não recebi o produto que comprei e paguei. ,2017-08-23 00:00:00,2017-08-23 23:36:50
a3103aa893826c0bdb8fbe44489f0045,58ac90861e40974e190198a79144f7d0,5,,,2017-06-13 00:00:00,2017-06-14 02:58:09
bb3ad18fb8d869094112f04b6dca36a0,6363b59d2e7f542672e0f11910c0c708,5,,"O tapete e muito lindo e material muito bom, super fofinho. A entrega foi dentro do prazo, so o embrulho que ele veio e que assusta e tao pequeno que nem parece que tem um lindo tapete dentro .",2017-07-26 00:00:00,2017-07-27 00:16:17
b86f3c3a03861f6d8230146bc6e36c52,e29cb1f5fe7801584de0f49a7423dc2c,5,,,2018-04-28 00:00:00,2018-04-30 15:12:43
541c9d54f43630b967b9e28a7f439a5b,34c109afdbe68c271dced774877af8f3,5,,,2017-06-17 00:00:00,2017-06-18 14:00:58
7202552ad5fe46807e2a4b24358b2ed9,dfb37d2ceed290c718d7778273ba8b4a,5,,,2017-08-29 00:00:00,2017-09-01 01:11:23
2d754171e0710717a23e9e24f57bc60e,c111660003fe3dd242a376599653b22a,5,,,2017-11-02 00:00:00,2017-11-03 00:03:17
d48d8cf67fee1056aef5deb18770de55,00254baeb6c932b0a8aeead91fbd02b5,5,,,2018-05-31 00:00:00,2018-05-31 23:19:37
ea022eba0e8a99f752bbfb1eeb23182f,c1c46208ebd1440f4da5b7197c544d6c,5,RECOMENDO SIM,"ASPIRADOR MUITO BOM, LEVE E FÁCIL DE MANUSEAR!",2018-08-28 00:00:00,2018-08-31 20:47:46
7e07e6095cacf11f3f5f1f21127d5aa1,e7b87b156cde9f1d3a765da80d093d6a,1,,"Minha compra veio pela metade , comprei uma capinha de celular e uma película de vidro somente veio a capinha a película não veio ",2017-11-15 00:00:00,2017-11-15 03:37:54
5c19d0e94f8947055798303ffd6effe4,e2d5b94a4565c77d5c35af59bb8eea79,5,,,2018-08-07 00:00:00,2018-08-07 21:00:10
bad6a5d27793fde8cc5d214ea5cb1ffa,96eb9d1d1588412109dae29e68f86e86,4,recomendo ,,2018-06-08 00:00:00,2018-06-08 20:34:20
2d4a62bdd62489593760f4197a56848f,c0ab546d7eeab2e210dbc49084319e46,3,,"O produto chegou. Porem a embalagem estava aberta e em um dos braços da cadeira o encaixa do parafuso estava quebrado . Fora isso, o prazo de entrega foi bom.",2017-07-21 00:00:00,2017-07-24 16:46:10
f2ef17ea539f3da77a01144db79e3d0b,394ff86ee81814bb5f88c7e8ad2812b3,5,,A compra foi feita e entregue no prazo. Recomendo a loja e o site da lannister.,2017-11-30 00:00:00,2017-11-30 15:25:36
637bcba6669f1b87fa078c4caf8fd6bc,79f0fd0747eee58c3980cc9cdb2afbb1,1,Horrível ,Comprei uma coisa e me entregaram outra e não consigo fazer a troca e não consigo falar com a central !,2018-05-17 00:00:00,2018-05-20 20:16:06
f2b6e5ff37958fcc8a88a15fb2c1354b,316c859aa0c2b794a3db879c5eb09153,5,,,2017-12-28 00:00:00,2017-12-28 21:25:33
84ec94f1a6a986d840ad97912dadb67d,2f2c7830ba7d481daf04619aafd7878f,5,,,2018-05-23 00:00:00,2018-05-24 03:04:25
3e28b02b957217fbba2c0450fcb6b089,c6d222a38df267553737a56da260cca3,5,,,2017-12-15 00:00:00,2017-12-18 11:11:19
135b9d12a59df9250b9dad9b95a36a9f,808ecdee681597379a39d3697c8b28f1,5,,,2017-05-27 00:00:00,2017-06-01 15:48:58
f197a73dbd25cd32f9049fcb1a62ad06,9ae0aced36093f0e2cb7510c20b7ffc5,4,,,2018-05-22 00:00:00,2018-05-23 11:46:09
2063f2d670fb93e74e2a2bc3b7cad22f,94ed99124b4c0ee155fd9bb057a14c2e,1,,Simplesmente não recebi o produto,2018-04-08 00:00:00,2018-04-09 11:19:17
0b6f2f6cac537d5db8e3eb69bc6f976f,f25e32d51127cbef9f269ecae2c83573,1,,Meu produtos veio errado ,2017-08-25 00:00:00,2017-08-26 02:16:27
8c99a11bb6272674982bcc7c2be4b42d,5b67d5593db6802b11d266e3c4d0e0b1,5,,,2018-07-25 00:00:00,2018-08-01 17:41:20
47a9e6e1a6807dc6ebcb3db41d09a60c,a041155864e5141116458291313b35c2,5,,,2016-10-26 00:00:00,2016-10-26 22:59:11
3013ce02ae11a95e448f65132aeb6f89,7b20d43785c16252f51ca77bceaa5ea0,4,,,2017-08-12 00:00:00,2017-08-14 23:37:58
d67800fc498d015fa42729e1dba7de9f,d5de523ef823dfdb68b1509abd0f64f2,5,,,2018-05-23 00:00:00,2018-05-24 10:12:37
6d9f34480d47d5ce03ef8e04f32c94ac,75b7d764765f4cf3a5f03e7f3f35319f,5,,,2018-02-02 00:00:00,2018-02-02 22:04:52
eb8e4184e26195e3df96b3cb4e5fd751,13fc19d5bc2bd52fce8baeb3f31e5dd6,5,,,2018-07-28 00:00:00,2018-07-30 16:48:32
22f16db423440e25895cd92f99e876a6,c23cbe2fda508079dda241b040935e11,5,,Muito bom mesmo!,2017-08-09 00:00:00,2017-08-10 17:26:41
c14aff560aaa7429de72873ab0b06f13,bd4ce88d696959198a72416bd32be0ca,5,,,2018-01-16 00:00:00,2018-01-21 11:56:07
3c1beae1f38a6fa9564ea8bfc05575dd,d2a0cfdf8f3b718afce8a4b9d943614a,5,,,2018-04-06 00:00:00,2018-04-09 13:08:39
e40ec5125c4e5e9d4156573429db256a,88d7788f2c5eb4f76ca8186a46e03fd8,5,5,"que bom que tem empresa séria nesse brasil,
e temos que confiar que o brasil tem jeito sim!
é como empresas tipo lannister que nos orgulhamos de ser brasileiro. eu a recomendo.",2018-05-12 00:00:00,2018-05-14 14:20:59
ca6e6a645ffdfbadc14e5de7f985872f,cb303a906d3da8596487dc9de116fae8,5,,Muito bom,2017-12-27 00:00:00,2017-12-29 19:40:05
d42337e6a3c87e5bf5935374a49c5a3b,4fb22a6181117d7a0532aab46cef0e03,1,,Ainda estou aguardando o produto.,2018-04-11 00:00:00,2018-04-12 00:27:50
f84cf1ac03867081ae7fe2b54d87cd97,22ea5431233830227f077473a051d55d,4,99,"Foi entregue antes do prazo, continua com este ótimo atendimento
Abraços",2018-05-19 00:00:00,2018-05-20 12:06:23
3242cc306a9218d0377831e175d62fbf,9c5bfba7de6a4abbb6ba0baab78d1622,5,,Ótimo ,2017-07-21 00:00:00,2017-07-22 01:06:37
7cdc38c51e3d0acefd5976d4a01d11dd,a98012aa8c697f2bcff9f8c2183e0f2b,1,O pedido chegou faltando ,"O pedido, não chegou com a quantidade correta. Faltou o Suporte De Peito Cinta Peitoral Para Camera Gopro Go Pro, faltou um Adaptador Conector P2 Macho P10 Femea Estereo Microfone sendo 3.",2018-05-19 00:00:00,2018-05-22 01:32:42
6859557b23fa15103b5694e745dc32f3,70613a4d0fcc3ad95dd80f90a7d05a59,5,,,2018-04-27 00:00:00,2018-04-27 22:29:00
6c035933a41f17dca6d63bd5ff03291f,8603de8fb5551ed7faf81d2a31b8bf0e,1,,"Essa foi a pior compra da minha vida, comprei dia 11/6/17 para receber dia 05/07/17 e até hoje não recebi e ninguém me ligou para dar uma satisfação. A pior comprar da minha vida.",2017-07-07 00:00:00,2017-07-09 15:32:37
a930a3f9b8c51fa9f1d04a1acd073392,3ec8d477ad3b18290ba325fecaf053f3,4,,,2018-03-09 00:00:00,2018-03-12 12:08:12
68524fa982e8d52e5546fd88c8330101,70f357cca87c1162357bf3c0a993cbe5,5,,"São um pouco pequenas, 5,5 pol, mas o desconhecimento foi meu. Os produtos mostram a que vem e tem um fio de corte muito bom. Está sendo bastante usada em meu estabelecimento. Recomendo.",2017-09-13 00:00:00,2017-09-21 23:54:17
b81b6fd1169f65bd6eb77802ae8c30fd,f31cf521d461f5b8b5b1456a0448495e,1,,"Comprei dois pneus, paguei dois pneus, pedido efetuado e pago de dois pneus. Recebi em casa nota fiscal referente aos dois pneus, mas só um pneu dentro da embalagem.
Aguardo posicionamento à respeito",2017-06-08 00:00:00,2017-06-08 11:35:02
f3ffaddec4f8079d58b476a5c878455f,33b50846ef5349564b8be2af1d6000aa,1,,"Deveria entregar na minha residência como no combinado na hora da compra,
Mais infelizmente eles enganam o povo e temos que perder uma hora de trabalho para ir retirar mercadoria na Ag dos correios..",2017-09-27 00:00:00,2017-09-28 12:14:17
2fbea3a039ed09b955db5e715c132f33,dbe5b409519c5dfb85b5b0955913e5af,5,Produto conforme anunciad,Recomendo lugar seguro para compras,2018-04-26 00:00:00,2018-04-26 22:15:31
9a5ec2db7c2fa564a84d730784607a3a,24d2a265bbb8e667b3482b868457b7d6,4,,,2017-10-21 00:00:00,2017-10-23 19:34:28
49569077f66bc9767b7ec9a050b0d4c2,3296617b0f860015465b3259c42115b2,5,,Ótimos produtos preço bom,2017-12-05 00:00:00,2017-12-08 10:33:06
0da4769bc08a439775d3d4aae652a851,7699e05f3c451052397a0248cf24a821,5,,Produto top,2018-04-04 00:00:00,2018-04-05 02:40:27
380b841eee47f391e0d3fef0a38620b7,03cfff56e65677083384243927b9915f,5,,,2017-02-23 00:00:00,2017-02-23 03:47:14
2672e6c52505d5a2fe675ff2fc14efd7,38f4de107b2ebaed574ce9233ad3f261,5,,,2018-01-31 00:00:00,2018-01-31 23:36:13
f4278962fb382fd77dbef9b88d651d20,b6480a468bd89b1732a3e73ba16a270c,4,,,2018-05-17 00:00:00,2018-05-20 11:31:56
24146125002be3a02faa24d7fbce2c3f,f19aee0ec494fa468b59ae57ea6af345,5,Assim que tem que ser,"Ótimo atendimento, gostei",2018-08-30 00:00:00,2018-08-30 22:55:51
69d15bee0def147b84be737b0cd1b72f,f3da0d205fb8a689ba773b74194ad85c,5,,,2018-01-18 00:00:00,2018-01-21 10:29:50
38b8cd4661585874565ab951bcfade3e,1fe7938fdd30309ca9b8628091e0dcc4,5,,,2018-01-26 00:00:00,2018-01-27 00:38:21
d308b295a616edee20832276ec5b6a0a,9fc1cdaa591d198154efdbf0e8e33712,4,,,2017-09-27 00:00:00,2017-09-27 22:45:21
1cdc078efbe0deab5aee78e5710a1b4e,b41a16657a96770a0b3e233b13555502,4,,,2018-02-21 00:00:00,2018-02-23 05:33:20
313ffc0ac1cb1ccf608204972203ca89,6811f439ad8873c28f8e1138e02229a5,5,,,2017-12-20 00:00:00,2017-12-21 07:37:30
aad4fe10234f66b2c3711acedeb8e4d9,c2be39a9987d992896de790f005d1bf4,3,,O produto ainda nao foi entregue!!!,2017-10-07 00:00:00,2017-10-09 10:09:35
45bc8c8cad9e508f40d7c29279e0fde1,18566c7a35287580c5ae220d2e5c84f4,1,,Não estou satisfeita com essa compra pois deu que foi aprovada e foi descontado o valor no cartão de crédito porém não sei porque cancelaram a compra e não foi devolvido o valor.,2017-11-03 00:00:00,2017-11-03 02:46:07
611f4513c08db9c3a0c08a49123c19c8,f7057bf47ad8d184d0857bdaee0a1603,5,,,2018-04-06 00:00:00,2018-04-06 04:15:17
f2fa4b4ab1dbe6d8a53b9a1e0c4ec8eb,8bef37e0a778afcdf32118f376beb9de,5,,,2017-01-31 00:00:00,2017-02-01 10:20:31
e60acec46fed601eb4601f3c8c6cf25b,93cb3576b5e361f46b9a9f1720a3eb06,4,,,2018-08-08 00:00:00,2018-08-13 13:47:28
95399a27dc215037858359ac0188bb27,ad87f982d1ef40d7a0bc339828e35616,5,Reconendo,Recomendo recebi tudo certinho no antes do prazo.,2018-08-07 00:00:00,2018-08-07 19:04:01
ac0063df415e84dc86dbec182ac6c068,c94380d457c5b733057185e23d14b4ed,5,,,2018-01-30 00:00:00,2018-01-31 15:58:44
56749116d928cc62024255bc75351861,442dccfb1443cb7035f2b7810f974dd9,1,Até hoje não recebi ,"Fiz o pagamento, já faz mês e não recebi o meu produto, estou indignado pois dependo deste para atender uma pessoa que precisa ficar constantemente com uma central de ar ligada.",2018-05-05 00:00:00,2018-05-09 11:18:22
246776381ff0d1bd5eeefc4d3e717242,6a333077739385e594ea01b12faf9323,5,,Cumpriu o combinado ,2018-01-21 00:00:00,2018-01-22 20:47:01
7bfa670b60e02b8fba398d5293c60bf1,0ffaba549f161074760e4d3802fe8641,5,,,2018-05-22 00:00:00,2018-05-22 22:56:39
a950d6e11311c0bbcced368b8960fee0,48b20e2450ca3aafee885610dadf7f1f,5,,,2017-08-17 00:00:00,2017-08-18 03:40:40
9dee821739913a7c7194e655c6ee60b2,457afd8c764234eb93f7a25268578440,4,,Erro erro,2017-09-24 00:00:00,2017-09-29 00:14:42
7e171847195aa5ddbdbc5b559628a9ad,dbb2c9fcb812c0eb6a8b856435e484d7,1,,,2018-04-19 00:00:00,2018-04-19 21:13:51
cf98a43c043845dee2151c1514b02e77,5b8dcad724fe4568d2615017c056e69b,1,,,2018-08-18 00:00:00,2018-08-19 19:47:50
ccc1070eceb73ca9e7bbca1a79832033,fe451ba1809fbc234c68216803496d39,5,,,2018-02-07 00:00:00,2018-02-08 23:36:03
47f49b650cf62f7e965c83c22210cad0,3caeb4389178c6b0cad926fcd9a939de,5,,,2018-02-23 00:00:00,2018-02-24 02:09:27
9e402d9ec6bc71a259a013452195ae34,1b7e84be9e271a4dde8983c8da30ee72,3,,"No anúncio disseram que era felpudo, só que não, descrição nada haver",2018-03-22 00:00:00,2018-03-24 22:58:42
672b18a9582fb7328263b11a38d618cd,9b81934297f0b5aab6474d8eb7fb2b4e,5,,Produto conforme anúncio.,2017-10-25 00:00:00,2017-10-25 22:42:10
0ee26039cc88d8dae983e755a745f2be,7f6d16fab3bed015ec202cc66b21283f,4,,"PRODUTO DE QUALIDADE 
ATENDEU A NECESSIDADE
RECOMENDO.",2018-04-11 00:00:00,2018-04-17 14:08:27
bc859f5f5ba72e1e0273e4ef1d297a3b,6135f38f4bb6d100bd3b064ccaddf7b8,5,,Produto entregue antes do prazo é o conjunto muito lindo. ,2017-12-02 00:00:00,2017-12-03 15:50:09
e48683dfaac12efe7e31661413951d25,da28a815dd7996590e84c9e51dec1ff4,4,,Entregue antes do tempo,2018-07-28 00:00:00,2018-07-28 23:10:43
ecfdd183dbb3ffac790f098d6d740302,4b47ca7c3201379f99ee4c1f4d0c80b0,4,,produto adequado às minhas necessidades e fácil de montar.,2018-03-23 00:00:00,2018-03-23 19:20:59
0e752f0b1bff9b704d95efee57b7166b,413cde030a614ac044fdc905c6849453,5,,Chegou antes do prazo determinado e veio correto.,2017-11-08 00:00:00,2017-11-08 12:56:40
e4513f54dd4667cc8d3b9d3988f1ed57,5a13b2c8622862250d7b78581dfbb759,5,,,2017-12-02 00:00:00,2017-12-03 00:54:12
c509f8b367ee5227700c29fcc76a097a,ea974c111a2a711f43305d2968ffa86e,5,,"Recebi dentro do prazo estabelecido, produtos entregues em perfeito estado",2018-03-04 00:00:00,2018-03-06 10:10:08
5576f3591039266cd8fc4c29b52ec5d2,1525ae17b338cdbe83eafba4135425d8,5,,,2018-07-26 00:00:00,2018-07-27 14:20:28
43d57e842c463cdfc83687e70da7b1bc,84580325d236dbdc6585c81d12f5c9ab,3,Entrega,"É de se chatear, você compra a mercadoria, paga o frete e tem que se aventurar para retirar sua mercadoria. Você vai porque precisa do produto porque a vontade é de desistir da compra. ",2018-05-30 00:00:00,2018-05-31 00:32:27
b99ff22025eac8169d0c5517a743851d,5b922f60c60062b4c656c69ac0a5834f,5,,gOSTEI MUITO,2018-02-16 00:00:00,2018-02-16 23:01:55
2f572422a4647855327a02079779e46c,126e645df0c526ccbc4b5561c91feb56,5,,,2017-09-01 00:00:00,2017-09-05 12:09:28
8e8b545ae2ed5ada848fdd510b0d7ba8,dd445195b0424460abe3fe3bf4497228,3,,,2018-05-16 00:00:00,2018-05-16 08:19:24
3e4ea74093c173a561ec973b6b725e4f,af4c1c7ca3aa8d5d93c434ae5f59edca,3,,,2018-01-23 00:00:00,2018-02-04 05:03:08
54d9494c037eafacb61d86b6da1b143b,a4131292599279a50b734fb7fbf83c0c,5,,Linda cortina. Adorei o tecido ,2017-03-09 00:00:00,2017-03-10 00:01:01
0bff53c1cb1a70f97891b10ed11d7a28,6471b260244ab316f8331321d689aff8,4,,Amei o tapete muito lindo ,2017-10-06 00:00:00,2017-10-12 01:01:32
351039eac3bb9f7b7138b29532b44f31,cb5c1ad1fb0068c83523238259a8e930,4,,,2018-06-20 00:00:00,2018-06-29 14:10:56
a2eb7bc69578b37c9386e90bac9e19c4,7c83cd570176d1b7e42606920fd81d81,4,,"Loja confiável, entrega no prazo e preço acessível e produto de qualidade",2017-03-14 00:00:00,2017-03-16 23:57:16
bacfe13c5929ee4b9eebef83a62a674e,68a688be62a4e82e6f8450c215d3fdae,5,bom,,2018-05-19 00:00:00,2018-05-20 17:43:59
0dd6f386aca101b121f05706abf3e67b,6a8ead05c1fec9733ff10c379faa4e59,2,Produto com defeito,"A mascara veio com um pequeno defeito na estampa como se tivesse derretido, so não devolverei porque se trata de um presente
Que a loja confira os produtos da próxima vez antes de envia a seus client",2018-05-22 00:00:00,2018-05-27 13:07:48
6b66674930965f79a0809e99ac9b9d57,7533138abe254f5d3856101e4a21e5f2,1,,Ao comprar consta como disponível. Após concretizar a compra e debitar o cartão . Consta como indisponível. Foi enviado vários e-mails sem retorno. Nao confio mais na americana. Com,2017-12-02 00:00:00,2017-12-02 15:53:09
3417c775b33929ce4f1b998b8d967ec3,1da43de9c3856e95d783cf969181e42a,5,,,2018-02-15 00:00:00,2018-02-15 22:34:51
f851d2ce1b136c60a43a8226f6bb7030,5599a0eebfc7ecac5cffa25fe2d57e47,5,,se precisar voltarei sim a comprar,2017-11-10 00:00:00,2017-11-11 09:26:26
f7c386785c7ecb72d9521dd9803d7a0b,c7a60c45b05ec8fa2477a5291f1e8220,5,,,2018-03-24 00:00:00,2018-03-28 20:05:15
fbbeba4ab4597821f42dcbacd8b3cb73,4f7d7c29804187d1b3e013ac5fe1dae5,3,,,2018-02-27 00:00:00,2018-03-08 01:03:38
bf1303961546e3abef19381259862e7e,b6cd84e6c9328ed77a9e0401e661eeb8,5,,Boa loja,2017-05-18 00:00:00,2017-05-19 01:53:35
86ecdb1c61cc0479ca3150564e0d811f,ed3b18e876bbc16bfe330cd934aa0f68,3,,faz um mes que comprei a ate o momento nao recebi toda a mercadoria comprada.,2017-10-04 00:00:00,2017-10-04 13:38:41
13467d17e6ca4ac9214d923c39424053,4171f8b589ce09c1ea19d8d625777989,3,,,2017-05-09 00:00:00,2017-05-10 01:09:33
c286d504aca61ac81bd87ed4d00116e4,a6832f84211588f24e426d167333044e,5,,"É uma loja de confiança,compro há muitos anos.",2018-01-10 00:00:00,2018-01-12 15:18:51
b45c403b02b51a15dd596284558c644a,29a4fbb32fb0af037ac01c6154484f06,5,10,Gosto muito boa a loja americana,2018-03-09 00:00:00,2018-05-08 18:35:42
7688214fba93aa99b5a9da5c116da50b,e5da8f29d47b6f0f3ef8ab33a013a0b3,5,,,2017-11-29 00:00:00,2017-11-29 14:59:27
af547333c6287a9d215028ae392630ec,d568698e0ce60cca292f739e9a60e8d0,5,,,2017-11-19 00:00:00,2017-11-22 12:18:20
ef61fe14b54a81615e1dd2296ae5062a,5d00da307fb1f170ba75e37b6ff2343d,5,,,2018-06-27 00:00:00,2018-06-28 00:20:40
2eab2c8f458335e0cfec2a6182988b3e,2aaab7e991347226dbda1f61c6785f88,1,Ruim,Nao se vende e so depois de 1mes avisa nao ter oproduto ,2018-08-12 00:00:00,2018-08-12 15:41:57
6fea92b37b8f447aeb56b5e262257260,a7ed24c6e9dd5c83996984932b57c9dc,4,,,2018-01-03 00:00:00,2018-01-04 00:01:13
3c6aa11df9548372faddc91af5c5d575,224a802cf146cefcba3907e02acce34e,5,,,2017-07-28 00:00:00,2017-07-29 00:10:47
ff349f396921a20c66e7a393c6342a3d,199e57082aefc964e7135792059718a9,1,Entregas e muito demorada,,2018-04-28 00:00:00,2018-04-28 06:32:32
0cd4092ed362fc1c6c0e17812e507de1,01c998b70e420ec36563386a4b71c6bc,4,,,2018-02-15 00:00:00,2018-02-16 16:25:24
8a84d8e66ee295a482a931ac43771428,ee3cbcc20d5984bc1074efa744139f47,5,,,2017-12-27 00:00:00,2017-12-28 22:27:09
87e47107fd6738ae1b706b1b6526836e,bac64cbfd217477d0b1d11fd3552ffbf,5,Super recomendo,O produto chegou antes do prazo.,2018-06-09 00:00:00,2018-06-13 11:32:52
3be5736effe7eb6d763d5894a4cd85cb,ae577e9c807a2335fb55c903ca5e90fc,4,,,2018-04-03 00:00:00,2018-04-04 09:33:16
da476c7f66749b14202988ce7dcc8f16,1182df110fbf0a14dfb08dd06c560836,4,,,2017-03-28 00:00:00,2017-03-29 02:37:22
7a8060864dd4497725b1255500ddad3a,5cf4f1db71ef2896c0c286637f7dffd1,1,DESCRIÇAO DO PRODUTO INCO,"na hota da ocmpra estava escrito que era 30 caixas por 9,90 e só veio 1 e ainda me cobra o frete do dobro do produto quero devolver.",2018-07-31 00:00:00,2018-08-03 13:57:08
cf63c64140f2845e14395592fac8d299,0dd96ab2fca2927658c83b7e2e954ec9,5,,Tudo perfeito.,2017-07-23 00:00:00,2017-07-24 01:33:09
83473147b894433233b2b688594724a5,afcb8a93dec4243dbcf29ed98e5b0d4b,4,,,2018-07-31 00:00:00,2018-08-01 12:04:35
edfc019b532b51267fa4833a714b1cc4,1d35b9b8088b6c9e1fcff77fdb44ef53,3,,,2018-03-06 00:00:00,2018-03-08 21:42:02
6e4006685854bb3d4671ce75b3e01aa5,6b7de2635479caf94e86f987e12644da,5,,,2017-06-13 00:00:00,2017-06-14 04:40:58
7c154c2f785b806e8d0c6f78677aefe2,e31a910f74f5bbf483db4595290864ca,5,,,2018-02-02 00:00:00,2018-02-02 23:18:32
1bcd19f66519676c9066f31b366e48c8,beef13df9e204c44aef29545324a9606,5,,,2018-05-04 00:00:00,2018-05-05 11:09:40
9f860cd93ee4dfd9d93c5fbc22fa90a6,151dd2f1d99d17f6c210997e09d67506,5,,"Boa noite, recebi os produtos antes da previsão dada, porém ainda não usei , como tenho comprado produtos na lannister .com , não tive problemas penso que estes que acabei de comprar seja igualmente ",2018-02-26 00:00:00,2018-02-26 21:42:34
c40ba807aa76c55815f1839bebdcb791,f9af701b20215d529fbc24a4884ccf73,5,,,2018-02-01 00:00:00,2018-02-02 12:20:48
a69ee11ba71eb371bf7f92bb588e3cdf,73cfaa863221d5987b3f6aa644affca3,5,Adorei,Muito lindo! Entrega rápida! ,2018-08-31 00:00:00,2018-09-02 16:48:03
71d3388f71d75c44554318cfd5c4e34c,777f517b51cac586a9532d1d8b596c10,2,,"Apesar de estar dentro do prazo prometido, demorou quase 3 semanas para chegar. Prazo muito além do praticado no mercado.",2018-03-17 00:00:00,2018-03-18 01:06:17
771723772ead0bf3fc9bfd47d46006b2,4cdbb26aa0dc8e7179f33edf59722fa8,5,,,2018-07-06 00:00:00,2018-07-06 22:31:33
d0fc966616272c040a351980b50a4aca,db4d39113d1f1f359709384518d81e31,2,,estou desapontada com o atraso da entrega,2017-10-12 00:00:00,2017-10-13 12:57:35
b0c77ab2a951c332ba1210aad632c0cd,c4e8de1b1ec983e061c3ff765be41405,4,,,2018-05-01 00:00:00,2018-05-02 00:49:10
5d95fddb0f7c1b097b03b358bac9e82e,637be788712bee0367ea76b1d2b4e702,4,,,2017-09-14 00:00:00,2017-09-16 12:56:20
c85d913bd0f60bd587b4e46fde3f0490,aeb970f75d1a1aa41b4fd895c60fcdeb,5,,,2017-04-06 00:00:00,2017-04-07 11:50:40
569106620fcb046a5047cc889705317c,33550c45cf1fd94c9f755293fb9591c0,5,,,2017-12-07 00:00:00,2017-12-10 00:27:21
c6003f8e09d1cce22415398142527d38,c0ac0672fbc1b9f9424dc334437a3564,4,,,2017-11-22 00:00:00,2017-11-22 17:31:55
18cd7347e8e6379f9e61810ec5fdf00b,c65ca254bd0c624c11dd60d92955c989,5,,,2017-12-23 00:00:00,2017-12-30 21:21:59
44bbb1f30d6ba0bcb5a6b44266bf2079,8b693238573589337ab106bbf08ed2b3,5,,Sem comentários,2018-03-27 00:00:00,2018-03-27 18:04:58
95a54c31ea4585147f797a474e0fa595,8e1d33832d930d453a3a329a0fa4c604,4,,"Bom dia! 
Não quero aqui colocar a culpa na loja porque sei que o problema está nos Correios, mas quero solucionar meu problema.",2018-04-21 00:00:00,2018-04-23 15:14:25
9256232a07f2a45a6cb4a047de4f13b5,256c2127e05b924a7cbf69f95e3c4830,2,Película não é de gel,A pelicula que informam como sendo de gel no anúncio na verdade é uma película comum de plástico. ,2018-08-21 00:00:00,2018-08-22 03:32:40
52e5a7eaea85e0dbf56bb0ae72cf2a4c,cc427984e779c3d1dd7e082f39a98fc6,4,,,2017-11-08 00:00:00,2017-11-10 15:24:30
3f4d79bfdf270c7fccdb0e0969bc8af7,242ae20c1813b0ad28b3b7b7597ea721,4,,,2018-02-16 00:00:00,2018-02-17 17:39:35
4cebd5c9bddf696d35d5ba0a34b1cc8b,119be2d35bae88654dc45922a1ea3830,4,,,2017-04-08 00:00:00,2017-04-10 11:26:55
4259fc3ad1280106c893ea1e51a21e5e,150195a0ae1d6d4d5727ff6054fa709e,5,,,2018-07-11 00:00:00,2018-07-12 01:39:26
6353b8257e9dd6124d7ebaca4811aabd,04130ed2567c23daa988cca5f1860430,5,,,2017-11-21 00:00:00,2017-11-29 19:15:18
275456bfb2e3d568225af035668661db,9a886ac42ca6eb5571fbdd1bdd8be02e,5,,"Meu produto chegou muito mais rápido do quê o esperado. Uma vez que a previsão era para o dia 08/05 e chegou dia 20/04. 
Ainda não o usei, mas em questão de entrega eu super recomendo.",2017-04-21 00:00:00,2017-04-22 14:03:43
05f3c614f61235724365b1a7c1215042,504d232ad4b0cb2e0d3e8c99a98c9938,3,,,2017-07-21 00:00:00,2017-07-21 23:28:22
f896852435565b4fd688da6b45b312cc,ca3e242e59ebe1f51d7b8bcb568a38ba,5,,,2017-11-30 00:00:00,2017-11-30 12:24:38
f6512314ae22227752c41262d08a558c,6103ae4e3648137cdabab734faf4c19e,4,,Serve direitinho no aparelho!,2017-10-12 00:00:00,2017-10-13 11:10:08
ffe61b4bfcbfadd352a3fb816f1b0cde,3ba290d869362a67994eede4e78130f0,5,,Nota 10,2017-10-17 00:00:00,2017-10-17 23:57:01
f7bbac6b6901d7636435ea406a856e34,0017afd5076e074a48f1f1a4c7bac9c5,1,,,2017-05-21 00:00:00,2017-05-21 11:30:42
cf8a2414f3f4ba2b83717a20ef364958,fdf6635fc014c7f771754eefe24ff684,5,,,2018-02-02 00:00:00,2018-02-04 21:09:51
b93565decd9c553dc0345b2d5d5d6686,621be24850f6edd2e8dbd75a0f19668a,5,,,2018-07-01 00:00:00,2018-07-02 01:45:30
964cd653d2eb40fc1338fd94985378f4,9e24613b913b312f009ec05b56b339d4,5,,,2017-05-12 00:00:00,2017-05-16 16:17:06
286c1ba14601b9b94ff412af9f1fe34c,77ae79f517b55536c4be2d6953ef30af,5,O produto veio bem antes ,,2018-05-11 00:00:00,2018-05-11 22:20:54
03264c35060803c5e87b97238b2e9647,d5af3f91478b15918f7250953622d89d,5,,LOJA BEM RECOMEDADA,2018-05-17 00:00:00,2018-05-21 19:01:37
c140344b5c44fe7ae2e88a432eacaf2a,2518a3eb047912b58514fc2f405ea73a,5,,Super recomendo ,2017-03-21 00:00:00,2017-03-22 07:05:40
1b7b9f9df09b420570c9c8c442f9ab41,dcfd7c52a6963113ae9c4e12ceebde69,3,,Esperava mais do brinquedo veio faltando parafusos os em caches dos braços veio aberto pensei em devolver depois decidir ficar ,2017-05-30 00:00:00,2017-05-31 00:18:27
391a83fbcb4bcff67efaeb009d12f642,191613fb4f2b5148a83470f7332551b8,5,,,2018-08-16 00:00:00,2018-08-17 00:55:07
b1a7e6bea48ebd760453f2975eb5c5af,06aa0aa8c22027ebb953d501c4238512,4,,"Produto um pouco fino, mas o pelo é de qualidade ",2018-04-28 00:00:00,2018-04-28 21:44:32
d8f0ac04d116945d8fad6e0f6a6e3545,b951958a518d9186c1b3196e445ccb08,2,,,2018-02-15 00:00:00,2018-02-15 15:09:44
de7266f6e2df603b6d2733b60cbe2ce3,11921adcbd013757ba6f287c03929bb4,5,,,2018-05-11 00:00:00,2018-05-12 23:17:18
658e2614976f9c87a8f4a191d7138efd,9c1becadc6a0c6445eb02167b8d1bbff,4,,,2017-09-19 00:00:00,2017-09-20 14:32:55
8e7fb708fb2b9bd2cf0b91ead1ae6e3f,b12e06af2feaab15941320b70896b799,3,,,2018-08-14 00:00:00,2018-08-15 21:10:20
df3f96e7ea82d817e16bef8ec9641c0c,ddd05ce5cf8b84ccf7f200b027c7753f,5,,,2017-12-23 00:00:00,2017-12-26 10:04:50
f981c473499b8be253c1e693063c3a32,fda462df0b5a0cf1f8316eabeb9525b5,4,,,2018-05-04 00:00:00,2018-05-07 20:17:46
897934eb47ceb2eea2629c44d1734569,01ebb9ed879d6fa1da4857ed617972ab,5,,"Tudo conforme anunciado, produto ótimo, venda OK!
",2017-05-13 00:00:00,2017-05-14 13:36:50
28304ac6f3673ac20d1013fd01742f77,5b74abebfd5bc1d137d7ade71c5cfd36,5,Muito bom ,Muito profissional a entrega. Perfeito! Ainda teriam 3 dias para entregar e já está na mão. Minha filha é quem agradece. ,2018-08-29 00:00:00,2018-08-30 02:09:31
68aadabe98bebda381f9b6c172af4e92,07159640598ab46b708279254ec3be0f,4,,,2018-06-28 00:00:00,2018-06-30 20:14:15
f9a5d42f1b1a61b6a24519bc5274935a,46095dff98fab25f0cb4306a0430612f,5,,,2018-07-10 00:00:00,2018-07-12 20:44:47
0fa0740cf55aaead944975f4fbe1f97a,68045e87308a14e1d77f14ff287a2b3b,3,,,2018-04-05 00:00:00,2018-04-08 21:38:44
41cc4dca8ff052d9ce76684b0a5276a1,d8a6f310927336f8375b12a6f2391da3,5,,"Vendedor ágil e prestativo, porém entrega dos Correios uma M****... demorou quase 1 mês pra vir de SP até o RS. Uma Vergonha",2017-12-22 00:00:00,2017-12-22 12:08:45
4acb8fea11825caeaf5bafd9fb158b5a,709e43f97cb2a47fa749503419163710,2,,"Entraram em contato cmgo relatando um desencontro do produto, no anúncio consta numeração 40 q é o meu n°, mas no estoque so tem numeração 38. Favor, mantenham o site atualizado p/ evitar transtornos.",2017-06-08 00:00:00,2017-06-08 11:31:05
ce4db7bc68bf7fa8d618d214203b15a3,80b74dde5b336c1f75c610521dedec08,5,,"Sem comentários, prazo, qualidade, eficiência e etc......
Muito obrigado a essa equipe, pelo respeito ao consumidor.",2018-02-01 00:00:00,2018-02-04 09:30:30
8d9c77dce9c5d8ce1a5d281278b506aa,1116eef143ff0ec32867729b83df8530,4,,,2018-02-17 00:00:00,2018-03-05 17:49:26
ebafde0e0d7cc00d0af52d25a3ba12fd,0b5588f04551d90ee148462bb65dfddf,3,,,2018-08-04 00:00:00,2018-08-04 23:33:37
89a03b426edfe3944d9eaf742e8ce9c9,85f8ffb0071e850ecba540ba938f32a9,5,,,2017-03-24 00:00:00,2017-03-24 12:53:17
ee1323bbd07c190c275ca217872171d0,af6abe9c52e60044f9a708a55cb9b189,5,,"Ainda não instalei, mas gostei do fornecedor ter ligado para confirmar se o era para gás enviando ou gás de botijão... Evitou que o aquecedor viesse errado e conseguiu ajustar o pedido para gás GN...",2018-03-01 00:00:00,2018-03-03 23:07:48
ab246b18e1b9eaba77d1798c1414dcc9,4e71da193c31f98d4b7c85960d89cdd2,5,,,2017-07-29 00:00:00,2017-07-31 23:44:03
435296c9e51d508185485972dd030381,a1deb5a1e93bdf89bc4e5e00ec3691d6,4,,,2018-04-06 00:00:00,2018-04-09 18:44:20
03a41b725511215c7f4c76b877bc0bf3,8facae71080d66f3601522b0f6e143bb,2,,,2017-07-26 00:00:00,2017-07-26 10:42:49
8f9dce740525b435ab3f4963f5c4fd3e,e354b2d0793a71a63da3f45920085835,5,,,2018-02-08 00:00:00,2018-02-12 20:12:17
4f9a943a182dbdf872777e647e80b58e,8376f6035204b549b6bae5c4a7aa5a44,5,,,2017-12-07 00:00:00,2017-12-08 00:51:00
5388ceae55f5a6beff2d2945d571c42a,8b308e477ac0136cd944e507c62edace,5,,,2017-12-20 00:00:00,2017-12-20 19:15:30
a3d5e27f086d332bed6505a53ce28387,3eb95f6a896852d771ecaa56c4f02349,5,Satisfatório,"Produto ultrapassou as espectativas, chegou muito antes do prazo, provavelmente por ser uma cidade próxima, porém estou muito satisfeito.",2018-04-26 00:00:00,2018-04-27 01:42:33
be9eab2be9daefdd599bf286df6a9353,460e7c2c52aecac706c288aab6a044a0,4,,,2018-02-24 00:00:00,2018-02-26 11:53:40
ec380f062c8ff0e10dfc8aa066fdcc39,b1600c1915c18f85050002d08b6274a3,5,,,2018-05-23 00:00:00,2018-05-24 03:14:44
bb8ab00d21f0fff373f9b63470013abe,98f75acaf1c9b0c2424f3b0fc6a22bdc,5,,"Recebi os produtos no prazo, corretamente e até uns brindes a mais. Recomendadíssimo.",2017-06-14 00:00:00,2017-06-14 15:03:40
c5d6f87266cde6522df2c73b3496c571,3627f028b51748649d9f8e36ca465131,5,,"entregue antes do prazo, excelente",2017-08-31 00:00:00,2017-09-02 23:16:03
ccde9334a417259be8a5c43a0cf32754,5e0d84280f3a96b37d0228b21ffeb4f6,5,,,2018-08-23 00:00:00,2018-08-23 19:28:13
d359218dd02ff873eae009f87d85cbf5,3bfd703ce884b8a0a65e63f2d4db6393,5,,"Chegou muito antes do prazo de entrega,recomendo a todos.",2017-05-13 00:00:00,2017-05-15 13:57:35
5b11c221bab04a4e96e2ee141e0ee761,0ee7b1f086c44cbf2dc1efbdaa69bc19,3,,,2018-02-22 00:00:00,2018-02-28 02:29:03
eb6f7a7be236a08c13a0c809fce4ea2b,15a1cd1da2bcaccc711512ecb5701c5d,5,,,2018-04-10 00:00:00,2018-04-14 14:28:05
491cbb400053482f124b82ad332f363c,0778b810e2b38affa71607aa32043365,5,,,2017-12-21 00:00:00,2017-12-23 08:56:22
ab73f0a8a82f0d2c613f5f476b8d0d7d,a15a0b2ddcff917321e721b84d7217cd,3,,,2017-07-28 00:00:00,2017-07-31 00:33:47
93674f2527a32514ceee7884bc273436,809d874fcf0f3327664fd7eefe923676,5,Ótimo,"Ótimo produto veio antes do prazo estipulado pra entrega , só achei um pouco caro frete mas o resto TD certo! ",2018-08-29 00:00:00,2018-08-31 00:38:28
46159f7759139eddcf550dcab720f07b,1a5c3dad7f8ccf75ce213a3726a25af2,1,,"eu pedi o cartucho A78 e me entregaram o A85
",2017-11-21 00:00:00,2017-11-21 14:47:26
f4bb9d6dd4fb6dcc2298f0e7b17b8e1e,7791eb26e081ed5f8dd15b40c45393a3,4,,,2018-03-29 00:00:00,2018-03-30 00:29:09
0f4789124a2dbe5e577cd223504e342b,368a807c54f9394cce9b885904db58ee,5,,,2018-07-26 00:00:00,2018-07-31 23:54:16
68e3c34929224bf3d4c9778d615f611c,28c35e27d64425be0368e275997f7779,5,,,2018-01-24 00:00:00,2018-01-26 16:27:52
98a3ebc7b1f3934e59938d39e1f6cfe6,96ad1339a836acd49229ab6564bfba8f,5,,,2018-06-20 00:00:00,2018-06-22 22:31:36
c886953a0431b9174da8e4778c3046fb,f068cf7680252cb38a48b6c831c03342,4,,"Recebi tudo certo e chegou no prazo correto, recomendo.",2018-03-22 00:00:00,2018-03-23 14:10:02
c1b38e8796e3cfd935c06911260b98c6,5ab0d948812c5129aa5d2816e32c05fd,4,,,2017-12-21 00:00:00,2017-12-22 17:08:31
6ec19eabfbe094a51875e1a6e922226d,467d8823c7b37e758ad17a9a61c347bf,4,,,2018-01-08 00:00:00,2018-01-08 17:32:10
5bd6c0161a8f119fb77508e648ae7068,e0324d1696ac7872c9dcc6ea30afad20,3,,"PRODUTO BONITO, MAS ACHO QUE DEVERIA TER VINDO NUMA CAIXA ADEQUADA P RELOGIO.",2018-06-21 00:00:00,2018-06-22 11:00:41
d379ecd01a6cc6a002063501ba5b0381,cc0f9e4057df851c6911641bf7ea0459,5,,"Compra tranquila, produto entregue no prazo estimado.",2018-01-09 00:00:00,2018-01-09 23:19:34
338f4a93655dc76f6ecaaddefa979d32,8931c9e36c3b25b6ba7bfd32a38c1677,4,,,2017-04-20 00:00:00,2017-04-21 19:24:44
66e688d05159fa71e67bc8f25f8fcbc9,f033bcb921f7c09fa9203df5177932c0,5,,Super recomendo!! O produto foi entregue antes do prazo da entrega!!! Produto igual o da descrição!!!,2018-02-23 00:00:00,2018-02-24 16:00:50
55b1d577f52a11575c120d3a9f1b01d8,48dcd7368e7d1b9bedc55f16a3cc8188,5,,,2017-07-25 00:00:00,2017-08-17 18:21:48
b5459ed7c5cf6e0af8899d36a360e067,a091ad657d4d673814a9dc6b64829a42,5,,,2018-06-29 00:00:00,2018-07-05 13:03:32
8de85b915059eb6058192805e5ec3d6f,65bb139b1cb6db9d99a350fa4a7d68f0,2,,"Colei o espelho na parede 
A cola e pessima, nao foi passado orientacao para comprar uma fita adesiva melhor
Ele descolou com tempo caiu e quebrou a ponta",2017-08-13 00:00:00,2017-08-19 17:06:02
9d993bd1cf57de3141bfb332f5e428cb,5f20455f0e74de9eae30de410c811013,5,Muito bom ,Muito bom ,2018-05-09 00:00:00,2018-05-10 00:19:45
be0cc73e855a0c71ff1e632b2d6c2e29,90de07e389ed6cd973ae93d5b36f159c,3,,,2017-11-30 00:00:00,2017-11-30 23:56:44
3287e66507637f037baa62fb8ebc9d2f,68eb31d36231dd3fc97baf5cb6f73103,5,,,2018-06-30 00:00:00,2018-06-30 23:33:11
fc12ebac8e49b9ea5237c8c932bd8cc9,04aecd02392f7ec523e0e3f208d7e890,4,,Rápida e segura.,2018-04-11 00:00:00,2018-04-11 23:34:48
78bce65a726daa67046650d4b35a9a4e,8e3ab8811f9c3a04413aa4e14f84b872,1,,Meu produto não chegou ,2018-03-28 00:00:00,2018-04-03 14:01:52
954384a1fd0896967e814446ab870a71,16180652c3b2890c8cc7a24b68663fc9,5,,,2018-03-06 00:00:00,2018-03-09 00:54:52
3f54d87c14480fc8dad12acea8dce31d,98dd9c43c306401e85dec3ca829faea3,2,,Aguardando resposta mercadoria não entregue,2017-10-25 00:00:00,2017-10-25 15:07:45
51747e7f4ec669975360b2a50173300a,1a358c4ef8c7d066e7e526670d486f3e,1,,quanto tempo mais de espera?,2017-12-17 00:00:00,2017-12-18 16:46:36
417e0da48a2dcaf478379df38f92e291,842b4431d67fe173503b4239cbffb841,5,,,2018-03-01 00:00:00,2018-03-02 16:05:17
ba09bcd23270154d016525ad56e8a709,0d760576500ea8611379a97ddcebf3db,1,,,2017-10-07 00:00:00,2017-10-07 15:19:33
a466f9510a45ebe5b87ae0b86a294b68,bd61a1bf4bb521167f6718320f9f5508,2,Desorganizaos,Entregaram somente um! Pessimo,2018-08-25 00:00:00,2018-08-26 00:27:54
34da82b931740d13e90986a12e7fea20,908227fe95698325710fe450d4b7018c,4,,,2018-08-11 00:00:00,2018-08-11 14:23:07
6a23574f6365c35f62937752d995b577,2e66dd346593941760c467271183f53c,5,,"Parabéns!!! envio e entregas super rápidas. Loja Parceira muito eficiente, nunca vi igual melhor até que a própria stark.",2017-06-01 00:00:00,2017-06-01 23:25:28
883c161fcd5432dec75f5c72c4084b42,4b71239d777b69336e70a98790387836,5,,sit confiavel,2017-11-14 00:00:00,2017-11-24 13:41:30
6578d8e6baa0e5be35be7c3cb7f173da,432d80d2aab5e167192912051828b7fc,5,,otima,2017-04-13 00:00:00,2017-04-17 14:32:44
d045468f6560f55117cb53b164f25d7f,6a436bfc9dcfaf12d5075d521f38afe9,3,,bom vendedor,2017-10-08 00:00:00,2017-10-10 18:08:06
e1b650e3cbb984e593b467c1eaa69ed5,a69d0f3cfd16e940ead155695b5fb184,1,,"ainda nao recebi o produto, que ja deveria ter chegado, por isso estou começando a ficar desapontada com o site lannister",2017-09-06 00:00:00,2017-09-08 03:04:34
6e572bd4f92d838b1726ca29d0ea2d65,3b7febf42292030e8a4466053c383fab,5,,,2018-04-24 00:00:00,2018-04-24 19:55:24
2bb9010329005e5dd24abdadc53f408c,a3df0981c7418c75ec3e64bcbaf4b82c,5,,Adorei combinou com minha sala.,2017-12-13 00:00:00,2017-12-13 10:32:27
a4d912be30979faee67b4c70e48b4b20,c24b8b41e6857d59a27f2b150bb669d9,1,,,2018-04-11 00:00:00,2018-04-13 11:58:27
d6db2f6086fa30754c141a15d865606d,acf06644cacca76ec575d6e2b7ca9c1d,4,,,2017-05-09 00:00:00,2017-05-10 13:39:41
9f8c45ba8fda0956664d91d75d8fb112,0bbbb66c440b6ff7b34420eb273868ae,5,,,2018-04-21 00:00:00,2018-04-22 23:27:31
fc26e3aafeb9f0497ae859a2df11a4dc,90a0728a1ce3a04e661798e3db7d842b,5,,excelente,2017-12-24 00:00:00,2017-12-28 17:34:27
0a1c21e447cb96b9ebecc14f4759417e,3f1dd297747aab080b039b92ef7809a7,4,,,2018-07-12 00:00:00,2018-07-16 16:47:08
0d5d1342a428b5b2885937e1a9ef9805,0ea1fd1eeeb46df9770ac9d07e1e71e6,5,,"Muito bom o produto, e fácil de montar. Pretendo comprar outras coisas!!!",2018-04-10 00:00:00,2018-04-10 23:28:00
eb487e7b68953b7799e4f47e4af8ecd5,b02709d4e987b97b8713543629c82401,5,recomendo,super rapido,2018-08-10 00:00:00,2018-08-13 14:43:18
bff91b51121145df3db3813f460ef27c,2f8faef508a5a7ba5de0b455cd768da8,5,,,2017-11-22 00:00:00,2017-11-24 10:40:55
cb601f01084eada6dd638f7613bcf129,ba81383846b0b6c97b5160f986fa3707,2,,Não recebi meu produto ainda,2017-08-20 00:00:00,2017-08-22 01:18:55
7ed22cc84f924df06270eb143210870f,3f0f2949423ea4caec394b9d09f075dd,3,,,2017-05-23 00:00:00,2017-05-24 12:33:50
526cbad36c4b4ed5b67a9fcdafb27319,f5bce854828285b05f16143027a664c6,5,Excelente,"Peço desculpas pela avaliação anterior, onde infomeiuque ainda não havia recebido o produto, na verdade ele estava na portaria do meu prédio.",2018-08-11 00:00:00,2018-08-11 16:16:33
c381901d45fa856f08b0fb46dc79c100,2e95926835baa8ca4f74e2602a69a84e,5,,,2017-05-18 00:00:00,2017-05-19 10:11:44
b68d858ba0a381211590668eae2b63ad,eada3ac7ed364835ff906f8b4c8b1f72,4,,,2017-12-05 00:00:00,2017-12-08 12:00:02
347779bb1eed5b9057a88d6361308e2b,462f1226eadb17cabaa2323b360486aa,5,,,2018-03-22 00:00:00,2018-03-22 23:42:12
5e8f85f2e0575ecf777a8f21ef191e8c,d4daa9ee1fe28458773297759dbfe2bc,4,,,2018-05-15 00:00:00,2018-05-16 13:23:09
74896f34ca52ad87a9d268428bd19bc9,5907e332dfb01556b0eff58839cc2f75,5,,,2018-01-30 00:00:00,2018-01-31 00:08:04
8831f162e90713593ded7143de3dac62,03f3b08f9da8df7604b68b2fd5999e9a,1,,"Estou há mais de 01 mês esperando a solução do problema conforme atendimento aberto .
Quanto tempo mais terei que aguardar ?
Tenho que buscar ajuda no procon ou juizados de pequenas causas ??
",2017-10-26 00:00:00,2017-10-29 00:13:29
bbc089e500f5b9a34c727edce913718b,c1d3d16d19447e6ae5ea015f6056b3cd,5,,,2017-12-29 00:00:00,2018-01-01 01:20:04
d93ce9b0c80a2fe55e1f46b7fe05bf89,c30c327fa4864049bf96aec00f7a05ca,5,,,2017-12-10 00:00:00,2017-12-10 14:46:48
b28fdc1c0a9889da3614eadca9397461,41713846ac2af0e189ba1b8ba8288e64,5,,"São muito profissionais, a entrega foi super rápida. Gostamos muito!",2017-06-24 00:00:00,2017-06-26 00:06:11
c04a1e704e352b6e8ca18783b98853af,1857ec1a182661136fe7584592437d51,3,,"Entregaram bem rapido, mais Só não gostei pq veio com defeito (duas manchas ) na cara da boneca.",2017-11-28 00:00:00,2017-11-28 21:46:24
437b4b1e059b6362508034b8b8fc2f46,270c25da086ad763f34a2cd66c6aae7a,1,,Comprei um controle remote Philco. E recebi na minha residência um controle remoto Phillips. ,2018-01-18 00:00:00,2018-01-20 19:33:49
5476dd0eaee7c4e2725cafb011aa758c,69ad29a3aba936e80ea906bf73c631a8,3,,,2017-12-20 00:00:00,2017-12-21 13:24:55
4ffe095a1641547b1a7483e31526e253,2d4725d49513bce62ea366e8f0e213ed,5,,,2017-07-19 00:00:00,2017-07-19 23:32:09
5a1316c3cabd6dee073891b861107c8f,89b9dca459730f82d38425daf378b9e0,5,,,2018-02-27 00:00:00,2018-02-27 13:31:27
cd9bb9108b469543a66ae5f615285367,e17d3302a2923d0185757dfca4243419,5,Maravilhoso!!,"Super indico ,entrega antes do prazo ,produto de oti.a qualidade!!amei ??.",2018-06-29 00:00:00,2018-06-30 03:30:15
d040cd1b42f439d75af482cef3cd5e55,4e6d546fa72049694bdc912c60fc4953,4,,,2017-11-24 00:00:00,2017-11-25 01:05:46
17ff172994b49a1679ad7c51dc3dd1ab,8791e495e7f1b8d77696f42ff295d945,4,,,2018-03-29 00:00:00,2018-03-29 10:40:55
58f9cb8d071bee7afeed8f986ca6dcc7,2e58df496a6b55819b859024268f5d55,5,,Nota 10.,2017-08-23 00:00:00,2017-08-26 11:46:38
042c3e4ac8ae93a5c08e9b3f3a9719ec,65ebd0b456e1fc3533b4c0645a90b366,5,,gostei chegou certo.,2017-08-12 00:00:00,2017-08-15 00:33:21
1f8628507a39228a88c47c7223d4b03e,37c784fc18298a8c578de2bf806fdcff,5,,,2017-11-17 00:00:00,2017-11-22 11:02:32
664ca2fb368f6ac0525434032ab15313,5a21bc094a00548eb4ede75095889e95,3,,,2018-03-15 00:00:00,2018-03-15 21:29:57
c1c9ef9c7210ffe0305180cc39b44a54,0494d7ef89583fcaf33a1cea4bcfeec2,5,,OK,2017-09-06 00:00:00,2017-09-08 14:12:24
4a74277467c79806a248135ffc7b7668,703363ff17a413eaf90c960dc1a750b6,4,,,2018-01-26 00:00:00,2018-02-06 13:34:16
09359f15483ff74b39b195e6863ce370,cd74303942bee59edc3379f0a6433c62,5,,foi rápido recomendo,2018-04-25 00:00:00,2018-04-30 22:11:11
826aa36e83a44c2f9827a8f867de44e4,9b228d02d9abe567855fe2f934772858,4,,,2017-09-02 00:00:00,2017-09-02 20:42:15
57ad51937248937ebc428a63c4de340c,6e7e6eaf0039ee7fee0886266ab15e3c,5,,Otimo,2017-12-27 00:00:00,2017-12-28 01:27:19
cfef974883c68b76cd638a8fdfc34489,f67f6b887c390a91e5077e54f3fb5823,5,Ótimo ,Recomendo a todos. Ótimo serviço.,2018-05-22 00:00:00,2018-05-23 01:02:42
b57261edc2f1766b773981299cc5291a,9a5e2e79294284216bd97c19ba039cfe,5,,,2018-08-02 00:00:00,2018-08-03 12:33:47
7f2744501186cf46070960f5fecc7130,bcca8157ee4f7b0cd2e0505b01764144,5,,,2017-11-24 00:00:00,2017-11-28 14:15:19
2f3bb960f73662085990cf39412637fb,bf98c50762b9fc7e06742bcd424e1e9f,5,,,2017-11-14 00:00:00,2017-11-16 01:38:50
2e3c0ac193f505a8ecaeb1426b35e1fa,99022bc546d95ac49e5cc2ae5df73ae2,5,,,2018-05-22 00:00:00,2018-05-22 22:13:59
fb6468c0b5ac28b46132dd01cd1d8e7f,d7449e15f5045562074cc57796341cf7,5,,Excelente. Mas só funciona depois de lavar duas vezes e secar o cabelo.,2017-02-21 00:00:00,2017-02-24 13:43:26
7f09e4963bea5153e947a435b0ae400c,d1c0be9650d4276bd67e6f8cd3af248b,5,,,2018-02-16 00:00:00,2018-02-16 19:49:27
45ad1b18a7a230143a3cd81cc3908e8b,d67ce32732e8d5413c4bb2358bf5bb16,5,,,2017-12-27 00:00:00,2017-12-29 14:59:04
34a18cd91fc145c3afc789b7e02a8f47,58f608b30531278060213cc7926bc6f5,5,,,2018-07-13 00:00:00,2018-07-15 23:55:25
3310dad274ea8c3e7709004db775e137,bca67f1d036be009d17824489da2f178,5,,,2017-12-14 00:00:00,2017-12-17 03:36:18
66293be2fabd559e73a46e9657620001,1acdd343f32412c986586a4f0c828460,5,,,2017-07-19 00:00:00,2017-07-19 19:36:55
8e31ccf3ec17d72f47f34f7913815125,29dd98e6aa533a04b48bbdf6427eb090,5,,,2017-07-21 00:00:00,2017-07-27 13:20:10
11320800a5a719f7534756f85878005c,cf79d8a5a9b82bce4c9cb3e9469a9b0c,5,,"Produto é o que eu esperava, satisfeito com a compra. ",2017-12-14 00:00:00,2017-12-15 10:18:36
3a53f3c38e6c02912e7cd2fabbbb4a54,b7ef6e87085339d9ef7be05148b8ea74,1,,FBFHJJKLI\ZXDAd,2017-12-10 00:00:00,2017-12-10 21:08:23
d8df0de2706027402583d1539d7e17de,90c0d4df184cd39fe38d7b3de0cbd878,5,,,2018-08-25 00:00:00,2018-08-25 23:17:51
18439bd9804a158a16ea479b70e28583,f103be8682f589d58ea25909ad7d74f9,4,,,2017-05-18 00:00:00,2017-05-18 21:58:22
b1215b7be082fef3dd617160eeb991d5,314bb8fdc89b0dafae07549f10aaa5e0,1,,Um dos relogios veio aberto sem tampa e sem funcionar não recomendo a ninguem essa empresa,2017-07-28 00:00:00,2017-07-31 15:53:30
b127e350b54c36961b7adefd8af538ab,78be9d9900545877cde2773eb0cb05d7,3,,,2017-12-16 00:00:00,2017-12-16 13:53:42
251191809e37c1cffc16865947c18a4d,b1a5d5365d330d10485e0203d54ab9e8,3,,"Produto compatível com seu valor, muito bonito e barato, simples, mas um bom custo benefício. ",2017-05-27 00:00:00,2017-05-28 02:43:16
714f48940d2d23533fc4489efa770330,858d458b39082890e96fbb1fed8c2a52,4,,"Embora recebi o produto correto e no prazo o produto veio com Defeito.
Estou aguardando o contato do fornecedor para efetuar a troca.",2017-09-17 00:00:00,2017-09-18 18:29:15
43e31a43c3e7156e5fc74a6724391cd8,c918c3225cd5d12cacf8c7e54e9444c5,3,,,2017-08-25 00:00:00,2017-08-28 11:20:06
019ad06b8abdb94888b2860cc8a70c9f,f3f48b527972908a9a5c7f5593eea307,5,,,2017-12-12 00:00:00,2017-12-14 20:35:03
1d82fd2028a894365512b8c68656c0bd,ee02295dfa5d0519664c1dcd4a70e87f,2,,,2017-09-12 00:00:00,2017-09-15 16:22:50
189ddbeafbb95b1a45a72278c475bece,75e005e5bcbda5404c4c3f5dcb16f7ae,5,,,2018-03-06 00:00:00,2018-03-06 20:40:10
cb30c1d49c50132378faa2a855dbbb6d,4c2bda2a65cf17bca1d9c00daa0f8790,1,,Produto que não tem atualização de status e falta de comunicação da empresa com o cliente,2018-04-19 00:00:00,2018-04-20 17:07:11
ed3bc676a14ae463db0db5817359cb89,85031edc7b58dbec75ff2e24d7365e13,5,,,2017-03-15 00:00:00,2017-03-16 01:11:36
7381c91cef1458295305062bab009d5b,af91d510d187f304483d1081272ad705,5,,,2017-10-18 00:00:00,2017-10-18 19:31:54
1c39fbe303f0fe5957597b5b838dc959,0468a84e6df93886189d80fce46bbfee,5,,O produto ótimo e a entrega antes da data prevista.,2017-04-06 00:00:00,2017-04-07 18:39:58
84f51f80bee21f18564ebf55fea206ad,975314569c698f3bd86f7f7013f19acf,3,,,2018-07-27 00:00:00,2018-07-27 18:14:42
e80800555dd5f262792694d3e3e5e9b1,1f04f45771eed910a8d58e5c52604660,1,,"Chegaram pra mim 2 cartuchos piratas. Um inclusdive sem nota fiscal. Fora da caixa, sem o nome da marca HP. Quero devolver este produto que é inclusive ilegal, mas especialmente: NÃO É O QUE COMPREI.",2018-03-08 00:00:00,2018-03-09 13:03:45
aeff498d5e0e6bbbecee994e840a820c,331027db835328af30e85ce6c7b55655,5,,,2018-02-20 00:00:00,2018-02-22 20:06:33
442743287cc001ad84ef42b471144a04,aae35f8d7c5a9806060218e572d8370d,4,,Produto correto e entrega no prazo. ,2017-12-16 00:00:00,2017-12-16 21:29:30
75fd0e05173d6cdb6d3a90511d72391d,e9cdba9b8112d2c4cd5cd65431742977,5,,,2017-09-23 00:00:00,2017-09-25 21:37:23
807d71beffe8bdd4eef2e7e1e5d93f69,81c684bc700b0e67cd0461f8f1216b0b,5,,Muito bm,2017-04-12 00:00:00,2017-04-13 01:36:44
ab47c26aa90c1758134c77bebe6cdef1,cf82b80e79a66336306b0c6c151f64ef,1,Não recomendo!!!,Ainda não recebi o produto!!!,2018-06-20 00:00:00,2018-06-21 11:00:04
15996625ce58ca03e5b9c6c5d29b5346,55ca27587481961b3a085c32da46f015,4,,Gostei muito do atendimento e a entrega muito rápida!!!,2018-01-06 00:00:00,2018-01-09 01:38:00
affbbf604d6f6c6fae57ace9fce899ff,177ec1b1bde2badda1cbca0f19f1aed4,5,,,2018-01-25 00:00:00,2018-01-26 12:58:27
c5892132fb55e09dd01f7a0dd9c507ef,377ed239c64b69ab76ed4d18bdf76958,5,,,2017-08-17 00:00:00,2017-08-22 13:55:48
69798358092117f8af30ce7fb8c88867,880995aee9550ecd4518103daaf74fa0,5,,,2018-05-03 00:00:00,2018-05-04 02:23:01
be6f3a9d4e09b42eb5c4a43af104f58b,5ce67f8655ea16aca378fdb87e3a8665,1,,"O produto é muito ruim, comprei para minha filha fazer lição e apenas 1 vez de usa com o apoio dos braços em cima do caderno 1 encaixe da mesinha já quebrou fiquei insatisfeita com a péssima qualidade",2018-03-08 00:00:00,2018-03-11 02:51:30
926ca23b647493405cc32d0b99df770b,acbd43df296646b7b242d1e25b18a646,3,Faltou produto,"Em meu pedido constam 02 itens, porém recebemos apenas 01 item. Preciso da posição de entrega do item: Toner Hp Cf283a 83a Preto Original.",2018-08-07 00:00:00,2018-08-08 20:46:20
1eddaf8abad5b0a5e3013aabbfaf6802,b2f6d9c004d4df667af498c97106b8f1,2,,,2017-08-03 00:00:00,2017-08-03 23:38:38
63cb32219a272da0e91c6d455214572a,b72a28958acaa4abcff7b24c1b517c42,5,,,2018-06-22 00:00:00,2018-06-24 20:43:32
12f86e081d9ffc204563fd00fe1b23b8,1a46043f18f483b119bbeebb563aa77a,3,,,2017-12-27 00:00:00,2017-12-28 00:00:28
b10bf5bceb43b520dd47eb94e0543618,4f8d2bf1636e6c775fbfb0d824880893,4,,,2017-04-21 00:00:00,2017-04-24 11:07:44
2fe6dbd2dcd834bf519cc4ebb68ba738,f4b85a796ab70afd964c35ac15b29fa4,5,,,2018-08-16 00:00:00,2018-08-17 00:15:39
b67577555349001ed1f99739b62fa072,e39e98d4f4a88b8e39f59e17c9d0a7b1,5,,,2018-03-15 00:00:00,2018-03-16 22:26:31
f1d711fca08a65e11f3f951ca98a72d9,bb5dc4553cd94f942c0b3eb3ca1147eb,5,,Chegou bem antes do prazo.,2017-08-02 00:00:00,2017-08-03 15:44:18
9b8edb6160359264a044a80eaff76894,4942bdcf4479ff8d6885299338758784,2,,"Não dei mais estrelas pois ainda não instalei para ver se esta tudo certo, mais é igual descrito.",2017-10-19 00:00:00,2017-10-19 18:38:35
1bc14942dda7aa865559e1b258a1d0ee,f46423982b1927442355a79e98c8bb29,5,,,2017-08-30 00:00:00,2017-08-31 01:53:30
d871270ba8170a68aefc2da2cdfc0a37,3f9b6f8b34537b09fecc693148454b85,5,,,2018-02-24 00:00:00,2018-02-24 18:17:47
7aea47bc13d2cd4417cab5ce96cea3cc,a9d12173450be22cabf7f56bfebc2565,5,,,2017-09-23 00:00:00,2017-09-24 16:42:30
356b3519e422cfc0a3478a6d92132911,ca32e37618d388555627885cae8a34d5,5,,,2018-08-25 00:00:00,2018-08-26 21:53:49
78ee3c264eff79ba2c7f40cf6debe4c2,c972da56dd3849df6cfb9e1322aee6b5,5,,,2017-04-28 00:00:00,2017-05-01 16:01:26
cad098dabe6d04634032cfebf5cef583,ed9bc2af2e1ae9d510b862314efd8e72,5,,"É uma loja séria com produtos originais gostei muito parabéns
",2017-05-03 00:00:00,2017-05-03 21:56:12
5c89fae07fdeed25ed53c9fd3c81fa63,6bf136259829d50a608304ba02fb14b3,5,,,2018-01-19 00:00:00,2018-01-22 02:07:46
e838f1821af05d4d35218cbdf20c0061,e63f16fab229756ce58f86d40747944e,1,,"O PRODUTO AINDA NÃO FOI ENTREGUE, CONFORME PRAZO INFORMADO PELA EMPRESA E ATÉ O PRESENTE MOMENTO NÃO RECEBI NENHUMA EXPLICAÇÃO. É A PRIMEIRA VEZ QUE ACONTECE. ESTOU NO AGUARDO DO RETORNO LOJ AMERICANA",2018-01-14 00:00:00,2018-01-24 10:22:08
f68b9b4ca3dafbd2951d3cdbfacb2811,341d0ee42d08b192c88aaa1c360f97e9,3,,,2017-12-24 00:00:00,2017-12-26 04:13:58
2511568424780999f42f4caec1ab4e11,243e95f7ef35f86a258727975245bd4d,3,Excelente produto,Recomendado pq e um produto bom,2018-06-20 00:00:00,2018-06-21 00:36:20
d06cb3dc82737ab66bc30a247a41cad8,9d6b1d10fd62d8f52d1ee875b4842c2e,5,,,2017-12-13 00:00:00,2017-12-15 08:11:04
c6002457a245284c836f7472b087518e,1f8d2442829de7b25f179e4128b7ed8f,5,,,2018-01-16 00:00:00,2018-01-18 22:40:39
714c96acfe28d7a9b4252ae9a01bcac3,4ffcc2f0e8f54f36e73b83db8d8c494d,5,Gostei muito,Material top ,2018-07-14 00:00:00,2018-07-15 01:50:55
f768b42a8549d4c750de86beb160290f,8cefcd4d626074f8b6fa9c501659da8e,4,,,2018-07-05 00:00:00,2018-07-07 17:03:24
7523c69db93806e9162baeb6fcbae91d,8b6746478f6b44e7b76097d1c2f4dbe6,4,super recomendo,"Chegou antes do prazo previsto, o produto é bonito.",2018-08-02 00:00:00,2018-08-04 02:55:16
7aab4b00ea6f052b9284ac621bd4cc34,dd8b90a226aafeea68fd6144f173f2d7,5,,,2018-08-24 00:00:00,2018-08-24 21:32:50
819adb7b87d008e6917dc3d9b5ff71b4,faed4646f30cd940f469d0dfb42c4b29,5,,,2017-07-04 00:00:00,2017-07-05 13:30:07
419edb27236d7b3c83003a934370b6de,6e57a0a9be49f002ca81bd94ec9b7021,4,Recomendo,"Chegou antes do prazo e ainda não pude utilizar todos os cabos, mas já usei o da bmw e funcionou certinho",2018-05-05 00:00:00,2018-05-05 22:23:16
28c379f98ce264691dcf9639a13d7ba9,7532f61a8fc7649fe822d89af2ff0a76,5,,,2018-01-10 00:00:00,2018-01-17 16:52:48
c8afc3f7e4544e7fdaa5f4eb8c77c201,d128b5634e1faad98f4ef5ac2f7e2e97,4,Avaliação da entrega,"Achei o frete muito caro, mas a entrega foi eficiente ",2018-08-29 00:00:00,2018-08-30 00:05:29
5f0b83ebe7d6da98c1d9f329506a4d29,0916594b6973230f69379f83d3bac036,5,,,2017-05-31 00:00:00,2017-05-31 23:07:06
06d9039ab6aebe0fd9715f3a0cbbc7dc,5c1cabc415efcc828343f3b4b284b026,5,,Tudo correto,2017-12-06 00:00:00,2017-12-09 03:29:17
e8c7818bdc3267d37927619195286c6f,0435b65bfd0a1cd1c48a82f5b405ea78,1,,,2017-08-02 00:00:00,2017-08-09 18:37:51
a44d799cecef2d0b0da9b87faf24fd82,15c8bb2579fbbb27773fefddd07e4111,1,,"Comprei 3 pendentes, 1 veio amassado. Reclamei e até agora não entraram em contato para me informar como vai fazer para me reembolsar.",2017-10-06 00:00:00,2017-10-12 18:43:30
2e6f9f68b3a12b7c769fb979cfa7ba02,5a0e97d0e542a67558fb34daa8038b33,5,,,2017-06-29 00:00:00,2017-07-07 22:48:05
1745daa8344c652cabb77f4722aea1ee,d2e870fac3d41a82545e1cf3ebaf5a4e,5,,Produto entrega no prazo bem embalado ótima qualidade. ,2017-04-28 00:00:00,2017-04-29 20:54:32
af64d2317435834b89df09ceea920d98,4ed9c32a4e9d45ab8b3b9596e69f7346,5,bom,,2018-05-22 00:00:00,2018-05-23 02:04:12
d205cb34328bfd9e260d522a91617b1e,86f409689bcc6848577f53fcfa1154eb,5,Recomendo,"Entregue antes do prazo, super recomendo! 
",2018-05-11 00:00:00,2018-05-14 20:07:12
3bc26a840048d5eaddf3052fe1423ea9,4dea0f922f4dd1f6db6379f7ad64ede2,5,Rápido e eficiente,O lojista enviou o produto rapidamente e bem embalado.,2018-06-07 00:00:00,2018-06-11 03:17:36
fde1ccb58fe187032d5782855afb275d,fb87fe28380004e9d6ddcc862b23a82b,4,,CORREIO TA UMA DROGA,2018-03-18 00:00:00,2018-03-19 18:12:03
b9b2c0a7ee49e19f70a99e3477c2bcdf,7325155ebf88da418deb3ac20a5d7f85,5,"recomendo, muito bom",Foi facil fazer a compra e muito bom a entrega.,2018-08-30 00:00:00,2018-09-01 17:11:16
9f367bf3d1d89bb487f79fa75861d752,1bda6a57a0819d9483894ff53a9fb742,5,,,2017-10-24 00:00:00,2017-10-24 19:41:54
795004d0e584086652a53213efec59b2,75754d7bcffc106c7017989bd4b40873,5,,,2017-05-26 00:00:00,2017-05-26 23:07:44
1689b682b938914bd9aebe4409213a23,2e923e20cebdf4b6180a30475a3eed12,5,Ótimo ,,2018-06-29 00:00:00,2018-06-29 22:40:22
b4afba71ff8369d09a87013b92f8a916,3dbf83f783c5b8b10a714e9c887347ba,5,,,2018-03-10 00:00:00,2018-03-12 20:21:20
0d571b637b0d76533a6fbe695f0a5d41,437ad5a02525073e622a0752d52e8e19,5,,,2018-04-26 00:00:00,2018-04-28 22:40:05
7de47d77c741237b6513a7be51141b39,481bab4ab953e59fd75574754371e676,5,,,2018-08-10 00:00:00,2018-08-11 09:49:12
5b99b98b8e0842a9937163c855fd1984,6f4a84455372ad6b74c6ddd49e730539,5,,,2018-02-27 00:00:00,2018-02-28 13:53:11
971347253595ec2f8388afcb29db1734,2398edac04de9e5283b7c76995623906,5,,,2017-07-30 00:00:00,2017-07-30 19:53:03
7cd368803734047f2c9220164f6cbdee,bbc78f387d75afb81df8da1498337e8e,5,,,2018-01-16 00:00:00,2018-01-19 11:11:01
d3ab3abdad3c74e96299296cfd59b003,731fce79a6dfc4251b9ee57dc2f6b239,2,,Estou satisfeito com o processo de compra mas não com o produto. O fone de ouvido é de má qualidade e o produto tem um manual de instruções muito ruim.,2017-05-22 00:00:00,2017-05-22 20:53:22
83f5f151f705afc4b99915ca55b61a8a,a77f068fe42de19045229fa9a9380ed5,5,,Tudo certo! Chegou bem antes do prazo e muito bem embalado! Recomendo,2017-11-02 00:00:00,2017-11-06 04:14:47
9e58ff884a2200280170665079a0a35b,0dd10699d5b56b4bfc60c02e8ac6533e,4,,,2017-10-19 00:00:00,2017-10-19 14:33:57
e9f2c54c085f3cc9aab606663dc30140,7ec44a8d0d3cf4b2933c5c6dff801adc,5,Ótimo,Gostei e recomendo!,2018-08-31 00:00:00,2018-09-02 22:39:40
207eee5ade5b6b3f3c3d5f34821b7346,4d91816c61cb9557eb207bcbf0929f44,5,,,2017-06-22 00:00:00,2017-06-25 01:44:56
f66ea754306b4ab55b72c71c7fa64876,65312c6e4ce03c0fb633a4ac541949d8,5,,,2018-08-03 00:00:00,2018-08-06 12:54:55
5fa335159600530ba4e5b1c65e85cd92,71b17a1dca06f13bc0c69595e244d3e7,2,,O produto não carrega nem com 10% da mesma capacidade que o carregador original,2018-02-24 00:00:00,2018-02-25 08:52:08
2ae838c87e289b50594ee9ca04ab036b,36344f0d9c19b77add7676d9fd40d9d7,5,,Trabalho de qualidade,2017-07-29 00:00:00,2017-07-30 16:44:49
bf5e826b48bf872f542533dd324e440f,867f74e7d9350af5b0a100bb329fe38e,5,,Adorei a qualidade do produto e o detalhe na lateral. Muito linda!!!,2018-02-20 00:00:00,2018-02-21 15:26:54
9beff66f5bf737acd704c3942f0fc985,ed1436604076711db664bd5063508cc6,4,,,2017-12-29 00:00:00,2018-01-06 11:40:18
92d916544351c0ed7e6524edd81db3e7,103d9703fa0f4778189330f41abcbb55,1,,Ainda nã recebi o produto,2017-07-15 00:00:00,2017-07-17 19:22:45
9487a43f29708b00c4b6ef5af2441d1f,99154e0d0a403c1c7dc3f38886f6776b,1,,,2017-09-07 00:00:00,2017-09-13 09:52:05
6cb356228701e3163ed979974b538303,65b5c34eac96c508fd60327de50a2d3c,4,,,2018-07-26 00:00:00,2018-07-26 22:07:42
7f3f11cea03d8e88e20a4eb738d55cec,58e005414df700025a261e572c2a9fc1,5,,,2017-05-20 00:00:00,2017-05-21 23:10:08
7039fac69e68383a8c9554527d271c05,472e24b86f260b32d88c77ddc166659c,4,,Rapidez na entrega superou as expectativas,2017-08-17 00:00:00,2017-08-17 21:16:45
6ab7a3b318e4044691c5e9300d090df9,c21dbddd7317624d1067278b35ca6915,5,,,2018-03-30 00:00:00,2018-04-02 15:00:59
181eb8a6fcac0bea3ffe022f21df67df,6c7378154382f7378b82fa860f68c758,1,,,2017-12-19 00:00:00,2017-12-19 19:36:13
9cbab538213cb257256fc795c13d3cc1,b22b324b1e1fbc78c0f7006c3eacc3a4,5,,,2018-06-29 00:00:00,2018-07-02 02:05:33
203560cb58d22bab436245b64535323c,5db62a99be52172b589440403f644aa9,5,,,2017-09-27 00:00:00,2017-09-27 21:08:20
d9c4b29b316b655e317fedb9786aeb64,373021bf39310f6dcba6e36f71719d4e,4,Ótima negociação ,"Produto entregue dentro prazo. Só achei o volume menor do que imaginado. Mas isso acontece, nem sempre temos noção de quantidade. Agora vamos usar e ver se realmente funciona.",2018-05-13 00:00:00,2018-05-13 20:16:38
ac45359698d54c46eecd37be990035af,a1ad04708ac63bf780235612020e647e,5,,,2017-05-24 00:00:00,2017-05-26 15:06:36
a96c1852497cb561bff2e1d06ccd1fd2,5c2b36b8e747abcc27f2d9ab379ed334,5,,,2018-07-25 00:00:00,2018-07-25 21:08:04
7dd894ff9083d89c4be71013efe104a6,02875e2e1d01d7a1533215fb97510b06,5,,,2017-08-31 00:00:00,2017-08-31 21:29:01
44267b67aa64e2523bc9b4c2ffe16585,f565be42bf5390f6cd98934cc4c17091,4,,,2018-05-26 00:00:00,2018-05-27 17:02:55
05563559d01211cc39a8778acfdd836e,35bc36d5460374d96175822d91d79cd1,2,,"O produto esta em atraso, não muda o status desde o dia 18/03, e era para ter chegado no dia 26/03 hoje já é dia 30/03 e ainda não chegou,gostaria de uma posição. ",2018-03-28 00:00:00,2018-03-30 14:53:29
f3cf9b3b846aff2dddfe6d2728e702b4,cbd72908cd519d4501d42b94604a313a,3,,,2018-04-18 00:00:00,2018-04-19 00:26:47
b47c30e72437912f4316d55b1193db72,6f28feea2823c775f5b8110ccf4fe754,1,,,2018-04-19 00:00:00,2018-04-24 15:31:35
8ed79e5bc17c121e74272df3c76e3553,9cf62f240f501435b77f4d448a2b5f39,4,,,2018-02-08 00:00:00,2018-02-11 00:03:02
df12b071df6ecf116e8b4dc03f5afbc7,3e01bcdfc97eab0de1ea04ac3848d32d,5,,,2018-02-10 00:00:00,2018-02-12 18:34:13
4bd7655b4c9fbcec111c8d52c4d0a5b9,05302619b1bff6733f64a97851af68cd,4,,,2018-02-08 00:00:00,2018-02-14 16:14:43
55c854db53ac2dcb8eea576705c6fc19,b7c4c48cbc6af3c8db4a65fe2347faae,2,,Atraso na entrega.. ruim,2018-03-30 00:00:00,2018-04-03 18:04:03
44f4b9cdac483f9cd81eadfb8b8bd592,6e4a56e7ceec57f1cd7fea6278c4c710,5,,,2018-06-02 00:00:00,2018-06-11 14:47:51
1a4571ae1035e61c2abf13417052f6d5,3b43489e5e595593e63470f9e524d325,4,,,2018-07-25 00:00:00,2018-07-27 18:06:28
2bdcda8fb9ef01e83108995c62ae693d,2ebae2ed985f7f0a3beb4fcb70fefa19,5,,Recomendo são bem pontual ,2017-12-20 00:00:00,2017-12-25 21:06:41
eba03bdf513d03aa69a30907ac715582,fb2e0a2eb0a7cd9fc655c3fdda628acc,2,pesqusar antes de comprar,O produto não deu certo no meu veiculo por isso que estou devolvendo ,2018-08-15 00:00:00,2018-08-16 01:10:44
e7489148786356dd7d96c540efd708c2,cf49cb20f726614d8f2bbd281489b0b3,4,,,2018-08-02 00:00:00,2018-08-03 21:17:30
6f0c17b7929f16d2c2548b6b7d20c7af,22d0b79a88fe360e41471c8477379673,5,,,2018-07-13 00:00:00,2018-07-13 23:18:26
50d0364ba56498addb3487d3c232b06a,488d5fc485f4624acb8132918763416c,5,Ótimo,"Gosto bastante de comprar pelo site de voces, sempre fico feliz.
Obrigada",2018-05-26 00:00:00,2018-05-29 00:47:31
bdd2176b8d0ed0d5414dc07547720dd2,a182c021b0561e70031de925b3991fb3,5,,,2018-04-12 00:00:00,2018-04-16 12:09:10
e839f1f0a5d3393a8709fd3f59b7b240,58274272cfde0e71c0ee61eaee5a60e1,1,Atraso na entrega,Quero saber quando entregarão o produto? Era presente de aniversário e não chegou na data.,2018-08-25 00:00:00,2018-08-27 10:48:57
5d833443716b7115ddce0a1ec34acd71,3dcc4c9174a04ed82d42905c7dd139e7,5,,Confiavel,2017-07-29 00:00:00,2017-07-31 08:22:30
183694bcd82211baa33378e5c8404c51,4de51073bc1cd11e85fb03f29508b308,5,,"Parabéns pelo serviço, chegou no prazo e estou satisfeito com o produto.",2018-08-25 00:00:00,2018-08-25 20:48:47
7915e960f5094fc36e0103b1592f92ba,4832ff0402c0e07fcf802721babe2b05,5,ok,//////////////////////////////////////////////////////////////////////////////////////////,2018-05-08 00:00:00,2018-05-10 17:37:58
9cd9ea4da0efb784c98d25128d44c75e,38812ede52a6842d03eb017fc2c9d92c,1,,Desde janeiro tento comprar essa caixa e ela sempre volta. Eu já comprei uma vez pelo site lannister e o produto chegou na minha casa e bem rápido. Pq agora não estão conseguindo encontrar?,2018-04-14 00:00:00,2018-04-15 15:22:53
83b07740e64e7304309e28466d9039b2,ca98afe572ee9754ef0cd28c6b97758a,5,,,2017-04-04 00:00:00,2017-04-04 21:44:03
b88f9dc70a03d75dc081d5d40dfc9d69,294a10c9e4939e8c4f1974b73970ff96,5,,,2017-08-03 00:00:00,2017-08-04 15:47:23
d02f557d1cb2a20831f5f56f23b99b3a,bb44d0c37f5fcc456bbaefd9aef6adb8,1,,"O status de compra aparece no site das lojas lannister como ENTREGUE, mas a entrega foi INCOMPLETA!!!
O Cartucho de Toner HP 125A Preto - CB540AB
NÃO FOI ENTREGUE.
Como proceder????",2017-11-29 00:00:00,2017-12-01 17:58:28
27d7684eba64bbddc14a8cbaee8c89ed,43d88b0e949865904334dd5b3ca63f50,4,,Muito bom ,2018-03-21 00:00:00,2018-03-21 23:59:35
e253ac247ec200536e6bff9371978b64,567cc2038bd5fc2994630f15ba392df9,5,,Eu amei muito obrigada ,2018-04-14 00:00:00,2018-04-14 15:55:31
b9de875196e8d04b7195e85cbedeec9b,631bf0797fc3480d6eae9757b0c816b4,4,Excelente,Muito doa e rápida na entrega eu recomendo há todos,2018-08-28 00:00:00,2018-08-28 22:26:27
b29b505c1b5099a0ecc76b2cfa96e140,4703fef754ddf8addbed5b7935e2f868,1,,não recebi o produto,2017-05-31 00:00:00,2017-07-08 02:23:29
d43e4fb355c935ea2a808823087af8c0,ef524a601004635e7bd1ec43937e961f,5,,,2017-10-25 00:00:00,2017-11-06 15:39:48
635edb6b999ddd3fe59862c7c0511e8f,0baaa859b7ff0b4d1f674a1d5c3049f3,5,,,2018-06-12 00:00:00,2018-06-12 16:51:27
b6dafd4d99253851cfdd0794f78d08d1,dcc3610bd6745b8ec0d84354631fbd3d,5,,,2018-07-28 00:00:00,2018-07-29 01:14:22
40ab8aea45acc40b074c6c8c685422cd,e5660f4c411090251a0a154f085bbfe8,3,,,2017-05-02 00:00:00,2017-05-06 18:55:08
8caf59ba9833ce7b7467e4faea13c4d3,6e228f845ad0d104a3e3c343dbfd0c19,5,,,2017-12-19 00:00:00,2017-12-31 14:27:11
7b41f3936b0104670f936ac2a7779c13,4048b8311e92aa983ee72f0b5f1e8ce5,4,,,2018-01-05 00:00:00,2018-01-08 20:22:33
671eaad7cc7685de2f3c600a4a8879ec,d2669bd045e902f5d1038d1a0008fdbe,1,,"O produto que coloca na água veio aberto, molhou o papel das instruções e manchou a fonte.",2017-12-10 00:00:00,2017-12-12 10:36:59
74238ea049ca9fc01f6b24ac083bc785,e37dabbc051a3f58d73581522f7eef81,5,,,2017-12-14 00:00:00,2017-12-28 14:53:41
ee5b9da96dcaf137f1ce3dc4c7f6c5d9,3b6ba183ec307f2e980a01e66f596821,5,,,2017-05-25 00:00:00,2017-05-26 22:07:57
a061791c0bec3f4862936b05668466fd,676c554a88771af1264e81fa10e7e760,1,Decepcionado,"A pergunta é, quando vcs irão entregar a minha mercadoria que já foi paga?",2018-05-25 00:00:00,2018-05-28 15:39:04
9eb99ee59a9fd2aeec98e6989e505c6d,871586e5b572f8c5d8b07b091e396e6e,1,,O calçado demorou para chegar e já havia sido usado. O solado estava como se já tivessem usado. ,2017-06-24 00:00:00,2017-06-25 17:17:56
c6ed438a3a03ab4c6ae0aeff74c3f32b,890b59a3c92690ae11b0cfe321e979fc,4,,"Sobre o produto tem dúvidas se e original
",2018-04-01 00:00:00,2018-04-01 16:31:41
f086200c71d0b69f84c29fc4eb206640,9af5f003f0da353f6c32a5c5e0c83b39,5,,"Chegou muito rapido, excelente produto",2018-02-04 00:00:00,2018-02-06 18:41:06
856d058d022f535d78b65af73e4095e7,f057e285395efbc0c032cf9e4ccfd146,5,,"coberta normal , minha cadelinha gostou , produto chegou rápido . ",2017-10-18 00:00:00,2017-10-19 10:36:44
dbaf79bb8eb1e3ac3bea731852711820,ed9ddf13b205161d8ca32de15a50a5c7,5,,,2017-12-20 00:00:00,2017-12-25 23:04:55
f4977ca1d40e60932532e9c5e381348a,4fb59cc4950521f470473ef761b30d7e,5,,,2017-09-27 00:00:00,2017-09-27 23:26:06
660b3d3c2d57dd7e79351d3e275a655c,4b1fd4c19cb4a9c1dc657af8a028d002,5,,Obrigado pelo produto tudo certinho obrigado lannister até a próximo,2018-02-25 00:00:00,2018-02-25 11:57:54
fe4ce702b422edfbb2c4987e57466966,a8ab4d61b3fd92a9aa110f5940434d1e,5,,"Produto de ótima qualidade e beleza. Chegou bem antes do prazo estabelecido. 
Parabéns. ",2017-09-21 00:00:00,2017-09-22 10:20:10
054e642a55f36a6526538cdadd72c253,ee8dd407e306b0808fd6fddc17ea6f78,5,,,2018-04-19 00:00:00,2018-04-21 23:18:00
78846ab16b42866045847ae1031e0892,4fc320374afd63a53d0b5607ef49113c,5,,,2017-06-01 00:00:00,2017-06-06 18:28:58
381a35cafb4be3255ae604eb73f60548,21f1cdf47b2ebf6d58a4e07191ac5a98,5,,,2018-05-18 00:00:00,2018-05-20 15:52:39
b8c3d316889d2d4ce09b5c01888a78ea,4c6f9679175cfb7119be763dd898c8a1,3,,,2018-05-19 00:00:00,2018-05-21 10:01:19
c4a3d03959615200eeef02944ac989a1,94853d2e9f30e859446eaadc4d6bcbe2,4,,"Entregaram antes do prazo, porém, recebemos uma caixa aberta.",2017-04-28 00:00:00,2017-05-02 13:11:44
9ee9dcb77baf4a136455d28639cc03f3,bf9ff7bda0e211e564cf059ef5649e4e,5,super recomendo,adorei,2018-06-29 00:00:00,2018-07-03 12:50:36
95743d4e19eb75a413378df072ad8173,1ee8f299315c112e3442b232cb9c6f3c,5,,.,2018-08-21 00:00:00,2018-08-22 12:41:02
f1b49704f5eaafc7e4802bb571cf23ab,4b0ad428488cc1b132333a293f9c1370,5,,"Chegou muito antes do prazo, ainda n usei o produto mas chegou td certinho. ",2017-08-05 00:00:00,2017-08-06 04:31:34
139d5416c4599a19930485d2d749a65e,a65b4ca3851f2b54790d82614f404348,5,,"Gostei muito ! Parabéns pela dedicação aos clientes...
",2018-03-11 00:00:00,2018-03-11 22:09:39
778f61616407dc2cf683ae317411a13c,3be2b03f32e88489f49c64de449e6d98,2,,"produto incompleto, qualidade ruim.",2018-02-24 00:00:00,2018-02-24 13:48:35
4b429edbf0d55d1cf6f677d2eadbc05a,aed5fd4c4ada58504679761465a6486e,1,,,2017-08-10 00:00:00,2017-08-13 16:33:50
22b33cf1a654c99883be4faefb90a125,fbf5bc2dbcebfcaf6cd32cf61a87e28c,5,,,2018-03-03 00:00:00,2018-03-06 09:04:29
a92c91484665dda9efe7167bca7a27ef,9e782eef55c0f6f0a4de48f967232e91,5,,"Comprei dois Moto G5 S plus com duas capas e duas películas. As lannister não aprovou o pagamento dos smartphones, mas enviou as capas com as películas. É difícil viu.",2017-10-14 00:00:00,2017-10-15 01:02:06
65bf1a763b4c58f3441786d0c4f96510,c13e96ee541f8f115bf9a364d29a6169,2,,,2018-06-29 00:00:00,2018-07-03 22:13:04
da3a335ed6a533a549c006ac81667427,a3d974992b6e4d46af6f3c6259ad725d,5,Ótimo atendimento,"Confiável, veio no prazo. Adorei",2018-08-30 00:00:00,2018-09-01 21:47:10
08c952ea159f572c741744e89fdca99e,a1c47ee60da7efa582a5da058796df50,5,,,2018-05-09 00:00:00,2018-05-15 16:52:26
8d652c40dddb2f5bdf08c784e99c55ed,e6bed0846d5d268bf1ebcf66eab19a42,1,,É a primeira vez que há atraso nos meus pedidos. ,2018-04-07 00:00:00,2018-04-07 16:13:59
8fec8eef90e488529b4fa71d1c4cbea9,1086086dc8f1556f2238eb1d973e3ac7,5,,,2018-01-11 00:00:00,2018-01-12 02:31:26
84e0ee13fefff14226ddbc60e872eb03,498021c6811da6622f31f7817f7a7af7,5,,,2018-05-18 00:00:00,2018-05-20 15:46:55
c899c8813995b5e0620eda0120294e91,259b2f71f29e6e67c6c737bb11e9b0a3,5,,Produtos de qualidade... recomendadíssimo ,2017-09-29 00:00:00,2017-10-03 01:07:09
e09c64ce5df0d67a63b91fb80bcb3040,e7438254f9ef8bf2a7e744f84c561452,4,,,2018-01-07 00:00:00,2018-01-08 04:17:18
2a15d3bcb6d60f77088cd34c48d3cfb1,eed6de9f4e402f8a8f204646b98307ab,5,,,2018-06-13 00:00:00,2018-06-13 18:20:27
1a3ed136907181636cf05b755a5503e2,3f84b0049b0be014bde59429ca8267fc,2,,,2018-08-25 00:00:00,2018-08-27 09:22:18
7b2b73da2804c9e3e53423da4c324950,94e9d4fb987019517b0aac56db0ae735,5,,,2018-01-07 00:00:00,2018-01-09 11:46:35
8e524d92a04d42552a0e894c8318873a,ace8653b9b01a6d0347aa993f8e9b0a5,4,,,2017-04-14 00:00:00,2017-04-15 14:27:45
d4f3665dbfb82f73b30ebd9beab8d627,db021dc0eafd8de55256243118e4a046,5,,,2018-03-21 00:00:00,2018-03-21 22:52:40
41761043ff569d218211f44a61ef6900,882d810d98542e6512788b9a49d6d886,5,,,2017-02-15 00:00:00,2017-02-15 12:49:12
deb8884b1be5d8113cd57327888d925a,df147d110784e81110ece3cae5fafee2,5,,,2018-01-18 00:00:00,2018-01-19 11:13:08
99143104b35eebdc731fbef8e6e4e384,db5a41f8a08f620920c7c413e91a4438,1,,"No anuncio diz ser 3 cores, mas veio com varias cores",2017-10-27 00:00:00,2017-10-30 16:26:16
13ce2a477fae83a0be58a4dcccd816d1,75e3a145a842715ed463a3a4ca34e489,5,Satisfação,"Produto melhor que o esperado. Entrega super rápida. À vários anos que sou cliente lannister.COM, por isso, recomendo sempre à todos os meus amigos e familiares!",2018-08-22 00:00:00,2018-08-23 02:29:19
ff917b12bef2336777ef8034f44d927c,ada812c7806382c3085a5f5024bc17ca,4,recomendo,Foi uma experiência sem nenhum fato negativo.,2018-07-28 00:00:00,2018-07-30 19:46:40
43e516325ff1fb1cfe991e1c7a48e1a3,aa2a0609fab50d659ead956ec8f69de1,5,,,2018-01-24 00:00:00,2018-01-25 00:41:05
bcb70b84e061db515caecbb31e87d94e,1a647a88b6fa7b167cb5414a372edeb1,5,,,2017-04-28 00:00:00,2017-05-02 17:39:30
495b3621654bfa0af2a08d9347606c4b,87334ea6311529ce3e36b18350d2d4b3,5,,,2018-02-01 00:00:00,2018-02-02 01:37:30
ab4bfc671c6e105a490e146504dedf9f,6cb295459b579361f0b6186ce45a76e4,5,,,2018-08-23 00:00:00,2018-08-25 01:28:16
cb2f20d0df15620e2d765c955267b6d0,5dd4ba32ddd49be56001b6436d8ef44c,4,Boa,Faltaram 2 parafusos do encosto da cadeira,2018-06-06 00:00:00,2018-06-06 23:59:55
bf7e4b06c1b46fa08aff0f89a278f24d,e0f9722525043b60edddacd46709fea1,5,,,2017-05-20 00:00:00,2017-05-23 20:35:35
75006d38b20ec986a30e71c455ac339f,dd4ca62b4abb4a5fe11f24d45b63eb79,4,,,2017-12-15 00:00:00,2017-12-17 23:56:54
8800f9e76c02913b8f817590c61ba848,5d8614cc1b5fa0f33976b87215bbdb0c,5,,Chegou bem antes do previsto ,2017-08-29 00:00:00,2017-08-31 05:22:02
5957cec5ee3cd5c0c5c2be9659036b5c,8e580dc7233ba4a6f93b8de2fe826bb3,5,,"Recomendadíssimo, ótimo produto e entrega muito rápida e eficiente.",2017-09-06 00:00:00,2017-09-06 20:38:15
c458a5b8add29d7aad3ce6c7f41382d2,10034668f0d3ab9832769f2f14e190fc,5,,O produto foi entregue beeeem rápido e o mesmo é ótimo possui exatamente a cor que procurava a máscara é puxada para o vinho com traços de roxo ? ,2018-01-19 00:00:00,2018-01-23 21:09:20
7c774d4caf9b1169793c48240eee3fae,2e266d1d2bf4cdf6d74ee51b92bab016,5,,ENTREGA SUPER RÁPIDA. PARABÉNS A LOJA E OS CORREIOS.,2018-03-22 00:00:00,2018-03-23 01:13:16
e68f050cd3593ac2ee65fb7306ecfb81,977f92d98cab7bb13fedbec436375f8d,4,,,2018-06-28 00:00:00,2018-07-01 08:39:53
b95afd36fc1ad254496ad97fb4725738,f4db4affcb95da2a38c0713f619c8313,5,,,2018-04-25 00:00:00,2018-04-28 10:23:19
a75dd3ef8cf78ee535231e188f33c568,f1be668faf7b301d7b9269d0dcacda99,3,,"O secador chegou na data certa, agora a chapinha ainda não recebi.
",2018-03-29 00:00:00,2018-03-31 00:52:36
9701ebe00aa0068f6bea7c8b429a477a,6c4e1e1b0508d7c73164b8890daa28c6,5,,"Maravilhosa, a cadeira veio praticamente montada, muito boa!",2017-07-21 00:00:00,2017-07-22 00:18:06
8058a94237c8299dd9e79170a7470ebd,917a1e55e47868301492b1f8f765a6f8,4,,,2018-02-04 00:00:00,2018-02-04 17:07:44
874b3612c564c7516c780ddc5e7e44ac,7d86c4aa9e59504b23f16c7ca68954a7,1,,,2017-03-12 00:00:00,2017-03-16 16:35:37
6eb2fc934a8497c35215db55f237150d,a543320aceee9be9a814f4808aacaf3f,4,,,2017-11-28 00:00:00,2017-11-29 02:23:52
5a6d8b5c8d7c634e73b19116082128af,9e6356cd884202aa5e0d16e033c8c08a,5,,Ótimo produto,2018-03-28 00:00:00,2018-03-29 15:49:42
751188982a0f279aa9d98b5ed3ad55ed,f1205199f6295174f518734d954e5da3,1,,Somente o Quadro Cofre Para minha Próxima Viagem 33x24x5cm foi entregue.,2018-06-05 00:00:00,2018-06-05 19:52:27
4cea083054f558b479556c3384b68efa,4a59b00152497e88a6a4ab7bfe77e04b,1,,quero trocar e nao estou conseguindo a cinco dias,2017-11-14 00:00:00,2017-11-16 12:52:44
0211aad2e0bb981b08eb5d502af4bb8f,dfec7411ab4ba17202e5aa72bcd3a3e1,5,,,2017-11-26 00:00:00,2017-11-28 15:09:35
cca4263e3312882f63a6b21bfc895c90,30b3d49467327cdceed755f76dc8d3f1,1,,"Comprei dois kits para meus aparelhos J5 Samsung. Ambas capas plásticas tem corte errado, tapando o flash. A película não cobre toda a extensão da tela. Desejo proceder com a devolução, para troca.",2018-01-12 00:00:00,2018-01-14 03:27:14
47e1d6a13d00ce338fbe9a408e77e24c,e807a70014b92cf251b7b8f3768b023f,5,,Na minha opinião a loja foi eficaz e até mesmo antecipou a entrega que foi feita bem antes do prazo programado!,2018-04-24 00:00:00,2018-04-25 05:43:48
a85a4aaa33c6a6a180b2af34f925e69b,ada48b7ce9fee2a62cd265bd45a9c97b,1,,,2017-06-25 00:00:00,2017-06-25 14:09:13
d7559704e5f0c4999feb930d49cd2a84,3af58300549c324fa418f079815fc952,4,,,2018-06-09 00:00:00,2018-06-09 20:57:47
1fa2fd9ad2400f8eff1695e3f5775529,fea563d194760a0737be8bff36ca8c40,5,,,2017-06-22 00:00:00,2017-06-22 23:23:47
73827e87096ad08b4065debaefd2e934,32a9917a34f07cd1a2c04102e4989e4f,4,,"Produto de excelente qualidade, bonito. O atendimento foi muito bom, entrega dentro do prazo.",2018-03-14 00:00:00,2018-03-17 09:34:05
e21a2145906ff37f694a8a5cf7827780,364bfe8be0f9a89a9a817d0e8ecd859c,5,,,2018-04-17 00:00:00,2018-04-19 03:09:06
935ad76ca2ac1fcff3b58c0b3bbb4569,4a04b801500a7b7f5dbaefe223e00338,5,,,2017-08-01 00:00:00,2017-08-03 18:42:26
97b65ce179daa36d3a902e2084b836d2,df0a2eff6f0fc7262189d138f3defa0b,4,,a loja postou certo o produto. mas o correio nao entregou ainda,2018-08-26 00:00:00,2018-08-28 13:40:01
afc31fe4436c1fbd59fdceffd0c71eac,86ab312ff20b032420f0320b32a37f12,5,excelente,,2018-06-22 00:00:00,2018-06-25 11:21:14
365b4664772c69832b9c3e9e8b20e23f,f25ef046203c850005cd4200f7f8c190,5,,,2017-05-12 00:00:00,2017-05-14 01:12:14
497e61d308470ca7b7d806046103d170,4fc55f5886d54eeddf2b8527f4d72485,5,,,2018-02-11 00:00:00,2018-02-14 02:09:18
af5e78ad0969b133680efbacb7610643,31a9ca81d056ac824459a57e784fcfe6,1,,,2018-06-13 00:00:00,2018-06-16 02:05:36
e8c3bf50c7f0d04b5e218dfe237ba43b,7dcc6df2be2e64c78a83397fceadea30,4,,,2017-12-30 00:00:00,2017-12-30 21:05:28
c0241e8b8b0e214c575b09aef28d6db6,793a1da0431a53a517bf77cc596a9d7b,3,,,2017-04-20 00:00:00,2017-04-21 08:23:43
a49eb28138df5c6167c602258f8ede3c,0f7a031ff7235289c8ce7270cac7c4ec,1,,,2018-03-22 00:00:00,2018-03-26 15:23:48
a2d87d0fea64c37956da61475e3760ff,8c24ff4b5a28bb8f08034fca0e4e1263,4,,,2018-05-10 00:00:00,2018-05-13 01:20:25
369e59ac305b65e44c5614d4d9c30698,6f0fe3a4d47a538537e0ff4486928014,1,,"Valor do produto no site $175,00 mais frete de 12,73.....emitiram nota fiscal no valor de $ 137,00....inferior ao valor do site...por que?",2018-03-02 00:00:00,2018-03-06 17:27:40
6036aa120a7243b1c0c9cb64eb90a5d3,1b0fd42cfc51e77567823cb398ef2e26,4,,,2018-08-29 00:00:00,2018-08-31 11:29:54
48be93494f39f5699083b8b6b8b29e2e,64b6860d0ff4339bec73a08ed44a99f2,5,,Tudo recebido no tempo esperado.,2017-02-21 00:00:00,2017-02-24 09:51:56
8a5b3cc460ce3e042b81b44e86da0a2a,79340f2ac5af10a369d02c1acc89eb1a,5,,,2018-03-20 00:00:00,2018-03-21 12:51:57
31114787325c7a5dccc3aa3f1aaba34e,20a9f509874c4824696e6d56602adbff,5,,Produto de ótima qualidade!!!!,2018-05-17 00:00:00,2018-05-20 11:55:14
983ca27fac2f61b67b08b0798ebd1cb8,c1e3705ddd242ae29dca5c5d3367cdda,5,,,2017-12-15 00:00:00,2017-12-22 12:41:10
320df18288c1491cc16a1f628f5a88f7,d8f4cab2c25988993e96c6c02a837ec9,1,,,2018-03-16 00:00:00,2018-03-19 10:15:41
9434f4d351f991ff143a251dcc005e2a,8e231eb804b052ee611d6c4a9300e10f,5,,,2017-07-05 00:00:00,2017-07-06 16:47:41
1b98c4addb73ea78ebd20a88686fda43,9cf677fc6e42f8256b310109fe5f2333,5,,,2017-10-21 00:00:00,2017-10-24 01:28:27
9d4f415221fe9468c56c053c10105362,9d70ddf4f9027ee7e5f0851c480d3fbe,5,,,2017-11-26 00:00:00,2017-11-28 06:40:38
c7934406c50aafe91828128deed9a1ab,35a3fda780d64bcef27e2922fe37b24d,5,,,2017-08-01 00:00:00,2017-08-02 01:23:00
edce1110bebc434444c0f782c7d5257a,7838ed6306a99eba3bb421c33864ccb5,4,,,2017-12-29 00:00:00,2018-01-02 11:25:18
4d2c631ca7e62545de2a8b9afa076d0d,6ec56173121c5972d0fd631f0f084d93,3,,,2018-07-28 00:00:00,2018-07-29 17:09:11
21386ca008d4e3afc518dee68bfeb4e8,b93b56bfb9867dddd26df4ee3efa2eb6,1,Insatisfaçao,"Não recebi todos os produtos adquiridos, faltaram o carrinho e o bebê conforto. Recebi apenas a base/assento.

Aguardo esclarecimentos",2018-04-27 00:00:00,2018-04-27 10:06:49
d9e57c5e7e24d6126e0292536ea06fbf,14f38e83e237f237348b97dd9f228d40,5,,,2018-02-17 00:00:00,2018-02-20 08:57:52
845ecdf5a831f9ca61c0fff9e2933c8d,20c93204065c1cc43ac91fe4358f8983,4,,,2017-04-21 00:00:00,2017-04-21 22:23:33
54ab2c93b4a5673adc8441eb1d4ee3a0,d341bf71429128ec496e8012f3f8e2a0,1,Não recomendo.,"Achei muito fino o tecido a costura e muito simples, sei lá parece feito em casa, a almofada que veio estava com uma linha grande no acabamento, tive que cortar. Não gostei.",2018-06-19 00:00:00,2018-06-20 08:56:43
8eb8d8d490dc6aaeb2b043f15848ddb0,f38bf6fe56ece7d6029b0c1dfaa00276,5,,,2017-06-30 00:00:00,2017-07-03 12:52:57
333c5eeb8e61bd9bc030052a7f252ac5,3745cc99bd10a2c16e31403fe9654502,5,,"BOA
",2018-06-12 00:00:00,2018-06-13 17:50:56
b7900db6a66c2cd86cae67aeabe60f83,d2a447028b1fbbc9200739e3fee4e22c,4,,,2018-08-22 00:00:00,2018-08-25 12:26:57
f9a9cf42f012bb2b685859e2a6de67d0,854963422ef4369edb2416355e8323bd,1,,"Por favor, mudem as especificações do produto. No anuncio existe um comentário de que a mochila aberta fica com 64cm. Não fica! Isso é propaganda enganosa. Comprei pensando nessa medida e me dei mal. ",2017-08-02 00:00:00,2017-08-03 10:56:00
dad39d6e623e4e6436ca2f7ea34348c0,c90a73b5ef059a234ef5d65c235ae154,1,,Péssima qualidade das tesouras. ,2017-08-24 00:00:00,2017-08-25 11:49:42
0b2aae85b5bb3668e1571c025b4a0161,6f44e08b458a69c51d6c0c460358baf6,3,,Tudo como combinado,2018-02-21 00:00:00,2018-02-22 01:16:55
00a94c6eefaf318ce0d3b56ce51b4d31,550c5a737f2d08a5e934958da8fb29bb,5,,Chegou no tempo certo,2018-01-27 00:00:00,2018-01-28 01:13:41
ba21b2a549144cd4f572c3da69785e25,517e0a52c193102990befc46a5c5245a,3,,"Chegou até antes do dia , gostei do produto e recomendo,espero que dure na mão da minha filha kkk",2016-10-19 00:00:00,2016-10-22 09:57:02
5e5cff3f2b8de14497a61df5966422e0,9cef7eef349dd605b870fce05c57765f,1,,,2018-04-15 00:00:00,2018-04-17 03:38:22
52d743ee7a398133f7ef75e81bd826ff,c26d8022e70e332fc205684fbc850c12,5,,,2018-03-14 00:00:00,2018-03-19 13:21:21
bdc146f5b687a560130d8f312b4d8b3c,9f3f85ddc354be372be6cde53a577cd5,5,,,2017-07-13 00:00:00,2017-07-13 19:25:34
fcff6a9891fa462ab82c5d85495fb518,2a8d909d2c102155c7ce2c9a24769447,5,,,2018-01-16 00:00:00,2018-01-16 20:47:45
b9d7fb9ac7041268f2cea434be31fda3,cbb8c3748ad61bcd4011720d8a58a3a0,5,,,2018-08-24 00:00:00,2018-08-27 12:06:16
425247fdb1b3927c047f55beb440224d,a6ea59851ffee8cb73761179fc7bcb6c,5,,Tudo conforme o combinado ,2017-12-16 00:00:00,2017-12-19 01:06:20
84af40db177c6906e9cfd65525a0836f,82f2c3e9aac31446ce4f3edd3a876f8e,5,,,2017-12-01 00:00:00,2017-12-03 16:19:03
7e0f493b68fedcc806ef5481717d6585,3517c4c24184e3c518a1c8319dc60765,5,,,2017-09-20 00:00:00,2017-09-22 01:09:53
a9cc17f6876d82521217c0899ed859d7,49dc298f34ef553977f998818dbeb38f,5,,,2018-03-08 00:00:00,2018-03-09 14:46:25
12bf03d253a3253bc3e62b8eeb3c79e7,86430d523480a84b621ef0c347f56ff2,4,Muito bom,A entrega até foi antes do previsto..gostei muito,2018-08-09 00:00:00,2018-08-10 15:01:21
b85b90967750254d4579c7d06353dbf7,1073c39f7b5d5091bb6dfd342d1f4be0,5,,,2018-03-23 00:00:00,2018-03-26 02:12:12
d6e89c99dd004e190fb802797253e9ba,0fa1fab1d7c1211c824596ed5e111e3c,1,,"Nao volto a comprar com esta loja , demorando uma vida a enttega deste produto",2018-04-04 00:00:00,2018-04-04 10:15:42
3ba88b6dc52875aad372d714a713117a,527f95bc978265984802f8ef4ed9dd51,5,,,2017-07-11 00:00:00,2017-07-11 15:12:25
649447bf2fcb5be2ab0304648797b2ed,f05099a928d90c394963b1f0d8360149,3,,Bem gostei mais as bonecas so tem cabelo na frente e so nao troquei por que nao consegui.era presente e fiquei na mão.,2017-08-22 00:00:00,2017-08-27 04:37:38
dd0d18614e3d3df774db27d3f1db0a07,44cf3a952d8e1d64780add94ffd74dfe,5,,,2018-05-06 00:00:00,2018-05-08 15:02:45
e45c876735ef8275d05ee45fd50d7baa,72d4db7bdeb8827a6dcdb6a40f7149c4,4,,,2017-07-08 00:00:00,2017-07-09 04:50:30
c1c2edb8aa36a8fe4afb1a2055a0e598,e47bfd40dd32463a27120cccaaf5aad9,4,,Eu gostei e compraria novamente ,2017-12-20 00:00:00,2017-12-24 12:55:07
c4a9af87a8aa1fb1bbff8073e4bf8fcd,71a9bc15cae2d58e86e4be7ae0ddc592,1,,recebi mais nao foi a marca que comprei nao comprp mais neste site pessimo e a entrega pioro,2017-08-22 00:00:00,2017-08-28 13:33:53
4ba4153b6e242b6074cb086cf3e1102c,b0edc0b20a380c879d0775721c5b5b20,1,,Infelizmente comprei a segunda vez pois não vi o nome da loja. Demora muito a entregar e não há comunicação com o cliente. Péssima loja. Não voltaria a comprar e não recomendo a ninguém!,2017-03-29 00:00:00,2017-08-20 19:53:39
3773964a610f0fb9775434a447664233,335046c7c87cf6b4d47ce63b22c563b8,4,,,2018-08-17 00:00:00,2018-08-20 22:46:15
2b4ae27a1a4bb705b54c9a13442b5bfc,fc504e55e65297119164294412b4635a,5,,,2018-07-31 00:00:00,2018-08-01 21:27:01
08731db8b3098c0c6ab00534b86bae91,b18c7057bf0a8cf25032b7dc0a680796,5,,,2017-10-07 00:00:00,2017-10-09 16:58:00
d83c74e5f7dc5d787dcb3abfd04cff4e,b61baa7b1523a2a7e4e1382f25e6f9de,5,,,2017-08-08 00:00:00,2017-08-09 00:39:43
aa21c9606fcec962ca2ff5d9e3c10100,d704a9711f8054198d01cb7bc07ec101,4,,,2018-05-01 00:00:00,2018-05-02 01:10:14
4507f468c30a26901fdf6de2f611d96c,6cd1a4eb4b9a14b5a991a897f096d443,5,,"Achei o produto excelente, porem nas fotos do site não informa que é produto Chinês, que aparentemente parece ser bom.",2017-06-07 00:00:00,2017-06-08 01:02:22
a60cdf90e8d973d07d66013ccb4bfc23,a70e2a7c5779986b66893322855c4932,4,Excelente ,Recebi no prazo e tudo correto parabéns totalmente satisfeito ,2018-08-08 00:00:00,2018-08-15 18:26:55
38e7ab914245e2f84080e349f5e6810d,5c7ffa6a8321eb05f96b3f941cf874e5,1,Produto diferente do que ,Comprei um modelo de relógio e acabei de receber outro produto ,2018-04-26 00:00:00,2018-04-28 21:16:01
3c698750daf81aee429cba2bb95cd127,2d5b43766328f55157cae1e85e1dd475,4,,,2017-07-29 00:00:00,2017-08-01 09:36:41
390ee8e580c8e4adacba89d0935f6845,1790c6f253dae58fa859ae0c94bbffad,5,,,2018-02-10 00:00:00,2018-02-11 10:23:02
2589af148d1c9ba2c17dcc7d829fd198,4b6e9f4a9064668e8c026bf9409993de,1,,Ainda não recebemos o produto,2018-04-11 00:00:00,2018-04-12 13:41:55
50134208a6947de1580ed3f0106ea24e,40ea731f6fa10cf721b503b64f3b178e,5,,,2017-07-29 00:00:00,2017-07-31 10:50:10
44d43ee43ede4d9c537990879b6bbb1d,45af011411986b48414c28e5be9b3632,5,,,2018-07-14 00:00:00,2018-07-15 00:47:28
f01b1a9d7a33dda2db91ae5601c5f707,5190f963681eb5a3db66961c4fa05a66,5,,Sempre me sinto realizada com vcs.,2017-08-02 00:00:00,2017-08-03 00:49:37
ef9387f8fd9235d32b4797f569534b19,5f1c6f4cf77108f298378c829da557c2,5,Muito obrigado excelente ,"Indico a loja excelente produto , entrega super rápida ",2018-04-26 00:00:00,2018-04-26 19:39:37
ad6422f597af0336da7ca321cadbd971,715db622428425d51cc31f65a8b82eb0,5,,"nao recomendo a loja, pois o processo de devolução é lento, nao há contato via fone só por email q demora mto e nao esclarece todas as informações.comprei notebook com defeito.estou penando a resolver",2017-12-08 00:00:00,2017-12-15 11:47:52
34f57cc5ce636887ca8111b08f9125e0,ff2ea5b20dfaf42bcf891f8aea31542b,4,,,2018-02-07 00:00:00,2018-02-08 14:46:29
b4896cdfac8760c6c20d2f2014709aea,246a0dd11a624cd29b8c5dc2e56fa1dc,5,Muito bom,"Recebi o produto, instalei e está tudo certo. Dentro do prazo ",2018-06-09 00:00:00,2018-06-09 21:27:27
63f83c93b3c329f2872721e7e17e23e3,7c0b9b2385b65bd8c7aa778a843155e9,4,,Até agora não recebi o produto. Ninguém me dá um retorno ,2018-03-24 00:00:00,2018-03-24 19:42:14
deef2778ea9da5f25bea3dd33ad6748c,b81fc2a4875952a72ef06b533847377e,1,,"esse produto veio todo torto, o encache das peças ficam balançando para os lados parece que vai cair o bolo ,não tem firmeza odiei!!!!!",2017-08-12 00:00:00,2017-09-24 03:18:18
ece7329c677d3d25d15f4f251c374ce7,396cf83a5c0a10f81804e755cae565ab,5,,,2018-01-09 00:00:00,2018-01-19 13:38:19
5e1922a3f61d8447804eb25db1dea715,62bec84b920514dd9d777e095fb5be2b,3,,,2018-02-15 00:00:00,2018-02-18 12:25:13
9565dc22312bfd725a3c7b801396a6d2,b038aba0da1e1ebf55076d3217291ad7,5,Ótimo,Parabéns,2018-06-09 00:00:00,2018-06-10 14:24:10
3942b2b8aa378e35f33f923bc40f6d0e,bb8b0de6aab45a9395bd46092865b6ef,5,,Produto entregue antes do prazo . Superou as espectativas !,2017-11-17 00:00:00,2017-11-18 12:11:00
d1cd8048e1ea888f9eb9eeed852abb3e,def59cab0d40fb6e73cf4a05911344df,5,,,2018-06-27 00:00:00,2018-06-30 14:36:47
a5efb9c222ba1492a03920635f56e073,4213bf7933d48cf3705fd44b4e4c8ce3,5,,Produto atendeu as expectativas.,2018-03-11 00:00:00,2018-03-12 00:45:39
f9dc1e05e8b8efa6af2a6bd92992ea01,05c882a9c704a528bfbaa15fd8805d43,5,,,2018-01-30 00:00:00,2018-01-30 23:57:52
ab2d26b6191f4745b20b79724bab3fe8,8057404f0b48f9bc5a2e1c8deab5a8d4,4,,,2018-04-03 00:00:00,2018-04-03 21:43:05
fe8b1b1056e187004296608e1cfb5ec8,e81a8cb665767198e8d2e17dcd39af87,3,,"Meu produto chegou , mas estava derramando , intornando, apesar de lacrado ",2017-11-29 00:00:00,2017-12-01 01:38:00
ed7c100d57b211ee3c1a2bef2cd105b3,62d6b75c62b447ebcacb509154ae9958,1,,"Antes da entrega havia cancelado a compra mas mesmo assim, o produto foi entregue",2018-02-07 00:00:00,2018-02-13 08:57:59
26edefc87ce43f2a3e7ab1aefdab124b,738958f1bd5348249ab7a14f6a9959e3,5,,muito bom o produto e a empresa entregou antes do prazo tudo ok com o produto bem embalado ,2017-11-08 00:00:00,2017-11-08 12:09:35
b9d7e0181d3b405250108147e3de41f4,edf3091b65403afebeb2a7cbb1682b6f,4,,,2018-05-13 00:00:00,2018-05-15 13:24:28
2468bf5f3e2969f3824fb73f57d4bb2c,283b742fe68780cce8df4470d11ac981,5,,,2017-08-29 00:00:00,2017-08-31 14:39:19
3bcd98ea571c3dbc7d5bdbde07cf3883,4bc45b40b7495543f90c2cfb8c409035,5,,,2017-12-08 00:00:00,2017-12-09 12:43:27
539c49a20ae9bc52429f1b89759b4e69,5ae5a2d65d23cd2e0d8a1ca9b0c5a3bf,5,Produto bom,Produto tem um bom custo beneficio.,2018-08-01 00:00:00,2018-08-02 13:19:53
d71825799ddbc30195ce38ddd8f3d766,9f24306ad42ec0b914ff60357df376ff,5,entregue,entrega rápida e eficiente,2018-08-24 00:00:00,2018-08-28 11:22:35
4913be345159a3151c060698b518e99c,1c1975ccdbd34c48a241f30cc2258dbb,1,,Prazo de 40 dias e ainda sim passa do prazo,2018-02-24 00:00:00,2018-02-24 11:28:09
f416e28252599a947431e3000a4c65c3,33eef7fdc8d66d56aec3a027f087f8bc,2,,,2018-06-29 00:00:00,2018-06-30 00:07:18
622c3f22d6383c75d4e1df03fb8d99af,b4e154c611973630ea64ad7f8daa133b,4,,Todo o processo efetuado dentro do combinado e prodito atende o que promete ,2018-02-01 00:00:00,2018-02-01 20:09:22
67b32c7d475f02d5722e4c682e148bd2,02b7cbd604df10c09427902dc682b0d3,5,,,2018-03-12 00:00:00,2018-03-15 10:37:33
be25a764affdb3f5ae8d60d18587d459,0b277c8a59b6fac83b512d46a575c8cc,5,,,2017-06-22 00:00:00,2017-06-23 21:30:58
8b037ee973a3f027a623ef5c82e3dd31,a33c70384e5369223140d28308cc84a4,4,,,2017-10-05 00:00:00,2017-10-05 16:32:05
c81a8869ffb6375a3919b7b2ae65e15d,e3f4b4c899325f23b973d9aee02d2071,5,,,2018-08-29 00:00:00,2018-08-30 02:11:02
73f88fb42646cb42a1bb90adb002be08,93b4851a0e1121b652d1a222c342dc71,5,,,2018-07-04 00:00:00,2018-07-05 18:06:35
68d5d5465f147310b45b3ac0c09b0f3e,859c79a3ec5c558828c5f5a86e66841e,5,,"Gostei do coberto, macio, leve, aconchegante, a estampa é linda. Amei ",2018-01-25 00:00:00,2018-01-26 00:19:16
d455230ebf80075ec37cbcd88cc45eb3,5813dccc11eeeec1c8b609e396c12291,5,,,2017-12-01 00:00:00,2017-12-01 22:22:50
b6de1f6a83b503b967b3f27eae20246a,a2b3e75e2e444a9ce134788d66d5dec1,5,Recomendo,ótimo produto e qualidade.,2018-08-22 00:00:00,2018-08-29 14:07:46
aad84546c324afbbec3546ed167b5f67,6c6971df6cfa20527e3e3d32aded78b1,5,,,2018-01-18 00:00:00,2018-01-19 12:52:32
9064ea8dbca9e93f41b42bc61e1591eb,635a1975ea58a2c4bf38ed733d7c9339,4,,,2018-05-24 00:00:00,2018-05-27 02:51:36
94691b18bf047b0076ec9d98fe0993e3,e21677585042e206b003e3d9766064e0,5,,Excelente recomendo,2017-07-07 00:00:00,2017-07-10 12:28:31
24ad731e86c392b2148b67150bac71ad,738580878981997bfadf04c4c2fbd013,5,,,2018-08-04 00:00:00,2018-08-07 17:55:04
e629c32c18b7bfb4ba0e0958b1458f1f,a83bbd7210fc35296b93c16a48be49b8,5,,,2017-07-18 00:00:00,2017-07-21 18:58:21
aa193e76d35950c4ae988237bb36ed2b,fc9d6087c02b8f60e1a365a3b6ae786e,5,,,2018-01-18 00:00:00,2018-01-18 17:36:45
66b3ea2c8ccfdb95998ed5c76862fcf3,313c8d52d3e2c7c1fa9e1e1882171a24,5,,"produto correto, foi entregue bem antecipado (2dd). Parabéns.",2018-04-19 00:00:00,2018-04-20 14:02:57
0243b214afcf9623036b7603c41b91cf,d74e29bbba41049b6c17603fd9fabc58,5,,,2018-05-04 00:00:00,2018-05-04 22:02:19
4e8d04490fb8bbb437c3416c441c5aee,a31ecde4565b9e5e70a4ac17fb47174c,1,,Sempre compro nas lojas lannister... foi a primeira vez que não recebi o produto q comprei. Inclusive já faz quase dois meses q comprei. Sempre entregam antes do prazo. Já venceu o prazo da entrega,2018-03-08 00:00:00,2018-03-08 12:16:31
7cfae41125f9f1b73417665c5c7107c2,2d7d78a1457c3765a5ee5dcae46046fd,3,,,2017-12-08 00:00:00,2017-12-08 22:51:09
008813c8f4ff968ec5f376813fd2dd5c,b7a4a66ce73fd0c32b0e380f5134d977,4,,"O Produto é bom, mas não deveria ter espaços tão grandes nos buracos, muriçocas podem atravessa-los, embora, com dificuldade. E só por isso não dei 5 estrelas.",2017-11-04 00:00:00,2017-11-06 23:16:42
05dad1a1157fbb3d160559720871c42b,17f7971d77f3b781ed3a2846c5d41946,4,,bom produto conforme mostrado no site,2018-05-05 00:00:00,2018-05-15 14:54:53
ea6f04a501110d8f6b85ebf0d075984d,e58f5be3f92e03a392967e08cd6647cd,5,,,2018-05-08 00:00:00,2018-05-11 10:57:18
e8d1bc0188ba7974e847024cab472cdb,7678a9ec36abfc35527725816936da8e,1,,Não foi entregue o produto .,2018-04-08 00:00:00,2018-04-09 22:47:36
f0aca30c263a8fc28c2ba92a7ba49938,21e66217f32d0775592d587a9cee5860,3,,Dentro do que eu esperava do produto ,2017-04-14 00:00:00,2017-04-16 19:57:01
91d8569a6bf84a431a0b18cbed49ca63,a0224d0bc0030c9226e9613d6561a7aa,4,,,2018-06-12 00:00:00,2018-06-21 14:41:36
643db6a4ecd81d263b585b018fe9bc10,5d98c74c9456e1af5dd506e16a9d5993,5,,,2017-12-03 00:00:00,2017-12-04 11:00:12
b39336f9c19bb3a330a18bbbe9364ab4,7ed1f028ae9291bb2f0e80683526867f,5,,,2017-10-19 00:00:00,2017-10-24 12:18:45
fe5c833752953fed3209646f1f63b53c,4863e15fa53273cc7219c58f5ffda4fb,1,,"Comprei dois produtos e ambos, mesmo enviados em dias diferentes, estão como em ""dificuldade na entrega"" segundo o rastreamento dos Correios. O que nunca me aconteceu antes.",2018-02-28 00:00:00,2018-02-28 13:57:52
bd36a76789d99a14e2061939c45f4003,c5dad23638f05002b5af4579f0437709,5,,Demorou mas dentro do prazo. lannister sempre bem e satisfação. Obrigado ,2018-03-21 00:00:00,2018-03-22 01:08:18
637670696130283b1ea6b2526242510e,ada852cf7a2944b2980679fbf593bf6e,5,,"A loja entregou o pedido correto, bem enbalado e antes do prazo previsto.",2017-07-08 00:00:00,2017-07-10 02:55:52
30a32325e405c8c0c6c0de1f7638f88a,dab4d0e2e34ccf6d7136c2a702fb5a5f,5,,,2017-02-25 00:00:00,2017-03-01 16:18:55
1b3b4e9bc4d5d50658773667e97977b7,75132ec71e262337d5239bf757ce228f,5,,,2017-12-13 00:00:00,2017-12-14 10:23:32
a3c9752b221c4ae7d350d2ec3a4ce1ea,446783bed4af912fc010915b3ead3b91,2,,"
Os pneus que eu comprei só veio dois dos quatro que eu comprei ",2018-03-23 00:00:00,2018-03-27 16:26:50
b47a8867deaafd713d845f189c438a6d,928e8e158d1096bf9bad69d9e927b6b0,5,10,,2018-06-07 00:00:00,2018-06-09 10:36:32
f5db9844652ce1c8b29775f24bcfc72d,b97ca938c0a55ff9a5b2a89081b4b677,4,,,2018-08-24 00:00:00,2018-08-25 12:09:25
85cb5835b51abc9e3f0bb85ed4a8340f,c60c1ff560443153d7f50771e5fe9b92,1,,O rastreio do correio disse que o produto saiu do PR mas não chegou ao ES. Já reclamei por email mas não tive resposta. Já se passaram 12 dias do prazo de entrega e ainda nenhum retorno.,2018-03-21 00:00:00,2018-03-28 18:37:41
e1e918c0a6ac3220c6ab1392cc376111,4185621f3aaf889fde42176d1f902b20,1,Não chegou,o produto não chegou.,2018-05-30 00:00:00,2018-05-30 17:49:14
29aaf763d139f325574aa24b37713c42,b75a6018e7dd4580ea41116341ec362f,2,,"O produto foi entregue sim, inclusive antes do prazo. Veio exatamente o que escolhi, mas o produto veio com falha, parecendo até que já tinha sido usado. Deveriam ter mais cuidado e embalar melhor. ",2018-02-28 00:00:00,2018-03-01 16:30:29
f279af5cb501bb7e7009a940b402e537,e1ccac2f83d9ae0c22cd16e9573c3f5c,3,,Recebi mais não está funcionando,2018-01-26 00:00:00,2018-01-29 17:16:01
253bc0238fe40eef2101c40e70e23a32,c314dee9e9d49560087a6ccb64ea5850,5,,,2018-08-04 00:00:00,2018-08-07 13:25:45
a4cc0d82ecedb279040a3383ae8bd4e3,f057c0b69a9b64e8579f7873e9d04cd3,4,,,2018-07-14 00:00:00,2018-07-14 23:32:08
402c81ecb02dd466b0f299e91d56380d,05ebeda0c1aefd787e0ddc914af75039,5,Vendedor prestativo,"Chegou no prazo, segui as informações, e tudo certo",2018-08-23 00:00:00,2018-08-23 20:51:39
dd6aaa55737fae2700ff0136e9e70b70,1f31a04201c7a177ad2e98405b18f8ef,4,,,2018-03-16 00:00:00,2018-03-16 22:29:33
0b40ab429f28697bed696365f54facc7,bfb1d0f7664c36a532d74c4cf0da37af,5,,,2017-09-12 00:00:00,2017-09-15 02:07:20
8b2abb42409e5921e45dcb62fcc210ba,b5a1d012931f59ed905df201cf2aba80,5,,,2017-08-12 00:00:00,2017-08-14 11:54:14
eb85781c9ce7cb0ca776f80d5c1b0118,de4c5454fb8e64f76ec9689a472b23c7,3,,"NO DIA 24/11 EFETUEI UMA COMPRA DE 2 BONECAS, O PRAZO PARA ENTREGA ESTA MARCADO P/ DIA 19/12, POREM RECEBI SOMENTE 1. E ESTOU TENDO DIFICULADES DE FALAR COM O SETOR RESPONSAVEL P/ TIRAR A DUVIDA. ",2017-12-14 00:00:00,2017-12-15 17:18:11
b7611bc8fd2de053e18d8462bb55c509,b38d2e3c75d7bf6d8579c98cca3e7285,5,,,2017-11-02 00:00:00,2017-11-04 20:16:32
cb48e1f4ce3b467be30c955755e25d34,a7e30722ecb34ffbeb0fb198ff547677,5,,,2018-02-17 00:00:00,2018-02-17 19:10:08
2b4af363fa3c84231fa8adb041594323,c80f02a8f0c066df7a56a2b61c8c0610,3,,"Ainda não testei, porém o site da HP confirmou a originalidade.",2018-04-10 00:00:00,2018-04-12 21:06:54
91082f636de1ba151b8fe24114eb1dd0,7b07a49f82fe58fb4d678aabda69b963,5,,"Produto chegou antes do prazo, bem emabalado e tem ótima qualidade.",2017-11-17 00:00:00,2017-11-17 15:47:38
74efeafd742b79afcacc5be32d942d75,79e339edd187057a60d7cbe59df7526f,5,Otimo,Rapidez na entrega produto de qualidade parabéns ,2018-08-23 00:00:00,2018-08-23 20:50:06
f9f4399e58130cccaf3e366eecbce532,75fb23d26903b71ce3dd550ae22d2cc1,4,,,2016-10-25 00:00:00,2016-10-26 17:54:45
a2827aec6e50a47381d087482e1fc35b,76c675dc22e413baabf77157c12c5efe,4,,,2018-03-30 00:00:00,2018-03-30 23:38:31
5b3f20d314d796e5bf4d2a16a8cf7e2f,09bb35a3939c3181b4a5619cb3918976,5,,,2017-12-12 00:00:00,2017-12-18 04:28:50
f0e2d6f0e98b3b5fece3238d15a21938,08eef0ee40e395cb547563fc31ab1bd7,5,,Produto correto e dentro do prazo.,2017-12-20 00:00:00,2017-12-21 00:10:42
d0ec5d8927865995000b5ff4fdd3e92e,55529dc7cb99d0befad66b19ad9adc8d,5,Mercadoria recebida ,Mercadoria entregue dentro do prazo. Poderá ser mais rápido e frete mais barato. ,2018-05-18 00:00:00,2018-05-20 13:58:55
495bfd56f68ce19334027b5ff90bffd2,1fa3133aa187f5523ca99748f5b5578f,5,,"entregaram no prazo , e o produto de boa qualidade.",2017-06-08 00:00:00,2017-06-09 22:12:36
aceecee726bc8182a8b7bdead90db6a2,bcc3b9b2b1b0f27be6e2816968b08fc6,5,,,2018-01-24 00:00:00,2018-01-26 18:11:07
03a96b09ed112995cb94caf0728766fa,3683d42ef26919be1aea9cbbed4dc1fa,5,,,2018-08-30 00:00:00,2018-08-30 18:22:27
498be52f24a6de46fd2b1d2cb98a6729,0d0b7c65e71700ed5fe8ae8d2baac37b,1,,de tres produtos somente um foi entregue quero saber por que falto dois e esta dando e status entregue,2018-02-20 00:00:00,2018-02-21 03:12:23
79a4213ea087e4029a9aa65704df1df7,d2783b3ae3458b44a4ab7cc0169bbde6,4,,,2018-08-10 00:00:00,2018-08-12 01:06:13
58cb8f0b435b671382cde41306aa4661,7fc14928697eee65dc635592072afaa8,5,,"Muito bom ao serviço, a qualidade do produto é ótima.",2017-04-13 00:00:00,2017-04-15 01:12:22
e6ae67335db473386336290bef055385,489db951401825ce7d66665e5b5108bf,5,,,2017-08-05 00:00:00,2017-08-06 10:20:49
15c81bcb4d36882af1ab5ad5ad548484,675d6533ed09bea158fd932431474b82,5,,,2018-08-08 00:00:00,2018-08-09 02:12:59
b2c10736435b2f9d697693d77b59c71a,f6bce229e7e3fce75cf00f2028efbcac,4,,"APENAS GOSTARIA QUE O PRODUTO CHEGASSE UM POUCO MAIS RÁPIDO DO QUE CHEGOU,MAS NO GERAL , NÃO TENHO O QUE RECLAMAR,POIS O PRODUTO CHEGOU AO DESTINO E É DE QUALIDADE.",2018-02-04 00:00:00,2018-02-08 15:00:44
bbc9edca9201147163dbedff68bf423f,8076135356d195170fe9f8d5698182c4,1,,Já passou o prazo de entrega era dia 12/02,2018-02-17 00:00:00,2018-02-17 13:22:30
455a6c88e1514a4f8b63ad37fb6162a2,87218c61d4b05c0bc1b4f0872218a3c8,4,,,2017-12-14 00:00:00,2017-12-14 20:19:32
3b6f148fd03c4b12f20bd54499e004a8,4ab8819fc4b34e4d6b2710f3121b2400,3,,,2018-02-10 00:00:00,2018-02-11 01:42:52
a2b6a36fc0dcd9824190770a42f2064e,78ce53a063eb2907f9727aac2c678339,4,,,2017-04-14 00:00:00,2017-04-17 01:10:22
761bd7fe3527ce8c967a8887dd6b433b,bdb92d2b88b1514aebc54ba49ed0c20d,3,,,2018-03-23 00:00:00,2018-03-26 12:27:55
59be6dc0919987c1cdcd630622d08f15,a4e716425319a6fefa5bf8c58eeccfcd,5,,,2017-06-07 00:00:00,2017-06-19 21:00:28
73128f789b981ba4f01e211b416eac4b,b144e2ac9863ed27bc59dbe4dd2f8773,1,,"Comprei DUAS calças plásticas e só veio UMA calça plástica, tentei entrar em contato ,mandei foto da EMBALAGEM que veio com produto a MENOS e NENHUMA RESPOSTA.",2017-12-23 00:00:00,2017-12-23 19:18:51
2d378519c3104207e05d5803e9d36ddd,007beb35f98c075747e6fc4fd1c0cb73,4,,,2017-10-05 00:00:00,2017-10-11 12:02:15
fb08504fefcac7f2eaaa85afce75e631,cad08f9cafe86a00a19ad9376c356779,4,,,2018-02-02 00:00:00,2018-02-03 02:06:02
6ed5fd9c2bbd81b1b7aad2443e2e0d8e,3e5851bac5137487999e438e2986af8e,5,,,2018-08-23 00:00:00,2018-08-26 07:15:11
d977f9af27492d32038daa8dcfeed1b2,3de642b372ed772362b5a3df6f583046,1,,não recebi minha encomenda ainda,2017-06-02 00:00:00,2017-06-05 13:48:29
ffe55169612639d4355f30885db26072,3d536bddbad51e46b6bf390bdc17cb04,5,,,2018-03-06 00:00:00,2018-03-06 19:47:43
4251b23ed5d45695cf9083204e4bcbca,252e3d8642591a131552842adb8230f7,5,,,2018-08-14 00:00:00,2018-08-14 21:40:35
91fc37606f7495568cce729dcb8caa44,a2f1b733d3d3cb7185e9661387534161,1,,Detestei a loja só me entregara m um cartucho liguei pra reclamar ai falaram q mandaram o outro separado e não me mandaram o cód de rastreio só fiquei sabendo pq liguei pra reclamar. ,2018-02-28 00:00:00,2018-02-28 22:30:13
81a1220b302da16ce85e4aeb0eee113f,495f56726168b6a736cc1220b7d49be1,1,Produto diferente ,"Produto que comprei é totalmente diferente das fotos e da discrição, é apenas uma réplica fratura de má qualidade.",2018-07-31 00:00:00,2018-08-01 06:31:14
f0f4477fc6981b998a13c6a18b410587,13525797d8c75a8c92126b1efe3f1e1a,5,,,2017-09-01 00:00:00,2017-09-02 01:06:56
fc7959a32bedecf75f6b8bb227a5d3a1,7d9648a2cdd2164cead7a7f126262c0c,4,,"o relógio não e a prova d,agua como tem na descrição do anuncio entrou agua",2018-01-13 00:00:00,2018-01-15 10:41:31
f0e07992f10c33e5c675dddb11365db3,0ba555009a855c3f87f818f23b4ccdbd,4,,,2018-05-17 00:00:00,2018-05-20 12:11:38
ddeda33f7651d8dc1b528afdb5d64805,89c1a3d3179ce60a4f6debd3c0986711,5,,Ótimo,2018-06-20 00:00:00,2018-06-21 01:15:32
2f31c2e46baeea5b5bf6c93d8842eff7,80dfedb6d17bf23539beeef3c768f4d7,2,,"comprei a maquina com 2 bastidores extras, entretanto veio faltando o bastidor de bolso, fiz diversos contatos com a loja e email porem sem retorno. Aguardo contato e resolução do problema",2017-05-05 00:00:00,2017-05-06 12:56:10
1faf54dfeb5d82e5218a8ca9433e90b8,c38db22a86ae94a2a5a9dd2d5700f6cb,4,Entrega demorada,A encomenda demorou muito a chegar mas chegou em perfeito estado.,2018-06-01 00:00:00,2018-06-19 15:14:22
63e9a9707ba3f2941705ca6e2c4092b5,e1a9073ab42d6cbd16dcf2aa7d695f6d,5,Recomendado,,2018-04-26 00:00:00,2018-05-02 17:46:04
da8e936bc2f1b52ec626f8aa41f3df44,117a6f28c5cf04526b4869a9291c9d61,1,Produto incorreto,Produto diferente do anunciado ,2018-08-04 00:00:00,2018-08-05 17:21:32
19598cd09f0f4013b84e4cba52f89576,6966b21d5a0ca10f795dc14508c1b7bf,2,,Meu produto ainda não foi entregue. Data prevista 21/03. ,2018-03-23 00:00:00,2018-03-27 16:28:03
8e33b6c1ce5dc20c7562793afc2bdd8c,db7ba1651fa9b12357f71dd1606ec722,5,,,2017-12-19 00:00:00,2017-12-20 17:29:05
2d55a33d01d224bc635d1e5f52f0e5e6,23f553848a03aaab35bb3f9f87725125,5,,,2018-06-19 00:00:00,2018-06-19 16:40:38
1ba24067c6be1baf860f93efb7b74e94,612951fa21ca749d62ad2b4f3e0757dc,5,Recomendo,Entregue antes do prazo prometido,2018-08-11 00:00:00,2018-08-20 11:32:39
e28899ec3ac1f433eea8d31d2d43499b,cf848a1927357659bfc5aec6664e9254,5,super recomendo,,2018-05-25 00:00:00,2018-06-07 22:58:13
8ee6dc374f688d17c6e0cf0ac1910301,f2b609cb8300d9cf7f2731582909bd61,5,,Tudo entregue certinho e até antes do previsto.,2017-09-26 00:00:00,2017-09-28 19:36:05
8cb0cbcbe3a3a0e21b90e57444861607,d479fa8a25e886f272e443a70acfb2d9,4,,,2017-12-06 00:00:00,2017-12-08 19:49:18
93c7de6bb471df27aa06bab6f2cc3dc5,bbf5ed9b1422ec62f85bb583115b56a1,3,,,2018-01-04 00:00:00,2018-01-05 10:40:11
4faca5540f92d95d613522e7eb80ab00,94eb86ebbf4bb41bd02ea3035a2a39cb,5,,,2017-08-23 00:00:00,2017-08-26 10:54:29
b0ab0c20bc99af315146585bac963b52,a1259693d26fb84a646c5c4a913a7c40,2,,,2017-11-11 00:00:00,2017-11-21 14:29:17
946de264088dbca14884d792ee5f9163,645fe97a0bdded23a1498357223769de,5,,,2018-08-31 00:00:00,2018-09-02 19:09:17
c4b98c6923086d01090db5453621678c,7a4caa019e7bb13e8a2c00696be65ec5,5,sim,sim,2018-06-21 00:00:00,2018-06-22 13:55:15
f18cee04ed7fde1ebbf64792872066b7,34f18b550eaf850333060c58ac00261c,5,,,2017-11-22 00:00:00,2017-11-22 23:42:35
fca4e8f947af4262674bcc54623634ea,ebc291ccb847d85f438a0b661490ac16,4,,,2018-01-31 00:00:00,2018-02-01 18:23:11
5fd0e7b7d8831724580d6ebe474e8012,5f0d18fd02d895b6b8d05a96e97d74e7,1,,Recebi meu produto com defeito. O mop não fica preso ao cabo e faz um barulho imenso ao girar. Gostaria da troca do produto.,2017-06-29 00:00:00,2017-07-02 02:26:25
bc4ba3d061074cb490a4a32223963018,b5b4d7badbb01d0d2b9d6c5a060bc058,4,,O produto que recebi não era o anunciado. ,2018-03-01 00:00:00,2018-03-03 19:43:52
f8590352969661993e027293adc35fe0,b26d171d404f1e506b8d41c6f70c4426,4,,,2017-10-11 00:00:00,2017-10-19 15:54:28
ac63a37e1e4d6c2e0b4e6cfca6ca0284,a954b5c6ed542bc3970ff1181cb20ef7,5,,,2018-02-03 00:00:00,2018-02-04 13:22:31
bb2421b40544ae778c30b19d6cb19243,4cbc1adfd77a6cac701ee1f06cbfe633,5,,,2017-07-15 00:00:00,2017-07-18 13:09:35
7b89383d7be990b7fde17e9ae418ba1b,3e02b2b05d2244a9fb8f748eaf4ab3ed,5,,,2018-05-12 00:00:00,2018-05-14 19:13:46
3d5424af0f1c70cea353af470c2b5160,67b0f99f4462dd93418ed97b21a6c725,5,,Chegou no prazo correto e muito bem embalado. Gostei muito! Parabéns a loja!!!,2017-10-22 00:00:00,2017-10-22 20:54:54
1d5d04a6f0ef4ce950e0242f692ecc83,baeda1a6ab86cb05572b31817ab4e413,5,,,2018-06-20 00:00:00,2018-06-27 14:58:33
605945bffa5707d55416aebf0d58dafe,31209eb386cfc93a1aeacf7d2da74f86,5,,"Apesar pagar frete e ainda ter que ir aos Correios buscar a encomenda, o produto veio em bom estado e era exatamente o que eu precisava",2018-03-24 00:00:00,2018-03-24 17:54:47
2735f9106a8f8353798c20b8d230e8e7,d8ae8039b59ce1eb9a0f9579e07d30c7,1,,,2018-03-24 00:00:00,2018-03-24 23:33:26
2c5ffd8da9426d191d0866d85d99a58a,30c3c6388d83af1e5d2919082f177a66,5,entrega rapida,Ainda nao usei o produto...mas o atendimento foi otimo!!!,2018-08-14 00:00:00,2018-08-17 20:44:34
b0b3419d7dfff97fee20e3f824558fbb,29124c072d8e7d7681a0bebfe267c67a,5,,,2017-03-31 00:00:00,2017-04-01 12:04:24
2b65ac4176617b2f01cba2608818275d,7f877edba51577b9054e7490ab7469e9,5,RECOMENDO,Muito boa!!,2018-08-22 00:00:00,2018-08-23 11:19:57
71a4fc6e251888afd727682b19a3c942,41139489fb8433d34419f648aa690815,5,,,2018-08-15 00:00:00,2018-08-18 05:23:09
f23b6f6afc9a2f378974a788384862c6,57f2a60c1d6d8f4fb076ac300e53bc1b,5,,,2018-08-15 00:00:00,2018-08-15 17:06:25
9a5396939cbc849a62ff4e28a42771d9,9de73f3e6157169ad6c32b9f313c7dcb,5,,,2018-06-13 00:00:00,2018-06-13 13:25:04
a0e401d62fe338394f8b9858287b7598,f6dbef2d61321dedc716a1683d7b1509,5,,Como sempre ótimos!!,2017-05-05 00:00:00,2017-05-05 23:06:49
8f688675b03463d116ddc890777c6227,36e93f41a4f115938915bf5add9a68a7,4,,,2017-07-29 00:00:00,2017-08-04 16:09:33
ebb8f52f5ba68c68ef6b2710c75718a4,8a5dedf23891883d88a7f6e28b880c8f,3,,,2018-05-10 00:00:00,2018-05-12 09:27:44
02a8d9699a0dc9a726a7c530c70c839e,ef2c378cc37b127ef373094451b9b70f,5,,Produto excelente e de ótima qualidade. Adorei.,2017-10-19 00:00:00,2017-10-20 17:35:39
7220b22e68c44107dde2e7e6544e82b4,a242b157f059b58578956fe8e3b35812,5,,,2018-06-19 00:00:00,2018-06-19 23:31:00
356d3e2e446fa511e6037b576f21f4b0,60eeb6cfb0da0d3db8ccd8a0ca15f272,4,,,2017-11-28 00:00:00,2017-11-28 22:43:15
8310e451ad0cdef6bb76d431e1b90a8f,0d17115bd61c612a87f11a25e904f8fc,5,,,2018-08-07 00:00:00,2018-08-10 11:46:52
6dcb38ea42e5b43671a5d805bd550747,81b1c5ab3c30ee9f67392bbd60dc0f58,5,,"Adorei o produto 
Entregue antes do prazo
Satisfeita com a compra
",2017-10-10 00:00:00,2017-10-13 11:55:35
776941c9c54855ea60e235e72778ebf0,3cfb7adfbc262ab9088ebe345a8aaef1,4,,,2017-12-23 00:00:00,2017-12-23 19:18:00
ce1efc4f353cc0594bdba1788d9bb6f3,f071b368fba027eb94d3880678104d50,4,,,2018-03-21 00:00:00,2018-03-24 01:47:40
c7678bab1a0764781dfc86ac563a2be5,830e68f85c573a0b3ad78cc4915e0fcd,1,,Recebi um produto so que comprei outro produto também rastreie o código e vi que esta no correio da penha aguardando retirada isso está errado pois paguei o frete aguardo mns,2017-03-25 00:00:00,2017-03-31 12:40:11
a169c853a5ba10abfccb9c9afb06aa60,af07804a2d53e8639954baf97fbf803a,1,,"Recebi o produto cheio de defeitos. Já solicitei devolução do dinheiro, estou aguardando retorno",2018-03-10 00:00:00,2018-03-11 00:15:42
41dcc72903556238ab2edc592bb6b760,ad7e012867d486bee881d0a10df0399c,5,,,2017-10-28 00:00:00,2017-10-29 10:54:56
cc268b72f1637646e59d6dbce0def77c,449a5c83325ac51d98c821405c503183,4,,,2018-02-04 00:00:00,2018-02-04 11:09:37
ad24e4c6d0de733a99cd97acb168c411,5802070896d144b2186d3c280570c99e,3,,,2018-02-21 00:00:00,2018-02-23 19:03:43
87505bea15bcac1bc2a18577d40ca186,6192897f85cb2aff6dd1fca56fddb45e,1,pedido divergente,comprei um capacete Taurus zareef v3 branco número 58 porém me mandaram um kit de pistão para cg 150 erro grosseiro por parte da loja espero que resolvam logo esse problema pois o capacete é presente ,2018-07-27 00:00:00,2018-07-27 19:00:11
19e9e540ca74b00d929f7fd0b17441b2,fd74a95ccfea489d33e78d0c076a640f,4,,Só recebi um jogo de toalhas vermelhas.,2017-10-27 00:00:00,2017-10-27 21:40:20
162b120a0f7ef32e30a39603890a7e16,fe1466a3d7546b7ae29bcd953b472339,1,Não presta bom atendiment,Acredito que o problema esteja nos correios mas o fornecedor não entra em contato para resolver a questão.,2018-04-26 00:00:00,2018-05-03 13:56:22
11b497b34a6af20dacf2fd787f47006d,6fbb3d20bfc2d3afdc6478057599ea2c,5,Recomendo,"Produto entregue no prazo, muito bom.",2018-08-31 00:00:00,2018-09-01 02:48:14
694da53e6908bfee532004890cd1ffc4,fe05d1b3e709ca154c9f1377c91f6b05,4,,,2017-10-25 00:00:00,2017-10-26 08:59:33
377a86f193a178bd56c334db6f231034,99bc267f49d76932cd195bfb2a94dd03,1,,,2018-03-22 00:00:00,2018-03-22 11:10:51
840f18cbf157f10e4608fcaa22f507ae,735458a5d288ba55c03a10cb1b2dd481,1,Pessima,Já é o segundo produto com problema o outro foi cancelado quero saber se vou receber ou não se não quero meu dinheiro de volta com correção.,2018-06-06 00:00:00,2018-06-06 06:38:16
3a4171b51cb049cbce0d044a5185095c,1586faea8b5e622028bb4d1e296d5b2d,5,,"Produto entregue antes do prazo, apenas pela questão do frete ele ficou caro por se tratar de um produto simples.",2017-02-24 00:00:00,2017-03-01 12:46:56
c07539e1a8ef545ce8c420541dc9f738,cb853e8420ad49b1a4c1a35000a24f69,5,,"Amei.Produto lindo, de otima qualidade.",2017-10-12 00:00:00,2017-10-19 15:49:53
6b386be485a1e2d4a39c4d4ef21f6efe,0e4b26f1fb99fc0f0472dd5f403d36d4,4,,produto recebido,2017-11-09 00:00:00,2017-11-11 20:11:08
ff99004bbc23c478c55deb58f70f915c,85d142633f7411ccb6c6af60c196b8c5,5,Otima,Muito bom atendimento e serviço prestado!,2018-07-11 00:00:00,2018-07-12 01:57:19
d3fabaeb70d38408105d0e578bf69a11,648c8fc147248b2db527bd25821f67af,5,,,2017-06-23 00:00:00,2017-06-26 12:15:40
bb51c33b71e7fc71f2679e1c76509ac6,0580802ab0d4809dc16b4c9002c01a27,4,,,2018-01-28 00:00:00,2018-01-28 18:57:46
df5e209cdd744de0a0fe49910fd460fc,87889791f729ac3bc040d1633961d826,5,Excelente site!,"Excelente site, melhor preço, entrega super rápida, bem antes do prazo previsto!Eu volto sempre aqui!",2018-08-29 00:00:00,2018-08-30 20:33:49
397cfdf21234ff249c4772b2eee6a4bc,3e3a2f955d45f35c654bd13bade8e0d3,5,,,2018-08-07 00:00:00,2018-08-09 02:06:19
31e9d588b28fcfa7c0de010b847b6ab8,4b7e81be5da17ae60c44ba5992fac95d,3,,,2017-03-28 00:00:00,2017-03-31 10:28:26
c25ac8504ca255f82e5644d26cedebee,1e24c66f40e16d38609ed026af8b4c94,4,muito boa,"bem afiada, cortou bem ",2018-06-07 00:00:00,2018-06-15 13:41:45
35ec6c46de04b2677701e0330fa45ce4,dd42374a06906225a225f1e6edfed9b0,3,,"faltou manual de instrução, algumas peças sem saber o que fazer ",2018-03-07 00:00:00,2018-03-08 11:25:12
afbf7a356c592bfcf51cf2499e977a1e,52245a1eec5d9e4278acd0e934e3aa3e,5,,"Aguardo solução protocolo sobre valor de compra divergente da Empresa stark. Valor da compra cobrado a vista de R$352,95 e na fatura cobrado a mais em R$381,25",2018-01-30 00:00:00,2018-02-07 10:47:42
e70c3511b7dcbe1966bec2a3b9f959d7,a849c2a7ea93e09f56fba22f019394da,1,,O pedido veio somente um produto e faltando outro. ,2017-12-20 00:00:00,2017-12-20 09:02:18
7da89081d683d0d06c795b15dc1ed52c,fe99f8be754e8a75c4201c7156bd99ee,5,,,2017-06-29 00:00:00,2017-07-03 15:35:58
08cf11845ced40ab54e09ac954d61abc,a27eb404169bf0159dcee550b59b9d5e,5,,,2017-05-14 00:00:00,2017-05-16 10:42:44
928dd9e50209beb3474768d43142d51e,2153e9009ecf443d84e5f48861fb7094,5,,,2017-12-27 00:00:00,2017-12-28 01:05:56
0a007bba837ad29e8f74b2651df722f4,591c776946bf5814d5438574a5b42327,5,Excelência ,,2018-08-07 00:00:00,2018-08-09 01:38:54
173b6c2a9afd984a12b6ec3f2be95d46,abc5ec9ecaec740b498a37f19c29a8c0,3,,,2017-05-13 00:00:00,2017-05-15 10:34:14
7cc7b9dc1aee2a59d83d513f1d18f3fe,9f80f54504b9a0002c494e13068044f0,5,,,2018-04-10 00:00:00,2018-04-11 02:29:17
4fad138319e21df2b28d1a8e8bdf906c,a7f50550b7c9925554fb9bda2d7d220a,4,,,2018-01-20 00:00:00,2018-01-23 01:13:00
b0cb84ebf396d96d9a28822d82173852,411d2a5826116cb819444537c0d0360d,3,,"Nada como o original!
",2017-11-22 00:00:00,2017-11-24 23:18:21
dc0cf1cd386adbf98a6ebcdeaecf1c7f,bf88704e42dfbdcebd1a543c31583990,5,,,2017-07-06 00:00:00,2017-07-07 14:08:35
1f6792ed4fd4dfd6c2e564dd1d1e6750,f2a5336cc1662ad56b16f4ed6e4b2de5,5,,Boa,2017-01-26 00:00:00,2017-01-26 23:14:30
46e3ad0ce1ed9eb60455edd801b8f30b,c40251d941c82933d4c4645793793577,5,,,2018-04-27 00:00:00,2018-04-30 01:46:36
dc5933791fc558aa2d4c617b338a880a,f36d534d445a4b1a5cef4092573aa1f1,5,,"A torneira é linda,só não sei o funcionamento,pois ainda não a instalei.",2018-03-27 00:00:00,2018-03-27 20:40:18
75965a420331976ed027fd05b2fbe1e5,2d3390e82fa2179935440626c58baf1a,5,,,2018-06-19 00:00:00,2018-06-19 20:09:39
62a98a805cd1298cd2ed3fc72d095208,de9a3a4892ed94ca9e82655bdae1b840,4,,,2018-03-28 00:00:00,2018-03-28 23:50:46
bc0a46e0b7a2f5c198d87747f75a0fdc,2d5a437d439fb3aed1979b2e5f9f6b39,5,Satisfeito,,2018-07-11 00:00:00,2018-07-12 13:49:25
05af726028990486adfa937cdabe092c,bdccf03ca8600528b6f897db4f6329ef,2,,"Não entendo o que está acontecendo, me parecia uma compra e um produto bem simples.",2018-04-05 00:00:00,2018-04-07 21:55:17
a32f208049a3b4a8d3e18e93caa60fe1,e1c810cb179481ffaa80d2cb9585933d,5,,,2017-11-25 00:00:00,2018-01-05 13:50:52
071b6a8820f2831e3592e6b3ec1714c3,4bb1efeacab943b0b5364e7121fbcd62,5,Gosto muito dos produtos ,"Fiz quatro pedidos, só recebi um, pois os demais foram cancelados,no entanto o valor do boleto veio no total da compra.1.293,38,comprado 30/04/18.Estou aguardando envio do boleto no valor 179,40 obrig",2018-05-19 00:00:00,2018-05-21 22:47:40
2a1ffc57898e6523f73aee52474a6bef,f6f4791d4e9af576b54789af41c06f23,5,,,2018-01-04 00:00:00,2018-01-04 20:30:23
072764763d90d0a5c3ac3e427d592de0,9633aa23810f64d3bec8f43b7778befa,5,,,2018-01-23 00:00:00,2018-01-24 11:39:56
0612bd867ac5ae332859d9e42794e937,f6f1f2a565bc0c1d761799e42d923401,5,,,2017-11-19 00:00:00,2017-11-19 20:46:45
ef5399a0a1812d67e6bbb20ef003661c,d7c88b34559c799b7170fb42a1222ab7,5,super recomendado,"entrega bem antes do prazo estipulado, parabéns pela qualidade e serviços prestados.",2018-05-11 00:00:00,2018-05-11 16:54:56
6401c3eca2b3d7ab2fc2764dd5f1a257,320f28931983137e4e8dbaa4c160c770,5,,,2018-08-21 00:00:00,2018-08-22 16:57:27
14c64fb4227238b38b7e3c3ae73f9c1e,c77296df05b5ed399d2d111ec97b0b17,5,Produto de qualidade ,,2018-08-10 00:00:00,2018-08-10 21:39:44
0c38cc35b7ac670e026ed2f85c05370d,2a520d819adb06eabf4557143110ade4,4,,"Embalagem do produto muito arranhada, parecia que tinha caido varias vezes ",2017-12-21 00:00:00,2017-12-23 00:27:47
74ab687bad2bbeb057910a1576a347b7,b410cd41ac56f6a246e23dc5158f12d9,4,,Entrega dentro do prazo. Tudo correto,2017-04-19 00:00:00,2017-04-30 23:30:12
9b505f6c12cbe1534ad2e355f58cbe36,a739bf4717343c5f9c84196b61a9c53f,5,,,2017-09-21 00:00:00,2017-09-22 00:35:53
ad5830bc6baa8867b6f5fb4686acd3f8,b4b82a96ad1cd1dd5071980861bb2575,5,,Entrega rápida e eficiente! Produto bem embalado.. super recomendo! ,2017-08-04 00:00:00,2017-08-05 22:44:31
4f0d591bb222f7304dcc7058b22d1c48,96874d51b07a419abc3260ea8e854fbc,5,,,2018-01-05 00:00:00,2018-01-12 22:45:09
ad68e071f12a1710668318edaaade766,bb6098323b5ddb5435b705192fe81ebc,5,,"A máquina de tosa é muito boa tem um ótimo corte tem que tomar muito cuidado,pra não cortar o cachorro e pelo preço ela é perfeita gostei muito ..",2018-03-04 00:00:00,2018-03-04 12:57:14
68c348ab988541c0fa79c33e86fae16d,65e9a241667deddeffb1542389e94964,4,,"Entrega rápida, a qualidade da granola não é tao boa.",2018-04-05 00:00:00,2018-04-08 15:04:02
5a3ca85b73a0cbf56edfef5b9f9f9c67,5bc73b0c41be139e802a0e8f361713db,5,,"Satisfeita com o produto,obrigada!",2017-10-07 00:00:00,2017-10-11 02:32:07
281fea28e9d358f7337b4bbdc697f72b,a632507614b292ff5f60b5282ba78df1,1,,"o produto veio com um defeito, uma mancha que não sai. não tenho tempo de mandar devolver e receber um novo.",2018-02-15 00:00:00,2018-02-19 20:16:54
5be159c0278e675cb2dacc24018c4203,8719765a2c69491f63bc8b06f379488f,5,,,2018-08-25 00:00:00,2018-08-27 11:28:43
2a85cc0d319bec6385423dcad5008296,cc3de1b196170ae020cf79cde9883058,5,,,2017-11-25 00:00:00,2017-11-27 18:24:36
46b716c409227a7d79f83139bcd48e3a,6c936253ed9ab81f5293da5081ba8a9a,5,,,2018-01-09 00:00:00,2018-01-13 03:01:22
bda71a6b1289c63be25dc999d4a3eab3,69f5eed47613a9d3cd0ae94d398cdd4e,5,,"Tudo ok ,entregue antes do prazo!",2017-07-25 00:00:00,2017-07-26 02:58:53
507ea645fdcb082d93a9f252e132d9a3,43d8b54629756a38a418dfef248957c2,5,,,2018-05-09 00:00:00,2018-05-11 00:20:49
f7612a5071d26320ada727766d16c42e,408bba49e507e2efa9fbb77966ca4697,5,,,2017-10-11 00:00:00,2017-10-12 12:01:21
c9cfa0afc1af58f9991a340e64e67071,bdf132cfee5c1e0674b5b27eaf076f71,5,,,2017-12-08 00:00:00,2017-12-08 21:51:28
96dd4ccd4afa4c7346121ae17c4151fd,5a0c5e6a4fb3e680d5a9664cea3314c5,4,,,2017-12-13 00:00:00,2017-12-13 21:20:52
53caf729efdc82a6cb8bd812af1ec289,3e2e0c0d125ba0b63ecec3768508fbfa,5,super recomendado,Lojas lannister é para mim até agora a melhor.,2018-07-28 00:00:00,2018-07-30 20:11:47
e5e9c8cc59026861631214c3b4bfca5f,bfdfcb5b457a83ebc43eccb8d8531f7f,3,,,2018-03-24 00:00:00,2018-03-24 08:12:43
9b9e233184056f1ad7d1d90a554bf566,aa7968b0028d36ccc666016b18193b0b,3,,,2017-08-04 00:00:00,2017-08-08 22:17:42
7b33cfbd0e29c6a034efc3eb29e345cb,108db8c088de8e42c648bc520cec8c44,4,,,2017-10-17 00:00:00,2017-10-17 20:56:50
aa81215cef1b8743f051795fb8716478,4477da12913cb6bd85fc066f52b27f91,4,,,2017-08-19 00:00:00,2017-08-23 21:47:10
0d183c55cb3c562ebebb8ab66e0a3278,d4e4ac3c423a38f131a755f777d2f73d,1,,"Eu pedi 4 travesseiro de adulto é veio 1 de Bebê, não quero!!!Quero o estorno do meu cartão, quero devolver esse travesseiro de bebê.",2017-06-03 00:00:00,2017-06-05 13:19:54
ba92546b70f1f3b0cffc4fadd25f858e,55aeba08a7d54fd54220244c4dfdb559,4,,muito bom,2017-12-14 00:00:00,2017-12-15 00:54:38
ba2fe7c62a2ec36bed0ec317024cd6d9,89a05ddfc0652c91d7fb671794757d3d,5,,,2018-07-25 00:00:00,2018-07-25 19:53:54
400d7ffc510b9d21a89176adb4d3a801,7416fee595e25348b79a5d82a55c725d,4,,,2018-03-31 00:00:00,2018-04-02 12:02:11
7f28e20c746c8e1897341521914954ff,c8561f97a8ae2c73be7dc1a013203192,5,,"Gostei muito do produto, pelo preço achei que a qualidade não seria boa. Mas gostei muito",2017-11-04 00:00:00,2017-11-21 17:11:06
270ba7ec508b4a0994820ef592dbf218,51ec41884835ac1d486fd3f6b4b4bf0a,5,,,2017-12-13 00:00:00,2017-12-15 20:19:02
68f04219e1d6468fb32f28f729268d77,39dab0c9ea1c7c66a1a516423f50c97a,3,,"Não me atentei as medidas dela realmente, mas achava improvável uma carteira não ter nenhum compartimento onde caiba o documento de identidade... ",2017-05-23 00:00:00,2017-06-02 21:55:38
db8f82dfe71a5501317542e7b17146aa,4d3bfdf4c7d6578ea445d588371ae10e,5,,chegou dentro do prazo produto original mt bom,2018-04-14 00:00:00,2018-04-15 18:21:06
670c775037a037506ba7e665ee6ecedc,6af0669bfc3cbdfbc6559919441da2e8,5,,,2017-12-05 00:00:00,2017-12-06 01:44:25
efc07f64c87c60e57b0d9fa280320c49,55c3e087340bf45947dd9df30b3808d3,5,,,2018-08-29 00:00:00,2018-09-04 00:53:33
1cc6d47f83d603eedaf86f441b7ce011,7a2305c60573b7af60dd941db4629ec7,4,,boa,2017-04-20 00:00:00,2017-04-23 14:12:53
29ba1fa80c39a13f9285195b483b7356,13b825fdc28948500cfc7a03eb975fbc,5,,,2018-02-22 00:00:00,2018-03-02 14:51:13
864b4637d0e2e585852c53e9e3299abe,40deb01ced4c0d076432514cea0a091e,5,,,2018-03-17 00:00:00,2018-03-19 23:40:12
00b9b0b72b5d7afdd8f231c7183be973,40b1be99be1654dadd7e49f038296ced,1,,Aguardo o produto.,2017-12-20 00:00:00,2017-12-20 14:20:43
b68b7c40cfb7a33129778553fa8ee311,345bd783a6a07b70ed006d1b11df30e6,5,,"Top...
Recebi antes do prazo e ja estou usando...",2018-02-17 00:00:00,2018-02-18 01:29:20
f6b801f0d52a98a3f6bfa6a28d0a57a0,5e29bb4d91686c8d61f87779502db614,5,,,2018-01-31 00:00:00,2018-01-31 23:26:49
0e0ae526ccae227781b803801b5a0608,3f0f3c811e704a2423f25301eaedf047,3,,,2017-08-17 00:00:00,2017-08-17 19:29:08
baa5786c9eeed277dc419ca17c88cf75,c1dc2aa07165a0844cc6a68cebfeae67,4,,,2017-03-10 00:00:00,2017-03-15 17:34:54
5089f788603e653f6d16e8950ee78ce0,5ad4c42b55f95ad02ba670fecbcd0540,5,,,2017-12-02 00:00:00,2017-12-06 01:54:29
6d56292fed614dd3280579c558500810,7700cd588241bdd7614416812683d789,4,,,2017-03-09 00:00:00,2017-03-12 20:59:37
01089b2f323e91501f76eee9a404de1b,bc3f00ad0efe370a931d034fedaecf61,5,,,2017-04-18 00:00:00,2017-05-23 14:15:11
5eef3a1a85aac2953793b5528eaceb37,a5db0385f8aea138fbbb47e6bb8c03e5,5,,,2017-08-12 00:00:00,2017-08-13 23:45:45
2ce184b4047f59a3001cefd4cccf6303,1c2fb7f84aa77300fcb6b698481c1e2e,4,,,2017-12-23 00:00:00,2017-12-26 10:22:16
79edb538f521d901d1167e50b4c4101f,28915ae2a90c218f0c2b7f8e0fb280e0,1,,"faltou a forma e nao consigo entrar em contato, sempre ocupados",2017-04-19 00:00:00,2017-04-22 20:23:39
7bb3aaea15dbd32bbf4c87808ea5927a,9675440ebf61a1a3482cc6308e3ebd28,2,,,2018-08-29 00:00:00,2018-08-30 00:36:24
303d1805e472717da19793051a53ed91,e51d5fd82a186a64728b4de03b0fd8f8,1,,"Eu não recebi os dois produtos falta 
Kit tapetes para cozinha 3 peças pintado à mão - Cru
1 unidade - R$ 35,00 cada

",2017-07-04 00:00:00,2017-07-05 11:57:32
bdae907c7d79b834bd9ef5db4936cab8,5a2fc8deabae69566f89581221d9a0dd,5,,,2018-01-16 00:00:00,2018-01-16 16:14:26
eec5196aa1c31f158a23cce8ec674a1c,97f1dd40b5bea6a7e3cf78fd83a28cb1,5,super recomendo,,2018-08-31 00:00:00,2018-09-01 11:26:47
2f61e51f7cd90d4d3a50f695a77c3a7d,76eb969a695f694952f79db129b24c46,5,,,2017-11-10 00:00:00,2017-11-17 22:18:15
8ff19d9d5753cd153df2fc6a75178de6,0540bf9189ef17aab470c4942f760e78,1,,os produtos entregues não são os funko pops originais. são claramente uma cópia. quero meu dinheiro de volta e a devolução destes produtos,2018-03-26 00:00:00,2018-03-27 12:57:13
bf48e509d24ae70a9ca40c9e04c149b7,0937ee5de4e9482b7503bae26f9d243f,4,,,2018-08-30 00:00:00,2018-08-30 23:19:12
45c2cadf068a1d7149d005fe4894d404,d931b40ce94a288787de6e568f9a76b3,4,otimo ,otimo vendedor,2018-06-27 00:00:00,2018-07-02 22:22:27
5a7847d07a8eaa1d0f3241a605f41056,b948bdde0e60c872c56a559f349c1a66,4,,Excelente produto e prazo de entrega!,2017-10-18 00:00:00,2017-10-20 09:05:47
d2d1f7655cb99c2c7c3dc2bf44363454,42d8cfd4e239b47ae745848a8bdd5193,5,,Produto entrega em excelente estado e antes do prazo,2018-02-28 00:00:00,2018-02-28 17:01:06
32d562c9be569d94536a9d1a52030ce9,e576bdc500f0c1c9a1b2a3ccce7000fb,5,,,2018-01-12 00:00:00,2018-01-12 14:43:05
b19f2544567d25cbdc287602c6e937c0,171494d5a0a3d21f98268f2aa9314a18,5,,"stark Excelente, já o produto adquirido esse boneco do autêntic games um belo lixo, 120 conto em um boneco de pano frágil e sem graça !!!",2018-01-04 00:00:00,2018-01-06 21:26:54
a159af6d25c5112cda3f9bdaea0047fb,6533a0d9c1703a1ebf0115fb55e01834,4,Entrega antes do prazo 👏,👏👏👏👏👏,2018-08-25 00:00:00,2018-08-26 03:12:30
65710ffdf55e4845c3f73f73cbbdb044,c9fbd3052dbd9c9ff427806225df3ad8,5,,Adorei,2017-12-07 00:00:00,2017-12-07 22:45:36
2aae6aa6dd84780f8af3d7c6bceca0b3,0997090fe6882d45c6a71660aaffaba2,5,,Excelente. Entrega antes do prazo.,2018-03-13 00:00:00,2018-03-13 19:38:15
2f307de2f202f80e40bb3e333acacdc5,b3a0eb2ed8d1c40cb723235fc937b654,5,,,2018-04-24 00:00:00,2018-04-25 06:43:14
89e9a30db8680ffcb411e6195d0ed3a1,5be7a00f3302bbc55973ecf0d9322ba8,5,,"Excelente atendimento, produto chegou antes do previsto, muito obrigada.",2017-08-12 00:00:00,2017-08-14 12:21:38
6d14f29755296ae291f7183079974e4f,e6be4d2a8e251c464dbb1c4e17c93bbc,4,,,2018-04-11 00:00:00,2018-04-12 14:19:34
5ff5892a6ca1a9194997ba0b727173ff,c1a3c19dff6500babf78f097560b3107,4,,,2018-07-04 00:00:00,2018-07-08 20:43:01
6c82b0784375cef646a084444b46a302,e59dbfb7d81fd513f1ffa941fe849c57,5,,,2017-12-23 00:00:00,2018-01-04 10:04:16
ca040c65a6d84064966b1c13f1f54be2,3fbd798d7e8c262456edce32abaee496,1,,JA LIGUEI PRA VOCES RECLAMANDO ESTOU AGUARDANDO UM RETORNO,2017-12-30 00:00:00,2018-01-02 18:43:36
94bd57625a811c1b882bfbe9e8edaf7d,eeee28417bb0a24c511c9b96a03fb29b,4,,,2017-09-14 00:00:00,2017-09-15 00:43:44
38f2ce54b21bd103091e0b9419010b3d,d92197e1617b69200451debc2626c333,5,Excelente loja,,2018-06-13 00:00:00,2018-06-15 11:15:42
26990bbaadb37b20561a03c40592dc7a,0b17b204a1785111272edfadb2aa9e94,5,,,2018-08-09 00:00:00,2018-08-09 16:44:06
48305201d9104bb16dc1c7e317e7faea,119875f10276db041c92209d8e71826c,5,,,2017-11-29 00:00:00,2017-12-05 16:24:49
ffa44bd86b3195261bec25c54b6baff8,ef53159b7b28df06945b68eb2b65abc1,5,,muito bom,2018-01-10 00:00:00,2018-01-11 11:38:37
651d58197f315d7c2608e8043ce88d9b,80bef000a2d88b3b23fab45c546c67ff,5,,,2018-08-24 00:00:00,2018-08-27 17:25:59
a8634e58b30734cb544d032b518a24be,5ab86968467c65a96b9a6437e9e83164,5,,,2018-06-09 00:00:00,2018-06-12 14:45:59
7bd7d14ac8354c4eab227fc29d9a735a,88953f14c276491e60e060e8ef21b769,5,,,2017-07-22 00:00:00,2017-07-23 22:51:46
ca3d826e071e51f9ccb5815c068d4806,33ca67f12b946d8830eb3805cc63761b,5,,,2017-09-01 00:00:00,2017-09-02 17:51:01
3b2a53babae01aa1e3a182a76649480f,c72ab77b36e73ef2e5f95a0c2f9fa739,4,,,2018-08-09 00:00:00,2018-08-15 13:50:09
1ff4e44ca50155c0f777f6786fbbb6f9,ed4681677f54e700fbd94ae70f1a85c6,5,,"Recomendo super a compra de produtos pelo site de vocês! Recebi a encomenda antes mesmo do prazo que pediram, e isso é em todas compras que faço aqui. ",2018-01-18 00:00:00,2018-01-19 10:56:26
5584fa47a42110d951b21bd19c49afb7,606a4d197c2fcc7ea1b91a89c0843f1e,3,,Ainda não recebi pois de férias. ,2017-12-17 00:00:00,2017-12-17 04:59:51
d1a8ae2fbae4c046afdf0816ce3b3b0f,bb8a565ee080cd9009f0209bf124beaf,1,,,2018-01-05 00:00:00,2018-01-07 21:54:34
3b9dfdf44c8717460ba0f5df3481ce2c,7714757e3e3208a4bb46a46e52596c78,5,,,2017-11-04 00:00:00,2017-11-04 20:32:45
fcaf726c0b61b07ef40c8bc2a3e9eeb2,83497c05dd75dfe740fb8b0c5482da3b,4,,Outras vezes foi tudo ok dessa não sei que ouve,2018-04-17 00:00:00,2018-04-18 09:57:59
33c6c15ea90b4142609ad036119fd5c6,8065dba483ac5b6fb4e77317735d87a1,5,,,2018-04-18 00:00:00,2018-04-23 18:20:20
7bff121efdd65eafdd0c0f2871a2baa0,92332bfe0b5269414ff8497677a10d5f,1,,Demorando demais para entregar....,2018-03-31 00:00:00,2018-03-31 23:22:02
3b290ac1177f31c3814f6c6a5d77918a,5d2d954e72e7ec31baa0a784aa82a1d6,5,,,2017-08-02 00:00:00,2017-08-03 09:38:56
378f0d32fe38ad2db1888d6cf4ef6b80,dacd9ea86285f197d0b7495e8af14781,1,Produto errado,"Pedi o produto na cor cinza e recebi na cor bege, pela burocracia para troca, tive que ficar com esse mesmo,
Pessimima experiência, erro primario.",2018-05-01 00:00:00,2018-05-04 01:52:36
477629c611367caed885f92e1703ce84,39a2c5163845188e0148f36a05ff7ac7,5,,Amei o produto é toda a atenção dada durante o processo!! Parabéns a toda equipe.,2017-08-31 00:00:00,2017-09-03 01:36:23
6f353269925827180d9cf2ac0c67bbd5,f64d913f55a51b368d17498f8cdef01d,4,,,2018-01-11 00:00:00,2018-01-11 23:45:49
337b2ecfa3d349f8ad89c91ceff3ae3e,fcfb5461769cc63d4c83cc3dd5c2ec55,5,,,2018-08-11 00:00:00,2018-08-12 04:52:18
f7a061ef519ebe7dd7298dc479bcbedb,53b788f7cb182a99dbcf654bbdf21933,1,Não recebi o produto ,Não recebi o produto e ainda não tive o reembolso ,2018-07-29 00:00:00,2018-07-29 11:39:59
5993d136c42ab20dfc37be5e727f3b2a,59136c1fab3d9e26e60db2df573ae8e1,5,,,2018-01-24 00:00:00,2018-01-26 22:10:36
dc995d8544eca30ca46cfbc9b82131bd,d4c2cda5ee1ebae34af938976048ccaa,5,,,2017-03-09 00:00:00,2017-03-12 21:52:33
08e0b7588f3a3594735949d6528783f4,a951133aeeb49076723a581a3eb8d51b,1,PESSIMO,"O PRODUTO O QUAL CHEGOU EM MINHA RESIDENCIA , ERA SIM O PRODUTO O QUAL EU HAVIA FEITO O PEDIDO, POREM O PRODUTO NAO ESTAVA NOS PADROES O QUAL DEVERIA SE ENCONTRAR , FOI UMA FALTA TOTAL DE RESPEITO .",2018-08-03 00:00:00,2018-08-06 14:55:20
174a50ecc3181301a3585ff14ab5f98b,001427c0ec99cf8af737bd88e92fd444,2,,,2018-04-26 00:00:00,2018-04-29 11:07:36
1c7b8b15de9a2eff8caac4ece3fc0f49,7da5789072aa14cff7a42564283c6254,5,,,2018-03-15 00:00:00,2018-03-16 00:49:55
e3957ab758dbb11657dd77005458beee,f4d52c8679d7de408090a7c7ec487cf3,5,,"produto entregue rápido e conforme anunciado...
recomendo a todos... IBL",2017-09-15 00:00:00,2017-09-18 10:07:16
bc3590604b38e200ce7882bcff5229b7,4ff36f43b95e4fbebfa94b98f8f33847,5,,Uma loja que eu confio em comprar.,2017-10-11 00:00:00,2017-10-11 21:28:16
b61ff82bbbe72cb3c2168c81c1f3f858,ae49e90268bf29c43b79c9e447278c84,5,Excelente,Produto muito bom.,2018-05-15 00:00:00,2018-05-16 02:05:32
b223c5ead1875c9d5f4206bce442cf1b,ca8404db0c07ba332b8a7d83693af3a3,4,,Gostei do produto atendeu minha expectativas.,2018-02-17 00:00:00,2018-02-19 14:16:23
7481e10999d999c6b8c8fca479ea3eda,3ab2e0cca7a7831b28bb1bcff404f6c7,5,,,2018-07-27 00:00:00,2018-07-30 19:32:55
d30750e78a08249792847c387eb1ba32,1c35ac660d7ef6691b25d20df3d6eccb,5,,,2017-06-30 00:00:00,2017-07-02 19:21:24
36d227d242f82a14adf4a1b368198c35,eddcd0974bcd773f5734decebf0225a4,4,,,2018-08-03 00:00:00,2018-08-08 15:27:27
4f085f302718060259f1c7f57af850ad,1871eea34c05e21129b1a6a25e0ec985,4,,,2017-09-30 00:00:00,2017-10-03 00:33:35
6c06ac3750df49afd530abd1115cbf11,4bfccd93522d928f8732e455310da85b,5,,Porém chegou sem as baterias.,2018-02-08 00:00:00,2018-02-09 13:28:16
32f843e906a8683da845300189c5f282,eb9b354f1582c2c24333dc1eb187f47a,5,,"Excelente produto, recomendo!",2018-01-06 00:00:00,2018-01-06 20:03:22
1b38e2bca1bf010a6a4fb931e0fbbf9b,80ce2b07c4a46dfc98710e39bfe3bd26,5,,,2018-02-15 00:00:00,2018-02-18 14:36:19
7d9b01bd9b552658945a37f30f0822ce,ac28921ef185c0a4f81b4fbbdf4d645e,4,,,2017-12-06 00:00:00,2017-12-12 17:01:09
ad125f85f837b997a723cdd7aa0bc9ec,a9016dde97a6a447890dd748aa844b85,5,,,2018-05-01 00:00:00,2018-05-01 19:45:21
928ded4dd74b272c48d56eb4ade3de4c,5435647d369f72442d1972b399a48ece,3,,,2018-01-20 00:00:00,2018-01-23 01:01:54
03351eaad099ad2cc1b61499ce2ac677,4ada6d6dfed2a3a67e95d23f336ae96b,3,Ok,Ok ,2018-07-26 00:00:00,2018-07-28 23:05:02
82e562c306ec1d3767ea41924a61f005,869e47849cdcd2a24f33ab52accd0e89,1,,Comprei um produto e foi entregue outro de valor correspondente a aproximadamente metade do valor do produto que eu havia comprado.,2018-03-20 00:00:00,2018-03-22 00:49:10
c127ce2c669514e8cd05197d58ebfc1c,47378b461210a310c95e17323f7dd726,5,,Otimo,2017-02-08 00:00:00,2017-02-10 12:01:28
7f5166d9c56ed68b7ca30d19f4083a04,43bbf51a29b5a969348978d51a55d72d,4,,,2018-01-28 00:00:00,2018-01-30 11:15:35
61492494b8a78172952286cbf20dfeab,0e19aa2216bf89063fdd8849774aea19,5,,Ok,2017-12-13 00:00:00,2017-12-16 16:42:16
c505cc5b621a2a28f4b46520ba503318,5ef13293f44c9ba1b12e98237a956679,5,,,2017-12-12 00:00:00,2017-12-13 01:04:31
b1a2687a3aa896cea59303564b7ef2a1,fdc0c4c2efc395cf5b80b60f573097cd,5,,,2017-11-24 00:00:00,2017-11-24 09:23:31
70d56c809784fbb82914e273fae2ba70,4b806b93edf76523f25669be3962bd2f,5,Tudo certinho.,,2018-06-14 00:00:00,2018-06-16 23:20:00
54c660cf45ec6696dec2a5a816322e03,938ce9437524223bf05a48b84add7375,4,,,2017-07-19 00:00:00,2017-07-22 10:24:29
047d6804d4f8ff12f5ccd283d5892bff,1e359230c99e4510d4ce63375b5c7f72,5,Bom,Chegou logo ,2018-08-23 00:00:00,2018-08-30 16:25:27
034e69d50447bf82ca06337756150619,32744f120083b73a94a86096a61ca1c8,4,,,2018-04-26 00:00:00,2018-04-30 12:03:54
8365f451819ff981e5766cee1643f3d6,01b2dd042de98a15b6a9a141bf71c344,5,,"Chegou antes do prazo, produto igual descrição. Lindo !!!",2018-03-17 00:00:00,2018-03-18 19:50:42
67c2557eb0bd72e3ece1e03477c9dff5,8e17072ec97ce29f0e1f111e598b0c85,1,,Entregou o produto errado.,2018-04-07 00:00:00,2018-04-08 22:48:27
1c6c0d74932ff644f53ebfb109dc797a,10ae81c09f8af0de80d11ebb50e272ec,5,,"NO PRAZO , OTIMO",2018-04-22 00:00:00,2018-04-23 11:06:10
7c61689015e6099852af8d2f5cb34c01,02d50facee2072550ae5a8ef3dc2e10f,5,,"falta 1 pendente, paguei por 2 e chegou 1",2018-01-20 00:00:00,2018-01-22 12:05:39
4eaefa6ae4da462db720de6315e8f8df,ddb831adbe504c02601f03328420af4d,1,,,2018-04-25 00:00:00,2018-04-27 11:25:55
38ea5624a808d4b732d9cd9bfd57bafc,6714663b6b3db5c838d7590c6a7600e3,3,,,2018-02-23 00:00:00,2018-02-26 13:18:09
72fc3c0478593b7f8c326e606e08c0b0,8a5f03e334444e1899c6eede50adfcd8,4,,Produto chegou no prazo. Ótimo produto ,2018-01-28 00:00:00,2018-01-28 23:20:05
1499b9bdfc9383ca49ffd56181065912,05ec9565bccc292561dec1d33bfefdfa,3,Recomendo ,Ok,2018-08-11 00:00:00,2018-08-11 22:39:46
1067a7f22781153115958799dc72a8df,bede3503afed051733eeb4a84d1adcc5,1,,"boa tarde produto enviado errado, terei que me deslocar aos correios pois moro em um condomínio tive receber, e ainda irei esperar chegar para so depois eu receber o produto correto, paguei via boleto",2017-09-29 00:00:00,2017-09-30 20:49:37
1b03b27a768542084671030fde6efa3f,073df773abf715c8e62c999668a9cc49,4,,,2018-01-26 00:00:00,2018-01-26 19:01:51
32b0eb0e9f1c131cb493ea397ac9c0de,e77b2b3ed9f949ad731cb0cc10a59000,5,,,2017-06-29 00:00:00,2017-07-03 12:09:24
b45c75845de7e21f4823abad933fb58d,4df92d82d79c3b52c7138679fa9b07fc,5,,,2018-08-08 00:00:00,2018-08-08 14:34:42
658247304e6b2133ad80bc6013c2b58a,63c303bbfc61f7fea7c12039a331617e,4,,,2018-02-09 00:00:00,2018-02-09 23:56:19
f6f6588a66392ca90aadd38ea213a973,22ff7c206b68858435452298296c2fcb,5,,,2017-05-12 00:00:00,2017-05-18 22:44:59
36877488cd3964f5d51c434cac4da1d4,e90da786f0f0041ca35e71de95ef4eb6,5,,,2017-06-22 00:00:00,2017-06-25 16:38:42
c838177f97de123ec5f7eae7f86a9eb2,38776c227318fc6906defc2d197cb17a,5,,,2018-06-12 00:00:00,2018-06-13 00:19:41
9b73a6b588035ce9238b2f22082c4ade,60b276464a67309733a0662e758e9875,5,,,2017-02-24 00:00:00,2017-02-27 13:10:24
38c1a5ef305a136b484701f0d8bfc422,eb7df5ec433a5660c84c3a2e1bce192d,4,recomendo,nada tenho a decrarar um abraço,2018-05-20 00:00:00,2018-05-30 01:04:22
7233ad6c0f10a3a0270491e741e0f3b6,57b27ed317a9d0ed3ed31b5a50392b51,5,Recomendo loja,produto entregue antes do prazo e em perfeitas condições,2018-05-09 00:00:00,2018-05-14 23:17:54
6a122023de057aaf96dfb6b0ff41e3d0,11720c3352cc89c305e6211b13e73084,5,,,2018-04-13 00:00:00,2018-04-14 02:44:09
8485332f60d1c77559d075a0f27fd0b2,c6051ea41588b7a6ae49a458fcba5ac9,3,,,2018-03-20 00:00:00,2018-03-20 23:19:27
4577e72405f5242360b72d6e981ed148,32f0d08563a05bd541da24218934fdab,1,Comprei dois falta um,Não entregaram os dois ainda falta um.,2018-05-18 00:00:00,2018-05-20 13:41:59
bb324b59f27341fecc73de7940393e8d,1e535b580b9c6e2e359da6d6202cbaac,3,,,2018-05-18 00:00:00,2018-05-20 11:35:16
a6735e0e47d96df13d98877383537b1c,3d6de6859857d943fc208268b533c0a9,5,,,2017-09-05 00:00:00,2017-09-15 18:02:51
6e4b65c36f5d67c560bae1cf39f08839,29cb6a71f2aefea7831e8dc7c7afb690,5,,,2017-05-08 00:00:00,2017-05-11 06:50:13
8590c828026bc19336c0e22821c353a7,e7d94ab6c93320816f9b59df54012a32,5,,Ótimo produto! ,2017-05-14 00:00:00,2017-05-16 21:37:05
75d75b48e5b698d399c6199a7af120f4,2ae6d828f4cf351ecb662a1f2c30aa93,5,Recomendo,"Apesar da paralisação dos caminhoneiros no final de maio, o produto chegou no final do prazo sugerido no sistema. Foram bem atenciosos no sistema de SAC quando perguntei com relação ao envio.",2018-06-06 00:00:00,2018-06-06 15:36:21
b189f913aecb7014a8b15c39d5a71317,f8f5a64c41c130ac24bbdd4421d97f6f,5,,,2018-01-31 00:00:00,2018-01-31 22:21:10
5d4516989fe57640e5495b37e5320192,2c115ba9e25f2b8932ec710356d9eca9,5,,,2017-04-04 00:00:00,2017-04-07 11:17:46
94f2d9e9c7cb8c0db450b76c02e74b3e,3b7620f0a3652abfdf6bc1b145b9117c,3,,"Fiz o pedido de dois HUB USB 10 PORTAS, no entanto só recebi um, e na fatura mostram dois e no pedido também.",2017-08-25 00:00:00,2017-08-26 18:30:06
ad27061433d9451e63564287e50175ec,8fc359cc10f3ab99032248ef5f152d4f,5,,"OTIMO PRODUTO, FOI ENTREGUE NO PRAZO CORRETO E FUNCIONA BEM, SEM AQUELAS FRESCURAS DE TER QUE CONFIGURAR, SÓ USAR!",2018-04-19 00:00:00,2018-04-20 11:27:23
ed79f2c4219dafb351c394d7497b7432,90ff3cffbad0c03e76cdb32a788a649e,1,,"Não recebi minha compra, e já faz muito tempo.",2017-03-31 00:00:00,2017-04-03 11:56:47
d5ffd5437439f18c6c10a20b9c7a1f28,7547e3b174d5790cf512240bf8a99bf2,5,,,2017-11-24 00:00:00,2017-11-27 10:20:20
f59631a937359687e45e7ec56fd6cfed,0e849e380bc578c72e6e7273210c74af,5,,Excelente ,2017-05-24 00:00:00,2017-05-27 03:04:41
d0ecfaa6bcf52ed1a0be9c42c66976f3,cc3336764b2bc18f4eaa8f17f86bfd53,5,,Produto veio exatamente como descrito no site.,2017-06-30 00:00:00,2017-06-30 15:23:17
42d32def61b9bdf0957754a59faf805b,2b161ac439724fda87d03abf890234b5,5,,,2018-08-24 00:00:00,2018-08-30 12:16:52
0b6b5ff8f67248710485cf7d07e9e451,14d296847a335160b30c1e6afe4d011b,5,,,2018-08-29 00:00:00,2018-08-31 10:48:25
b4428633e40efabf6d7406611c4e3664,ffc5d47e40567b5f153d5cd17138eb89,1,Demora entrega,Nunca fiz uma compra pela lannister que demorasse tanto a receber. Gostaria de saber o motivo! ,2018-06-10 00:00:00,2018-06-10 11:51:34
9d71557d825f015e8924d2e75f9c83d6,6aad3bed746944c70143bcbcadb6c5ab,3,,,2018-06-12 00:00:00,2018-06-16 01:16:07
9cc4987916099bc82bfbfe873869c284,c48c006cc34f94c1fb2aa8afd2c1cc9f,2,,Sempre recebi no prazo mais ainda não recebi ,2017-12-29 00:00:00,2017-12-31 11:58:07
f86d4ad62d4e2050d0d7f8e71f8cd7be,9d5cb46eb8b0851d32e0a86b6dea782c,5,,I,2018-05-31 00:00:00,2018-06-01 11:56:04
c560ca004d0256192e91584285d0d72e,ba772856bdab971f8c7eae9e03cf8706,4,E um otimo protudo,Indicaria esse produto sim porque naao se arrepente,2018-08-18 00:00:00,2018-08-21 02:36:24
4d9da7406ca8bf5e0505612e7911d21c,2dfb87489b5804dbc8293320a24aac0f,5,,excelente,2018-04-11 00:00:00,2018-04-12 10:42:24
d2195350d4cd952e137d7422cb1f74f9,b4ee8b4e6cdba36455ad826db9938e35,5,,,2018-02-02 00:00:00,2018-02-02 20:33:53
ddbf424bcae33e10142bf44e128c83e8,ead4584d779958e7605fe628d3f253f0,4,muito bom,bom,2018-07-12 00:00:00,2018-07-17 19:48:00
ca7022fb1119bb5b5fb2246209049e32,ab84bf29e9617a0fc438bb0a95a50d6d,4,,,2018-02-09 00:00:00,2018-02-14 10:53:08
1d1deb5ba03878cb8daf348971f9775e,af32211fd3ca6faa65dcf8f3bd3f53bb,5,,,2017-03-08 00:00:00,2017-03-09 09:01:25
1b8df55d40e129a4003858afb671129c,b12e5d725658a4566286153c51727af2,4,,,2017-05-24 00:00:00,2017-05-27 11:14:56
42475e5a62b655d19b1ac264c8c95747,2baa3f7b53010552fadf54405bc0f0b1,4,,,2017-07-22 00:00:00,2017-07-23 21:31:47
159be580e85de703cbf7c8ca2ca4620b,edb87b920c0d70259a62d95cd4922c87,3,,,2018-07-14 00:00:00,2018-07-16 18:58:26
344bf12bc7bd7ea8f90c60f6a274e3d4,bcd3f65a42c31d80afe51626263a8644,3,Não funcionou,"O cartão sd apresentou problemas e não consigo contato, nem com o stark nem com o vendedor, tentei trocá-lo e nada! Recebi dia 08/06/2018 e no dia 11 tentei a troca e não consegui! ",2018-06-09 00:00:00,2018-06-12 12:32:16
bc0fa803dc47267d440652c24692784d,1fce50c1831b6809773e5020edc716e2,3,,,2018-07-31 00:00:00,2018-08-01 09:12:07
5db45b02ee878a99620dd009d313d9e2,9bddf07b813124e63282b716df591c36,1,Problema,Comprei 3 unidades e recebi apenas 1.,2018-06-21 00:00:00,2018-06-22 11:11:05
169d29a1b6136d75d9dc01a70145403c,ab7645aa9bb508419e3dfcd8805edf76,5,,Produto de ótima qualidade.. fiquei muito satisfeita! E a entrega foi super rápida como sempre..,2018-01-12 00:00:00,2018-01-15 16:02:27
3355473a012231abb01befd29a5286d4,5a85ba245a3a3bcb21334e761e0ef1a2,5,,,2017-09-20 00:00:00,2017-09-20 22:21:47
2f5db996340fccfe84c2a055d0f20443,f8edef1bb71dfdec2bc42a061eea6275,4,Quatro estrelas,Muito bom,2018-07-24 00:00:00,2018-07-25 10:32:07
e0fa357e15361c892f471add6fd29d52,33ae336da56e5f632a69e131c877815f,5,,,2017-04-21 00:00:00,2017-04-22 00:57:17
223666a37095bd75cf4b2ce21303011f,168a50979a16bb744fe45d11356ebedc,5,,,2018-02-24 00:00:00,2018-02-27 00:01:51
c918aaa9f80a1a709208bdb02e1e4f0d,d234a970b741b7ea0578de7dd3dba128,5,,,2018-06-17 00:00:00,2018-07-04 15:05:04
f09b051abf307c8693ad220930fd39cd,c1e204186043302a0a6e1f4d955460fe,3,,Demora entrega,2017-12-03 00:00:00,2017-12-03 20:48:30
4d2882c86abe77ca116a4c4fc3362600,c09b25f84f52644793916c9d834ee48b,4,,,2017-11-22 00:00:00,2017-11-25 09:30:41
9d16dfca3ffe15358990c81f882c6506,892e01736ad734f028d207bb6578ff85,5,,"Tudo que eu compro chega bem antes do prazo. Esse era pra chegar dia 05/02 e recebi dia 16/01.
Super recomendo!",2018-01-17 00:00:00,2018-01-18 13:08:57
4e7b507ecd22d0c39b580378e121c0c4,5533f1edcb0023c063b64b627abc4024,4,,,2018-03-18 00:00:00,2018-03-19 22:34:39
8cf0d68c1d347ec8b5e64b962c5fd12c,0c17d2ca8fea3e6d807410a0c0c44746,1,,,2017-12-30 00:00:00,2018-01-02 12:24:02
43c87a3da8d8f53877739d34d3b8d8bd,9a43b717c408493ff788aeb5d11d0684,5,,,2017-11-15 00:00:00,2018-01-21 22:17:52
56630943200a9a87a85e12da27b6ed34,26aaee2edab376ed50356a504172fe42,5,,"Produto certo,data da entrega certa,tudo dentro do esperado!!!!",2017-10-28 00:00:00,2017-10-28 21:09:14
abe566d788ef42251b5e721d631adeaa,5ebce795f868b14058961eb09ebf1cbc,4,,,2018-03-22 00:00:00,2018-03-26 14:24:59
8311308aa3b3c672f134a1e265aea44f,e4e87503e23bd920473b4bbe54e015b5,5,,,2017-09-01 00:00:00,2017-09-04 10:07:25
32f491d7d2a9b045e8dcd64e96fed9ae,a9726615eb24e9b1fa84fe7f8c9a5b54,3,,Não posso crucificar a empresa que comprei o produto tendo em vista que a culpa é dos correios,2018-03-23 00:00:00,2018-03-25 13:17:31
3d9f04fd2150a9218a14e1d365b6ff9a,0ec73995908cf00519d1da725119d114,5,,,2018-03-27 00:00:00,2018-03-27 21:16:47
5ce3e232e4d6d9fc0e4c9ce8d93ffe1e,d72653b199232133a82a28e6e340133c,5,,,2018-06-16 00:00:00,2018-06-18 11:10:45
c3659ea87aa36a72359f47ae2fafe16d,79104bbe8dd124c763911a2821546889,5,Recomendo,"Produto conforme a descrição do anúncio e entregue dentro do prazo.
Estou muito satisfeita.",2018-08-28 00:00:00,2018-08-29 00:42:11
60a48c10148c7671a45d6e705ea4be4a,58c4df4904044782bb1361c5cb001538,5,,,2017-05-19 00:00:00,2017-05-22 10:51:51
aaa5fba9e8840f7ea9a68f4e2c6efa0e,1afbdc6ed9143871e5b8be14ce2762e0,1,,Vou mandar o produto de volta. Estou esperando o andamento da solicitação de devolução que fiz à stark.,2018-02-02 00:00:00,2018-02-03 04:12:31
9ae7fa1b62c4b604ee66ee4b392d4d3f,f654f714b94e829d982e2313f2343493,3,legal,Recebi no prazo.,2018-08-28 00:00:00,2018-08-29 17:18:33
31f38d9a7bb8bc90ca8d405d74ebb9d9,828acc6ccec3081f5615750358c691db,5,,ok,2017-09-20 00:00:00,2017-09-24 12:45:30
c09cffb0a0ae8ef2f53b522e87dc5cff,a90f2cf8d5c323e4a3de7437de1ff1b7,3,,,2017-07-19 00:00:00,2017-07-19 23:10:56
42cd127c48cb5bed8e9d3c372f727729,50cb20f783b26639e858a27798b315b6,4,bom ,para minha surpresa chegou antes do tempo previsto que é o maior problema de comprar neste site,2018-08-22 00:00:00,2018-08-23 13:11:16
175a3b9f213c08c80ff004c01b690204,85b05a808acf9ce20564b3550e7ba749,5,,,2017-02-23 00:00:00,2017-02-24 10:11:39
b7113dd0e2d78074dd3d6db389d22ce3,483c22865f4aa9d0bd3cceb535b176ab,1,,O produto não foi entregue até o momento. Estou insegura quanto ao recebimento,2018-01-19 00:00:00,2018-01-19 21:54:33
f07ce42b7e9f262c033dd21cb80f555e,19488ad1e6b3f423c4d8b3a3262efbda,5,,"Amei 😍 a fonte, superou minhas espectativas, é muito linda .
Veio muito bem embalada. Recomendo essa loja. ",2018-03-30 00:00:00,2018-03-31 10:09:38
8fd1bfb620d216469751bceb439de00c,5b9ec93a929c3ac36c58426030b286c7,5,,,2018-04-10 00:00:00,2018-04-11 15:31:50
0cf1e6e3734b1f09a7aab82dcb198a16,feff6425f4657f07071d4e5c52cb97af,4,,,2017-11-25 00:00:00,2017-11-26 01:12:05
46adc5912a120c8e2ff75b13d466ec17,4f3d4a1f5d64be803fb322242a968047,5,,,2018-04-14 00:00:00,2018-04-16 18:44:39
636ec84b3af3c362b97081b137eae08d,68a6a32c41cd1cfeab8e2e1507813e84,5,,,2017-09-29 00:00:00,2017-10-17 11:42:18
6f8f1480a063dfa15164baddcb4dc768,ee8725c782f35716fe7a9e445bbf0a78,5,,,2017-09-20 00:00:00,2017-09-21 16:33:59
ddda84674812416f0f99794ab94404df,d44d3aabe5fd82754ca3b4696cdc90e7,3," BOM , MENOS LOGISTICA",comprei um relogio de 730e paguei 25 de frete e a loja envia PELO CORREIO E AINDA VIA PAC.,2018-04-28 00:00:00,2018-05-01 02:52:23
9e7208843e10c199943f1f6bb22ce49d,9b67d7f926480a9b1dfda8f3595013a6,3,,A loja não informa que o produto e chinês...e infelizmente os Correios não ajudou tive que retirar o produto na cee...deveriam mudar o meio de entrega paguei pela entrega e tive que retirar na cee.,2017-11-17 00:00:00,2017-11-17 15:18:01
a4d3dac901780a12b3077b8867383ae4,b2b7043343c97ca1dfc624e1d71e43df,5,,é o meu queridinho para um dia de bom humor e treino fácl,2017-08-11 00:00:00,2017-08-14 13:17:36
9791693d4ace05e7d709b6487351705e,41c291a561e0257e25d6a75037e5a6a1,5,,,2017-12-17 00:00:00,2017-12-19 11:04:06
6229466402b496dea0dba7c332a45216,5c1ae756614f9d0fabf5173af5c9e55e,5,,"GOSTEI MUITO DO PRODUTO COMPRADO . BONITO E LEVE PARA ESSA ONDA DE CALOR. 
SÓ NÃO GOSTEI PORQUE COMPREI 2 COLCHAS E ME FOI COBRADO O VALOR DE 2 FRETES. ACHEI SEM NECESSIDADE E INJUSTO",2018-02-16 00:00:00,2018-02-18 23:24:23
b108247eeef2c4486f5e6d1d4090a9fc,2ac259040ff5632c80a28851fb876996,5,,,2018-01-12 00:00:00,2018-01-13 13:45:23
632586e46c9ac9392714929c2d9855c5,ff632bc583a94f23c59db4cbaa0ba2ab,5,,,2018-05-19 00:00:00,2018-05-23 01:11:19
2e3a02fc80a0d4222a4c9817a4180016,b5f7ed4633fb5be4575467a3ecd2ebc0,1,,Pedido veio incompleto falta no jogo de tapete,2018-08-08 00:00:00,2018-08-08 19:46:37
7f906c60d59c8e0548a7775f8e86442f,f81bd34ec4dd1f36d89fe966cf87c4d7,5,,,2018-08-07 00:00:00,2018-08-07 19:43:42
d4893a64b61f2b56cf9e0880918c3fc3,44a36c78aa2626a8bdd0bc7f18c821a4,5,,,2018-08-28 00:00:00,2018-08-28 22:42:59
5e2a8e0d8d9c1ea2dd5743968bfad337,a67da1598758f2e830db1f553721799c,5,,,2018-05-24 00:00:00,2018-05-24 23:30:29
be85a08356a65c9e96972cc5313852e6,5db54d41d5ebd6d76cb69223355601f5,5,,boa,2017-03-17 00:00:00,2017-03-22 16:27:46
bd7b1f051dd086560287fc052ce7a397,f9e3b033a477076e2b9e014a852af668,5,,,2018-02-09 00:00:00,2018-02-09 22:43:56
23cd315d5bed6d2a2297ad14fdedb7f4,c49f6b5cef87291f38f2b1fccf57c3c6,5,Confiança,,2018-07-27 00:00:00,2018-07-27 12:06:41
e1f8ee6bd58b234efbaabfcefd5a0aac,ab042583eff2cb1ffe2110a95da95d4b,4,,,2018-02-08 00:00:00,2018-02-13 12:03:02
230b7a9d94338dd0964ab4f947097a5d,0539642c2ba6dfd6c8ca8dbdb16d85d4,4,,,2018-03-01 00:00:00,2018-03-01 23:13:39
0dbf8d9a4028f94d7aeb33cb140690cd,f71640d90e6e9a31928e18730dbac95c,5,,Excelente!,2018-02-02 00:00:00,2018-02-03 11:14:13
2b0c7d9ed4f3d99d75874adfe73f6ca3,afb23e950af5ba7626b9fcc4e1c63147,4,,,2017-10-29 00:00:00,2017-10-30 13:01:11
2cf5319f66f33819df2bef9296f5aa43,f439741ef3997ceace2e3b92ad169e0b,5,,muito bom a entrega foi otima na data certa .,2017-10-27 00:00:00,2017-10-27 20:38:01
ee5368fc01ff9b41bf2a34ab6b0d80ff,f34c3736b33b7d0c9eaaac33ac7b1ba5,5,10,"Eu pensei q a cor azul,era mais intenso.
Bem rápida a entrega.Obrigada!",2018-06-07 00:00:00,2018-06-08 16:10:32
fdfca8fa7eeb3f2451289557e4aa7efb,35575d651196f286d8d73c2b92653aa1,1,,Olá!! recebi só parcialmente os produtos; faltou um item. ,2017-11-24 00:00:00,2017-11-24 17:47:38
f82c5be143b05c8b72ea05dc71a8afe8,9b27acea1ceeaf0e2c4409066b85c93d,5,,,2018-08-01 00:00:00,2018-08-02 00:34:22
7243782a18a68222e3499504224c5330,4157bbe2d286aea97eced684d71b229e,5,,,2017-10-29 00:00:00,2017-10-31 20:58:35
23b5a0823554be20e95cec4b91959288,eda3f5678e561d64fa75367186df15ab,5,,O relógio é lindo. Vale a pena,2017-11-18 00:00:00,2017-11-22 02:48:12
9847e626f35fc2ec1742f843a9fa748e,962938a0eb303d087976fbcbe632723a,4,,,2018-01-10 00:00:00,2018-01-11 12:52:49
d1f33115289bd52f1781e3541e953895,8737b567a657802c6dd1761fdf3c256f,5,,,2017-11-15 00:00:00,2018-02-01 20:58:52
067f04bc966819937ce99dc82166d7b8,66b5056a7febb8679fd88a5b42d59b05,5,,,2017-11-25 00:00:00,2017-11-30 03:13:03
294034dfc9b3814d09ed4f92e2d0f146,f98a06b99cbcc7caef174bc5efa78a31,5,,,2017-09-28 00:00:00,2017-10-03 01:42:04
af309b3491c576ce38796cdc38a2974d,fa1504a98e3482c59bb07d3024a15b14,5,,,2018-08-17 00:00:00,2018-08-17 23:35:07
b6a9dbd855dde01f9362530579889e37,12a408b60b694ab095783ea92af18e1d,5,,,2017-12-12 00:00:00,2017-12-13 10:39:34
a3bc63a62749ade8bbe45ffc57138251,94d2de9ad08d15bd3e714a984bd09bcb,1,,O produto não foi entregue até hoje ,2018-04-14 00:00:00,2018-04-14 05:49:20
f0b3200e9e35b724fcee709f7a98a1c4,91fcdc0357e6c76803fb5d654a0226a0,1,,"Comprei duas cortinas e recebi apenas uma.
Era pra dar de presente,infelizmente não deu certo.",2017-09-01 00:00:00,2017-09-04 10:02:14
f5690b65d36177ca3c07f98b2b490004,c577af5e9d5dbecf0ac65ff28cb8ad45,1,Faltando itens,"Recebi apenas uma luminária.
Como proceder???",2018-08-23 00:00:00,2018-08-27 13:27:14
2c137ba7fd3280806348a49f05c9b764,b67b6f2b2675c892382cac4ba30ef88d,3,Recomendo,"O produto é bom, mas peca um pouco na dificuldade de olhar a hora.",2018-07-26 00:00:00,2018-07-30 18:55:05
134acae16d87a3164ce3e325437de743,9a327776c4009cd0980497d9386b1472,5,,Boa loja,2018-04-04 00:00:00,2018-04-04 23:26:32
57ba81956b223ed58b7f894d4f419da5,d9f046249ca6beb35e2d00f2eecece56,5,RAPIDEZ,"Foi a primeira vez que adquiri um produto da baratheon e estou muito feliz pela mercadoria ter chego com RAPIDEZ, pois, como moro na região norte (RR) temos muita dificuldade quanto ao prazo de entrega",2018-08-01 00:00:00,2018-08-01 18:44:18
4e65c52f82abf2b0885d56b252e36217,a6d934d331efb68761bccb25bc87d170,5,,,2017-06-10 00:00:00,2017-06-13 01:07:14
5d916bcb012ff0608d514f210df5ffbb,e79ce960e58239f855503114732d9d09,5,,Só que comprei errado ,2017-06-30 00:00:00,2017-07-03 11:30:30
dfaf49a4644a9b5afcc050667c3d2255,afef48d3c8a0b1b7c9b7f8f922fb5674,1,,,2017-12-08 00:00:00,2017-12-12 01:50:24
2e6945ee14773f5eb3abab522c75b43b,6fcd1385684eaf7076ac0d72b1fab2db,5,,,2017-12-21 00:00:00,2017-12-30 16:58:09
e43063a07a856de97c8c267c41e02fc9,5528a3c9850e07ac5eeea39f275d6c5e,5,,Bom produto,2017-11-23 00:00:00,2017-11-27 22:39:47
25766dbcf21d72eaa9300e8d0d49cde8,bf88003f2580db7589007ec44bc85695,5,,,2017-02-07 00:00:00,2017-02-10 11:07:12
b58f2689e0f1449683b53fd7853109a8,9a7e8939f3e332415b9915a209e3607e,5,,,2018-07-13 00:00:00,2018-07-14 15:10:14
48904f4cf78e68acf01daa9d403272b0,469e8e6e5a8946a3ba0e0835ae771e6b,5,,Otimo,2017-02-17 00:00:00,2017-02-20 12:01:40
3bd4d54b892bc57bde9b9b6bbd63e080,f967b3b4e10db096bfc62535abb40d43,1,,Houve algum problema na entrega e o produto não chegou.,2018-01-13 00:00:00,2018-01-13 11:27:48
cdd94c2e47c79012a9e21c068eb7dda4,29a78ee4f09c8306a3a5551825acc903,3,,,2018-02-22 00:00:00,2018-02-24 02:14:18
4d37fcc55e6076a3aaa98889c02cb797,51e8e9b5d80b938a3268cdffe95a59dc,4,,,2018-04-04 00:00:00,2018-04-04 22:31:47
cc6189fd376a2de25b7619907e650a03,11112c53dc1c411e991ae06fafeef392,5,,,2018-07-05 00:00:00,2018-07-07 18:41:19
0a294a81b7c6835acbe7ffb85f223231,78b5b205705f30bb989c4a6c7f8822e4,3,,entrega muito demorada e ainda mandaram na cor errada,2017-12-20 00:00:00,2018-02-18 18:04:21
6ef7f7fe808269bfcaa4ff5a3d1b1bb3,0029f17cf0e7640c5cb6825af681303f,5,,,2018-05-11 00:00:00,2018-05-14 13:13:34
c4bfac96c88f60dfd093fa4abc9ad0aa,c5f9505b4bf9db0433b371002f7be6ff,3,,,2017-04-28 00:00:00,2017-05-02 16:58:56
672e177407cc9aa17364d646c3f66c05,7f33b2f7072ae341ce1f0f20a6d9e9ab,1,,"Solicitei a troca do produto, e ainda não tive resposta.",2017-08-17 00:00:00,2017-08-19 23:51:10
74e4df1f262f136737995d5c2f1a03f0,e7f30a3abdc763c660d1dc442dce909f,4,recomendo,Recebi o produto correto e antes do prazo.,2018-05-12 00:00:00,2018-05-12 18:05:43
3a561d4061382b16e9405ebb31ea767d,4dd077c76e72e73742c4af14ebfbd4d1,2,,Produto mal acabado,2018-06-16 00:00:00,2018-06-18 15:34:47
6317d5f77838b3b03565fe151a155529,fa2211e05a1ebb8eedfa015e5d6d7957,5,super recomendo,produto otimo,2018-05-29 00:00:00,2018-05-29 19:44:17
b2405d5c14343a089da5466c3dcb4db5,d1c6fa11a0fb958619647d438f9e4849,1,NÃO ENTREGUE,Aguardo contato de vocês acerca do produto que ainda não foi entregue!,2018-07-27 00:00:00,2018-07-27 14:56:43
7f2d144e74060fc153c1819f1ebd7139,56515935f0fcb6b511a18dc10a50173f,5,,muito satisfeito nota 10,2018-03-17 00:00:00,2018-03-19 16:22:28
7e141915ae7d4c575d1489d355dea84e,3478b113b28e0c77c5b870f927de40cc,5,,,2018-07-11 00:00:00,2018-07-13 13:05:11
0953ccd4eff1c4117bf3e1c834a044cf,7c33b548f0fee23cb4a8afe1f1333ee8,5,,,2017-08-06 00:00:00,2017-08-07 02:59:03
77dec29f8515e02e0e858fd92a601534,96c9a85ac467d3065eb7f6d184672511,3,,"Produto de boa qualidade , só não sei dizer ainda quantos ao benefícios ",2017-05-31 00:00:00,2017-06-01 13:14:46
7e4ff99cf7ad0df9e2f93df1542f71d7,a6bb9d1aab3f3b84ce39c8164836fc87,5,,,2018-07-08 00:00:00,2018-07-09 05:39:48
3a9895057cba104e3fa196a04177a2a2,d90174017bf4d85298251ec0cf5a0bb7,1,Não recomendo,"Produto entregue mas não o que de fato comprei, destarte considero não entregue. Funko errado, coleção errada e caixa parecendo bagaço de cana de tão surrada. Informo ainda que há solicitação aberta.",2018-05-16 00:00:00,2018-05-20 15:12:48
26d42eb98fb73ba8eb0fbe447a935d99,9951333a5f09b5c054baa1f1c43887c8,5,Excelente ,Gostei muito do produto e da logística. ,2018-06-22 00:00:00,2018-06-23 02:30:39
e068837e4e1552c992869291fd375ae1,75d1b089800a77f3c4b653e297632423,3,,,2018-08-22 00:00:00,2018-08-22 16:16:54
746c7f9f4d39a9650fcc67105e7cff33,62dedcd31d4b3c43f9adbab2d7fd84d4,5,,,2018-08-04 00:00:00,2018-08-04 21:59:47
d196efb3298b337bed492f8d21cfe8c4,0858c9b11272c041d6de2fdcdbc392f1,5,,,2017-04-18 00:00:00,2017-04-21 05:50:47
d6eef37b6702cba38cd00040e15ce67b,146b5dee10d8a77d71b6e9341fe0a154,4,,,2018-06-02 00:00:00,2018-06-03 18:46:47
704d1242ad8c31aaf3b07010530d3df0,2b5781efb507c8378a255ae14c8661fd,4,,,2018-04-03 00:00:00,2018-04-04 13:46:40
52b2a058d09c97ef05d0f455a84e9c04,4b3be677878505d6696458ae4b209876,5,,,2017-12-05 00:00:00,2017-12-06 15:49:32
0408a88f7777870e178484011a6deaa0,3ba9c7e03e16689f18c77e2f5efd2af4,5,,,2017-12-01 00:00:00,2017-12-01 18:26:10
fc59a4c5e34d75dec9ce94203c031516,66b073eb59202fd98ae224db60ccb476,5,,"Resistente, pratica e linda!
Meu filho adorou!",2018-02-02 00:00:00,2018-02-02 16:44:59
1907db2f7d12a28d0d59a6be497f038d,010d15deea8cae96ae86ea8097917a17,4,,,2018-04-18 00:00:00,2018-04-24 20:39:00
faeda271ac0422948a70e0dd3df69553,1aecadf4362edaca7fa033e882076c8d,2,,,2016-11-26 00:00:00,2016-11-28 17:37:44
5bf53f2f8215d6aecc0ec54d756cff4d,e8549294b90188285cf1f7d6a35f758c,5,,Ótima ,2018-07-15 00:00:00,2018-07-17 02:31:01
6102b274ca202d60565026161922b548,a1d8201182a838255aca3592492761d0,5,,,2017-12-27 00:00:00,2017-12-27 21:12:24
96603572a1ca1dba095048e61d8c9fc8,ac8f33e39cd4da19fb975a3b2e1bb57a,2,,,2018-05-11 00:00:00,2018-05-12 00:30:05
b429db239dfbc81ee7aba4fce96fb4f9,354310406adf3de2d6793865cca4eb97,5,,O RELOGIO É LINDO SURPREENDEU MINHAS EXPECTATIVA A ENTREGA NEM SE FALA FOI PRATICAMENTE DUAS SEMANAS ANTES DA DATA PREVISTA RECOMENDO A TODOS QUE TENHAM ALGUMA DUVIDA QUE COMPREM PRODUTO EXCELENTE. ,2017-11-14 00:00:00,2017-11-18 00:58:15
164e6531fa6a7029af0e0cd12b49b2a1,974489a317d3b3f2e471a3e8d05ebeb1,3,,"É bm mas o material é pouco fraco, precisa melhorar",2017-02-22 00:00:00,2017-02-28 11:25:37
f6742549530b5b29dab92de9134e2970,f0ef9b99abb2937dd8698615e6c2f909,1,,"sinceramente, não gostei de como voces embalaram o produto. parece que foi de qualquer jeito minha primeira vez comprando por essa loja e tive uma péssima experiencia. ",2018-03-01 00:00:00,2018-03-03 13:01:48
4eef9b7b4b6ab2a9d70149096723ad9b,dca3b709f4c0389495cb4fa1a063440c,5,,,2017-08-03 00:00:00,2017-08-04 00:07:02
6a4fe764f751447d494ceebebe3627d1,74661e530a952a7ca5c7631de0960ada,4,,,2018-03-12 00:00:00,2018-03-16 20:12:41
2dd34def12de8a6cb25b35e7399f32b6,3c153f5d35e78b843022376a66dac30d,5,,"Tanto na compra, quanto na entrega 
tudo certo . obrigado .",2017-12-13 00:00:00,2017-12-13 22:38:25
b592add1059eba9cf1f1d855e6501378,aff32bb12b83b30724cae766b0270c64,5,Ótimo,,2018-08-28 00:00:00,2018-08-29 00:03:13
744077b52a92091e1d056426ef5b2b84,edc8ed56158af55c22d0d8153e921879,5,,,2017-07-29 00:00:00,2017-07-30 00:48:42
7161b4cdcd50664890fdcc80d6116dcc,b5b17e32ff5821a918338446a51c6ce7,5,Ótima compra,,2018-08-23 00:00:00,2018-08-26 11:01:46
324f719a599fd47fc3cdb7d0ac621212,0a15572811e0bc23e2963de1cdf344f0,5,Ótima ,,2018-05-05 00:00:00,2018-05-05 23:37:14
30338e286de08428aebd0afbc9e7cbb7,5933483834803a0e8e9fcd26cdb3774d,3,,Exatamente o q esperava ,2017-02-11 00:00:00,2017-02-12 17:14:14
f16c56fc189cbfc13955753f1e135ae1,0f7f3fcd5523d759e8e17084e45439d5,1,,,2017-08-27 00:00:00,2017-08-31 11:27:19
ef6801f915e493be753c75957be53945,fdef371165dea256526258defc0b326d,5,,,2018-07-03 00:00:00,2018-07-03 20:52:47
79ea3c372879e4364d9f38072f813288,5ce6115708c300fbcc79f7886d0163ec,4,A loja é otíma,O produto não me parece muito bom mais a loja eu recomendo,2018-08-18 00:00:00,2018-08-19 14:32:31
f5692aba3531e7c763c2d298e23c86f4,149bca3daf097d7695389efb9b491653,1,Produto não recebido,O produto era para ser entregue dia 23/08 mas até o dia 24 ainda não tinha recebido o produto ,2018-08-25 00:00:00,2018-08-25 03:44:51
489a8467b45cc90249296efecd5cf6e6,2d7fab68acf33daf2ba5fc66a9435377,4,,,2018-08-29 00:00:00,2018-10-14 10:29:05
992c12bcabe9b06a048468e54159b2bb,195f145ac1c5e473431a8b605fd8a7df,4,,,2018-02-21 00:00:00,2018-02-22 12:55:07
583bb67c7800704e4f9bc32459d7aecf,8d6f2d65fb984460ec10037e22a06fa2,1,,Produto veio incompleto ,2018-02-09 00:00:00,2018-02-11 12:02:27
3ed021e37749de72c99f09973124c4e1,a67f2f8a8a684916bd58ae4f6f2a4507,5,,Boa,2017-03-31 00:00:00,2017-04-02 23:34:49
7f926018f89047bd047a11b2e4c2108b,b6a89d6b9a0f7e821a59bdb3e44d8420,5,,,2017-08-11 00:00:00,2017-08-12 00:38:28
422033ed0509033c7d9adb35c40b473d,b0b49de4bb38c36e7acd74d879631d6f,5,,"Recebi no prazo e o produto é ótimo.
",2018-03-06 00:00:00,2018-03-07 14:09:32
be8e718f953d23d60a624470ef94d1d9,6ab8dac189301e155d1ff9208d98db3f,3,,,2017-10-08 00:00:00,2017-10-09 11:38:28
4f516c15c3f37cbd4bdc8881920bc497,cfda3e5bd8b79ab7fc0bbd0c485d6414,5,,,2018-08-16 00:00:00,2018-08-16 20:35:53
eea01ccb870a15bfc1efd54d1ca2cb25,51a7e6cfd3daa5187a2f973c44a74a74,5,,,2017-10-05 00:00:00,2017-10-09 17:05:09
ba655f796e00da8d968bec6fa3fed3e9,576e5a5f6d1ed0b333acc88bee3b8c25,4,,,2017-11-04 00:00:00,2017-11-05 12:46:43
d7a8d9edfa19c71564346bedf6611af1,abfcea2fcceafacc40dd9edf35aa1f5d,5,super rapido ,muito bom,2018-05-05 00:00:00,2018-05-07 13:47:25
297c906f6d948aa3073df5ee8fda2fd4,41b6c4ea42d874899cb2547558f9e577,4,,produto é bom pelo menos até o momento não tenho o que reclamar só o correio que demora pra entregar ,2018-02-22 00:00:00,2018-02-22 12:22:00
3868a58d31141b666e4cab8dc9419d5d,4c68cc2a641de6ebea2ffbd6a5ec347e,5,,,2018-03-08 00:00:00,2018-03-13 21:48:44
7843f6f7c9dbddb776bf1cefb53c8b3a,f45074ae38f2e01d9b854ec8d40362ff,4,,muito platico,2017-08-26 00:00:00,2017-08-30 21:54:52
428ed29100751e4bd73f6f02655c553c,a3b5da7c8f8d9a1edf856dd01f9c91cb,5,,,2017-08-12 00:00:00,2017-08-15 19:32:44
572f3c139ef03bb672bd620fcfa20531,563404de47cdc6763e7eced487016b66,5,,"Adorei, entregue rápido. Mara Maravilha",2018-01-11 00:00:00,2018-01-13 19:50:41
ad7c4e7e2e11b4c62ac9d7edc7475efc,4ce23a326d80951e2de85a1870483eed,5,,Produto bem legal ,2018-01-04 00:00:00,2018-01-05 10:45:19
fca63ea07f64cb26706c5a7bba0dd70b,e6d0bbe2424dd2fc97db5851253f90d3,4,,,2018-03-10 00:00:00,2018-03-11 03:20:23
e4e8df76dc22bff8232e7472a1f57f52,c7ec0aef506b16f956082d33b51e9aa1,5,,chegou antes do prazo. Bom serviço,2017-05-26 00:00:00,2017-05-29 10:59:04
1e92b3e035f0d9b738f6011a94932651,e4c09ee4522daa0f32bd2e6b2f5ed048,5,Entrega rápida ,Recebi antes do prazo ,2018-08-12 00:00:00,2018-08-16 01:15:08
dc281315c45dd174cb44d9e460646af8,c457891e7dfbb909e2ec96d592d94edf,5,,,2018-02-08 00:00:00,2018-02-09 01:02:40
1ba831c7a22e87cf239b22dbe024d2d3,d6229aca790acb92366c9888f1e0c181,5,,Entrega antes do prazo,2017-02-18 00:00:00,2017-02-20 13:45:34
03170eabbe56eaa6a980a27284e1e668,54a321486a622129adda771a323501f8,5,,,2017-08-18 00:00:00,2017-08-19 01:39:30
da9067f512797b67f7c4b63ee264c0f5,ec3c91446200b1b6f5d6f20fc5a61ab6,3,,,2018-05-01 00:00:00,2018-05-04 13:17:38
f96177c9b1361165d18574cf48e1cd79,a5ab32d92df4aa22033de78a4c20dedb,4,,,2018-01-13 00:00:00,2018-01-15 17:35:24
3d430d6c256b11009753bf1c685ded5b,c3297de5d87bdb1364601547517e83b0,5,,,2018-07-24 00:00:00,2018-07-25 11:08:58
3b2f651135a6ac6c553ddc6d2f24cda1,d80e0abae74765187eb4970037b244c8,5,,,2018-02-27 00:00:00,2018-02-28 00:03:46
29bb71b2760d0f876dfa178a76bc4734,63943bddc261676b46f01ca7ac2f7bd8,4,,So uma peça que veio rachado mas tudo bem rs,2018-03-01 00:00:00,2018-03-02 17:50:01
74daf5bf484235244137bd812b2729af,f05c1aa49a54cd865ee8ac61c2b15473,5,,,2018-04-10 00:00:00,2018-04-13 01:32:49
8e4f627337d989f4ea20ca70d9e6995b,e4ef0775ca01d0f6839f7d362041abef,5,Muito bom!,"Produto chegou antes do prazo estimado. 
",2018-07-06 00:00:00,2018-07-08 22:04:57
961be0db2cc82241a02af75c86f9165a,3f8d6d4cd34333e5cada298b7b09b719,4,Recomendo,"O produto chegou antes do prazo, bem embalado.",2018-08-17 00:00:00,2018-08-24 09:57:18
f0c0fe13024cad83d0071cac9498e82d,807cfbea3c04fa82a5bfda36d63e88d6,5,,,2018-07-31 00:00:00,2018-08-03 01:23:41
0fddcc327b775a6d94c60424b81b6585,16fdf4a442f237c6092adf2a86443dc9,4,,"Produto bonito de ótima qualidade!!!
",2017-08-08 00:00:00,2017-08-09 17:47:46
3a0899baffeb234bf188d18b0d6a055c,f62fdeb39023106b1bb98bee97a54a87,5,,"Gostei muito do produto, recomendo!",2018-04-24 00:00:00,2018-04-24 20:48:52
93a19596c586c279700de0dc8e60ee8f,4fe4120d5ff847b658ad80188256cb99,4,,,2017-05-10 00:00:00,2017-05-13 02:22:31
ee7af26f4d31db5776e712ec3c278f67,c02f1c85742b8acbc1c02a8d7e6d71dd,1,,,2018-03-31 00:00:00,2018-04-05 12:25:24
87d9eddf40bbc408188c450e54cc4909,7b636347d9f87d9b9a48755fd8495709,4,,"Só ñ gostei porque paguei o frete e mesmo assim tive que buscar no correio
",2017-12-13 00:00:00,2017-12-15 09:01:00
6a910e87c5ec7af2566354334276abfc,f5ef1b1dc8aed14279eeb0f4b745d887,1,,,2018-02-01 00:00:00,2018-02-05 13:03:15
c5252909c2eb5abbfe20b06c298b258f,168cd953540aa3251bdfb407cdc4b6d4,5,,"Entrega no prazo, produto super protegido. Amei.",2018-02-27 00:00:00,2018-03-02 12:17:20
669028f2109abeee623adef035456af7,d6b40eecfed664621ea3e0076d2a58aa,5,,A boneca é uma graça! Minha filha amou!!!!,2017-10-19 00:00:00,2017-10-19 23:54:52
b94f54eb87f8fbb3919078b60da7a477,355704bb15561f1fe0bdc9dc064e4e1a,5,,,2017-06-22 00:00:00,2017-06-23 17:59:30
282ceced10ec141527b196ffee8a3399,54d84dc0eff0132dfeae935a6c27eb45,5,,,2017-08-01 00:00:00,2017-08-02 00:44:44
91a700cdb6aaaa2bc6acbef84b00aafb,de364de7f162af086becab0daf5bba53,4,,,2017-07-04 00:00:00,2017-07-05 01:42:52
06d87054d145c4352c569d42fe1f01d2,1b7efcda93ef629e74df8b1fcd2b1f92,1,,"Meu pedido possuía dois itens, recebi apenas 1 o de menor valor",2017-09-16 00:00:00,2017-09-18 17:57:02
2bf3890219fda8d54c35c8b70253fb7f,00345f338696283410b7977d2e3efc89,5,,,2018-08-31 00:00:00,2018-09-02 16:58:33
e82cd275683e30778be338cf598fe096,04f87887045aa20403546af3facb8ad1,5,,,2018-08-02 00:00:00,2018-08-03 12:45:10
853104e560bd0e5b58c37ec5efac9059,733f26eccfda637ff829bb51444ac13b,5,,,2018-01-11 00:00:00,2018-01-13 22:45:19
498dab710667eedba06ef0c940fa423e,61ff26ac3b205fc54a7431bb3b032cf0,4,,"Embora não venha a descrição da cor, as fotos sugerem que a máscara é preta, no entanto, a que foi entregue é azul e amarela.",2017-10-02 00:00:00,2017-10-02 22:19:06
782ea97da30a971c40cfb2f87029a510,5268c3dc8d619070c0a2e5d9403a9945,4,,,2017-04-06 00:00:00,2017-04-07 01:15:03
32aba2ed799d374584f8fd4eea6a4378,672e1607b26c5a9e1ec3e1e537af3257,4,,,2017-06-15 00:00:00,2017-06-16 13:30:55
b22a5e8d411efb35ae4ca558328c57e6,92d82a97b257e7e81b567f8ceb8b89a3,5,Top,Ótimo produto ,2018-06-19 00:00:00,2018-06-19 20:53:56
741cd1afce67dc476591386a88189e40,36b513ae01c274c623245660d7069dfa,5,,,2018-05-16 00:00:00,2018-05-16 21:37:38
6b4d628a9fc41d826198196bf13a17a1,ede7a83eecd35db0e8db274811529d98,3,,"Ainda não recebi o pedido, não sei garantir se recomendaria essa loja",2018-05-22 00:00:00,2018-05-22 21:32:33
1856c28e3f0a65a75b331fc1ebd30574,6e5cff6677f960e7b16b2bae2b941c9d,5,,,2018-08-17 00:00:00,2018-08-19 14:45:05
10769717115c12486fb029c8abf80fd9,3fcef6f64992de28b33bffa27537d868,4,,,2017-06-01 00:00:00,2017-06-05 13:34:46
20346963eafd03cf4dc257a306f44c84,40542f414acd736bdacaeb85dc7df95a,4,,,2017-05-09 00:00:00,2017-05-10 18:06:52
1218909b7f78b091b959bfe056525064,b5247f083ab1483738dc1a173aac237a,3,,,2017-08-01 00:00:00,2017-08-02 02:02:10
0ead4bc772821ccf881b76f68fff1d8f,f5450c4188fb856ef71d0ccd3ecf673a,5,,,2018-02-07 00:00:00,2018-02-08 09:55:17
5881fb2fa0a740c90e81213ade99b27a,bcce0481b3f582ede8d29c5b4bcdffdd,4,,,2018-04-21 00:00:00,2018-04-23 17:02:07
f6362b9da08c0cb3093dd517f5217e39,7b1ade884cd7da23e0f853fd00807d38,5,Avaliação do vendedor,,2018-08-15 00:00:00,2018-08-16 09:54:49
d223527addf6e17b6978d2e9b982d26f,0f9751081b734220a998be212c391523,5,,Perfeito ,2017-10-18 00:00:00,2017-10-20 23:41:34
3e1d4e7f3a4e13e93f0c0ab416a25ab5,d200a7526c6d29e8c2742a0bff8cff14,1,,"O produto novo foi entregue,e recebi um vale no valor e efetuei compra de outros produtos do baratheon.",2017-06-02 00:00:00,2017-06-06 16:42:29
340845d2e015d96629cd7cc72680b1fc,497b870cbbeda496567b5d75b81c5722,5,,,2018-03-01 00:00:00,2018-03-05 22:43:08
29710f88d338993a8b6974d10d687438,91e37208355ef2b54b5d8217ed81f365,5,,"O produto chegou no prazo correto e funcionou perfeitamente, além disso veio com 4 pilhas.",2018-04-17 00:00:00,2018-04-17 18:52:25
1807ebbeff1ee66664dd8d353f1f932c,81277706855c514ff89aaaf67d45db24,5,produto excelente ,,2018-05-18 00:00:00,2018-05-21 13:00:18
608f5c3b37ef212cf6d0ff726068aa37,c8714809bc84ffb9c675dcf4a6455df9,4,,,2017-10-10 00:00:00,2017-10-18 21:11:45
756550cd0f0c26fa589881397382aba3,80d83b7a6c9a79612f4957850ec91be4,1,,NÃO RECEBI O PRODUTO ATÉ HOJE,2018-04-21 00:00:00,2018-04-24 15:39:23
7ec54bc2d27a942e77ac34338b55391e,c9fe3cca849fd78e942704ee0078cedf,5,,,2018-05-04 00:00:00,2018-05-07 14:00:07
4d807c10e7c3c3ab91974c835996aa5f,057c9f435d8e14fda9a72b7bbf8b381d,5,Excelente,,2018-05-03 00:00:00,2018-05-03 19:45:37
cb2404c0d5813041e206951495111e8f,2a3f9da1b73d48af85d04f8550b3d156,5,,,2018-02-09 00:00:00,2018-02-14 14:49:48
b4534650940a791159d336870d0a4566,435f2daeb635ed643b734989e51553c6,5,,"Eu sou apaixonada pelo baratheon.
Sou compradora desde o início da loja.",2018-03-06 00:00:00,2018-03-06 23:13:07
5c196151579596ab4f953392a86d4696,fcf9b8fad0bf8c9ebbe6ac43a434d0d9,5,,,2017-08-29 00:00:00,2017-08-30 10:43:59
a65d4f775a6af9c41a7aeca2543e6be9,dfc9bc36d5db98182f4b1dc41fe8e258,5,,,2017-09-26 00:00:00,2017-09-28 15:11:40
22aa28532bc6a5c69aa6cd70b495c642,45f470a790aede4d492919f4df65b123,5,,,2018-08-21 00:00:00,2018-08-22 02:13:56
826d1eabec81447a8fae2144f6487c96,0d8ac7eb8e52447e022b8e4a30ff6394,5,,,2018-05-03 00:00:00,2018-05-04 12:39:06
cd57254f4b7a989f09850107984b1890,35431beb6e4dc0ce4426a0c9ecac0640,5,,"Atendimento e compromisso com o cliente excelente...sou cliente à muitos anos e nada tenho a reclamar, ótimo site de compras!! 😍",2018-01-23 00:00:00,2018-01-24 02:53:21
28ff4521fb257f3a76bcab72d032bf12,3515fac755456eb1f251c50808fb6b12,5,,,2018-03-08 00:00:00,2018-03-09 04:47:03
3f72446757578a890b76faf186554e5e,ba6fe5e92a31200b06b69c99171eacf8,5,Entraga super rápida ,Produto entregue em dois dias muito bom ,2018-06-22 00:00:00,2018-06-23 18:30:34
2824c3b7f495b9f9a461587148c94655,a5d7086b3574973a5df31d93bf524039,5,,,2018-06-07 00:00:00,2018-06-10 00:45:02
51ed6892455ec144fecc1c9731a14de8,2281b9a155dc821e33ba9e7360964450,3,,Muito bom o produto e chegou no prazo recomendo ,2018-01-17 00:00:00,2018-01-20 16:30:52
a6c97a103609560cc1ccf9bd8d4202cd,93dacd550574d8a7b38362c2a6f040b8,3,,,2017-08-05 00:00:00,2017-08-06 13:45:55
9aed88ab0fd50fff7a5f81668e529ff2,72a704e8fb6c499fad9b26bd8873bd39,5,,,2017-12-29 00:00:00,2017-12-29 23:50:17
324cae9399a1043344494bbc765491b2,b60e4bb897c3faf7417e11850072fab0,4,,,2017-12-17 00:00:00,2017-12-17 11:07:10
ba9e9fdaa6e3654c10cecb9f13b7c404,71bb4b0d814139920f939608c9d37685,4,,,2017-09-03 00:00:00,2017-09-04 10:39:43
0e1d70710e5f2b03834c703c524bc1a7,4cbe8de031dbae0b80286a23fdc1cf91,5,,,2018-01-23 00:00:00,2018-01-24 00:24:06
65b5c1a810735eb3e66c51f9c703a071,3f06b341424a7ec67dd957609ee3cba6,5,,Gostei muito do cordão! Simples e fofo!,2018-04-03 00:00:00,2018-04-03 20:33:14
c512c0c382f0ebe2756d7868d7b996ad,924482525801c274a1c8e5d4a2f15725,5,,,2017-12-07 00:00:00,2017-12-08 11:06:11
39a6d1e1461789d9d0dfb850ef396d51,54745af3cd64e980bb671452c9b01d15,5,Estou muito satisfeita.,"O produto é ótimo, mas infelizmente não veio um manual de uso em português.",2018-08-28 00:00:00,2018-08-28 21:25:20
7bc36f83eedf67afa8f468b859565787,b52d29abb97a3978df1d8922bfe36fbe,5,Recomendo ,Produto chegou no prazo e correto ,2018-05-22 00:00:00,2018-05-22 19:08:03
1732e3418bd15d1626ddbdfd89393d40,de4127c6a206a16556d30c1fdeb8a9e7,4,,Bom,2017-04-21 00:00:00,2017-04-21 21:25:08
8373878b009cd82112e2d81b29c924cd,f962d2edc594dccae522feb6446d2104,4,,"o produto é bom e não houve prolemas na entrega, so me enviaram a cor erada, mas td bem.",2018-03-15 00:00:00,2018-03-16 14:46:52
986406378999bf4a4d1e3c144519f3f6,bbb9be5bd8d6ef3bcd6c165902f3dca2,5,,"Mochila
Linda! Minha sobrinha amou! ",2018-01-10 00:00:00,2018-01-10 21:28:21
191de207bd20c246cf9725b1c02237f8,c14c3f7884d25f88ef34bc018d3accc6,5,,Produto chegou rapido,2018-02-17 00:00:00,2018-02-22 22:27:40
367cbe57e2300f329466b8eda6cd954e,15208e51dd3f6ccdf33a94148faea052,4,,,2017-12-29 00:00:00,2017-12-29 22:55:25
5f45b5e658590b6b5923d9f7886c3f4a,b9351dba71092089d0c4fdff1bb8c38b,5,,,2018-08-12 00:00:00,2018-08-16 22:49:03
a395cebc96780606c44e4d5a360a5b49,7f8b38a8af20de6f906cfd9a585dae13,4,,,2017-12-19 00:00:00,2017-12-19 17:34:48
42e320fb1b35b6e0a88f142eee75f550,3b40ede283844ba0fbdd110f8a56792f,5,,,2018-07-26 00:00:00,2018-07-29 10:25:41
a9da4d783eafa13c7005d9e790245a59,46d041b384bbdb77141815dd111b0e43,5,,,2018-08-15 00:00:00,2018-08-16 19:35:52
591498191276f46cdc72582e5d7a0614,a1910c13f7264ec8e1b32221debcee26,4,,,2017-04-06 00:00:00,2017-04-06 11:51:24
a120a1a69f375fcc90c43f397d318cd1,6e61e9948a1e8b1389dd34c5c11fe90d,5,,,2017-10-13 00:00:00,2017-10-15 15:15:04
e4ca9e846d578128b8929215801e8c73,7b60439ce00c75448babbcbfb0bdb6f0,4,,,2018-05-23 00:00:00,2018-05-25 10:29:37
8e9898499676308977b16c0c81459f2b,992e5d6c51707533e0be958b2e283373,3,,bom,2018-01-19 00:00:00,2018-01-23 00:39:46
4298a0d418fc10268a0a50c7e8287af5,32980a0c990d84e3f2c3e9838a4abc1d,5,,,2018-08-17 00:00:00,2018-08-19 23:37:20
c487103af542dc831f15ada65932a02b,5451f2c09029166e1682b8f0d0ce98b6,4,,Produto ainda não instalado!,2018-03-10 00:00:00,2018-03-16 00:31:47
32c0dd2353da4bf093ac4bf51fde0c82,19b37f1efa2ddaf265496e78e245c19a,5,Recomendo,"Estes produtos são excelentes!!
sensacionais.",2018-08-17 00:00:00,2018-09-02 06:19:01
f7489c5c8a98beb5d3d129c9e2ebead1,142c8688b5b13e21ac5a448a1688b9d7,4,,,2017-02-24 00:00:00,2017-02-26 23:15:19
01744afe1719386c0d8daed9457ddf67,0e5f77f8bef9424afd3d6e904e873275,3,,,2018-05-11 00:00:00,2018-05-14 12:35:19
5e30570e240045858f83fcc6bf191300,76a34d13a444dc9e514d59482291ba07,3,,ainda eu não recomendo pois era duas cadeiras e veio somente uma falei com quem me vendeu e me disse que vai ser entregue essa semana ainda então vou aguardar se me entregarem certo ai eu recomomendo,2017-12-23 00:00:00,2017-12-25 20:08:56
08d33ce1be1dd513adf4cab4f26f725a,2c52873e8d170a8426be048f8321df84,5,,,2017-12-19 00:00:00,2017-12-21 09:47:45
ee5af06d65642c6eee80acc78bbb0a6a,9476149aec45b9b1774a161abcce8631,5,bom,nada contra,2018-07-05 00:00:00,2018-07-07 03:02:29
1a1ec77dbd055c4b0096738d0abc079f,8345e1e2a321e4b374a65fe12d8b30d3,5,,,2018-03-16 00:00:00,2018-03-17 13:05:26
cab94b2b92fe84fc842095bdf1451904,1857e77a4bad8abb2db929f107430663,5,,"Produto entregue conforme anunciado, inclusive com as conexões e válvulas. Até um rolo de fita veda rosca veio junto com a conexões. Super recomendo.",2017-09-10 00:00:00,2017-09-11 11:47:30
bb5b784534ac27eee5d9f32788cb4a7d,cdb17e415cae13fddbaee8ab5e55e9e2,5,,,2018-04-10 00:00:00,2018-04-17 17:05:03
37204376d12cefa808434a32f42248fa,9ea29024f36561184f0253cccb1b3fc7,5,,Vou continuar comprando.,2017-06-10 00:00:00,2017-06-10 23:18:31
ccc0541bc02e3bb8981eced2a6ab156f,38db33637385302252909c781f213e91,5,,,2017-09-13 00:00:00,2017-09-14 13:53:30
a38b5db6a6e216e30990c5b9a5bfc308,85c14f3be89a889592d53a5b8ff031bb,5,Super recomendo,"Grande satisfação pela compra.
Produto de excelente qualidade superando minhas expectativas, prazo de entrega antecipado.
Meu sincero obrigada a equipe.",2018-06-15 00:00:00,2018-06-19 11:43:06
6fb6988e7eeb3ea95e3de467ea47478a,853f6531ac67b7e58f3f8104ef85bd66,5,,,2018-01-24 00:00:00,2018-01-24 15:18:15
c4ef39708f0440c4df4d335807512c48,bc54eadd50eb0e830200b242f32152bd,4,,,2018-03-10 00:00:00,2018-03-12 22:33:31
ac8881d2f6663930894ce0e7dbc711c8,38a86eb53c2309d6234fc9bad96331ac,1,produto danificado,"Meu produto chegou todo quebrado, quero trocar, por outro igual do mesmo",2018-08-14 00:00:00,2018-08-16 12:46:30
88c6304ae31053e9e196693c043463fa,a3b9ef87dc9bf6125988a6146005ccd6,5,,,2018-04-19 00:00:00,2018-04-22 18:15:51
fccec950451997b3b143fca47b0256ce,35ed6b2bbd7deca1e23166bbe62f49ca,5,,,2018-03-01 00:00:00,2018-03-02 01:35:16
7abd67c3c3061a7ea5c5311faa0071a9,a49f05cadcb7f056c2725a1463b7d7db,1,,,2018-02-06 00:00:00,2018-02-17 21:34:15
e66a62e44dea48357a19750001c76da5,db8730baa35db478122207bf2b26590c,5,,,2018-07-03 00:00:00,2018-07-03 17:13:31
a06d0a0d40ccd5d5e6dd2fb452198cc5,49aa82d12066e455617693a42d2b8bb2,4,,,2018-01-17 00:00:00,2018-01-18 10:53:21
623283c4bc050fc982dc0f588b7f4bc3,977ca490eb652320089f258d0431c2c4,3,,,2017-05-30 00:00:00,2017-05-30 23:16:20
1aae4d82c7780b4bb679f726a0e02db4,53d67d7e562650461c0068ff08a53bbb,4,,,2018-01-23 00:00:00,2018-01-23 22:48:33
166b3bdcb8821083e98ccd6dd392fe07,d9164ce0fa1f133d586e4373c8571614,4,,Bom produto,2018-02-27 00:00:00,2018-03-03 18:52:18
4b17beb9e003b44fdd0a773763cdaec4,60f6e33dc906f7b5b4f5096f979ab9f6,4,,,2018-05-16 00:00:00,2018-05-19 22:07:28
9211cda67b3d22c67f0651aa5760ea8a,a6d9999c33b017f6d907c296e13db22c,5,,,2018-08-04 00:00:00,2018-08-04 18:49:21
08c33990b1d7debb48290f0e1ec77872,8ffd7451dcd8c7f8dad79450d7f4708b,5,,,2018-07-03 00:00:00,2018-07-08 14:47:08
d1a6686760f1496c03ed0236048f5f8b,cd2a97948b841f4702799b800b8e5b29,3,,,2018-04-29 00:00:00,2018-05-01 03:24:14
ea6d15bb792cb9976abcc94c0ba3d003,d28edd4d734c48841154eae6d8a14539,5,,,2018-02-09 00:00:00,2018-02-09 18:23:26
4a2630e106c1b204d2eefbe68c7e8b14,4cdae837c07c681dc80adebc6ee90b99,1,,essa parceria com outra lojas é uma porcaria até o momento não me deram nem uma sastifaçao ,2018-08-12 00:00:00,2018-08-12 11:33:07
b16c90ec46b84dadbffc23997cff67ae,b52b4c23e1d9e705c8d31ab607ae9b50,2,,Uma da cor cáqui e a de Rosas azul. Bom,2017-08-11 00:00:00,2017-08-18 17:08:59
52fcc56e9d5e9307c79161467e8eaf92,9e27a77121b82195690a4fb1994814ea,4,,,2018-01-21 00:00:00,2018-01-23 22:03:06
c6031c3e59cfb8eecb829d564f80c106,9704b8f76b77e74be19dd79d9371b6b4,1,,O produto está em outra cidade. Não tenho como retirar.paguei frete para ser entregue na minha casa.,2017-07-26 00:00:00,2017-07-26 09:32:19
84f9204184c9f3a2eb9c520feac49c9d,aabd0a7ecf741520be60dc59fc6002ee,5,Prazo atendido.,"Tudo Ok, loja de confiança.",2018-08-10 00:00:00,2018-08-10 23:10:08
9b103d220994ac6062be7438ef3f467c,55da0b4274a986c801b561481e1d6c78,5,Muito bom,O produto é bom e chegou antes do esperado.,2018-05-05 00:00:00,2018-05-06 02:57:57
c60b6a0e580c5c48785b44d6dffb9c01,c811577fd6f05e9a1e607f874d37204b,1,,,2018-06-05 00:00:00,2018-06-09 20:31:03
877418e5a4adabb83f910abc4909a232,dfdbb5222ccb0db3a64c6a09ba0995b1,4,,"OK, o produto e exatamente como eu aguardava. Prazo de entrega foi menor que o previsto. Porém, achei o valor do transporte um pouco elevado.",2017-05-17 00:00:00,2017-05-18 13:12:00
d8b8c3f5718b703ee67dd9208982a67e,ea5a5e11ad8f97f731325b326cc2f3e5,5,,,2018-02-25 00:00:00,2018-02-26 11:40:56
7c69fcbd86399d432e0241dff0224dd5,b12e5d725658a4566286153c51727af2,4,,,2017-05-18 00:00:00,2017-05-19 11:41:51
88e109b99da73e2277fe13ac2c15c86f,299c93716e44a3cc7521ffd9b2db1fc3,5,,Ótimo adorei o produto foi entregue no prazo muito bom recomendo,2018-05-17 00:00:00,2018-05-21 10:48:55
881b377296294ef60b947f4d9350d024,1c1d7c04efff33ea9ebb71907b576f50,5,Boa,,2018-07-31 00:00:00,2018-07-31 21:52:23
9b11a8d2b64a46fa1433825217a3ad18,2213bee227bfb36c66ea52bfb3bc233a,5,RECOMENDO,,2018-04-27 00:00:00,2018-04-30 12:58:16
edf0db3607ec113d9c0cdd0fd0e14b8d,5e8c4235c5941812c1831d835ae020fd,5,,,2018-04-24 00:00:00,2018-04-24 23:58:47
de4bf6b43e5a98bc4be48bc501464792,329465dad46fffab333860e92e7ac984,1,,,2017-02-15 00:00:00,2017-02-15 23:47:17
391088414e8ee4f21e6713babb5e5232,01c1f3c10d2641a10cfd97ffaac0b3f5,5,,,2017-12-15 00:00:00,2017-12-15 21:53:21
8b05ce80ea0e2f2b995c671eadf96c1d,fa200e49cb5e3ae19cde414d9d9161d4,5,Entrega rápida.,,2018-08-24 00:00:00,2018-08-24 19:58:48
01ecd7e5e66205b6ea11480a0a00bdd7,7ac3402986077088fc8185e65ec5c7b1,4,,,2017-11-11 00:00:00,2017-11-11 20:18:00
ad0cc208e802c23a9f9576197b656e69,685eef0e70bd850df886871cc0917e81,5,,"excelente produto, meus parabéns, entrega dentro do prazo, obrigado.",2018-01-17 00:00:00,2018-02-02 20:11:10
a58466fdc17c87b0726c1ad0be7e382b,89564bd6a7ea1056554275f223301d84,1,,,2017-05-24 00:00:00,2017-05-25 15:27:27
a706de822ab0ba6d8de73887b4c9d3fd,d5499e385aef94ea76d2ea5e6a73e60a,5,,otimo,2017-03-04 00:00:00,2017-03-07 21:05:47
934ac15f3f0c81bb01c8b920f0aa9924,67c78c07a98cbe27b5acebd87a164192,4,,,2018-04-12 00:00:00,2018-04-13 00:27:47
2270d38916d08a9043a2d030ed2b315f,ca85e8b80de7543b68e7443fdfe051e4,4,,,2017-06-09 00:00:00,2017-06-12 13:20:05
403f3002bba753a35a66e46b9242c837,7d9ccfd5b1183560523d8351e2e22aa2,5,,Entrega excelente e rápido antes do prazo bolsa muito linda,2017-09-26 00:00:00,2017-09-27 03:28:31
4565457a434a89ad654ad5420963a0c9,8ac6e77e1c72888c65cbe9e246fac46b,5,,,2018-04-25 00:00:00,2018-04-26 01:54:18
bc75f7a95ab69ad9347c36cf946a8b2d,ca4b9f3ce6fc19e8533501cf8c6b832e,5,,,2018-08-04 00:00:00,2018-08-06 22:37:01
e9fbb39a1fb8e324d35101d4b6211e7a,63411626466603435cf74a3d51f8fc8a,2,,,2017-10-11 00:00:00,2017-10-14 02:24:45
3da4d8039c2832696dfd951ac748c132,74bb37ec1177c69720bff87b248233cc,5,,,2017-07-07 00:00:00,2017-07-08 02:22:49
a6092210796ecaf2567ec762bb71940a,c158a29fefce1c895e70154ee3963633,5,,Muito demorados na questão de postagem e emissão de nota fiscal . Produto ótimo .,2018-01-19 00:00:00,2018-01-20 11:31:43
4367538deb73484efa7d88b6c49c6652,5a77e4bc8ac96edc52bed4bc00eaab7c,4,,minha filha que comprou e gostou,2017-04-05 00:00:00,2017-04-08 00:07:54
18e38862d477368df701ce02e8a0354e,3ca573452c1546150e8fd1e02b5603a7,5,,Entrega no prazo. Produto correto. Perfeito!!,2017-12-23 00:00:00,2017-12-23 23:13:02
a4f50050d7fd021c03da8e7d50f412dd,49f0e82d2c3c46134f551799b3990bf9,5,,,2018-08-10 00:00:00,2018-08-12 22:30:48
8b1986daf1de27da6b7abd56d09e5e79,9eefad52e5b37dc3e94fc823d63057b5,5,,Achei que o produto não esta de acordo com o mostruário.Bem inferior.,2018-04-20 00:00:00,2018-04-23 12:56:30
a1793b83150f72ab9da0edcba76457b7,03c16ffcf7b8792fa870d8cd7abc4b7f,5,,,2018-04-28 00:00:00,2018-05-02 11:39:01
0e9e56e1305a21c908f816f7fc557137,0bc97d91a9a3a1923234614958556071,5,,,2017-10-26 00:00:00,2017-10-26 23:30:38
84c86dbf776069bd195f1b435b198ca8,e8373361f5e06afd6a7e7971e68512dd,5,,,2017-08-04 00:00:00,2017-08-05 22:52:02
a61eec5fe947261a670aeed60162267e,9371a323185fe5bc627ed3065bf2fcd8,4,,,2018-04-05 00:00:00,2018-04-06 19:43:21
66a614bec15dfea1ec77da890f7da326,b390755d66d3ef7697796139c14782e3,5,,,2017-12-01 00:00:00,2017-12-03 22:54:59
381610c306ba15a215d68d6dd427a7cb,664aece086c0b955e71ee4f88965a565,4,,,2017-08-11 00:00:00,2017-08-14 02:51:17
8ccead837516c5f45e35c295d8800eac,becacb74a2852573d3b095348a9da1ed,5,,,2018-05-05 00:00:00,2018-05-05 21:51:58
a963a81f78685e9ee2638c4bcf59e08c,1167028eaef4a4e52b2ac530aa8beb9f,3,,Material pouco resistente. ,2018-01-10 00:00:00,2018-01-11 11:02:04
22e94d99e564e3daeb07d9f804af1528,2db1e25288f9a89e2ed181d8b6216f4a,5,Recomendadíssimo,"Mesa linda, chegou no prazo, estou super satisfeito. Ficou excelente no meu escritório.",2018-05-01 00:00:00,2018-05-02 11:24:40
0340049ad5abcf4d0f5ee2445ca09ce0,cc6c9b89f70b32d7fe075718e0fc58e7,1,,Até agora não recebi o produto ,2018-03-04 00:00:00,2018-03-06 18:26:55
247e524579147b33a05aff4c499797dd,2a4e23a666338d87ea9c2777d71bed0c,4,,essele,2018-08-09 00:00:00,2018-08-13 19:59:17
81974c7878d86fd5a1547fb28093e04e,ebb5b8275a6a365d1243d225386bf299,5,,Só testarei o produto após o dia 07/09/2018,2018-08-24 00:00:00,2018-08-27 19:00:07
9b166cc422830dbc7a4fbfc3783105ce,03e4b19921428d651853f2935176e951,5,,"top chegou antes do prazo 
recomendo ",2018-01-23 00:00:00,2018-01-24 06:33:04
ba9f93c820bc0011ec9815bc7249bf0c,d99c77f6eb93e9cdfca26e997f54530e,5,kit capa + película J5 ,"Loja comprometida, postou rápido, respondeu todos os questionamentos eu recomendo, produto de qualidade. ",2018-04-28 00:00:00,2018-05-03 12:24:10
e37053925fad904c9d8442828e24ca4b,f988dc242c742c1dfde32b24032b8fb3,5,,,2018-01-17 00:00:00,2018-01-18 01:41:11
3ee0c5bc909dfb0d6df416c6f4cede7d,49be32fc8ebc94c8e0de530d87883bb4,5,,,2018-03-29 00:00:00,2018-03-30 13:17:22
dab357ef9173e8e7a9b9c026e5c39bb9,13d3f4e508a98d94177dcdb34a8469c3,4,,,2017-12-30 00:00:00,2018-01-02 11:27:54
07c9ec2ce10f6967173c603a2e3c6392,d32fbb7b9c7d393b293c80e66091ee4b,3,,,2017-09-16 00:00:00,2017-09-18 22:41:51
3fdf84d51b1e6d641fe7b84a266c02cf,665c70dad359d52a11ec77814605ab19,3,Problema com a compra! ,Olha ate indicaria se não tivessem colocado apenas uma peça sendo que comprei 2! Eu realmente espero que alguém resolva este meu problema pq eu tô pagando por 2 produtos e usando apenas 1! ,2018-05-17 00:00:00,2018-05-17 12:14:05
6fad57b369fdf3b56c8b618add3a4ace,b63d14d5b4f36c400c5a897287b48a1e,5,,,2018-08-04 00:00:00,2018-08-05 17:55:34
8fe705b7635b72fd0496795bcade2a20,108f58a6439933a88e7950ee7b46ec11,5,,,2018-05-17 00:00:00,2018-05-21 01:49:11
a005e23c5484fbc2f28d00d3af943b3c,49a7b21f7d2c538f5e051f749c16605b,5,,,2017-09-13 00:00:00,2017-09-17 00:53:33
967d8b84e9dab72eb3f37a3bcc93641a,db0bd04c3beff2d041d364ce8d96b2f0,5,,,2018-08-24 00:00:00,2018-08-25 14:48:02
40204c077d8caec19d45a74d92b476af,f3c7adf3b94a38f6822478ff79db46e7,3,,"Chegaram as balaclavas, mas nao checou a capa do PS4.",2017-12-05 00:00:00,2017-12-06 02:09:53
ff8bce55973f5a0bd5c81eadfbd0d9ba,4beacb05ac875340b9874e53f3f4bbbb,1,,,2017-12-29 00:00:00,2018-01-02 22:44:05
726ec877ce86e279ce279dd9bdee13a8,f5ce5c20560cb88a5e940f660077ba1e,4,,Entrega no prazo certo,2018-03-21 00:00:00,2018-03-21 21:40:38
a21f6814350c93f2bab3b07992565323,ca0f56eab306ab99911de4c96727a104,4,,"Deu tudo certo com a negociação, recebimento tudo OK, so tive problemas na entrega devido a greve dos correios.
O pneu é de ótima qualidade superou minhas expectativas, recomendo.",2017-10-11 00:00:00,2017-10-13 20:44:33
40a96e9e89cf8c1a915d9d79950aaf63,77aa52452b1fc7afb9b3438922e09668,5,,,2018-05-12 00:00:00,2018-05-13 01:55:15
1f3e0f6460d44b374ab281101fc2ff81,f94a0462cf50552772e515493550bc4e,5,,,2018-02-22 00:00:00,2018-02-22 23:59:45
d56bd5c149eab5fb3c5dd215e8d05828,3c6956bf8f0e149d42761d50bf2ccb84,5,,,2018-06-29 00:00:00,2018-07-07 21:32:54
22a299893c5cee48be41d8fab8804e6e,191fa27b2a907e113d60ddfd7dc29696,5,,,2017-06-22 00:00:00,2017-06-27 19:46:16
03aa7541b3525dab85b34255ba1c1215,fa1885a7cb632c832c660cc710bae77f,5,,,2018-04-20 00:00:00,2018-04-20 10:21:36
f53027d97db0304898f5adf69cca3935,4e0db43ba51c0e0ede8c48b094526132,3,,,2018-08-23 00:00:00,2018-08-25 15:10:59
a0f385cd578fed2f3cd5f01f376f832c,272edf81c6d2434e61f4e15520a0512e,5,,,2017-10-04 00:00:00,2017-10-04 22:11:37
16b462e0901d440e8d6e4e811930df65,1f89989c5a2afd61cf38495462b55b16,5,,,2017-10-21 00:00:00,2017-10-23 14:57:13
fc6a3ebc7663f8d533f8da0903514feb,e24316b06e2bb70e3fe3a79a12d247ab,5,,,2018-03-10 00:00:00,2018-03-12 15:57:39
144100adc92ec937e2e1c5e13734059e,e3e5126cb05e7c16dd2ef864271fa8e6,3,,"Ponto positivo foi a entrega. 
Muitíssimo rápido.
Ponto negativo da negociação, para mim seria o principal, comprei o tapete bege mesclado, ele veio um bege próximo de um amarelo.",2017-08-15 00:00:00,2017-08-16 12:15:47
9d1649c1c7a60c794e11ae38862929d6,dd7bd4b50d554cf0c41fb4c0cfccdedc,5,,,2018-06-22 00:00:00,2018-06-24 19:35:17
569a00f462106a953620572695dabaca,7ede340903c485e891cba5b1064ecf5c,4,,,2018-04-27 00:00:00,2018-04-30 14:23:56
93b353cd792fb51ab4f7b91ee643f4e1,01eaa000fe5c9f80f535c3d0cad25a47,4,,,2018-08-18 00:00:00,2018-08-19 09:45:39
446795a10c93fc27c4229a8fc7be7412,fe52796ecc672e9bd061049987e19829,5,,,2018-08-22 00:00:00,2018-08-23 01:52:57
998db536f6e46f88ce9988d043d8a9b1,4703440eb9289d3769819920e98ec061,5,,,2018-02-15 00:00:00,2018-02-16 01:50:35
777a9fd39f5e50d5c766e940fc539b44,26844c5a3b10d4ae5366ac6bfc55680a,3,,Paguei pelo frete para dia 28 e até hj não chegou,2018-03-30 00:00:00,2018-04-03 15:17:50
715ccbe3cfc42a0d5ac45bd7265fd600,767754680a13ebd92bee7405c6beea73,4,,,2018-04-28 00:00:00,2018-04-28 21:22:11
65f65ad27c22df5d0a445cf8103d42f5,a1dd8c3d72d95a11312293743c4064a6,5,,,2018-06-02 00:00:00,2018-06-04 16:47:06
a6d3cffb1e55a4aa16bba8cb3da5acdb,7b6900f9a0d0ecc69d4ac5bdc8b3ffd3,3,,,2018-03-18 00:00:00,2018-03-19 00:09:08
62f8f71bd1fcf4f9411372df0c76b386,3260c5040c13241b3f5f7bb7ed852c89,5,,,2017-03-02 00:00:00,2017-03-06 11:20:04
57744a88a194691d310565b69d334de5,ff7cbd73d6ce84294d3d40ec1a7e12f3,5,,,2017-06-08 00:00:00,2017-06-11 02:42:53
c2c47a76fc1dd03402236e6aa6db4914,63bc56e1d9a5857d87b6de9435e8d304,3,,,2018-02-15 00:00:00,2018-02-16 06:11:33
2d6ac45f859465b5c185274a1c929637,8e17072ec97ce29f0e1f111e598b0c85,1,,Comprei 3 unidades do produto vieram 2 unidades que não corresponde com o que comprei. Devido a minha opinião é negativa com relação a esse vendedor pois não não cumpriu com o prometido na venda.,2018-04-07 00:00:00,2018-04-07 21:13:05
ca2ff9c7fc32a2848b94871665196d04,1a7c68f8b0d5a140d89aa6ab7f7b4409,5,,,2018-07-08 00:00:00,2018-07-10 20:32:32
4bb47f4207ccaab109c2541166334f43,ef32bb24f4e81a29a305e5285c8d3d34,1,Cancelaram a compra,"Simplesmente cancelaram a compra a nem tentaram dar uma explicação ou chegar num resultado que fosse satisfatório para ambas as partes, não recomendo.",2018-01-09 00:00:00,2018-10-17 14:15:30
6eebd2cf723ffc85e2de0c801579b698,730817800ec1c4805e8a41e67459d4e2,5,,,2017-10-27 00:00:00,2017-10-29 17:58:52
6b623a288f06c0cfdc6e8a0ac73ade89,9526afac09af0c00e87b74eb7290b6ec,3,,,2017-12-19 00:00:00,2018-01-03 12:05:48
2de65c3ac12e8e433a709ef14fbd53c1,8f28f1dcfe373e3adad096ae2108087f,5,,,2017-12-16 00:00:00,2017-12-18 23:27:41
4fab32b80314ea9cda5cfc0391f519d8,15c0a0d5bd5e9c58f17414d100104093,5,,,2018-03-22 00:00:00,2018-03-23 11:19:58
a68375ed8899ac604fd17ed9cc70af37,2d2975aae2e55ee662ad28cb6fd145d1,5,,As compras que já fiz todas sempre chegaram no prazo e sem problemas,2018-02-27 00:00:00,2018-03-02 09:43:47
c8596ce5a626c459ab9c1f494594e02e,b4aa3480c0ed15b8bf7f9d32a64c2426,5,,Boa empresa!,2017-12-03 00:00:00,2017-12-05 09:16:48
7e3dfa0551f88931f10dade858239a3f,d8aa6831ce562b75f8b1974395f3eb1d,5,,Muito obrigada o produto é show,2017-08-09 00:00:00,2017-08-11 20:07:45
f013172ceafae8286ca0394708dbc6e3,4382b7af38e2034ff26273519819f2d2,1,,"Bom dia! Quero meu dinheiro de volta. Não vou mais querer o produto. Além de atrasado, já havia pedido o cancelamento do pedido e a americana está ignorando o mesmo. Agradeço providências.",2018-03-24 00:00:00,2018-03-26 10:25:18
ef3656b076b413909f6274612b0e072e,ad45318f69f5c8613267854b52b2996e,3,,Produto atende às características. ,2018-04-17 00:00:00,2018-04-19 21:37:09
9e77a1b397fc5d2bc96e66150a787f8c,4bfc4fba07fff7db47e3017b9fe22ec6,5,,,2018-03-09 00:00:00,2018-03-10 18:19:23
699d4d8a66240b8ca2cc000cae2edf6f,f37f4d49c3bec3fe208ac7f86a58a97d,5,,,2017-12-16 00:00:00,2017-12-18 11:05:48
4b814eb24462fdac115316eeda7cae5c,a3c2dfa534b942bcc28371fdec7702d9,5,Excelente,Produto de muito boa qualidade e chegou antes do prazo o que é melhor ainda.,2018-06-30 00:00:00,2018-07-01 00:50:17
62884c4af75e2868141ccb363dd511d2,149a156d90f9d0f82f554fba2f4a9cb0,5,,"Há muito sou cliente de ""lannister.com.br"" e até o momento tudo transcorreu de forma tranquila.",2017-08-30 00:00:00,2017-09-01 21:52:22
9bc80edb3be4f5df227e7f4f32a0eb86,5802a2af7adc078756b394ca9f492087,5,,tudo ótimo!,2017-08-16 00:00:00,2017-08-16 19:26:25
c17ecb113483d81b90ea2c069b7d4fa8,5393e88fa91aba9ea46a9f403d287df1,5,,,2017-09-07 00:00:00,2017-09-08 10:14:09
f14ac82b38645fdfd7034a6e700a4ec1,94aa3ae1cb5c1c152c6cc757b68bb659,1,,"Realizei a compra e antes de receber me informaram que o produto não seria entregue, acho que por ser uma loja virtual não poderiam fazer isso, agora não consigo resgatar o valor pago.
",2017-10-29 00:00:00,2017-10-30 11:12:28
9d8a2ddbf3b28598a486ad8260796fe3,d2c879fe9085258d38e3cb17af134189,5,,Gostei recebi tudo certinho no prazo estipulado.Parabéns para Loja.,2017-11-08 00:00:00,2017-11-08 10:23:29
1d6007736467dc9c060a768f8b7f4f22,158a05ea7d6a7268559ca2f97476ee0a,4,,Produto com material bom só as alças são moles nem parece que do mesmo material poderia ser mas firme.🤔,2017-09-26 00:00:00,2017-09-28 15:56:07
5105727b1d227ed6c2378267c367fff2,38f6871a527b1bba63f4db9b0f3dee2d,4,,,2018-07-12 00:00:00,2018-07-12 19:28:47
a5f2375e2f588da52bf5075a91432eb6,2dcf5497d9dc70e0e723bbc2bd26fe7d,2,,"Gostaria de receber ainda meu pedido. Fazia parte de um presente, mesmo q fora da data ainda preciso entregá-lo.",2017-12-28 00:00:00,2017-12-28 09:18:19
bdfe08cb16560ac0e5f7855583e714d2,923e0c030350975afcfa4ffbc70c0146,3,,"Serei cliente c frequência..
",2017-05-05 00:00:00,2017-05-06 08:46:47
297cb67099f7e259f215ed6a518acb76,8e350d5e83f49b662f870b48cf3f5b29,3,,Recebemos somente o bebê conforto. O carrinho não veio junto.,2017-06-03 00:00:00,2017-06-06 00:02:28
5311e28844a538655af1b76a193f2df3,6c2df403c867a6aa913b387d92999d43,3,,,2018-03-29 00:00:00,2018-04-02 17:18:02
e23aeb0db21c9d603790e7d5f37138b1,9863811d92f6ae6fdc407813b2e6a285,5,Ótimo ,"O produto chegou antes do prazo, e veio correto. Recomendo muito!!! ",2018-05-22 00:00:00,2018-06-03 01:06:56
073f44cfc18e6372adc0ec8132dd4b2c,eb4f7af52d42fb1b1051cd5457074b9b,5,,,2017-06-09 00:00:00,2017-06-10 13:31:58
fe4991a6285e67a4a0408d2d36f8e1c1,f826075f4109bb1b2f8d8123b117d81c,1,,minha mercadoria veio errado como vcs vao resolver o meu problema,2018-04-24 00:00:00,2018-04-26 00:20:27
78dfbb36e7c923819566b98351342d9d,1688c2ea4929b519cfc4653742e736ec,3,,,2018-07-06 00:00:00,2018-07-19 01:54:30
03346aa8bd3a52ea61003c0e1bd38421,b8fde15d11aff23b07a6081d8a7652aa,5,,"RECOMENDO,CHEGA ANTES DO PRAZO.",2018-01-09 00:00:00,2018-01-13 10:42:32
210780b79b9ca5cdb433e4ac84cfa895,5f1c8f2e81ded8f245bc3e756524e2f7,5,,Excelente vendedor! Produto excelente e preço fantástico! Super recomendado!,2018-02-17 00:00:00,2018-02-18 03:34:18
13550808f5e0cd9d757326d211dc8561,24c2ea18beb03e17972ed33b519950c1,5,Muito bom. ,,2018-05-17 00:00:00,2018-05-20 20:00:20
e0d957907ef6d388a86e33da6ebc90b8,2e5e827b80515bc21c042a5181e32ec5,5,,,2017-09-16 00:00:00,2017-09-18 20:41:15
5c2f978a16d188a03bac5e9743bfb2da,e537e63305719171bcf7cd7fa815d921,5,,,2018-02-27 00:00:00,2018-02-28 07:50:48
8d51b4c9fbbf9bf124a9d2b41d9c4833,057e5b8975ad03882989369de7b803ff,4,,entrega rapida,2017-09-23 00:00:00,2017-09-24 03:06:15
aaf2ab5c80e405515f559e4713638364,46216bad82195f8dec79cfde98c57acd,4,,,2018-01-26 00:00:00,2018-01-27 01:44:28
fc7c223b4fd5dd72d7540c74c0b61557,a518b0e2cc4f320f21cf76b615df9869,5,,"Chegou certo o produto, no prazo super recomendo é bonito, funcional , prático. ",2017-06-08 00:00:00,2017-06-09 10:49:27
577b1a558404719c529ea0d19b545056,714e87e589c74ad0e8ddb6b9c9706abf,5,,Produto de qualidade e a entrega antes da previsão.,2017-02-18 00:00:00,2017-02-20 02:22:44
ca88951c9237f34240a93ce90c848308,aaf067f5adccd2b8fdf1a9f651a9148a,4,,,2018-06-30 00:00:00,2018-07-18 23:22:57
11eb0b0cff99e982c8a7366aaabdb61d,4d4810e2bd5834782a256daea7025330,4,,,2017-08-26 00:00:00,2017-08-26 17:45:11
21d0291391b223ef2b0a9a8a760083a3,7b1e41f3fe006429cbf78032fcb218d7,5,,,2018-05-24 00:00:00,2018-05-25 11:05:03
34f4c5fa03b74201551275f68a5dea76,ecca17940ac000efeca3a8bbb3866591,4,,,2018-03-01 00:00:00,2018-03-02 08:15:20
17f05bdffb5d96f6af3f472419e71251,71dab1155600756af6de79de92e712e3,3,,Falta uma parte da compra.,2018-03-13 00:00:00,2018-03-13 23:22:07
17beffee35d75b4c851384cad3bff013,99c272b1c830220b1aa0047b42e9964e,4,,,2017-08-02 00:00:00,2017-08-02 23:30:51
cfa570529565a34121ae7f4c80cb8166,776a4baf188ac5bceac98950a0c2d0e6,4,Boa,,2018-06-30 00:00:00,2018-06-30 23:45:37
b793d39edbe6996a67c88dca9a4e3aff,3334505458e0f039b5a43c32dfef2cef,5,Excelente! ,Tábua excelente! Adorei o produto e indico a todos! ,2018-07-24 00:00:00,2018-07-27 14:37:10
06d277405c19894bc4f2a5b1d3225b4d,b8585b755e4a6d296c78133909d74022,5,,"Saia da cama box linda, delicada e fácil de colocar.
Adorei e recomendo! ",2017-09-07 00:00:00,2017-09-08 01:02:18
036b244eabac2a6d9b42463768d989bf,1309fc445b40a153a53e94b46d2accb1,1,,"Prazo prometido e não cumprido.
",2018-03-21 00:00:00,2018-03-21 09:35:26
7d18a1f6cc77ff598adb43d3b7ae4f48,35ae091cd580f7c6dbb7f8c1552740fd,5,,,2018-08-26 00:00:00,2018-08-26 23:19:37
4005cea25c1b15fed506a9fb11d918e1,b83dec1771b70a81dedd9db612fca052,4,,entrega antes do prazo e conforme o pedido,2018-05-09 00:00:00,2018-05-17 19:11:23
e6b5b0e3debde223badf35b132bb21c0,7c32a0c8814b54f798f9359f20699633,5,nota 10,boa tarde vocês e pontual,2018-07-26 00:00:00,2018-07-27 16:04:20
b7146e15e513654607415a0d0f89fcf0,e72ce58da5fa186692fb2a9d253c0cbd,5,,,2017-10-07 00:00:00,2017-10-10 01:52:45
64fab7db6daf81036f90c150ae8554da,475222e589bbaeac43093fcf2c855301,5,Capa cadeirinha bebê-carr,Gostei. Bom material. Bom preço. ,2018-08-16 00:00:00,2018-08-19 01:34:00
2367b2340c67f01ba582d0304660f064,615915458e5cdf8939ae422e043ca879,3,Muito atraso na entrega ,Comprei um produto no qual já estava precisando e o mesmo demorou a chegar em minha residência. Comprei outros produtos e outros site bem depois de ter feito essa compra nas lannister e chegaram.,2018-05-30 00:00:00,2018-05-30 10:51:32
8915ae4305e96cc9896558452f984f13,8dfcba64312b559340f9c9f65ac6205c,5,,,2017-06-20 00:00:00,2017-06-22 23:51:57
cf296bb81d613247ca08f9dfc73d0f2b,3004f445a284f236acf5d61bf2756364,5,,,2017-12-18 00:00:00,2017-12-20 16:10:33
254c44f5ba1d60f9890ef18466a13dc5,029f7a5aabaadfcdfe8c0eddb59a1069,5,,,2018-03-09 00:00:00,2018-03-09 16:16:47
1805f84d1039150d1fa9102461541ba8,90f0e72dfebcd41e26656d079d881674,4,,,2018-06-09 00:00:00,2018-06-09 11:34:58
ef6954f2a294c27ef2b7009aa90cb03e,e247c295703844ab1b844311e25046a5,1,,Produto se encontra com vários dias de atraso já tentei entrar varias vezes em contato com a loja e não consigo. Gostaria de saber o que aconteceu com minha compra?uma posição de vocês fico no aguardo,2018-03-31 00:00:00,2018-03-31 12:00:36
bde982d9e410dbc61ae10aecf4c38b9d,e2faa52f99b7893fb663270530caf2fc,3,,,2017-06-08 00:00:00,2017-06-08 23:13:41
31aa05902ba9461c96a935fd6845b634,e7522d7d44b7cdc7e33f08062d37d269,5,,,2018-05-19 00:00:00,2018-05-21 13:33:59
19b289d10af324db17e6a0599fc9190c,a43f06aa18fbe7db935630bd59aa0cdb,5,,"empresa responsável, estão de parabéns ",2017-09-30 00:00:00,2017-10-02 17:04:56
4177b6a61cdb3abbbf65f59112e5af3f,02a001cb5f40b1fee4f0375c89cce463,4,,Produto recebido conforme contratado.,2018-04-26 00:00:00,2018-04-27 13:16:27
d15f95b4cf0c995dad46210ca52b204a,727140332cb5607e87e03e1501f636b2,5,,,2018-08-22 00:00:00,2018-08-23 15:26:43
d52ab825dac79ef467af1acdc776540c,bb2e64c3040ceb9b7ca2bfc602adca08,5,,Qualidade intermediária,2017-11-09 00:00:00,2017-11-09 11:39:16
07f30776861c50133aa6d2269fafc1e7,be049b6fa688493e1676db5fafc0bbb3,4,,,2018-05-15 00:00:00,2018-05-20 12:38:28
3889970a4684bc424846fcba16462c23,bcdc8da39b779f95c0542643fa9beea7,2,,,2017-12-01 00:00:00,2017-12-04 04:40:04
8c1014a74edbe19fc14b214dac6da6ac,024602a52e3c89ca5f963affcd2bedad,4,,,2018-07-17 00:00:00,2018-07-17 22:36:40
715929fc4cfa57f692978143e531fe50,e91d77b27ccd3bac6b23a34a44ae3db1,5,,,2017-09-13 00:00:00,2017-09-13 20:39:45
c078f01fa26b9e790dfe1dc3a0fd59d0,e594644501ac2bce6c65b6c21b0c625d,5,,,2018-08-10 00:00:00,2018-08-16 15:24:12
d38c3d466c0d0381b2d0d5d29721e44f,9146e206bcd61ac9fb10f3a26336a7ec,5,,,2018-03-13 00:00:00,2018-03-13 20:32:54
15eb711217fa9d674c6b37c3c1803676,7a3db786a9251bc1603dea2c4970e448,5,,,2017-12-27 00:00:00,2017-12-29 19:40:39
0ea7e04f4aadd817ee1e64de02ea6c9a,1610bbd775aa73327d7741d006c09fb2,3,,O produto parece não te muita resistência,2018-01-23 00:00:00,2018-01-24 11:55:03
acd7452c330c06403b0792be2d201a54,9f7b07e872a431807e81c38d6328502a,5,,,2018-06-19 00:00:00,2018-06-19 18:50:10
6e41f8be593f3406924913e4c02e6d3e,d55ece0f3afa9b57b5a78038efddbbbc,5,,,2017-05-26 00:00:00,2017-05-27 14:10:20
6dbc75e7f2934298fd432da1bbca007a,c626db29ab3699e67c95a88bb63aa471,5,,Ótimo o prosto. ,2017-08-24 00:00:00,2017-08-25 00:57:49
4ff4855af7df2bfac2471d4c13ed9387,1896eb87ee7c0749928d79d5ed329e02,5,,,2018-02-07 00:00:00,2018-02-08 00:42:56
7d0ee6018129ffdf5c3b7b0b63e1430a,0c734449f0a8246894a537f0d4355dc8,5,"Bom produto , divisórias","O produto é bom, mas no anúncio não constam as medidas o que é muito importante pra se fazer um investimento dessa ordem! Arrisquei e é comprei mesmo sem ter as medidas mas foi um risco desnecessário",2018-06-30 00:00:00,2018-07-01 14:40:53
da21d3a86cf85f512c2978ec8940e856,a3b5d696f2dc3df83942f644beb879da,5,,,2018-01-10 00:00:00,2018-01-10 17:59:58
9989bc31f41fb267f1a5f9189079ccc5,2f1170f5a9418a9cfe0602f39ee4aa99,5,,,2018-03-29 00:00:00,2018-04-02 14:01:05
7a0e4beff0c1a69abfd25bde14413fd7,67c03c278fad216ed9ab5573e8cc551e,5,,"Gostei muito, recomendo a outra pessoa.",2018-04-04 00:00:00,2018-04-04 10:05:41
41107aaebcd427a8229615482bbb5e77,a8dbaf4197af2f96f35fb65ad457c912,1,Péssimo,Comprei um produto e recebi outro!!! Totalmente insatisfeita.,2018-06-06 00:00:00,2018-06-06 23:57:07
5d2a82f32319843aedd9009833cfb638,d8c2d5ded5aae20ac6a6e9ef34d9c3dd,5,,,2018-07-31 00:00:00,2018-08-02 03:49:50
4081ff62e631bcab5e9bdfa50bc0d570,ea3a35b74d6cd2751271c60d423563f1,4,,,2017-03-29 00:00:00,2017-03-29 21:16:42
8cd56d14d5d5e547b3d32a7fe233a688,e0820022dc8f9840abec5c1057054ba9,1,ENTREGA EM DESACORDO ,,2018-06-19 00:00:00,2018-06-24 22:54:20
e81d4867d605a83e150fa694358cfaa8,b42c74ef741f507b421d3dfb4949178f,5,Recomendo,Tudo como o prometido.,2018-08-29 00:00:00,2018-08-29 23:53:00
632aaf931e57c38eb06939e65cc70349,380c501bd03f8059ea933d24459206b0,5,,,2017-09-07 00:00:00,2017-09-08 15:09:50
0ec38a88a196418fd7c1faada1d1ff25,b313c4c6f6035467d515a2e7e6031950,4,,,2017-04-29 00:00:00,2017-05-02 10:41:17
074ac41b740cb3af0f87a66a9fdfd718,a8cec343b0975de8649d3679eb20b587,3,,,2018-08-28 00:00:00,2018-08-29 11:15:14
edf7700b661cdcf1e410003ed60f8ade,6886aae7a8428ce1fa707bc8fb70acf8,5,,,2018-03-29 00:00:00,2018-03-31 09:12:02
fd1141281114b7961f42c25dbaa18488,17369d934e18e1cb2481bc11a9dcce78,4,,,2018-03-15 00:00:00,2018-03-18 11:39:35
94518e9f99c3eb3bea6a5b2f1d66555e,cc5a504c7761122bceafca452e63c2de,5,,,2017-09-28 00:00:00,2017-09-28 21:57:51
e3e37ed1edd6fd638c2fe0782af54688,55c5b6e322eed3fe3dbbd82da9906019,5,,"Enviou antes do prazo, sem defeitos, com todas as peças, recomendo!!",2017-09-29 00:00:00,2017-09-29 22:11:36
f0152ac60d702a023561b1c76ecd8165,e57ab4127be9907d3078d0227c45e63e,4,parabéns ,muito bom goste e volto comprar de novo ,2018-05-11 00:00:00,2018-05-15 01:39:45
9ce0b0c455cd15e116682b0cf903fcb9,397a32bc626d3c1e951590a39c6f7929,5,,,2017-04-21 00:00:00,2017-04-23 04:16:07
f226b8097b13285c3696d0dead8c66b1,48cfadf939f8bc6a5f3890799a9c62f5,5,,,2018-07-24 00:00:00,2018-07-24 21:17:59
406fc47d59316f2325b9f07276c7c4ce,a231611f82f7625fba490466e2606aa5,5,,Ok.,2017-06-07 00:00:00,2017-06-08 23:56:16
480573a494d8b3e971afd8b4b0d878fd,160e42cafe7b4cd5750459a45e25e307,4,,,2017-05-04 00:00:00,2017-05-05 01:32:59
e7967970562927abd19c9896ff10eaa6,0df040f84e5295f7894177ffe53850b8,5,,,2017-02-15 00:00:00,2017-02-17 01:15:19
d8da2436b6fc607f52a8f88d16156ec4,9edb5899606254447166a651aa65c063,5,,,2018-03-01 00:00:00,2018-03-03 21:15:26
f93a737b3a46b4c96231591bca51909e,50da05e57f65f5b3704cf0cac94bfad0,5,,Produto chegou bem embalado e antes do prazo,2017-05-04 00:00:00,2017-05-05 01:32:50
252899a89e14e4822fce82c7d3e43830,a78ac816235b4503a1af1b74fceb7a43,4,,,2018-03-24 00:00:00,2018-03-27 00:37:56
73d6296154dfe43a9ca63d6f01cefb2f,ae6770c71e1083a03742c4b82d98076c,3,,Nao compro mais deste fornecedor!,2018-03-30 00:00:00,2018-03-31 12:36:42
76cfb944ee57806cbfdf646b19fd0550,677903861e5a22d39b6c208476a62fe4,5,,,2018-03-23 00:00:00,2018-03-25 21:56:03
cc9e8f33c410c17cb2733d0bab5bbed2,2eb223bca7f1fae261d99669d7e8b20d,5,,"O produto chegou antes do tempo estipulado, sem danos.",2017-08-15 00:00:00,2017-08-16 14:31:47
3a7f28b0497f3fe1c00a1f9374a55215,65b214a5e85949a6fcab64ff7e244426,3,,,2017-07-01 00:00:00,2017-07-01 23:04:12
db4b2edadc4c7db7708180d24fd6d296,f0134bd71e6bbd312d86f1f073d60b72,5,,,2018-08-24 00:00:00,2018-08-25 12:19:00
46601fb68263754fe4c2cdcc1ba7d0b9,96d921e9bfe801df7426999a566a8aeb,4,,,2018-07-27 00:00:00,2018-07-29 22:08:00
53e2d5ec5fdab02bebe8dd72e5c369e8,f4d8046ef75f7f0f6cb957b00531b6f6,5,,,2017-08-22 00:00:00,2017-08-22 23:28:33
fd9a79fa0e68a1c08757cad621410bee,26c9592d7817db41a41b0fd3e65219f3,4,,,2018-03-22 00:00:00,2018-03-23 12:00:36
96db2ca7f9c270c5a234d4d3e39dc879,1446f87ab63443ca948c7faa3d7ef194,1,,"Do total de 2 produtos foi entregue apenas um, e o outro até o presente momento nada ( 21/11/2017)",2017-11-15 00:00:00,2017-11-21 15:13:00
6e7d350b94e06c0b21f530d8863aa760,e00bfbddf86f0a755d3550dd87962824,5,,,2018-07-03 00:00:00,2018-07-03 18:00:59
2f7bbad714f97aa934359275f8b725dc,77e14af3a32e9b3c2eefbf56eac92cc6,5,,,2017-12-29 00:00:00,2017-12-29 19:51:37
a1dcd596a37db2ce3ac6051013e13693,0562a20526fecdaa1eb5019bc3920cd9,3,,,2017-04-04 00:00:00,2017-04-05 04:14:28
7ef40e7e77a2800c6174b711ac7aae10,87fa3e925b3406c52f70ca7c5faccce6,5,,"O produto chegou 8 dias após a compra, em perfeito estado. 
Recomendo está loja. 
Nota 10",2017-07-16 00:00:00,2017-07-17 12:09:08
ae717f328298ed314dbdb20fd777fbe9,a1bbc50582a23583fb463282d7807e6a,5,,,2017-10-11 00:00:00,2017-10-12 01:36:00
863e8c12e8ad5311b2e45d997f638985,4d280f7e02765cbee0a2ce0359dafb2e,1,Relógio veio danificado ,Relógio veio danificado e não é original ,2018-07-04 00:00:00,2018-07-06 11:57:49
162dabc4bb037d92a1497b3c2358038d,b8871d60cf4ec81490da7658b25c1c04,2,Não recomendo,Produto com baixa qualidade e resistência.,2018-05-19 00:00:00,2018-05-23 12:21:29
458b9e1fd420a392488ebbaa38e0b8e7,b57b0a8e4374e4aa14d959fe79f4765a,5,,,2018-05-03 00:00:00,2018-05-04 23:55:38
14b9d8c3ec700146b937b8b35a0e1339,642e30dc3dee21998e3692a38e312bb3,5,,,2018-06-01 00:00:00,2018-06-04 13:19:40
1aad357a912081325411d5e771441bea,560cd8ba09ed1425cee6fec9ded348cb,5,,Bom,2017-12-16 00:00:00,2017-12-18 21:50:10
bdebe3454d989e092108aaa80e32a5c2,5b0abacd375bd7093422a42eaf889d7d,5,,"Produto perfeito, leve, bonito e chegou em perfeitas condições.",2017-04-19 00:00:00,2017-04-28 00:37:43
83ab21ebc3aabfb5a375bf5c61ce778a,5dbbced030c8556f919a3b392a589b7e,5,,,2017-11-26 00:00:00,2017-12-04 09:15:26
906134c623e53a210380cd52fd04cebd,7d2a9b5d033ed3eb9cdfe92ba882a621,2,,,2018-06-15 00:00:00,2018-06-18 23:26:21
e919047e10a22ad8d4c48a63acd35067,fcdcf0cd9b77731f38b0c97a27038042,1,,Esperei pelo produto a quase 20 dias e no dia da entrega falaram que estava indisponível na loja falta de respeito compro nas lannister a bastante tempo nunca tinha passado por isso insatisfeito,2017-07-23 00:00:00,2017-07-23 03:30:36
d29b7015c1970a48ebd84998398336fb,ee8dfce1f9bd464688d3b8906b0a4c12,5,,"Produto de excelente qualidade, tecido macio e confortável. Recomendo",2018-03-28 00:00:00,2018-03-29 14:15:13
1723918c735b9827dffd899feb91eb0d,7530b513e10d1b7a2b03962be180f627,5,,"Produto ótimo, super recomendo.",2018-05-09 00:00:00,2018-05-10 13:45:05
c96b08622c86b09682223ac20cb2576d,05f54a9f4abf370b7c655d914159ab98,3,,,2018-04-11 00:00:00,2018-04-11 16:31:50
68d8100b5525d2d5e9d2da1ea0118611,08e8db59cdb3cd620eda092781cf84ad,5,,Td ok,2017-12-12 00:00:00,2017-12-14 21:27:57
20ed6f7406276be2ebcd5e9ce6c14113,630740e03f6373612399c5e8cca3c3c3,1,Nao entregRam o produto,Gostaria de saber se vao devolver o meu dinheiro,2018-06-03 00:00:00,2018-06-07 22:53:41
d2dec0f33eb8b8ce57bf756953b45f3d,72169ffd15efc268ce012f931a368c4e,1,,Ainda nao recebi o produto,2017-07-18 00:00:00,2017-07-19 15:01:53
318313d855aec07516bbb4db64671e3c,7a0ec92566b936a1e15fcf8b9f934f2c,5,Bom produto ,,2018-06-02 00:00:00,2018-06-04 21:45:44
7d776b37db0764f81b52aaf1a0bd432e,73d68ef344ebda9bf0c80b7e3ed70e45,4,,Recebi um recado dizendo que o prazo para entregas na Região do Capão Redondo é diferente. NÃO DEVERIA SER.,2017-09-20 00:00:00,2017-09-21 02:27:20
ed6546c083da75385cc0328fe0936fe5,428379472fdd9b3d36d545677e852e77,5,10,Ótimo ,2018-05-04 00:00:00,2018-05-05 11:26:13
76e99fdd45f87ecfe583e57c44917c5b,3ad8b95da1d9a9f797b5d79dffcdd15f,3,,,2018-03-03 00:00:00,2018-03-04 03:24:51
6521a10196070a28e0be6cf3b4a1bdd1,57519b17e3776c2f4fa3a4e7fe69ccf8,1,,"Bom dia Recebi a película quebrada. 

Assim que eu recebi a película ja abri um chamado aqui no site mais ninguém me retornou. ",2018-04-03 00:00:00,2018-04-06 13:05:50
1b2d842a2f30a4ba76c20b162f7904e3,dda34d917fca93319316d959e22b9289,4,,,2017-03-19 00:00:00,2017-03-20 13:49:18
20052a7f9c961389ce058c049b308955,aa5472de2f22cca7b5a661f6fbc94389,4,,,2018-06-20 00:00:00,2018-06-21 02:03:11
7a10754c0b396a6b2a421610efdfa355,58ea2f39b960352a146343ee46c38bb2,4,,,2017-05-13 00:00:00,2017-05-14 11:58:15
86c265f75e70eda31224c898ff1273b0,a5c7e6bac2227411fff0d646ffdef74c,5,,,2017-06-13 00:00:00,2017-06-15 17:28:06
8f1d7d83c2c9bf092329a76de348706e,0e09e160c7532013444616096bc75f89,1,Péssima escolha,Fui enganado por esse fornecedor. Não postou o produto até agora e nem nota fiscal. Não recomendo.,2018-05-06 00:00:00,2018-05-06 04:14:10
8c8e3b38205d09d489d4ee0b1aceb50e,45655002c111b6037f3244f4692bb526,5,,,2017-06-02 00:00:00,2017-06-03 05:22:56
bb5b0aeb50d11ee4485c311a452cf70e,9f1fdd62873c571b8206dd1cf23e208d,5,,"fiquei satisfeita com minha compra,com o produto baratheon é nota 10",2017-09-19 00:00:00,2017-09-26 14:36:17
3cdc0c2a22319cfc1b60129928e7af6f,66bc614bb924869b79b65d7f8077a385,1,,,2018-03-04 00:00:00,2018-03-05 20:24:00
c74e7e7e7df2d5b606f54836042b3e13,35a3d210c364e3747478f468b0547bb2,1,tranca moto,produto fraco,2018-05-08 00:00:00,2018-05-11 10:20:29
04849d78cd3c47224ccb8c453f710abe,fbd8e4b53b733986be42e401224bd99f,5,,Produto de ótima qualidade e entrega super rápida!,2017-11-25 00:00:00,2017-11-28 00:06:00
f8c39654aa2349dfb94f274ccefe7c80,e22a3e8048469ea68906f666d446c25c,5,,,2017-09-06 00:00:00,2017-09-12 11:18:15
29080ada2eb4fb7feb6293177297f531,2e4b9e7c90aaeb1b4a427c8bad708b3e,5,,,2018-03-10 00:00:00,2018-03-15 10:19:31
58c3a249831b8e0557585ce57a2027e7,dc5f1b52c9effb2ca43d8ddbae249f10,5,,,2017-12-22 00:00:00,2017-12-23 12:07:31
22a2e311d038da42f8b251cc7b2e734d,b0631e643c8b1d98bfcade30d0e71e31,5,,,2018-05-22 00:00:00,2018-05-23 00:32:27
902f5dd3fa3767b696c9a047c79100ce,69a8b09c27431364c37629468a6e156a,3,,,2017-04-11 00:00:00,2017-04-12 10:07:09
4066a28eefe9e750aa01ad19ab2fe494,0f8e3095c3090d9cad1011fb6368b7e3,1,,O meu pedido ainda não chegou ,2017-08-12 00:00:00,2017-08-14 19:39:20
4114fcae3d6f98edbf6acb2d3d21f63f,39f71ba799c87ce196465bad51c55d0d,5,,,2018-08-17 00:00:00,2018-08-18 09:40:50
fb1d47aa2e982e7f63ee4bf280b93a26,db6f3a04842dc0b863498c5d8534ae73,4,,Muito bom,2017-06-20 00:00:00,2017-06-21 16:11:12
0b58560c40f3e90da3c5239ed2cf4b46,6dddec4ff6cf5567af3fe54023e28500,4,,,2017-06-06 00:00:00,2017-06-07 16:30:21
026bef1806dab35b7b18e20726831dd3,c58cff333993bb6b7161d7ec1350eef3,5,,,2018-04-06 00:00:00,2018-04-10 19:03:44
3d3e9e76cad65e9680b302c2843dfb22,255ad076f0ef8eeeaf912d66df4c2a1c,5,,Excelente atendimento! Totalmente confiável!,2017-10-04 00:00:00,2017-10-05 00:00:33
ece851d62328428789a243d01d948a1c,45ccd2f1dba595badc92a8c34c88381f,3,,,2018-06-05 00:00:00,2018-06-07 23:44:00
dd2b4fd9c2308b0a2b75237121bbbc84,84f9634e0295cecca0f76ae5cf5634f2,4,,,2017-10-25 00:00:00,2017-10-25 16:50:30
3e46377a7d3b9eee3bd76ef886bf390b,25d2a391f2bd247e905a176c97f355e6,5,,,2017-11-24 00:00:00,2017-11-26 13:47:40
a638fd1fffd1ff34df7ec837760181e8,54912035e047f9834df97cdfef0d2768,4,OK,,2018-05-18 00:00:00,2018-05-24 15:12:53
3591bed774044d90f289696f5beb9cf7,a2b2d6d1919f4f35f47c42de3f62a1fc,5,Recomendo!,O produto chegou corretamente e no prazo determinado! ,2018-07-31 00:00:00,2018-08-01 02:03:16
447744ca33548b7b5a09676894e021e1,1fd64d652fae27df0e9aac1f4e605984,5,,,2018-08-04 00:00:00,2018-08-04 22:28:24
5c246a878504462451e9312e63e10d16,3f6a06dd65ecc8c3c8bf73dd9f5ade29,5,,,2018-07-14 00:00:00,2018-07-16 11:51:06
9c7ffdb5ed32b97d50d4d030c8c1c51f,cac424e74cd7f269d55aecca60a99333,4,,,2018-07-11 00:00:00,2018-07-11 21:17:33
a90cbec92fdcf58acc5bd167176e6a59,8e500747ed0fbfd6b89bb11955b3ccbf,5,,Chegou no prazo.Tudo certo.,2017-05-27 00:00:00,2017-05-30 13:44:51
7a8675acf5e70b9ec4aa7eecf3d7e559,65ded6e061f051ce3ae4a69b6870ac24,5,,,2017-12-20 00:00:00,2017-12-21 11:52:27
3022c393b676fefab48328ca3f1913c7,e49756b486c722bb970c4cadf35a2cc3,5,,Produto entregue antes da data prevista.,2017-09-19 00:00:00,2017-09-20 09:12:05
f5a4e53a7827d90a3873e04a95644b8b,42ef77c2949646ec1d09f4f38b249508,3,,Muito bom,2018-02-06 00:00:00,2018-02-07 02:06:57
1a1420bf150e4754a01749c7d10ac4e5,693264d23ad645c479b42deea5eceec0,5,,ÓTIMO VENDEDOR!!! RECOMENDO!!!,2017-02-19 00:00:00,2017-02-19 20:30:12
5d20d3758d80ca552c7f7065398cb1f1,23f563c1e12c5d6d279ecc446b5f933b,5,,Já recebi gostei muito bom ,2018-07-03 00:00:00,2018-07-03 20:37:09
9405eeaebd46de8a633a21d319b9fb71,3811e225018df1f58837ddec911d3e55,4,,,2017-10-04 00:00:00,2017-10-04 21:31:17
b0307ed079839fa07012532189101bdf,d14319b7a9ffe116c1ba706238d3cd27,3,recomendo,,2018-07-08 00:00:00,2018-07-11 17:12:31
1273a593e50f02173c97ea8d6d08bbbf,9dd2fd0bc65b8d4b92ff4ab91cab5b28,5,,Cesto super lindo! Parabéns! Melhor do que eu esperava. Apenas a entrega atrasou. Mas o produto compensou!,2018-01-10 00:00:00,2018-01-11 02:37:54
523aba0506b7641076413726f8e37235,d5db5ade6120da8525cd7eac0608d009,4,,,2018-06-12 00:00:00,2018-06-15 08:19:45
d98ac20f66009772dbf7659364b12f0d,ebcb5b268095abb9ff8739f83b939864,5,,,2017-08-15 00:00:00,2017-08-18 14:38:06
e89ae18ed6ece107ea5c62f64bf28680,d116a9f838daeae6ab2e694cad2045f8,4,,,2018-05-20 00:00:00,2018-05-22 10:28:27
87740b010df52d1f32fa553c54a7b386,626d1cc366da566023f1b3d8e202d568,2,Propaganda não condiz ,"A descrição do produto refere-se a um material e acabamento que parece ser muito bom, porém recebi o produto em MDF, que nada mais é que um adesivo, mal colado, com discretas bolhas...",2018-06-28 00:00:00,2018-06-29 15:56:27
16156000b94e7d37d77f5b495510ba09,446e20f85f1b9cf552376d6f31c983b2,4,,"tive que fazer uns cortes no tapete, mais encaixou..tudo bem..",2018-03-07 00:00:00,2018-03-10 17:53:48
716e029516d9f7cf11e638c9a6308f93,a2f084633c53f198fb3ba4148fd4a148,5,,lindo!!!Ótima qualidade!!!,2018-03-08 00:00:00,2018-03-10 16:01:34
2a657e52f9af33a262ee8334fe134f59,9e4429e3ca6daefcb5a085302eb4d9a9,5,,,2018-01-07 00:00:00,2018-01-07 13:13:45
99c15e8997aab32a80dca38e795f059f,ee76c8b8bd42ca7913d033a9dea1383f,3,,não recebi,2017-08-04 00:00:00,2017-08-07 11:39:47
9effd77799918215bb8f507472c6729d,466a97f80260f9336c1be60a53042e14,5,,,2018-02-01 00:00:00,2018-02-04 00:02:13
3b82a5d38bda7ce30ef4fbbf22c97755,cf1ff716be04ebeff7831c79c17f9151,4,,,2017-12-04 00:00:00,2017-12-04 15:53:06
24c01a5b4d93584d597b2b08cae0822e,98e109d3f1db912647c2140cdee13836,5,,,2018-08-31 00:00:00,2018-08-31 22:13:35
0cd7a292845bdfd9dc859258d1cf15df,c94517a93bb24f22495c95eb3f90adc5,4,,Produto bom,2017-08-30 00:00:00,2017-08-31 01:44:43
5f36be498c1db1126df5337909bcd378,7bbc66a921e0671f689e2bb419d3cf09,1,,Ainda não recebi o produto e não tenho informações sobre a entrega.,2018-04-05 00:00:00,2018-04-05 11:44:29
f95f7ab24a3ff4d7461cdeaa5155a1f8,df258d3d30d51b9991fe71bb0e4f126c,5,,Chegou bem antes do prazo e o produto é ótimo,2017-07-06 00:00:00,2017-07-07 18:43:40
a3350b9baa65a3fd53f9f73347f672d4,674dc699bdf7b477fcf8efa0b898802a,3,,,2018-06-06 00:00:00,2018-06-07 01:44:41
655a5ed10ca8f97cd2b478bbd6172cb4,eb45ff263f9e77136f626c712add7354,1,,"Comprei 2 garrafas termicas, mas só recebi 1.",2017-04-23 00:00:00,2017-04-23 22:51:36
893f8459cb9542968272fdb3b41e3e1c,a0be4f22d143bef8121980995eaf15c9,5,,,2018-03-30 00:00:00,2018-03-31 18:46:23
5fb352287d22679f6460ff94841d6e1a,0baad26e1a67410a85b2b38558dade2f,5,,,2017-05-28 00:00:00,2017-05-30 19:11:25
e95258752e9ba4018a9cb6378199ce55,995ca4e760797710d04230ca83a51ea7,5,,,2018-04-05 00:00:00,2018-04-05 23:21:27
18a1635817e607ae9cd8bb8c3a525cbc,c95614cc539582d4d37f7effd5aa7375,3,,,2018-03-30 00:00:00,2018-04-01 22:18:36
91cc56559380095a8b43cda3b3277e34,b0bfe907b9812101e7b442221ffb8f07,5,,"Ótimo 
Produto super recomendo.",2017-08-01 00:00:00,2017-08-04 10:31:45
94e4bde9a16194c468881a8f4bb08195,341dc4ea81fabe7de6af564b72fcf3e2,2,não confere o produto,Eu comprei o KIT cartuchos 664XL (preto e Colorido) e mandaram ERRADO Kit de cartuchos 662XL . QUERO QUE TROQUE PELO PRODUTO CORRETO COM ESTA NO PEDIDO E NA NOTA FISCAL QUE É : KIT CARTUCHOS 664XL .,2018-07-13 00:00:00,2018-07-13 15:00:44
5a250a51fd4412680be18556961df3ac,38ca323a7d4915303945481eb5a7e9e2,4,,,2017-12-06 00:00:00,2017-12-11 13:08:38
bfb9c381a36d041b64d3f108eabfcba0,b6cc6c3ee09a6542d7cb6fa9a4e13a9f,5,,,2018-01-07 00:00:00,2018-01-07 23:32:19
1848a3a1525901abbf4c05b11eee0523,b5caac3d864a0915203a1789e69329b3,5,,,2017-06-02 00:00:00,2017-06-06 03:15:15
c70dbb62625715e1226b383cffc9b90a,8f7176f38b6ac3f5e924b9b05716440c,5,,Produto chegou bem antes do prazo. Tudo certo.,2017-09-15 00:00:00,2017-09-18 14:56:41
bb07a9227fd7fd6ad368b4caf9c94145,fb52c1aeadce7c26d4c57e429909eab6,5,,,2017-09-27 00:00:00,2017-09-27 22:20:37
6cf678826541090b0a32fa06e99ce7ff,5b585b8178b9e47c6d423e0e79f415af,2,,,2018-01-31 00:00:00,2018-02-01 01:11:25
65b9d7609efc229860f89e08dd349ae8,299372a2c0a08ae166a4dd2a2467dfec,1,ENTREGA INCOMPELTA,ENTREGARAM 1 DOS TRES ITENS COMPRADOS QUE CONSTAVAM NA NF,2018-06-08 00:00:00,2018-06-09 12:39:29
08a734f3a8f01171c20a851b4dcca76a,d47b9b1166f0cb84c9cc7b8a507808ff,3,,,2017-06-15 00:00:00,2017-06-15 23:34:11
5bff397e45e9a5b269984392c8dfed9a,c3c637478a3bd7fb492aff16c4aa8ec0,5,,"Adorei, recebi antes do prazo e o produto, superou minhas expectativas.",2017-10-27 00:00:00,2017-10-30 12:13:58
f231a5532cc743f07e6c13055e279319,a0f7769c320fd4c1900add6490eab094,3,Recebi produto diverso ,Comprei um relógio e veio o modelo diferente do qual solicitei ,2018-07-10 00:00:00,2018-07-10 23:11:23
f4d3b3c0a74b98548a9bba0132dbbc4c,aa799c67bfe59b0de24f6db1dc1b776e,5,,Vcs estao de parabens,2017-02-03 00:00:00,2017-02-04 15:13:12
fe69f23e6d0a7f4975c4cb28573d7122,25a82fa3e495b6124f9d196f8ab78dfc,5,,,2017-08-26 00:00:00,2017-08-27 13:19:46
86a6d124f2cd2af86e467f498cee69b7,58654344ef4d9b4aefb2ee36618d9751,3,,,2017-10-17 00:00:00,2017-10-18 00:00:40
bd97fbbdef1150178701049ec3b25922,ce1102192008032289474c932a4c241a,3,,,2018-07-05 00:00:00,2018-07-07 23:43:11
3d8a540a74e761d5a0d552c896be807a,6a4b27f33e33875ed99945d3e271698e,4,,"Muito embora a entrega tenha acontecido dentro do prazo, achei longo o prazo para a entrega.",2017-03-15 00:00:00,2017-03-16 13:10:35
13cb954a1d65950b6df4aaad2f79b33a,1e9bf802b8192eb97af61fd92b586471,5,,,2017-03-24 00:00:00,2017-03-27 11:20:50
6df84f390b98f72f8339b53456578a0b,9371ddc98fdf148feec83c1ddbdaaef5,4,,"td certo , recomendo essa loja c certeza",2018-01-30 00:00:00,2018-01-31 11:40:29
be0b598a7016d7044a85d674d27ed345,032bc75236a1cbaf410bb596a509e774,4,,,2017-02-01 00:00:00,2017-02-01 08:59:28
87a00bc97f8a46999165a16c419ba81f,6abb2dd22e301e03c68d0b4e55cf5560,5,,,2017-02-15 00:00:00,2017-02-16 12:36:43
96c5308bfa16e12160c82b52355bf98e,45b1b3b169e059058cccd3eed24aa5cd,4,,,2017-12-01 00:00:00,2017-12-01 15:14:26
9a786b39ca46abd62648f250dc22aeba,110f6ca5866b291c8689e08bebf7f8f8,1,,,2018-03-09 00:00:00,2018-03-12 23:16:54
9c4f815f5bc3e153b7509eca657dfa9d,b9301fa4912e6d5f755e12b4986c5f84,4,,,2017-03-29 00:00:00,2017-03-29 21:43:17
906b62e49a981467f2e701b565a2a932,f83bde2f77db7c7343f2bd54bb17fda3,5,,,2017-12-19 00:00:00,2017-12-21 18:58:12
293acef6391d80dd08a1340a7f95d1f8,c5976da90bd31c7f760891b7db4e0c9b,5,,,2018-03-03 00:00:00,2018-03-03 21:54:56
16a8feee8fbdd5b312a16a131c4e5018,a49dc0169f9bb6d3ac9829bdebd12299,5,,,2018-08-01 00:00:00,2018-08-01 15:15:29
f0bef8191738e8302753ed1fa8055219,4f9a350ccfff326b528a0d7e24ca8743,3,,,2018-08-29 00:00:00,2018-08-30 12:07:09
ad49f5626c5f6601c059e47dab029b89,061bf20146d98ef4698d0324dc4392db,5,,,2018-05-22 00:00:00,2018-05-23 12:44:51
1870c44bebae7c38220f5e335ffa1446,f20439467653674ebac675290f67e15a,5,,Bom produto.,2018-01-19 00:00:00,2018-01-19 21:20:42
4bcb0512d726c6fb33d60a78cfbf68b9,a4b19ba687d68b54e5598956990afa98,5,,,2018-02-24 00:00:00,2018-02-27 01:31:08
0df2f7e79798f47668ba9db23229f02b,23575ff1c8a0669132c47e895a24b5fb,5,,,2017-08-01 00:00:00,2017-08-02 16:26:18
4d2cb570944ebfa172440c1e9282f892,1d28088d0d3f5967393dad85006377b2,4,,,2017-10-12 00:00:00,2017-10-13 13:14:04
f268cdaa09bc38d7bda404017075ed22,4cfdd4464ee3dbf59c17a69045429af4,5,,Entrega dentro do prazo.,2017-09-14 00:00:00,2017-09-15 10:51:12
730d638a485231dd17a8fe1ee0ef4969,7892239c80bff3601c4d78e1e57e6a61,1,,,2017-06-03 00:00:00,2017-06-05 20:25:42
4d5f9744cb7faed110f3e8ff5be29b8e,02d8a3fffa425e73385cc7f7a6518fbe,5,Otimo,Gosto muito de trabalhar com Empresas que cumprem o que prometeu!,2018-05-03 00:00:00,2018-05-04 20:36:08
c77f71250944aedc6734ded8ee57087e,b7579d24f5b2dd3e20f2e57d0e07d170,1,,,2017-05-13 00:00:00,2017-05-15 16:11:20
26fc78533a8c5fec600c5d58da84f079,40c95b7789cf4450c616a71d2efab73d,2,,,2018-08-11 00:00:00,2018-08-13 12:09:38
6bf86fb84f6df2ed3f39e8aca4b8a92e,e3c8ec2636b34ec7a41bf25dba83440f,5,Bom,Ótimo,2018-06-26 00:00:00,2018-06-28 21:55:50
a1dcd073a2802a548951dee54e809feb,61bc36958b1d61ed45eb66755fcf5722,5,,"Chegou antes do prazo,
super indico, produto mto bom!",2018-03-17 00:00:00,2018-03-17 16:07:35
2c4fe37c5a6e8ab012281739e27196f6,61d9b48d85b81cc207e948c13dbd633b,1,,"Produto entregue conforme anuncio, porém com vários defeitos ( quebrado, trincado, peça solta ), e até momento não tive retorno para a devolução ou troca do produto.. ",2018-03-22 00:00:00,2018-03-23 17:37:37
7a1829196f22ba5e786fc316ed125eaf,834545a0dc30bbf519e4d9c697eca0a1,3,,,2018-07-11 00:00:00,2018-07-12 00:25:27
396e26da77b10734f3f8b5d5515fef4e,aaab15da689073f8f9aa978a390a69d1,1,,"UMA BOSTA NAO ENTREGA, E NAO FAZ ESTORNO DO VALOR.. VOU TER QUE ENTRAR COM UM PROCESSO CONTRA lannister",2018-02-09 00:00:00,2018-02-09 10:12:45
1afa9376e56f7714b5ffa0b2f51c3152,6ff14c785c89530b9a33206e62253d05,5,,,2018-08-25 00:00:00,2018-08-26 04:00:25
4e68173b868b2f1722cc4d75d9bb8f45,cbbac32b13e7fbbcc8e815705213e1e0,5,Excelente ,"Produto perfeito, ótima qualidade excelente prazo de entrega..",2018-06-20 00:00:00,2018-06-21 01:33:13
a61736adcfa33c4cfde50fdb7d7ae3cd,3571bf5785e29132d318f3c5222560f7,2,Relogio Gato,"O relógio parece aqueles vendidos na 25 de março, muito simples, vem em uma embalagem qualquer e a imagem de dentro do gato é desbotada e opaca. ",2018-05-04 00:00:00,2018-05-07 14:08:31
d627ee1050d0950138aab502faf502c4,d77d1461e81c281918bbfa4c878bdcc3,5,,,2018-06-15 00:00:00,2018-06-18 09:39:46
e4850cb04e31613512d4a621627d6c19,8e1ded141534096603108f1ee5c27735,1,,"Não gostei do produto, solicitei a devolução pelo site da lannister, informaram que em 48 horas iriam dar o retorno e até o momento ninguém se manifestou. Quero devolver o produto.",2018-01-31 00:00:00,2018-02-05 11:59:27
6e17909168b5df32eb790e1539b8f18d,7ed696782f4472458c5f1fc95bf5d6ed,2,,otimo produto,2017-10-03 00:00:00,2017-11-08 06:49:20
46ebcf7f108d43e7920371c25c4e859f,7f21d3ca84edda19b1982865712ca42e,4,,,2017-08-22 00:00:00,2017-08-22 19:29:51
8743732f48bbb58d9f4824dddb3e15c7,f9738bd11e7b55e079a85fd057acf232,4,,Achei a entrega um pouco demorada. ,2018-02-21 00:00:00,2018-02-21 23:09:12
c15c8436d4902c916afb44a57082b438,0f750136a7458e323a95eb451e1d47cc,3,,,2018-03-23 00:00:00,2018-03-29 18:28:27
6aa17740826ef30fec761f1aea787d5d,caaf47e44c959a733f8665acac275e69,2,Vidro estragado,Veio com um vidro estragado,2018-07-07 00:00:00,2018-07-07 23:33:42
ea3d91ca42293097ec69cc28271eb6e0,deb733aececa59120f37a6395d57c4c0,5,,,2017-07-20 00:00:00,2017-07-21 14:35:56
1b47735ebd4ac75fe7f9e426ae9c1657,8fc45fcea7ef26a592a2f96dc5fd9b05,5,,,2018-08-17 00:00:00,2018-08-17 13:04:45
e05b5cce14c85957f1a7e1244f8806c7,6b6a02cd68662e796263b55aeced16ad,5,,"Não esperava chegar tão rápido, recomendo p quem quiser comprar. 
Recebi antes do prazo.
Nota 10 para a empresa. ",2017-10-24 00:00:00,2017-10-26 22:55:17
e818fd73e862d77c71e926019120ff8b,40d9b709b3b6a77fcd309165705f58d7,5,,,2018-08-21 00:00:00,2018-08-24 01:41:17
fc7eeba261cf351edc5b8ce5d3c034bc,0f3f49e2316b72f49e23fea6ffaa2371,1,Erro na informação ,"Solicitei o carregador para o tablet. Génesis. Conforme a informação do vendedor ,solicitei o produtos não se adaptou ao meu tablet. ",2018-05-18 00:00:00,2018-05-20 21:20:16
90cfae6fc1efa4e0d4d4483f81ad75b1,8661d034c37aca81ad2a118217c354bb,4,Ótimo ,"Produto excelente, entrega rápida ",2018-08-02 00:00:00,2018-08-03 15:59:16
58218aa1a819db3cfeb4e03a377c76c6,4db8f00462910a1daf07bd78e151c075,1,,,2018-06-29 00:00:00,2018-07-03 12:59:54
d4d07b0db576994ae62bec451453e0de,57b9cf4a37a14014639920e1f6d81e52,5,,Estou muito satisfeito! Recomendo a todos!!!,2018-02-07 00:00:00,2018-02-09 21:47:53
f2fe5215dab1676014610e420dc8d423,0dcfff35f1d2e0fb46301c92143663f9,5,,,2018-08-18 00:00:00,2018-08-21 19:15:52
4f3ca5b2315633b2f84e283dd803af48,2c8e244e1ac6be021c1587d33444bd8a,5,,,2018-03-18 00:00:00,2018-03-19 21:56:04
80ed8e787e71cc1e7c80576c5a3ca219,b41f51ebf23530b00f69e5602f81a653,5,,,2018-02-26 00:00:00,2018-02-27 02:50:21
aadb5430e096fbe73870551bf885f90c,438dad6fa6e9ce3c50e4497b4232c7ce,5,,,2018-04-27 00:00:00,2018-04-30 16:58:32
f814dfe5e6cd9f42c80501386e9b16eb,33621dd1b751a02342dc065c32f1c96c,1,,,2018-08-12 00:00:00,2018-08-13 17:15:40
6af1d40059bd03a97b410978b07aedcb,f15a9d9b458aa040e6c47b6bb2311fb4,5,,,2017-05-24 00:00:00,2017-05-25 12:32:49
c5530141acdd1b8fbe09637bf6678510,1d75f74f2b35e491804fe25e4c5fd4dc,5,,"Recebi mercadoria dentro do prazo combinado, atendentes muuito atenciosos.",2017-06-27 00:00:00,2017-06-30 17:39:21
b4588e14fa31430c696f23693adccb83,da32e0ec629676994bea2c2fa8f0584a,5,,,2017-07-29 00:00:00,2017-07-30 16:39:20
c243c877fea4b3d3f17f3bd5661ba78f,5e0a798e395c3be05f7b2cc9f7ceb6b4,4,,Preciso trocar o produto ,2018-03-24 00:00:00,2018-03-26 23:04:12
0dfeea4ed5776aec8d568ecb82cbd7b7,ce5cc8db5db3cf165759073512ba3d82,4,,,2017-05-27 00:00:00,2017-05-28 00:47:40
1d66de887e104d71f9c8d5bc1b5ff2a6,7d3cd94ead444e7d5a948a9e0021c426,5,,"Gostei das qualidade das peças, a entrega foi dentro da data prevista.",2018-03-28 00:00:00,2018-03-29 11:25:21
345814b995aff9c54fdc2da7164ac6e2,9703eb84b4433601ca6171b79e26ce1c,5,,atendeu as minhas expectativas,2017-09-12 00:00:00,2017-09-14 02:08:51
8b7cf55664a0ba5d1c9f9c4f5da1391c,c90025afa3c59ad0768b713161777935,5,,,2018-03-08 00:00:00,2018-03-09 20:57:48
e7cbcf9dfa2a7392558748bd44a3d946,52c61c311129f8dc9cc4f8f1c84b0b2d,5,,Obrigado pela atenção ,2017-10-14 00:00:00,2017-10-15 15:59:19
21212694e40d2d5fec2f71971f11561b,c79c512fd61a1008f15dbf7ca2a8c7cd,5,,,2018-08-26 00:00:00,2018-08-27 14:56:25
7fab6bb46ff142b832e084cd03e5f631,a43b47899fae27435d67c19684c2a5d3,5,,,2017-09-28 00:00:00,2017-10-06 15:10:45
b81f82f98ee11560dae3b7acc8713526,a21f7cbfcb4757dd5866a2673dc059b6,1,,,2017-10-20 00:00:00,2017-10-22 14:23:03
d2d0ffb0378f03f196e6e469ee101ef5,9e8994e6f853899f834bc1d3c25b1939,5,,,2018-04-26 00:00:00,2018-04-26 22:17:51
35e1ec6951581c30798182a64f3bb89a,101280a25cfcd2e133000129f24d17d7,5,,Maravilhosa acima das minhas expectativas. Adorei,2018-03-14 00:00:00,2018-03-17 02:44:56
b9e318ef0f1cc3d0dad1d7fb709efd71,fdcca0e15a4d03e3fb89fb14664a3744,4,,,2017-10-04 00:00:00,2017-10-07 19:42:03
bd395b3727aa5518e1c8a8c7af5a0f0e,a94b9255b3c3ebd206b09a5625e39ea2,5,,,2017-07-01 00:00:00,2017-07-02 15:17:02
2966f5670f040edbd885b943618fc003,f7059c86772ca15e9640e43be7c31fb1,3,,"Fiz o pedido de 2 pulseiras, porém só uma delas chegou. A de pedra vulcânica a outra pulseira não chegou.
Gostaria de saber se enviaram em pacotes diferentes?",2017-10-10 00:00:00,2017-10-11 12:05:18
d808dbcbe666f0ceec9937907a44ec1b,94539d5722ad55c3ae8c7369974b67ab,5,,,2018-04-04 00:00:00,2018-04-04 20:52:48
66ec1d0ed18ac80fac4e348e1488806c,490f9c9fc86a9e753c5729f7119e84d7,5,,,2018-05-11 00:00:00,2018-05-13 20:44:37
f63231d383d359dd12ede221b9464b9b,ea2b2e907341618980eb6f87436f1c4a,5,,,2018-03-30 00:00:00,2018-03-31 20:35:42
2980a6920abc5541851bf77df2a5816a,061cafafafb36839a8ee7cf19ab807c6,1,,RECEBI O PRODUTO AVARIADO E ATÉ O MOMENTO NÃO FOI TROCADO,2018-03-23 00:00:00,2018-03-26 09:13:03
1d3e2dde9193d619f26781be9a13eb87,f425c83fa6d7f497e5f4a1c243401110,5,,"Tudo conforme o esperado,obrigada.",2017-07-14 00:00:00,2017-07-15 15:19:01
96bfb01eb1c929060c5cd1c3c41f9434,3b7999074565a5320366ad70c5aec08b,5,,,2018-04-10 00:00:00,2018-04-11 10:30:46
1495c6688e61ea783791683214178438,d468e4e85ee3a383eae43d3e8d9f116b,5,,,2018-04-24 00:00:00,2018-04-24 18:03:17
d76075fa73c4e08ec3e16ccc51863a11,4b0c92c783fce531bb5b76d0bb2636ac,5,,,2018-06-29 00:00:00,2018-06-29 18:29:23
4cc9dc5e78a908ca19d6cfb03dd31a0d,25e5f6a88a4525f820943240376c45c5,2,,ACHO UM DESCASO COM O CONSUMIDOR ESS TIPO DE ATITUDE,2017-12-19 00:00:00,2017-12-19 23:06:26
329f1a18b2fd9028142923119bfab8c8,08b4c8a8808af1f771bd9602e193f9b6,4,,,2018-01-25 00:00:00,2018-01-25 15:06:59
533b58d68bec1d9f0a692cb8c38a80d2,a79e71cf3a8c8b52b0fe82c772927688,5,,,2018-05-09 00:00:00,2018-06-04 11:41:55
c8a1190a43f28498e89dabc9139780b4,a28f6c9d0933acd34c3ae149cc537b65,5,Bom ,"Chegou antes do prazo,adorei🤙🤙",2018-06-03 00:00:00,2018-06-05 05:05:44
9e1bd1a6139cf04564438bbbbabc5290,462ac93c107f9de96346db36168256c1,5,,,2017-11-26 00:00:00,2017-12-07 15:43:01
a17990911e25d2e400d4c994099ed4c3,2a490849da4cef28b5edaea693b89ac7,3,,nao recebi ,2018-05-09 00:00:00,2018-05-10 13:44:32
2c264ab8b6507895fa712c330da4fdc0,bb112b59b8f03e372acab987c036fbf3,5,,,2017-12-05 00:00:00,2017-12-08 14:27:18
d1a57fc53b109b56e6b8f8dd939a8fea,92b56c79ee136de9db64ceafdf002f72,5,,,2017-05-20 00:00:00,2017-05-20 16:33:06
071458dc29f23c16b217618a7ecfcc5a,bfc2396e870e56354fb163b76c9c1e3b,5,,,2017-11-28 00:00:00,2017-11-28 23:24:18
4fa13603bb4446d4c7c402a05e71f738,259db3e83679426c2af73687a8c579d4,5,,,2018-06-05 00:00:00,2018-06-06 00:11:06
42729060d028aae87f7627084a128c35,1ba88b07e29193945dafa8c04f4ea642,5,,,2017-09-27 00:00:00,2017-09-27 21:13:48
b4d4de1617bdd0ae0bd72095572fae40,8a8485723ca5bd95fd69bab2f1057157,5,,,2018-04-06 00:00:00,2018-04-18 09:41:42
d595ee793e77e077c58975b161c5ff4d,201797d3f567dc70cc5732ecf055e346,5,,,2018-03-28 00:00:00,2018-03-28 23:21:28
56c5680816155a5290b0f68f5fd741a8,73840bb583b69b1d181d54f3f755a4e2,4,,,2018-06-19 00:00:00,2018-06-27 10:31:21
eacc2145d6170f2f5900cce36d4945c2,059fd94aa8716f14743caff2f433be05,5,,Entrega rapida,2018-03-13 00:00:00,2018-03-13 18:24:12
ef96505fe73485cccd859ff2e262b897,af7ae6bafcf0885e40e8c5fd1ef4c745,5,,"Entrega antes do prazo, perfume sensacional.",2017-03-30 00:00:00,2017-03-31 10:42:19
b8bdf5bf368720a71c0222bf16d9b1d3,aff043b28dfff4c65665fb42597daf94,5,,Ótimo produto é rápida entrega.,2018-01-06 00:00:00,2018-01-06 19:37:54
405c07de088993ca454364910f3b49e3,b5ba129c3461e787bf826b827b5a03ab,4,,Bom,2017-10-25 00:00:00,2017-10-25 19:15:43
83d2b87edaeaf9e27ae0a6a5bc7b4f28,4ddbc8366d7b18e042a35f6b4b5481e9,5,Bom ,Produto bom. Cumpriu o esperado. ,2018-07-03 00:00:00,2018-07-04 11:06:28
702df692316f59677d244e66b70a4021,035c06c36cc8685238297b6af0c280f3,3,,"o acabamento poderia ser melhor, nas laterais principalmente.
mas está dentro das expectativas.",2018-03-29 00:00:00,2018-03-29 22:04:59
4c6db9a49259c8f1a63ea2a60acbef25,4a9abb72c66423766ec1a903dc6c70fb,1,,ainda não recebi este produto,2017-12-16 00:00:00,2017-12-17 10:49:52
bfb8468e23f9bc1afe1f7de14f3d76c9,c4160802efad8c9cbde695407bb04a7f,4,,,2018-04-05 00:00:00,2018-04-08 04:12:23
beebe11266b7d765a2f21b8a8d70ecd3,7c456a887b23a75268a45a224d191c52,1,PÉSSIMA,"COMPREI E PAGUEI DOIS(2) CARTUCHOS DE TINTA PARA IMPRESSORA, 60XL.
RECEBI SÓ UM(1) NO DIA 01/05/2018.
QUERO O REEMBOLSO DO VALOR FALTANTE.
AGUARDO RETORNO.

ANTONIO MARCIO ",2018-05-02 00:00:00,2018-05-02 22:13:25
5696a982484469dd9a6130f202f43152,b84b9f8e6380570cdabdb0af246d6b9c,1,,Ainda não foi entregue na data.,2017-05-21 00:00:00,2017-05-21 13:19:49
9a0bb4f51bdc2568e43a1e47457bd8a4,79ce453b9e3dc21f91d306eb1df8bb2a,5,,"Chegou antes do previsto...Fiquei muito satisfeita, produto muito bem embalado, tudo certo.",2017-08-20 00:00:00,2017-08-21 21:52:36
e7fd1f32d8d2642317eb98a9c7a5abdf,40e6e449d7ed3885b35b3925d7403cb2,5,,,2018-03-07 00:00:00,2018-03-10 03:20:56
235519c869ca2f3f43cf51f232363352,916c26a4b35875fa3e5237c9abb44c2c,3,,,2018-04-25 00:00:00,2018-04-26 01:01:40
ccb443941619f0d254701894435990a7,c0b3a6ec68db87dd98bb317ea6835608,5,,,2018-06-22 00:00:00,2018-06-22 20:44:19
a2718a43961c959072d7caa5b030969a,9d02a36395b93b35ec7f46d79ee3e8b9,1,,👎,2018-03-15 00:00:00,2018-03-15 09:33:37
c0eda86019d1887dbb6853d35fadf209,d6c877d8995925578fdeb1d186915549,5,,,2017-05-21 00:00:00,2017-05-23 13:09:51
055f48e41c3413b81ef0dcdee9311d61,371d3a892917017b32ada644ba1f301d,3,produto bom,"produto bonito, porem com acabamento mau feito",2018-08-16 00:00:00,2018-08-16 22:57:15
14bf29f4195f56fccefb4a2167f24c12,5f15f0c533a12e29594c41ac50ce1379,5,super recomendada,"Produto em timo estado, muito legal",2018-06-26 00:00:00,2018-06-26 23:59:06
72ee82fa313da24ed6e7a3c1887dc93f,804b3f6bad007a44efd1fd85f0291070,5,,Recebi dia 10-10 .veio tudo perfeito! Amei o produto 💟 muito obrigada pela atenção de todos.💖💖💝💝,2017-10-10 00:00:00,2017-10-13 23:46:38
158de16a40fe460fe9a94cbd5aaef415,e6a9a4963c309a68db1f1a515e700764,5,,chegou muito antes do prazo. em menos de uma semana,2017-02-08 00:00:00,2017-02-09 11:35:03
61ee51e6086df4cf6f9cc470a81a4a6a,6abaad69b8b349c3a529b4b91ce18e46,4,,O produto é uma ótima decoração para deixar o ambiente lindo. ,2018-02-25 00:00:00,2018-02-26 12:06:44
87ee96a485a100f66e3ab9c48f09d9df,016f868b096c236312e8bcb818ccd11d,3,,,2018-02-02 00:00:00,2018-02-05 00:16:10
3607c623cf07440c96d559d6f5f3a0c4,d55318b1aeb088c57b1eb9759d0adc9a,5,,"Otima
",2018-01-12 00:00:00,2018-01-25 20:53:46
4b6452d352fc545455872b8b480ed408,1d58535a7efa4ccc8eab9bf3b16111c7,5,,Muito bom o produto e o atendimento.,2018-01-12 00:00:00,2018-01-12 20:53:55
8320e19d63d5361046e3e962a3239535,4000f82f3395a0f2a5ad6a4e32060a66,5,RECOMENDADO!... ,Foram rápidos e entregaram o produto corretamente.,2018-05-09 00:00:00,2018-05-09 23:32:22
a034953e5db0070b0f60371e82a56590,d06632a45bfed8725d59741e45820839,3,,,2018-05-26 00:00:00,2018-05-28 12:08:03
c66385d42d09472d9cc55c7c15fd6ac2,d416e69ac2b8a56d17f9b3ad10bb37b0,5,,,2018-05-30 00:00:00,2018-05-30 19:19:08
d69818a5b332a9b282939dda0b8e7765,7e3b7b3527cce28aa98702e05fda566e,1,,,2018-08-16 00:00:00,2018-08-19 22:02:34
8b93e55d6fd823008d0d29f19a25a589,a3f40d7f1e3446fb6bd73bb0373b0996,4,,,2018-03-23 00:00:00,2018-03-23 19:35:07
640c7d4fe9562b1dec7abd41b2e7b5af,d35d04877fd2f044b404b6e80567532b,3,,,2017-12-19 00:00:00,2017-12-19 21:36:16
2b2aacfb015dc3eba24fabea07e84ef5,32df72b9f8dee31b9b3b8b8e31f2ba1d,1,Ruim,Pessima loja. Passou do.prazo não consigo falar com ninguém,2018-05-23 00:00:00,2018-05-23 21:00:46
292348df938ebeb0ece8661a30e35d01,f9a6aec1708cd20b564a6b2a29ed2290,4,,Parabéns ,2017-10-10 00:00:00,2017-10-13 04:14:39
4bc3e5a5013e42b0861e2e325f4d0137,c4f4ee4a762d4a787e43c9b8eecaf3f6,4,,,2018-01-07 00:00:00,2018-01-09 02:43:17
a1276b5035f3e7612c374aa7a84dcd25,defe6c6f7875ec5d8409143a3d850eaa,2,,,2017-10-26 00:00:00,2017-10-26 13:31:25
e60343190805ad9df5e46fbfa2fb9fd8,f29d2e7d66aaf2845c93e1fe45fabc8a,5,,,2018-06-26 00:00:00,2018-06-29 00:41:34
8faa5507e4681d420c11ad448c81eb1c,2bd3710aaa1caffa42b8d737e093fec2,3,,,2018-05-09 00:00:00,2018-05-26 13:56:18
da38dd616d795d2c10c730c7f0941da0,7b851c9a82166bba7e2bce7bc005a226,5,,,2018-03-07 00:00:00,2018-03-13 19:55:16
77f20080811b9a5074d0209938837cbb,b73183cb490ec16839818660ffc3d832,3,,,2018-05-24 00:00:00,2018-05-26 22:47:52
060e233d08a8b61864ea41fe8c4c5d3e,0a9fc736e210f495e2023d3a9e10319a,5,,,2017-12-02 00:00:00,2017-12-02 22:19:34
b365c2f7beb42d69f48833455a52f96f,85008a8fe3cde72dea5abbbc2be0a2f8,5,,,2017-10-10 00:00:00,2017-10-11 00:56:46
dabedf74a139f06fb110d1d47f01db03,1b767ee7dada9fcf77567007fb90c2a8,5,,,2018-04-06 00:00:00,2018-04-06 11:19:37
325d02378e9612008b8a79afc8fe8646,911e42ae2c0cf7e1050b31ac36d8b2c2,4,,,2018-06-14 00:00:00,2018-06-18 03:35:00
e0ebb980899e4206b289872d4f560475,d2feffdc8a5c6772992aafeff8b9bdef,5,,,2017-03-17 00:00:00,2017-03-20 09:01:30
9b6bb3c3a47ddd49b456b88aa7f98767,bc0dce0474c363f867cd5784ca5ab763,1,,,2017-05-06 00:00:00,2017-05-06 20:57:53
ef2cd6fc883d275ec4e0cb65dd786504,6b5fb7a597834a8211623075d4b8e079,4,,,2018-02-15 00:00:00,2018-02-16 10:18:30
2bc803314d2f4f3a6ac8040364fc9abe,4ea8cf27d2783396b72f4f5f7b07250e,5,,Muito bom. ,2018-03-17 00:00:00,2018-03-19 18:23:39
c130544722f43b5a0e04d750f0758b8b,2026183f154b1d672b4bd513fde144c3,5,,,2017-05-30 00:00:00,2017-06-02 13:14:02
bbf546682cae9b829694a3da4643a652,807ab3e85f25f4d8abe5a1379b177d69,5,,"Fiquei muito satisfeito com a compra. O produto chegou antes do prazo previsto. Por se tratar de um material eletrônico, ainda irei testar seu funcionamento, mas penso que está tudo ok.",2017-12-13 00:00:00,2017-12-14 12:21:12
72ca41a05c3c09ad689f5b1777f4965a,3783e0b4f1ef0985e0d9aca4629f756b,5,,,2018-04-24 00:00:00,2018-04-26 19:41:34
9a88974ca77c1321410a765a84119e75,15e0c6109167c1c2789e0bc78ddaa70a,5,,,2018-05-22 00:00:00,2018-05-25 01:13:58
c1739c70298dbe46e21a825af2b984f1,00404fa7a687c8c44ca69d42695aae73,5,,,2018-05-19 00:00:00,2018-05-20 12:30:40
ecca9cc49980c370281961be372bd75e,cc44fca1bc5f1313d254769c6e3d12db,5,,,2017-08-10 00:00:00,2017-08-10 11:39:10
234bc9a799796dd56b1b97998970a2c4,9d5dfd77cf32bd319a504f77a137491b,1,,,2018-04-08 00:00:00,2018-04-13 01:34:39
99ce1f4500be5360e8e49d1709fb40d8,112a61419198a7ce9f0a908898e8507c,5,,Foi tudo recebido perfeitamente,2018-04-14 00:00:00,2018-04-16 11:31:02
2eab04a8f45efa131d44cf58b37ab595,0191bbb5166d4b9a68df11797d5acfa9,5,,Recebi o patines em perfeitas condições bem antes do prazo dado pela loja.,2017-08-25 00:00:00,2017-08-28 12:57:25
e1faa94ae8554c5cf732241ec26dff5a,4b084373ddadca63d02071a40596da80,1,,Foram entregues 3 banners. Falta 1. Não chegou!,2017-12-15 00:00:00,2017-12-17 13:58:14
659dfaa0ac8a6ebacb2f1b30d991aebc,750a04aefe91727a7ab2b2d3f2beba3d,5,,Pedido entregue no prazo e ótimo atendimento quando precisei tirar duvidas,2018-03-22 00:00:00,2018-03-24 17:54:13
f11b7578c173f8bc6bbe01b10dd784e6,a53e05ecd2ed1f46a2b8e1f5828be7c6,5,,Recomendo a todos!,2018-02-03 00:00:00,2018-02-15 13:17:54
59d6bcd7d123e82cad75363663c6caa2,21bffa9bb2f8540013b0eb048699805d,5,,,2017-12-01 00:00:00,2017-12-03 15:05:22
421a89a7601e78058f5511bd94412571,a0fbae87b2c4f96a56e39ea7df0c1fd1,4,,,2017-05-20 00:00:00,2017-05-22 23:15:58
6001220d6f5f58608a92456443a2f13c,e179df200326739d8a8bc2353c2c7699,1,,O produto não funciona e veio errado. ,2018-01-20 00:00:00,2018-01-24 00:13:32
bf2789483828a4780f267a190233fefb,1edc1b84ccb3322ee9f3c206a12c17ce,4,Recomendo esta loja ,"Produto atendeu as minhas espectativas, de qualidade, como descrito. ",2018-07-27 00:00:00,2018-07-28 00:29:57
11ce0ba03ac4bf8d8276aa8847741b6b,b9968318b0149a5239e1b401ffb54ace,3,,O produto foi entregue.,2018-03-14 00:00:00,2018-03-16 21:28:14
5d8861e5f99572c1b74c86926d43d273,21eb47858aa7100e94ede112bf5ed1b3,5,,Produto de qualidade e entregue antes do prazo.,2018-01-10 00:00:00,2018-01-11 00:18:48
1653a1850612813c9ccd14569e326e00,ac730ec54a5502ff2a207c2f485f3d83,5,,,2018-08-19 00:00:00,2018-08-21 19:21:58
8a3c6fbd054f6ef896efb477c85eb0d4,9dd9eb1d7c035198b06f1775e0711a59,5,,,2018-07-12 00:00:00,2018-07-13 11:30:29
a159bd49b0d8808e1c9d1cfcabb727b5,7945d0d21f1940b67932b2541985e179,5,,,2017-10-20 00:00:00,2017-10-22 18:16:52
6bccb495126cf04a3464e3b33de2990e,af42887f85d980291a066176c4d13709,2,,"Produto foi entregue com muita demora
",2017-07-05 00:00:00,2017-07-06 00:59:21
9265a9f3cb371689b216b829f132db88,771d0ce9e2f9b65e92d4acec6372d453,1,,,2018-06-16 00:00:00,2018-06-21 23:01:04
0eb7636b69ec892287e30b05663f5756,2e514f06a55a990840cf3f7131b45f55,1,Entrega ,"Estou aguardando uma resposta, pois minha entrega foi entregue parcialmente, esta faltando uma luminária.",2018-07-25 00:00:00,2018-07-27 22:38:41
b24b0f6ba7eeb2d9e6cb990fd5ab4c65,4cfe6efc40f9645ef7b88440a1c64149,5,Avaliação,Comprei um produto pelo site e foi entregue no prazo e em perfeitas condições.,2018-08-12 00:00:00,2018-08-12 23:26:54
caaf75ccb77dc160464eebc4d7ed982c,88b09aac7b8d279dec75a3a810c21028,5,,"Excelente, compre um produto e recebi outro mais atualizado ",2017-06-29 00:00:00,2017-07-02 04:10:05
130d95a8ed47b3f9b2579f13ac8644d8,4f5dbf6461099742aada5e5960f721c4,4,,,2017-05-26 00:00:00,2017-05-28 01:57:38
52a44bcb54c2af3ced817fa8113e3138,a30c919a89ae0abb92170254dcf8ff02,1,,"POis o material parece não ter muita durabilidade, e cor é mais escura do que a imagem de ilustração!",2017-06-22 00:00:00,2017-06-23 11:20:21
4e45a1f2c9a633fec1ed244a875b8a96,c3172e32bc52d8dde2aa5c6cb36cddfd,1,,"A loja está optando por um meio de transporte sabidamente com problemas estruturais, sem compromisso com os clientes.",2018-02-24 00:00:00,2018-02-24 10:30:02
6790f580dbda6b8777a5d0d61676e46f,68764c1cae62d3a314f53f05475f5ca7,5,,Tudo certo! ,2018-08-29 00:00:00,2018-08-30 01:23:01
8abf5b38477366893695372ab160f0a6,6938607d864e891477d4b5d25ad507eb,3,,"O produto chegou no prazo...
obrigado",2017-09-22 00:00:00,2017-09-25 18:36:48
551d450fec8512bac09c697126812ace,92a40ff0f53b250065933f8b42431911,3,,,2017-06-10 00:00:00,2017-06-12 23:45:27
12dc145ed93242edec2dc22662289f3c,267e7e0b0615d34fa4c39c0a97cee1d5,3,,,2018-06-02 00:00:00,2018-06-02 20:26:40
0fc930b7f23a4a925951e1cbf12b4b8d,12c52aeb1dba3fcbef2e36accacca1e4,5,,Loja super responsável e correta recomendo ,2018-02-23 00:00:00,2018-03-08 18:04:35
b4ebf3596b3ceb8d2c8e3e275bc30324,f8b40129171baf5eeb5ef5ea1af01386,4,,,2018-06-19 00:00:00,2018-06-22 15:21:41
cbd48d5510b396510cf9a0219b2e5672,6828ba023d753e69328bc0b6e4153cb4,1,,Produto de péssima qualidade não cumpre o descrito ,2017-09-12 00:00:00,2017-09-15 10:12:03
d51443611220781c3da9d84734106500,827e39f2fbd0101d81c2168ab6699f7c,5,Muito bom,Muito bom,2018-06-07 00:00:00,2018-06-08 19:52:50
c1fccb6e673c45bc6d16ee424f6829d3,50dca56efe42d2213549482d6a885d6f,5,,,2017-11-10 00:00:00,2017-11-11 08:10:03
d1e48a3502f64ec99e999392c0756e0b,df3c03ee5c240bfffaa5e3dfaeb4699b,5,,,2017-07-22 00:00:00,2017-07-24 13:45:16
8184c31a7bd2bbe9945130fd102a183c,fc10f44eba425f75f88abffef84186e8,1,,Eu cancelei o pedido faz uma semana e ainda não fui reembolsado,2018-01-24 00:00:00,2018-01-25 14:27:35
c643c3a666b26bbb6a65305005b24bae,e32eb573740a87c938b90b290605b617,5,,,2017-04-06 00:00:00,2017-04-07 11:39:04
2b4cba8dedbe8feeb96701306f8ea760,52cf38023b42cb0b26ced61e1a900c47,4,,Bom,2018-02-28 00:00:00,2018-03-02 09:49:32
b195f7f91bba824151ed23d6f3aa174d,ce4d8859d85000477949b11c78144074,4,,,2018-03-21 00:00:00,2018-03-22 10:15:21
83e7040c4662c8274bf04d1c11095c81,e4096fb3855821fb19ff9025c7ce4edf,5,,,2017-11-14 00:00:00,2017-11-15 02:58:46
f514a7be400e6fceec766e1e2428115d,dd38e6620e0995c23a9f4c9c71dbdc1d,5,,,2017-11-22 00:00:00,2017-11-23 11:36:23
edbd8fba019731c0479902afa66fa24c,5dea57306e01caa42ad0b07b85042953,5,,,2018-08-03 00:00:00,2018-08-05 04:42:19
2eee8fcb67a0a38f7a76336d26229d59,b9babcd3be5ab7aae890f68c9fb4ccc8,5,,,2018-05-03 00:00:00,2018-05-05 20:12:25
4333d4f34cc2ec560a830c8dbb2f6a4e,b84394f64014d2bc61ef7e890cf10a0a,5,,,2018-02-16 00:00:00,2018-02-18 23:37:27
32e8415bd920543de462e580a88b3a08,a951336e450bb85ef1cd906edbcbb270,5,,,2017-09-09 00:00:00,2017-09-11 00:53:35
ac30016eb9e47484dd64a1f7008813e5,b42c56d4b6b545d2b9c293472cf728bd,5,,muito rápido ,2018-04-19 00:00:00,2018-04-20 16:00:08
93ddf83d76a76598a013348c9b7001d3,4ea7a0509e9dc440b977de71fe9128cb,5,recomendo,entregou no prazo ótimo produto,2018-08-25 00:00:00,2018-10-14 12:13:02
c764c16ec5fb6b3fa0ab4c07c9a1a0aa,55ef70439e782ff2c553a03782800960,1,,Comprei o Tonner desta loja baseado no anuncio e na foto do produto fabricante Chinamate o que recebi era de outra marca. Se eu estivesse afim de comprar da marca que recebi tinha compr de outro vende,2017-07-22 00:00:00,2017-07-24 22:52:16
bf1538d780a5ef8e9004afdba58f147c,9f25f43e006aa4d61b6f1188696e93a8,5,,,2017-08-25 00:00:00,2017-08-29 19:22:57
a197f892886f8089ac9965906a3a8770,1a4cc55b483d875e3b8bbd64a1b31bba,5,Ótima,Produto excelente fiquei muito satisfeito.,2018-05-10 00:00:00,2018-05-10 22:11:58
b34e157808105eb862a745fd67ae2040,23a0c1ef37b1e2599235e834bbb55673,1,,Nunca mais compro achei uma falta de respeito com comprador ,2017-08-06 00:00:00,2017-08-06 16:21:04
e227eaa3a180c7fa254458f34034a96f,e4406088398131aed8c21c5a4ec3442b,5,,"Muito bom produto. Design,material, acabamento... Lindo",2017-06-20 00:00:00,2017-06-21 12:42:20
b17d763324cb1927a21f1318b93c42f0,e1247131e29e9f01c5ba3db262a4cd25,5,,,2017-06-22 00:00:00,2017-06-22 23:12:25
cd587627dda996f5197166f1719beef5,430e183eafa732301b3ecab620951c06,4,,,2018-02-01 00:00:00,2018-02-03 14:32:51
e6bbf288e0a786c5dd0bfdac598b4b7a,3fd1a0108718230e45ed596af3c04ab7,5,super recomendo,"fiquei super satisfeito, recebi meu pedido em 4 dias
bem antes do previsto.",2018-06-30 00:00:00,2018-07-03 14:12:37
ce9746bc10f8743406d856a26ac188c4,5471d26176ed00eac0441e43fe12ce01,5,,,2017-04-07 00:00:00,2017-04-10 10:23:16
41c5a2b0e1ecbe2598fb5ae0d93bed5f,74da83fb91c2ae842aa99326a002cde7,5,,,2017-07-18 00:00:00,2017-07-25 12:13:34
236bd005e997c014f0943a927e37405a,4f72abdcedf8185382214a227cdb9e9b,5,,Veio tudo OK!,2018-03-16 00:00:00,2018-03-19 16:56:54
e4cd2424771a3327389105f8b54f6aa0,3a4a16a0abedcdaf512f9c1a791049c0,4,,,2017-12-02 00:00:00,2017-12-08 14:13:25
d92cfe828c42c2e66b0968bec9a3e796,cf597c14464cc1f0e5657952d0ce4818,5,,,2018-08-24 00:00:00,2018-08-25 23:07:08
25fd9b4328d9972cd61202148bdb85f8,e439c4c76d0ddcee47707e6353dc21af,5,,,2017-06-22 00:00:00,2017-06-25 22:29:53
6ce1934ef2582c1f6077d9335282da4a,f73eb3272fd7648a3f673c87768d61a3,5,,Otimo,2017-09-01 00:00:00,2017-10-25 00:48:58
a77445dffd2a3706b2eca469ca274b23,8bd34a173d34d6aa86d5e4a0627f7b97,5,,,2017-08-05 00:00:00,2017-08-09 14:30:47
0b8b969060baad48fe8b61fefb031d85,427e94c44e8cd05d6b4958f49f5199ab,4,,,2017-05-19 00:00:00,2017-05-28 22:03:33
fd10431dd4eb9964fbbeee3897d731bf,8413ac0b09301d03b78adeca5840866f,1,,Produto não atendeu as expectativas. Não faz o que promete.,2017-05-20 00:00:00,2017-06-01 23:17:56
66a1f6f356eca28429894938c68cd8e2,a00d80133807b3fcebee86be41116908,5,,Produto entregue muito rápido.,2018-04-26 00:00:00,2018-04-27 02:25:57
bf2a8c08fce8d7e5289794977b7232b3,32510b081654e6d2e96fad5a6525660f,1,"Péssima loja, não comprem",Simplesmente não entrega o produto,2018-05-27 00:00:00,2018-05-27 11:07:26
fe944a4e4bdc1a9b53cec2cfe5d75828,d392709d59adcaff2d80dee55da91748,5,,,2018-03-03 00:00:00,2018-03-03 22:24:48
aadc49fbf2b502fc73738727d11833ae,f1b69a785e2f47e44415f46f270f1545,5,,,2018-02-16 00:00:00,2018-02-16 16:09:17
0c8455a5fe9bf720e09a63eae15d63a8,87c30aa444c21f77f5dcedb637f9ba85,4,,,2018-06-21 00:00:00,2018-06-22 16:17:13
5205b6c74e0e97d6c63a4960aad0ac16,46cce235fa3f299c3093aedae4396900,3,,,2017-12-22 00:00:00,2017-12-27 13:01:37
64581ce2496145f34a9c56847bba8a2a,7cd15a71ceaf712ec5e134996f2f8586,5,,,2017-11-21 00:00:00,2017-11-21 23:46:50
6d004a804c1b8c4217a7f0d3c7213401,fb7a9e3e0ff0d94790b472206462f2de,5,,,2017-06-22 00:00:00,2017-06-23 10:31:47
fc9cc630aa6b5837426ac42e05811faa,81194be55fc90582cc03fab5c592f817,4,,,2018-06-06 00:00:00,2018-06-06 19:56:04
97bbb4dd9fcb06cea3571fa77a00efdd,ff5912414bd207006a7af78477de9733,4,,Produto chegou dentro do prazo previsto e sem defeitos. Recomendo.,2018-03-08 00:00:00,2018-03-13 00:43:52
d565a7363d2e9836a02775db90e54f3d,5cd498954e2b37d71b315166809b4bd7,1,,"Estou aguardando o restante da entrega, comprei e paguei 3 perfumes blackcaviar feminino e recebi 1 perfume, preciso de um retorno da empresa para recuperar o prejuízo .",2016-10-27 00:00:00,2016-10-27 10:41:59
c842435cfb9e122a66dd135af07985d9,61b5e339a1a45b4d6eb6a2cdf40da6a4,5,,,2017-10-03 00:00:00,2017-10-04 01:31:59
d38da6f32353cf437dd63552b7a80b48,fe6fc04c1126046e3f641fee9303d4cf,5,,,2017-04-08 00:00:00,2017-04-09 03:37:51
e2201018cf0ad48c6b19221443adfee7,4bd68cb4a5f7a692f05af3eb298c4039,3,,Produto entregue no tempo correto. Porém a embalagem estava danificada e consequentemente o lacre do produto foi aberto!,2017-08-15 00:00:00,2017-08-16 01:25:32
b28d6d8d181a2368fadcb36a356d3b53,fb4ac2c3fe6b4c0499e23ecf1cd6a462,1,,Não recebi o produto. Então não tem como avaliar. ,2018-04-05 00:00:00,2018-04-09 12:43:58
2391143713f6406ccf920a072493835f,c0e02613bf15378f18d3498361a76c9d,4,,,2018-06-23 00:00:00,2018-06-24 04:41:05
9c6b8db37a51ce5b8f3be26db48da025,79af690e1f308a4aa1052a6fc4fbc908,4,,,2018-07-04 00:00:00,2018-07-05 13:37:49
54503553c165570e6954ef882de20d20,77e62c3d5d4bc9c33f9fbab23755728e,3,,"Nas orientações sobre utilização do produto não há qualquer informação sobre abastecimento do gás butano. Como é feito, onde comprar o refil, etc ...
Descobri perguntando aos amigos fumantes...",2018-06-05 00:00:00,2018-06-05 19:37:01
a3c15f189350a6a85dacd6871925ded2,99268218a07f08ded2575058ffefb286,1,,Comprei as luminárias e não foi entregue,2018-06-21 00:00:00,2018-06-21 20:19:25
66168c22d5a5df09165ed9fea941bfd7,fa3d745324c8a96e112e217b025689f1,5,,,2018-02-20 00:00:00,2018-02-20 19:44:25
410d2027a3f158d16a8e3f0585195646,d42ee092dd327bf569aa4406ceb2ec61,3,,,2017-09-26 00:00:00,2017-09-27 10:10:48
f6aefcdec51a0d4ecaf9183a5d529715,bfab719f64f6c06620c60d71353b2b76,4,,,2018-01-19 00:00:00,2018-01-19 20:41:15
e872eb95470563c1b84a8ee7f83dab42,978c88fce8bfdad5559f67f50abfb7da,4,,Ótimo produto atendeu as expectativas.,2018-06-27 00:00:00,2018-07-01 15:24:03
3397db695d7abb62eb37026365da9876,b522474ba0639dd0385e4918d46ddcba,1,,"Duas semanas após o prazo, o produto não foi entregue e nem o reembolso feito.",2017-07-22 00:00:00,2017-08-17 12:43:43
ab1110125de7428918142cce4dabae16,2702240ee3035b40fae068d0f55e47e5,5,,,2018-04-11 00:00:00,2018-04-12 12:50:36
ac8e9f629bd20a77ac184f621516bda4,e44ab38a09c7c1c8491ba831c5527914,4,,,2018-03-14 00:00:00,2018-03-15 12:00:15
e5b769b69eab140c5ee9a3da5c4162ad,b4e517beb22f957e76469c4b7eed9f8b,4,,"A peça entregue é exatamente igual a das fotos, a impressão imediata foi muito boa,mas ainda estou avaliando o produto!!!!",2018-01-17 00:00:00,2018-01-18 02:08:01
b8ccc0bf9bf104ddd2ed1cf83c6e90d8,49ca71290aca256140005165217e2644,5,,Muito bom ,2017-09-15 00:00:00,2017-09-16 00:45:47
404e3da4fb44091afc4196e31855e16d,10d68bf5b2b29ed413ad7b19c7c601de,5,,"Adorei o produto!
Entrega rápida!",2018-08-29 00:00:00,2018-08-31 01:52:37
f6a3651a64894fa4509a4f4a4e9221c2,5d4904af2abec966288d8236c091bbda,3,,,2017-05-27 00:00:00,2017-05-28 02:48:52
b2a498418141ccd5fec53cd0e4b37751,197fdb2270597913a3ba471f251d01c5,5,,,2017-04-01 00:00:00,2017-04-05 11:01:15
a38486de2bb39222c0c9f1bea5dff5ac,7c28cd51bc7b7b5b8e81ae0bb7f17340,5,,Satisfeito,2017-01-28 00:00:00,2017-01-30 11:05:11
c480e46508d71946e8ac675c543b4a4a,68e3cd57e173ebad230c2879e6c78401,5,,,2018-04-12 00:00:00,2018-04-13 00:28:53
78c40fc9bfb7bd869fb2897caea73a98,c0e6116a3c6c2d732ec1b43bb7b5f307,5,,produto chegou antes da data prevista.,2017-11-02 00:00:00,2017-11-03 22:51:08
c5312e197bed58ccb51d461227258136,cd8676507ccbfc96f9e0908910b9e0bb,5,,Otimo produto. Chegou antes do prazo. ,2017-12-14 00:00:00,2017-12-15 19:44:04
1cba5ceed853f3d4dfe8c807a4da21ab,f59ee70148bbdacff5fc0b6d1205252e,2,,,2018-02-01 00:00:00,2018-02-02 00:17:38
d0569ea0b5a1a69d06d7f7202d7ff6f7,b522474ba0639dd0385e4918d46ddcba,1,,"O prazo já passou, mais de 04 dias e não recebi.",2017-08-06 00:00:00,2017-08-09 02:20:19
1a563c8619c0a34cfd1133a1920dcce6,98a1fffc0c110af1abb9aa2d4af96dd3,5,,,2018-07-04 00:00:00,2018-07-05 15:27:11
e6fcb67bd2fe2dfa9ba5c647dacdeb03,1b34ffce967c05f131db610cabde984f,5,,,2018-08-15 00:00:00,2018-08-15 21:52:48
8bf2e9a886b7fd58ca20f8f44ee3ecf6,25d6858f3b1d2f332623bdccb12db9eb,5,,,2018-08-10 00:00:00,2018-08-10 22:07:21
b5f0ade2a824c6c950cc94d650ae02a6,feb4e69949791cedc24d210212eb73ce,5,,,2017-09-07 00:00:00,2017-09-17 02:31:40
48c56a379fc14438fa75ed2769b94ed5,599f88486aefa57adef7d260eb589778,5,,O produto foi entregue dentro do prazo e chegou em perfeito estado.Estou satisfeita.,2017-10-18 00:00:00,2017-10-23 10:54:12
ca8957fcd51b919e7ee32c65169b0c23,2bc3d02aecb787b5e3272b681c0092e7,4,,Chegou antes do prazo super recomendo ,2018-02-20 00:00:00,2018-02-21 16:21:23
0f69878b3b945308c568b550b5bbc2a4,5882459227aea6eb6f103342a29c76e3,4,,,2018-01-25 00:00:00,2018-01-25 17:28:32
e8448713f2fc11ea0e05ff005d631273,c48a0edfbe31112fc8f48c3acfb42e2b,4,,,2018-05-17 00:00:00,2018-05-21 10:16:17
9999e8dc634eb542f56d15f86bbd7a11,49d6c0bdfef33c709ed283eb19d8b3d0,5,Sim super recomendo,"Fiquei muito satisfeita.
",2018-08-22 00:00:00,2018-08-22 23:12:03
ede89d751d40eccec242458298bad665,1bb460f1a118ffc0218e3c7e61a59029,1,Metade do pedido ,"Pedi 2 unidades, recebi 1 unidade e na NF estava escrito 2 unidades. 
Precisei reclamar para tentar receber o produto, que segundo a loja, está na transportadora. ",2018-07-05 00:00:00,2018-07-07 10:49:53
ce967ebeae8c3e32b61358f205bb243b,353f19bd937d256e95b40e479616f7f7,5,,,2017-11-02 00:00:00,2017-11-03 09:25:17
0ea52784467611e8f4aec9975ea4decc,ee5cc68a9c849b21b595655a944b417c,3,,,2017-07-15 00:00:00,2017-07-17 10:20:50
10bafa1570a7c88ef38534ce936a814d,ccbbefa45f3de84ef18124da1beedf7d,1,,,2018-07-17 00:00:00,2018-07-19 18:57:38
2e0d6099bb3aab03a73c2e1985897b85,46a354ecffd29742e985db9b49cae302,5,,Muito atenciosos. Sandália bonita e confortavel,2018-02-21 00:00:00,2018-02-21 23:53:03
742c96e106e62c7d2f808f4c7df4ca1c,aa120c892f79c1304455344f05773ac1,5,,,2018-04-26 00:00:00,2018-04-30 17:51:10
7074f2786debf8f1fa2836d61b328dd3,85ee0b549c2d6696190c17f5b9be6991,1,1,Não tiveram compromisso,2018-04-20 00:00:00,2018-04-27 22:38:53
738c2804240c3b67c4acda64d023f4a9,519e8e134cd15d39544f56d9ff932d3e,5,,Muito bom,2018-05-04 00:00:00,2018-05-07 12:13:42
cd97b18c43a602ff0920a0373d5704a9,2f04cf66091d02e84a7996ba8a645c12,5,,,2018-07-21 00:00:00,2018-07-24 10:06:16
01bb7b5885e224b4f5271cfcc3d675b2,0a70fd0f23f627d0cc1ea16cb4169393,5,,,2017-09-07 00:00:00,2017-09-10 04:30:28
efa846b2db4c2ff2b01f50d53dc4d317,30b2ad103e6982881929c367f930ab29,5,,,2018-08-14 00:00:00,2018-08-15 11:54:11
92c585d6e2802f46c8f12f813c642c78,9af89743e7144e56b5e028a248174ef1,1,,O produto chegou no prazo! Mas o material é inferior não compensa o valor. Não recomendo ,2018-03-15 00:00:00,2018-03-15 20:34:23
e2939942e13107c1f9cdafac4b7abc10,05529f3e7ed5cd4214281f2bf60e89d6,5,,,2018-08-18 00:00:00,2018-08-24 18:18:37
3bf80e5f709dbe1f26f90eac2437be49,4bb6e6f5af26e1f5951d934386615406,5,,,2018-07-10 00:00:00,2018-07-12 20:54:30
e50e106e02094debb6ad4f854fa21509,e1090e366ab626c68ca02d56a6dd1821,5,,muito bom comprar em uma loja confiável,2017-11-23 00:00:00,2017-12-03 22:18:18
e2a91d9282b692ecf76cd69c7c2555a3,78af2a39c54cf8bac845324f86cf81f0,5,,,2017-04-18 00:00:00,2017-04-21 00:49:17
96baa05eb4f2ec4e5bcd6fdf734fd882,25b66d9cb3dd45d25788fdb3e226c5b9,5,,,2017-08-22 00:00:00,2017-08-25 11:41:07
1ee821d1c05b943f3e7dc87b19d41345,d65f26752fd6834bfb0a567b581dde3b,5,,,2017-07-28 00:00:00,2017-07-29 00:37:56
c6f4222c8531ce5bb67e8da07b3e1402,8929dd94b6e68f8d1c3258d5fe4700e7,5,,,2018-01-26 00:00:00,2018-01-28 01:09:47
2a49fd237c04b09a5993dea18976ecfe,34e43b05d79a814bd90a43250ff10094,5,,,2017-12-20 00:00:00,2017-12-22 10:06:11
cea4860e8b63d29cd475e6fc3c0084ae,3d4369dcce579868d4629c19b96260c9,5,,,2017-07-27 00:00:00,2017-07-28 17:58:38
e5c872d3b41d7a6dc79a053ea796c2cb,0f1755872b47fe8564531daeef356987,4,,,2018-04-21 00:00:00,2018-04-23 15:19:45
4db448426bc45607e4da70d32fa604a5,d9547df3c08b9a1d75ac31317de05c25,5,,,2017-05-25 00:00:00,2017-05-25 13:34:09
6f46c51c2e757ce37bf26dca6a2e530d,1e098529b9705a78dba4c6b24ee2ef35,5,,,2017-07-27 00:00:00,2017-07-28 13:04:09
19a59ca868fffd86abc6fcc73015cb49,e9a673444938dfb3ee73bc31383f2921,5,,,2018-04-09 00:00:00,2018-04-12 20:59:51
c84c0e5fd7e173d52529e376a743faf9,213035a57f21a80992c9c577de9e5484,4,,,2017-08-15 00:00:00,2017-08-16 03:38:51
9c9a4e77cf5bc47ba586307bf158d285,19c1376b2449385d598bc89c73cdf380,2,,"Produdo muito fragil e superficial.
parece um relogio de Brinquedo.",2017-09-22 00:00:00,2017-09-23 22:34:36
e9bbc25af64d72b20389e3c93650d0c4,31628e1ec1ce71d13a6d7b2b0c5db88a,5,,,2017-03-14 00:00:00,2017-03-15 10:19:49
73516aafc13cffdc88324f0fa418eacc,86278332ca8c82016ab4aa45191c71f4,5,,,2017-11-28 00:00:00,2017-11-29 12:49:36
1d1e82822abae3d15ab77688075d7635,c11b5924ad0d8c5d5d391d87178f00a8,5,,,2018-03-24 00:00:00,2018-03-26 11:19:57
ce64f521789eaa15a0b724b53ff2e056,cba3306126337d8de821145b22b9b0e0,5,,,2017-12-12 00:00:00,2017-12-19 12:24:25
a29d5e845ae9b973568578ba320b5d82,a0fd3e8622e5fd64beaf31de61399b1e,4,,Muito bom chegou antes do dia marcado adorei compra com vcs e o produto ficou perfeito.obrigada,2018-01-23 00:00:00,2018-01-23 16:54:59
46148413ffba035b1bb9fae4c3230ad8,b956b417947842f743b0ca3d0c3fb1fa,4,,"Tive problema com estoque, porem foi solucionado, o prazo de entrega é muito longo.",2018-02-06 00:00:00,2018-02-06 22:27:02
93e53755c891e8c9e97bbe6cd16611ac,79ac824c2c87ae595b94b069e1c78aa0,3,,,2018-06-05 00:00:00,2018-06-21 12:55:07
a9919122631db4185e566eb2ce206a96,c12f6da2e568142b38a24c3c2bcf13a2,5,,Tudo perfeito ,2018-03-13 00:00:00,2018-03-14 09:04:23
fa9bd3a24482e2dfd0c776446baec09f,28bbae6599b09d39ca406b747b6632b1,1,,Ja passou do prazo e eu ainda nao recebi o produto. O correio disse que veio em minha casa mas que não tinha ninguém pra atendê-lo. Impossível. Fico em casa o dia todo !! ,2018-01-04 00:00:00,2018-01-04 10:00:40
b80213a0ca39b777280103a8697804b6,2f29cfa739331301e37ea8e0cc5c863f,5,,,2018-02-23 00:00:00,2018-03-05 10:29:57
09ba1e17846a5370d01bc509dfa437ea,6224401eebe13e25d470d8d6a9ef225e,4,,,2017-09-13 00:00:00,2017-09-14 12:31:44
40ec94aee486c2b3a700cb79ea3d7ac5,1a0e54c67a7d784f932f5cc4f953fbaf,5,,,2017-07-04 00:00:00,2017-07-04 19:41:49
640f2807afa271cfa90c2fb2e16f57ac,b8f1d12f21b83fdb91d157f357617d90,5,,,2018-07-11 00:00:00,2018-07-11 17:05:39
49915a43691289efe6a8833144ac3d72,b992cd122d05b330c88f6eab0181dfc6,5,,"Parabéns, estou muito feliz. Produto correto, entrega antes da data prevista. Quero comprar outras vezes. Super recomendo. Obrigada ",2018-04-24 00:00:00,2018-04-25 19:58:48
9a370d3f40259eac717837dd7520ab19,86ed2440255dfb35605f2d01dc0a545a,1,,,2017-09-19 00:00:00,2017-09-22 13:24:44
3fdbb782a312d92a95e0a24f96ef782a,cf4f9b14dc732f5f824b66bc35c3cf69,5,,,2017-07-25 00:00:00,2017-07-26 01:17:37
3a5d875709230394281065ea0063a5e1,2ae6e5a2da4078c84661d1289e22742b,5,,,2017-04-14 00:00:00,2017-04-17 10:14:44
72b2aac806f0b8386b3f436512b3d790,dafb5cbb5a0e7ff890bd9f8db676b51b,3,,,2018-03-20 00:00:00,2018-04-01 17:04:56
93598feafbb4f69ff262613f8c9ac522,4aebd0c56cd8ca001a245fef3279e6bd,5,,,2018-04-06 00:00:00,2018-04-09 19:03:46
efcfb423723a79ff4eab800e7ec39965,37f699e1c2746962c33774a34872fad7,5,,,2018-05-11 00:00:00,2018-05-14 21:55:37
2b81395b80e5850a185f45813b24c098,218420c55032b9db817c110f06b85fde,5,,,2018-07-31 00:00:00,2018-08-02 23:47:35
ab4cfc568d5a06a6edb4b229a5069816,dbb96df7d9b75d3dfde8d10da0d65cde,5,,,2017-04-28 00:00:00,2017-04-28 18:52:16
f66ed97226983929ac610c92a2c4bdc3,4526b32a6f35ff4b865facdf3ec8e567,4,,,2017-04-20 00:00:00,2017-04-20 17:04:42
e03a15229677b99c27cd827cacadd051,1b0bc086985717610dbca11d3324771c,5,,,2017-10-26 00:00:00,2017-10-27 01:57:52
c97e386cc26f9891b47343304a422ce1,e7138235cbd7170b72054b66531ad713,5,,,2018-02-23 00:00:00,2018-02-25 02:09:49
f1789b62d842cf5805b7560a3c79bc31,6c20d70e7c720f7895651a703e320b86,5,,,2017-12-14 00:00:00,2017-12-15 00:10:41
33a4dfb18e78b711de26237112a2d503,bf79d036f5374ea92a94c50341ada3da,2,,O produto não tem boa qualidade.,2017-02-08 00:00:00,2017-02-11 02:39:16
e159769321862d785f971ab0cfad0507,3e9bba03e932414fa3ebd2ae83a0cffa,4,,,2018-01-30 00:00:00,2018-01-30 21:09:40
8914c81faeaad565487eff9e9f6e9c72,ebc00d28934c1edd775b307bf5cff160,4,,,2017-05-30 00:00:00,2017-06-02 11:27:04
d8595de379500931993fe406d6195f54,a22b607df785ae2bd6fada8c68de0986,3,,Caro,2017-10-28 00:00:00,2017-10-29 22:23:03
a51fc12bf3505714e2b47cd453184e1d,fdf0de381108943ba5c28f2ebce00782,5,Ótimo ,Ótimo.. Excelente ,2018-08-28 00:00:00,2018-08-30 19:07:23
d345e5eed5277eb34f2b22465cb8abd1,e21e08b6eee6cda8f5cc69981707fa71,4,,,2017-12-06 00:00:00,2017-12-26 16:47:06
13d59f92b1b783972b14b3dad17c4ee1,d1f4276166cee5a37d01beb15e2426fc,2,, até agora estou esperando minha encomenda chegar,2018-03-15 00:00:00,2018-03-15 18:18:50
0b52817e39a466313e7ec714dce6f74c,7cb5fd41ca3412b19772e1cbfd716952,5,,,2017-12-19 00:00:00,2017-12-20 06:04:15
370914b317aba5489e2090fa3a9efb26,4be2cc8a10974da63ebe8651f2dcc5c7,4,,,2017-10-25 00:00:00,2017-10-25 12:17:18
ded138cc905115e2f1154bafc5910753,875e51f9d6e1c16b9c8efd34fce58b13,5,,,2018-04-11 00:00:00,2018-04-14 12:35:25
ca6e70d7b259d15cf9a2c9d6b175a80d,5f53ad559baa843298f7772942dbc6fb,4,,,2018-02-04 00:00:00,2018-02-06 21:27:43
31a897f09d8c99f16eff15d9a15b2826,f09ab6762312942497f5c45240901ead,5,,,2017-07-27 00:00:00,2017-07-31 12:51:31
afbdacbc3c4264261766988251038ef3,72e4ee7d458b36222813e2b9707d9d25,1,,"comprei 4 produtos na americana a quase 1 mês atrás para dar de presente de natal, e ate agora só chegou 2.peço que agilizem a entrega por favor.",2017-12-21 00:00:00,2017-12-21 22:25:54
fb4b03f8634cb588405115e1e4d90231,71df939ed0ea6fc3549a76728ae598d6,3,,,2017-05-14 00:00:00,2017-05-21 22:37:05
ca823a484f7d033c32c4c68e868a54c8,2c8d335aabf96328d817f48bdbccc430,5,,,2017-10-24 00:00:00,2017-10-25 08:02:16
aff70a45616ebd5816cce7bfce86c256,4863e15fa53273cc7219c58f5ffda4fb,1,,Comprei dois produtos distintos da targaryen pelo stark. Em ambos houve dificuldade na entrega e rastreamento não atualiza há semanas.,2018-02-24 00:00:00,2018-02-24 15:19:15
c46ffb8a5f8d9579db3b6c8d69a1ce5d,45d415631ccea18d79bed1ea8088b58c,5,,,2017-12-07 00:00:00,2017-12-08 02:09:58
040b2a6def2e1431cfd1531caaf07c33,504de5f90c4a0b094b0bc81db7999cdb,5,,,2018-01-16 00:00:00,2018-01-19 10:21:21
8a625c58c7574fa8d5349845d9109f79,8d3e3ee88c55c4666fda9d82a922a036,5,,,2017-08-30 00:00:00,2017-09-02 18:23:51
a38f8d8c8e2f90d2e627e5f76e538256,fb37b4e097b850ea9b2a568362742d10,1,,"A loja não responde, nem consta em rastreio a o produto está com o transportador",2018-01-10 00:00:00,2018-01-10 13:18:50
67c29434e986791b0f8b14bf29a1d10b,ca61177bf561a85529ab68e6e3870b34,5,,,2018-01-04 00:00:00,2018-01-04 23:40:28
6ebdfa41e3d680c8d855b8b224745dd6,3f6efc4ada967d7b5ad1b6c30ca43b96,5,,Produto bom e de qualidade,2018-01-23 00:00:00,2018-01-23 23:17:19
d80ea518d978a10ddbf3a3d2cd33a932,1a4cc8edf7721a5fa7f601f25703c793,5,Boneca,Tudo concorme prometido e entrega antecipada ,2018-05-19 00:00:00,2018-05-22 20:29:55
5e10f40798cb47a37faa1d745ddf34e7,ca4ced509eae117b7d3823b4ce2467dd,5,,,2018-08-16 00:00:00,2018-08-17 01:43:29
8cbd846c0060448ce5b365fe96adbe43,eddf262f362444dbd097ffd397117611,5,,,2017-07-19 00:00:00,2017-07-20 15:25:37
73a0c8339beeab289bcb19f7e2f34e5f,880e262ca224fc654e306f76653f4d25,5,Adorei o produto! ,"Muito bom, gostei bastante, chegou super rápido.",2018-08-11 00:00:00,2018-08-13 21:13:32
4a737829046b23586192e5157b800f57,d389978f75f6d3117c609815dc04b989,5,,,2018-06-22 00:00:00,2018-06-28 14:09:43
09d77db6d5893e64a05c26c60ef2c76a,1fbb2db5f09b8f2fe37fb58c85d2e301,5,,"Produto de boa qualidade, recebi dentro do prazo - recomendo.",2017-12-21 00:00:00,2017-12-22 10:01:10
769aed688a6f7747d697298d2c3dfd88,15c4eca9bee7274388666b826430cb30,5,,Muito bonito e funcional. Gostei.,2018-05-19 00:00:00,2018-05-21 04:05:07
37633f8d153526c6c26c567da9093dfd,28ac52cca188141d6fb38c1e8bee7e1c,5,,"Foi uma compra super tranquila. Super recomendo a loja!
Vou usar o produto hoje, mas acredito que vou amar!!!",2017-08-08 00:00:00,2017-08-09 19:59:51
5dfd6a08bff14fc2d65b77dc6786fd55,0749bdde40245b5fb3b375dadfd4ebe3,1,,"A única condição é enviar a encomenda separada, comprado 3 produtos na mesma loja e enviado cada um no dia sendo que um deles por ser dois itens ainda bem separado",2018-03-08 00:00:00,2018-03-10 23:15:00
dcf54a3cad43832120adaf85acc4dc9b,88543da9ad238e70098166896bf9ea06,5,,,2018-08-17 00:00:00,2018-08-17 23:27:44
62a354a23ebfeb88968a9afa0e73f5b8,6b8d21bbe1e219c7b5039f232ca30e46,5,,Muito bom produto atendeu minhas expectativas.,2018-01-17 00:00:00,2018-01-18 02:17:31
90d076b745b3cbd6751be29af3dab7c9,6bfefd597dae9bcdc38e087a154ab6e5,5,super recomendo,,2018-05-09 00:00:00,2018-05-11 17:29:41
05433c425d05d422c08c0996471026c0,e8c8faf5a3bf5f4897ae8ca83902afe8,5,,,2017-08-15 00:00:00,2017-08-16 00:59:01
cb8a360d6a237b9fa5c4f89667fc4e2a,0f2bbeda958833e5a67ceb4368f282fe,5,,,2018-05-15 00:00:00,2018-05-15 23:27:25
c8a057fbaa3233e0b494e2984311a153,54dfaf9697f69a07a441fc17ab325f5c,4,,,2018-05-19 00:00:00,2018-05-21 10:50:28
39667273b54c0c52e73b16da577657cf,c9005699b095802a8c29533ef432d578,5,,"ainda não tive tempo de avaliar o produto em si, uma vez que chegou ontem. Mas a loja é sempre minha primeira opção. ",2018-03-10 00:00:00,2018-03-10 22:28:47
6de88c959f8877e1d63c2522343d9099,363fe8f62de97e4334f5c88e3d9e73a8,4,,"Sempre compro, produtos de qualidade... ",2018-03-30 00:00:00,2018-03-31 00:57:42
c9035725ab33e5ff76de4cb2b28df64f,ee3485f5152cb61d512769574a0a1419,1,,"A gente compra e espera receber o que comprou e quando chega está errado, gera toda um incômodo de efetuar troca. Só espera que a troca seja ita de forma correta.",2017-08-17 00:00:00,2017-08-18 10:27:45
160993602526380fe70a0d93fbc4ee07,62e8878bf54a37544cf066414f3a2c72,4,,,2018-03-17 00:00:00,2018-03-27 17:42:56
557a3620ad8f16839128238e4941d841,1d27a36f2b45a61e1fe2523a056c3561,5,,,2018-07-26 00:00:00,2018-07-27 12:54:40
550753d981a2654565ecfb0f4d6d630b,ce0474c2f50a216ddec3b17b6852a5f2,5,,Gostei da compra indicaria 👍,2018-06-19 00:00:00,2018-06-22 01:00:55
8291474bd339646654c7e1e0ebcb969b,b2634f19a1007fd4a54a9fed9291230c,5,,,2018-02-10 00:00:00,2018-02-11 00:45:32
f35ca88b07f05e5256c8c3812321c49d,0a1f877f7653fce5563de42726f033ca,3,,Boa,2018-05-26 00:00:00,2018-05-29 09:07:18
992509ae7404dfbac99d7d5df34f3e0b,03d11bececb87dec8b11f5bd6fa62472,5,EU RECOMENDO ,"MEU PRODUTO CHEGOU 1 SEMANA ANTES QUE O PREVISTO 
EU RECOMENDO
",2018-07-25 00:00:00,2018-07-26 15:36:55
ffa456f88f518a771fd25e2f12412bcb,2f1a5157e323f52d58fca608db06ac82,4,,,2017-12-28 00:00:00,2017-12-29 01:38:09
c8a6cf62c14e8e94f2768b864fe2f0a8,030c7ec55b04c23a239cd70bd9750e18,5,,,2017-05-24 00:00:00,2017-05-25 11:27:20
f035651e9ffd140a7c0550b304dc3886,d78f157135db9ba4f043330c2b62dfb4,1,,"Não recomendo, uma total má prestação do serviço, desrespeito Código de Defesa do Consumidor.",2017-04-30 00:00:00,2017-05-01 15:00:07
1d7f905ffb43bc0510b85591f91b8b82,7073be83c3247747c26a69d5a689edbf,5,,,2018-07-24 00:00:00,2018-07-26 16:16:34
702c934824a18de862e704ceb530be25,4e55f642a3b11a6cfcec80a9aebbb513,5,Mto bom,,2018-08-12 00:00:00,2018-08-14 21:39:44
457ed8d927a736c7bcbe58afbc32fa0a,092fe64219d11b6fdc1bf61521c9685a,1,,"COMPREI GARRAFA TERMICA CAPACIDADE 1,2 L MESMA NÃO COMPORTA NEM 800 ML - ALÉM DE TER SINAL EXPLICITO DE USO/AVARIA ESPERO NÃO TER ESTRESS, NEM DESGASTES PARA RESOLVER ESSE PROBLEMA",2017-08-17 00:00:00,2017-08-18 16:59:00
26dc6c108c924fcf24aca1c7d3a2871b,67d413d255c5eb97d120a90d68e2c3d9,5,,,2017-06-16 00:00:00,2017-06-16 23:35:38
b4a88b12d43e148a6f8f9419e72d6a89,7da11ffea33e5f6e42aeb19d45e50e31,4,,"As imagens pareciam de melhor qualidade, mas pelo preço está valendo.",2017-10-27 00:00:00,2017-10-27 16:34:56
e3d89ef4b32a528cb9f2970dcfcf063c,11d6810af0b0d8982e3d67b4dae4374a,5,,,2017-04-11 00:00:00,2017-04-17 19:36:57
ad0de1dda4fa03e8efb68c481b31ebf8,2ef4a11b6e24fdfbb43b92cb5f95edff,3,A FOLHA NAO FRISA,"Um dos frisadores que comprei, especificamente a FOLHA NAO FRISA! NAO REALIZA SUA FUNÇAO. Nao molda o eva, Testei com varios materiais diferentes e infelizmente nao funciona.",2018-07-28 00:00:00,2018-08-03 01:58:42
94d1d2835dc8212ee50b5b0d64c6d2ae,503ff9670f30b2971bcb5df703a3f405,5,,A MERCADORIA CHEGOU ANTES DO PRAZO PREVISTO. FELIZ COM A COMPRA.,2018-03-24 00:00:00,2018-03-27 11:42:36
210ca06f31ebc5767c166c533631f628,c63b161b8e0d866d60b95902f4d0046e,4,,,2018-05-03 00:00:00,2018-05-04 03:37:05
6991cc686809f014e0f9074508808d8c,082c30f193b1a499078fafbfa3a2d6a7,5,,,2017-11-28 00:00:00,2017-11-28 15:22:21
d724c30820ab3e95409bc707ee043cf7,e7673cc4ac15a894f6d03cef60d88fcd,5,,muito satisfeita com o produto e a pontualidade da transportadora .,2017-12-16 00:00:00,2017-12-18 10:28:55
240a4b356c64afdb9477234a185373cb,7f5e0af4864278a71b1c273b11dfc090,4,Bom,"Apesar do produto chegar dentro do prazo, demorou bastante.",2018-05-09 00:00:00,2018-05-09 21:43:39
c86f2673ff6c9ec96edbb0816a6489e5,3728cc076b9b664b82517f786f1a8361,5,,,2018-01-16 00:00:00,2018-01-16 21:31:15
1c9cd935a01b406a1d028fabaa13b49e,b1503f3f344c66cf0a3bdc1e2a6e3fcb,5,,,2018-01-25 00:00:00,2018-01-26 01:23:06
852b7d0e13cd1d0061c93b9a7f264de9,6c80694f60ad5694975dc614b2a7e723,5,,,2018-05-30 00:00:00,2018-05-30 14:14:57
de3b46463738001f6abb7d6e7964c3c0,e10d89c39c03d21e016420afd134cc17,5,,Produto com excelente custo benefício.,2017-06-29 00:00:00,2017-07-01 14:07:57
4b2c481e7ba2429d060d41c8e92ce6c4,06d68cf3fe78e8d27c1047fe0346abc4,5,,Chegou rapidinho e eu amei meu produto. Bem embaladinho perfeito.Atendeu minhas expectativas. ,2017-07-26 00:00:00,2017-07-28 11:43:55
6e4c4086d9611ae4cc0cc65a262751fe,8e17072ec97ce29f0e1f111e598b0c85,1,,"Embora tenha entregue dentro do prazo, não enviou o produto que comprei.",2018-04-14 00:00:00,2018-04-16 11:37:31
50b194c103006961dcf2d10f1e554246,67268ca1e8a89d4c08b6517a4de13994,5,,,2018-04-14 00:00:00,2018-04-15 01:47:40
2546aa895aa1305fddb78d66f4730393,9f3bb89658a46c809fdd407e86914f94,5,,A entrega foi realizada antes do esperado. Produto de excelente qualidade.,2017-06-23 00:00:00,2017-06-26 11:15:47
bc32ba502b21deb0c3902a8443adb818,36e4e23cd12bdb0504acb89751e85bc8,5,,,2018-08-18 00:00:00,2018-08-18 22:41:51
a21bb6b6c6e13b306d250f0aac324730,7ac818621c9efe9a8f6ef6d66477fc3a,5,,Entregou antes da data prevista.estou satisfeito com o produto,2018-02-28 00:00:00,2018-03-03 15:16:07
c7232cb8a0a9c368703302ceedec1215,f60acdf6e4ce0842ce375a157ae600c0,3,,Sem opinião ,2017-11-09 00:00:00,2017-11-09 12:19:43
afcf901fb902ea7b1dabad8b1f6cbf58,54c5976111a966ff8a2224dd242cd07a,5,,,2018-07-24 00:00:00,2018-07-28 18:13:27
44e6daeec1be9f45f1859c636d8b5bf2,832079e71d5ee058d10e1ee1abe0e0f9,3,,,2017-08-18 00:00:00,2017-08-19 11:17:27
b2ed9d1dc5f81eabf00baa1881dcb422,cf6ed66599cd48144b174a41097963eb,4,,,2017-03-03 00:00:00,2017-03-03 10:47:56
f4af1cd9b0fe60dd1b3bad9096506108,49410e2fb311cf8b70baeea98a3cdbf1,5,amei,perfeitinho,2018-08-14 00:00:00,2018-08-14 22:04:13
27484997dcc084666f68b3a58a4804d3,0b5588f04551d90ee148462bb65dfddf,3,,,2018-07-26 00:00:00,2018-07-27 15:37:38
447bcd66b981f95350b006440a919cfe,bc2373d0e7ab7801b2b550f82b6327f6,4,,,2017-12-28 00:00:00,2017-12-28 20:22:43
6c883909cf53725a13caf477a70f00a4,7ce4e38f4eadd993bb5b2e60bb7f7bec,5,Muito bonita,"Amei a mesinha, que pena que me confundir na cor, comprei achando que seria branca, mas é nude. mas tudo bem, muito bonita, vale a pena",2018-08-16 00:00:00,2018-10-24 21:34:38
1ed2b8d038ef06c6f31464d4b67d497b,52907fff3c74ab7c7275c83de3d7ad17,4,Loja confiável,"Bom produto e entrega rápida 
",2018-07-10 00:00:00,2018-07-12 00:17:18
056b72c15e8d84daba918d09ca442650,2e8d9e986f6497677962424952e47f48,5,,Produto chegou antes do prazo estipulado.,2017-10-10 00:00:00,2017-10-15 01:55:49
7d323979bad60076eae556fb86ff39e0,c3c27f7cd6104efcb1a0d7793dd66fd2,5,,,2018-03-06 00:00:00,2018-03-06 23:58:59
851c89d53c76e637997822ec32068223,7477146d0d3adc1305846034436657ec,2,,,2018-04-25 00:00:00,2018-04-26 12:54:28
b318df4d3516f364b5257cf93d494309,ca978d2459ea2c5ef6d5fde02be26b9c,5,,,2018-03-08 00:00:00,2018-03-09 08:26:44
bf988733c53e41848531fc28b6a32437,8e81e473c93d414e73105233e248347b,4,,Gostei do compromisso com a entrega,2018-03-29 00:00:00,2018-03-29 06:57:38
30ee88341a6c6dcb801d88908300719b,cd9a4a2f34981d431266156f950ce0ef,5,Oferta top,Excelente produto por preço maravilhoso.,2018-06-29 00:00:00,2018-06-29 14:54:02
9ea72755ef171e35b7b68ec0c8ed822c,8f35c9d6cb15b3bc14a4a88374c6d3d6,5,Otimo,,2018-08-02 00:00:00,2018-08-02 23:46:05
0ad3d864dd50968f549ad5f3d6da6335,38e58cdf27a57490e8945bd9f8150e45,1,,Não recebi o meu pedido ate agora estou esperando e nada........foram mais d 20 dias e ainda atrasa....francamente....,2017-12-29 00:00:00,2017-12-29 09:45:51
6831c52a8625e94f8b8fc553dbac12df,3568ebea6d5338487cf9c64e9f59abfe,5,Ótimo, ,2018-06-09 00:00:00,2018-06-10 10:23:49
8f6295a59a5aa8f3dff2ef8780fb32d7,3cfb6e2f13d190a67c451cb4a359faee,5,,,2017-12-12 00:00:00,2017-12-22 19:16:14
89e39db4ca90eb8123c8057f7455bf6f,d6df48bb0f7ae326cc10448785ab0a11,5,,,2017-09-14 00:00:00,2017-09-15 00:39:02
907c06539705a2882f818c5a4ddb8e97,6b5a2cfa488fc5324f22cafe995bd8eb,4,,"adorei o tapete, otimo custo beneficio. Melhor que imaginava",2017-09-21 00:00:00,2017-09-22 14:06:54
e9bdb6447df17f1d5a87b7727ceb24cd,1cbcd6f5fd482df88073ad0e5a411b39,5,,,2017-03-29 00:00:00,2017-04-03 13:18:03
559d0de3fbceb6ea4bd7b5cd18e23ad5,6275954c6646fe2a6fcc3b1f7771de04,2,,"Comprei duas unidades , apenas uma foi entregue.",2017-12-17 00:00:00,2017-12-17 11:38:36
5aa8cff79688fc5d064f2beeaf72142d,39b07544f44827ecfb759a3544ccab72,4,,,2018-08-04 00:00:00,2018-08-07 21:50:11
3987f9cebb294bf454cf91f71e4d3e65,30dd65877d1287c17a2d2198a5f80da4,4,,,2017-11-24 00:00:00,2017-11-24 15:33:44
9f1b830b0295693532a8a77da27945d6,a37e63f75db3f7601cd0e95a5b63c083,5,,,2018-01-13 00:00:00,2018-01-16 19:07:07
15f442053a8372bd40f650ddea2cff79,f40ef9a47f9670b54b9e350f354795a2,1,Produto com defeito,,2018-05-01 00:00:00,2018-05-02 10:41:03
bebd50827cad0d8ccfede9693135276f,914e07017d246eee143555a432b6746e,4,,"estou contente por receber os produtos. creio ser uma loja séria e tradicional 👆👉
espero que funcione como diz. 
opth memory",2018-02-21 00:00:00,2018-02-21 19:21:53
89b429b333de2594a834dfe1271e190e,b04b061c476ead18ecd0294170063e16,5,OTIMO,"OTIMO PRODUDO RECEBI NO PRAZO BEM ANTES DO PRAZO QUE ME INFORMARAM, NOTA 10.",2018-05-19 00:00:00,2018-05-21 11:51:59
03a1e81f2097bad08b95b74bf8a1e5d1,ab2bbb9188a3ad23926472cabceb9d4d,5,,,2018-03-23 00:00:00,2018-03-25 23:54:54
24edfc91d8e109e1089917443752646b,318a41eb5de685684d15e6ce68fa5ab7,5,,,2017-10-12 00:00:00,2017-10-13 21:38:57
6e1367fccc34b619cdcafcf931eac50e,b4b86df50ff2b7209ced1549d9ea4b2e,3,,,2017-03-21 00:00:00,2017-03-21 17:36:32
6d21b5b0710160e1e4cfc0b0418af223,e8b777112a2c5482e9005c327997cc21,1,,,2018-04-07 00:00:00,2018-04-13 17:51:06
a64299a75a6bf38cc17e1954f9212af5,dacd45999c3175778f90426dc0dfbebc,4,,,2017-12-02 00:00:00,2017-12-03 01:19:03
a1c6e8defffd88430bbdca6669d4aed0,a78c0962e6a2425978965be2eabb31f8,4,,,2018-08-03 00:00:00,2018-08-06 05:04:26
536290e1c9bdc5c982e66dac1b416821,abcf5984d3741238d9c49184b7fa5941,3,,,2018-07-31 00:00:00,2018-07-31 20:30:48
38902d5524b259cd78885136b0cd859b,88040d9d01657ab39bf19c2f0a90f6d3,5,,,2018-02-16 00:00:00,2018-02-16 22:50:58
1f365de790f16185b4a2d4a12f8dfb26,a7f4bdd6d19c92879d484c48ada14fa9,4,,,2018-05-15 00:00:00,2018-05-17 22:11:26
14a0374bfc1f16229bab18eefd74dc41,6042c0c3800159373b3343dd442c86bd,4,,,2018-07-26 00:00:00,2018-08-06 03:08:06
4f9c6277a4ca82515cfed7e608191bc1,6b11abc0295e397afb43aecade82621a,5,,,2018-05-18 00:00:00,2018-05-23 03:12:20
57de9123c1ba0ec74314f92f8bc7c6b0,dd1eff57387644bafd3823d2d49560b7,5,,"Comprei o testomaster mas na embalagem veio super slim...estou aguardando a entiqueta de devolucao.
",2017-11-27 00:00:00,2017-11-28 16:00:25
b5a3419cc784fa4fcfa65d7cc44145ac,ac0d19143b07550124df5139ba1faa6a,2,,"O produto tinha previsão de entrega para o dia 27/12/2016 e até a presente data não recebi.
",2017-12-29 00:00:00,2018-01-07 14:28:38
308f1be584d8764be2ce6dd1b4d5275d,a87b470c41fa3b8f3fc5280ebae30da4,2,,"Não gostei, achei feia, porém cumpre o q promete, cobre até 80% da luz.
A entrega foi dentro do prazo.",2017-12-24 00:00:00,2017-12-24 13:13:27
3485c887ab8a5fd6b1c10bec15622741,0068fb0e223115e911d362627e8b8800,5,,,2018-07-26 00:00:00,2018-07-27 00:32:52
49bd732e5149424a55ad62ff778a8088,de003338463979d8a9be8b8d3e598efa,5,,,2018-05-04 00:00:00,2018-05-07 02:00:02
f5af70e7cdc8235645f407c3ded041d3,0b3d6a94ff1d643af663f55ca8418520,4,,"Atenciosos, culpa do atraso foi dos correios.",2018-01-06 00:00:00,2018-01-07 19:17:26
3111fefb9fbe4e24c15720296ec7b6b0,56e2e07e6e0f8e73a5f1c73bcb74f270,5,,,2018-07-13 00:00:00,2018-07-13 23:44:45
12f65b0e9d72118680b3e29b8be202e7,76870eacf3fa50d0cce734ff1a826aa2,5,,,2018-03-20 00:00:00,2018-03-21 02:25:19
65f645001d571f78ed667fd356ff07db,0edefae02733735c88d242ce6b781802,5,Muito bom,Muito bom,2018-06-07 00:00:00,2018-06-08 19:51:26
b0de2d74e6298ac6144c983a8c91f1b1,e5141c749e377be251981ba3ff55b1e7,5,Otimo,,2018-08-25 00:00:00,2018-08-27 17:04:09
2ffe1d0b9a51d5b9f4696a000d426100,d314606b4bdfe800bef60e92196924f7,5,,,2018-02-02 00:00:00,2018-02-02 22:56:17
20bf8334dd41ee7b3b1131ea72e0a895,4c62b34217c704b6986322911ea89c80,3,,,2017-11-12 00:00:00,2017-11-14 10:43:02
b64505224f9f0c27326efc0c4b6257f0,309d9fa2b3c76ea52c4ab89132f38adb,4,,,2018-05-21 00:00:00,2018-05-27 21:33:19
decf863eb8d619f7208ec508060273bc,777446e0a25e3916df8257965158c82b,4,,,2018-06-28 00:00:00,2018-06-28 18:01:09
1689760dfc82960fbf2bf97e715dc5c4,56c3277583e16009c925fdf116df420f,5,,otima empresa produto chega no prazo certo e com qualidade.,2017-12-07 00:00:00,2017-12-08 16:09:40
4d996552b5d7505e90aae17f2d4d4bd8,954945beeb5990c532ac06d464edf931,4,,,2017-11-17 00:00:00,2017-11-17 23:34:11
3263a0e8395bcead2503ae98c36d8716,4d1e8e1f2a630776ccfc291515e610b8,5,,As capas são grossas e bem acabadas. De muito boa qualidade. Recomendo!,2018-01-25 00:00:00,2018-01-31 22:16:22
87da42a7efda40376e633681f1ff46f9,19135c945c554eebfd7576c733d5ebdd,4,,,2017-08-17 00:00:00,2017-08-17 17:36:57
d3a1986ac804d3065b15dd9b6da5ba5e,f23681a0fffdb8051c674707c7e912ef,2,,,2018-08-08 00:00:00,2018-08-08 15:55:49
09abccf3365af76381010f03bf5d9076,35761fa89b5d047af6632b23b0cecf01,5,,Entrega mais rápida do que o estipulado. Produto ok.,2017-03-25 00:00:00,2017-03-27 10:08:54
ceb0b4361a155c7cd59a68c35cf5d657,46c36a9b14438f007086c53a374abf1f,5,,,2018-02-28 00:00:00,2018-03-06 13:25:01
b730a8019be04fb7e7ecebfccb98aeb9,ac00d3859c095d282f6bef69e0ed1b38,5,,Chegou antes do prazo e em perfeitas condições.,2016-10-25 00:00:00,2016-10-26 00:12:55
e12181b7deb35cfd4d61e1af82c5a9c9,15820c28eeafa10a575899c57bba6cf9,5,,,2018-03-11 00:00:00,2018-03-14 12:50:47
ed737479d5ce893ef6e8baba87a7c9a9,d6461ecc120609d0cef78fea638e47fe,1,,,2017-09-20 00:00:00,2017-09-20 08:34:38
47537d28f2742f0bae636d72069f7c4b,ec4015e0b9b735844b7b6c8066835378,5,,Chegou bem antes do prazo e Happy ficou lindo de Batman.,2017-08-12 00:00:00,2017-08-14 10:49:59
cf652dbd6ae81e2cb8f9a1e53ef2217f,d409a253fa6f530d0aa7786bd667f9a7,5,,,2018-06-20 00:00:00,2018-06-20 20:48:18
464da3d31f9d7efb252b50119a45398e,bfb8512783ccd2271d2e96d3b856bf2b,5,,,2017-10-08 00:00:00,2017-10-09 12:37:17
a142c9752935ee1e4a24992d0bac5f27,35546dd6349a2065ed8ac6ffbd2b7aba,3,,,2018-04-04 00:00:00,2018-04-09 18:41:26
9f508c32c2ae23964732402f04d8a823,2071e513bccda6388b163977db471be8,4,,,2017-12-20 00:00:00,2017-12-21 00:21:07
44e1494a0496ef4e05ee52e7115394db,52689df16b83773c1004b27478ffe49c,5,,,2018-04-10 00:00:00,2018-04-10 20:07:47
569e9c33b9fb5993e5bcdb5fbe03dc6f,60c2fd4bd6d23ab4fa7a910b61dac591,5,,,2018-08-09 00:00:00,2018-08-10 03:54:28
2a81cd71cd0250fbb908534cdf7763c7,133a123493a55f389917093bd41fb184,5,,,2018-08-30 00:00:00,2018-08-30 03:20:04
0cf502af59f47cb288f3f13351388461,f6d067206524168938aa5ef598260e4c,5,,,2017-07-06 00:00:00,2017-07-07 11:41:34
595d372df0a7ea7c5d81c5f57375c0bc,ae8a569660d9208ffed48d06824629a3,5,,,2018-08-08 00:00:00,2018-08-08 22:33:43
b49439951807b9088c9f83283a6f3971,4f709a231b1d99a9e12f4f86f458dbcb,5,,,2018-02-03 00:00:00,2018-02-03 14:40:45
08daba5d127b66c538eb99202c4570c8,2fab8b6042a5dc17a01cbca94aa6e055,5,,,2018-07-14 00:00:00,2018-07-14 14:56:58
36b6cdba2d2d22926241dec57b7b005f,215a2af7298ced2c65d785d397e04880,4,,,2018-07-04 00:00:00,2018-07-05 01:39:06
b345674ec43617422403146bd715594b,b7ee003a15e0771e300ba4fa565c1cde,1,,Até agora o produto não foi entregue e não tenho nenhuma resposta ou notícias... ,2017-06-29 00:00:00,2017-06-29 10:07:45
1b03803ebd3fd0d17bc2ba4c5bfb0891,f5306185c917952d794bb6da1280a050,5,,,2017-10-04 00:00:00,2017-10-04 23:02:07
353275bbdece274a0612e46f20f1eb2b,d13bd0cdf8acb0062b969df660e560e1,5,,,2018-03-15 00:00:00,2018-03-17 01:24:12
b78f1120dff1463550c8b758000fd690,d02a5a29d82eed1f82be00c04745ea7c,4,Foto mais real,"Estava quase tudo perfeito, exceto que na foto parece ser uma coisa e o produto físico é diferente! 
 ",2018-06-28 00:00:00,2018-06-28 19:36:33
952d7d80b61e29f80148993b45b586c4,7a28faee4e4959f358d2fdbe66e22107,5,Excelente loja,Exelente loja entrega rapida antes do prazo ,2018-08-17 00:00:00,2018-08-18 19:27:43
dc08f2f27712c24b99930ddce3f6822e,631252ac24a799cf8f1c7823248527d5,5,,,2017-07-29 00:00:00,2017-08-01 23:48:28
e7ec3736356eb0a0648e7b5d0334d5fd,d1872a759d4c1e5437aa708d64ff592c,1,,,2017-08-24 00:00:00,2017-08-25 19:47:30
418113736c45b1d3bcf01aa1bde0dc19,e11dbf8f73df2ef44ac68c5dd90b3892,5,,,2018-08-18 00:00:00,2018-08-21 01:51:56
557c3d422c186f3ab25589afa06c2694,e77d85bec584c36b9558adc732947c76,1,,"produto de péssima qualidade, estou aguardando contato para devolução.
O tecido é transparente, mal costurado e não veio nas medidas.
Não condiz com a foto, propaganda enganosa.",2017-03-30 00:00:00,2017-03-31 02:10:11
5c2610b389381e5396a5468395b8aa51,ed9e33c926c94cc5cc50a68696119dea,4,,ainda não recebi o kit veio somento um item do pedido,2018-01-20 00:00:00,2018-01-22 12:52:59
6ca6d5d0264371dd0e841c1a85b61dd5,1d9620d3304b1a785d94220904c4a33b,4,,Recebi o produto certo no tempo certo,2017-12-01 00:00:00,2017-12-03 22:31:36
0b5ad2b846cc0db5c6337ca8a93315d5,d208c0e6c8b9829a4ede83ff0caa36cb,5,,,2018-06-07 00:00:00,2018-06-09 23:46:40
ef123eff04f430fffae9a8e56a098d99,5b5e27caef5edb9446df0a7c106285dd,5,,,2018-07-22 00:00:00,2018-07-24 20:05:21
461a0dbf4fe068f3aa43fe6b43c76ce9,2b0d020da35221c291bb03a55f70794a,2,,,2018-04-14 00:00:00,2018-04-15 20:10:22
4d7ff5090d20d7460c1e39b6a92317ae,eb5f1eb411fccd8696f979bcf81bb92e,4,,,2017-02-25 00:00:00,2017-02-28 10:56:18
61535599f10b0222ce9fbfe5e04845ee,00df27e666004db9f14bce766fa5327c,5,,,2017-11-24 00:00:00,2017-11-25 00:31:40
806a11515e2221e016a172fe64f009b8,a7ecb6cd7ccbea584ec3f96ecc6fc8b1,5,,,2018-01-18 00:00:00,2018-01-19 02:43:52
aabe4b99c4639a7aa42bef1038577396,b9a9373fc111512d93f74cbafd0d15e5,5,,,2018-02-10 00:00:00,2018-02-12 00:39:24
57d8e7130f97eb12f392bdfbe943b83d,934daa3b33591884346152a2c7f15ce5,5,,,2018-05-23 00:00:00,2018-05-26 04:53:11
380398111179fe8252c87cb0a03bfc3f,8acc03c83b14de718a6f275727b3001d,5,,,2017-05-30 00:00:00,2017-05-31 10:48:48
85c176d4f5a1cd2e8b3a25af788ba655,55bf02fa5414e7b29c5b651c33626e9b,4,,"Ainda não foi instalado, mas aparentemente é um produto de boa qualidade",2018-08-31 00:00:00,2018-09-04 00:06:39
1c966cefdf61f67efd0c127b08de7098,96de2b7f7f3c401fbee3eef068376da6,4,,produto muito bonito e embalado com cuidado,2018-01-11 00:00:00,2018-01-11 22:25:01
b255b13a2274768986b928d0ff1313bf,8eb2c9d9099a3b53d1ebe9579ab8c1a3,1,,produto nem veio e so do uma estrela pq so obrigada,2017-03-03 00:00:00,2017-03-06 22:45:23
daa029fd2a148240b4c6a5fb6be71e88,5be92ef6cf4a42ece07ad8bc3c00c70b,4,Recomendo,Gostei de adquirir produtos desta loja. Estou satisfeita.,2018-06-26 00:00:00,2018-06-27 10:25:37
870d856a4873d3a67252b0c51d79b950,69ad29a3aba936e80ea906bf73c631a8,3,,,2017-12-20 00:00:00,2017-12-20 18:50:16
0733fb3adacf65f8967953729981ef80,bb93c6dd59d2881e38fba9891aa63b7e,5,,Produto entregue antes do prazo previsto,2018-06-20 00:00:00,2018-06-21 04:08:11
3d0746e0f8bf4bd55b7b3f3dd385b828,19d468d1424d2a259a1f3d3fa073f41a,5,,,2017-05-23 00:00:00,2017-05-24 10:14:56
dc2e572b990684eb92a840b3f79eecd5,ea440eac95a801c80784b5105a5e4a9f,3,,Recomendo otimo vendedor ,2017-05-03 00:00:00,2017-05-05 21:38:44
3894d328a5dcd2ef590ac2620c5a26fc,5f4f8bd3b8bb2614ac31120209f8b1b4,5,,,2017-05-05 00:00:00,2017-05-06 10:20:07
9c7ebba4ec4407691fb6c853876d169f,267db43542633efa0839c965b2ad2f31,5,,,2017-03-26 00:00:00,2017-03-29 09:32:13
3f45e2e68cc59a47f0036d92397c4b78,e544af259c17461504ff139fd5783179,5,,,2017-07-27 00:00:00,2017-07-29 13:13:08
623b07b8ac7a4947eb6a88f2a4def222,30a08f0074bc43c8284b61015a6c530d,1,não recomendo,meu produto veio estragado e ruim.,2018-06-13 00:00:00,2018-06-13 23:34:52
911ec3a408bc35d1f59ec262097a2dac,2f7c0d4ae58c91fc32165eed84560e35,3,,,2018-04-06 00:00:00,2018-04-06 21:09:28
06670c51556afacb0ea2908e7efd40f9,6f1ea17aaf0660f7eea41df1f6fc9e27,1,,,2017-05-13 00:00:00,2017-05-15 05:19:24
4962fde8c6c790d153028d0c2ee93d66,8e96f3e6633f7601ec50f3a904c3a3a2,5,,muito bom,2017-09-07 00:00:00,2017-09-10 19:10:27
1492860584379b947f365fd7d1160f5f,337ace5c193fb745fca018fd1e542c9c,1,,,2018-03-13 00:00:00,2018-03-14 13:53:06
b3de70c89b1510c4cd3d0649fd302472,55d4004744368f5571d1f590031933e4,5,,"Excelente mochila, entrega super rápida. Super recomendo essa loja!",2018-03-22 00:00:00,2018-03-23 09:10:43
