geolocation_zip_code_prefix,geolocation_lat,geolocation_lng,geolocation_city,geolocation_state
33400,-19.63152879075135,-43.91134898714671,lagoa santa,MG
15880,-20.970035367508803,-49.03805514660694,tabapua,SP
31573,-19.81061179127236,-43.99179284337376,belo horizonte,MG
4001,-23.573329668619014,-46.652972548560285,sao paulo,SP
5017,-23.53964695530619,-46.68179756093819,sao paulo,SP
9811,-23.72720451154119,-46.55582100000001,sao bernardo do campo,SP
8030,-23.50255950513589,-46.423264457816366,sao paulo,SP
19905,-22.99134346433723,-49.88390216625307,ourinhos,SP
7031,-23.49189491395926,-46.54629394463038,guarulhos,SP
8253,-23.54875465139367,-46.43763200957928,sao paulo,SP
24724,-22.80346087657063,-42.95282513379925,sao goncalo,RJ
13920,-22.735624661898036,-46.90161211508495,pedreira,SP
11075,-23.956972093254095,-46.34475281072185,santos,SP
13569,-22.024351844566954,-47.871713787119866,sao carlos,SP
95200,-28.49671445809497,-50.95509768537991,vacaria,RS
13370,-23.021344682864957,-47.528427787992975,rafard,SP
24421,-22.83027272348638,-43.047638030301286,sao goncalo,RJ
26215,-22.753512,-43.445156637000345,nova iguacu,RJ
18040,-23.50600954371285,-47.465439066333886,sorocaba,SP
22260,-22.94698341825844,-43.18736076242138,rio de janeiro,RJ
95913,-29.44074652938538,-51.963456022739,lajeado,RS
4937,-23.68381890813089,-46.75848697085809,sao paulo,SP
5713,-23.62865940605341,-46.72941121816024,são paulo,SP
95020,-29.16281106444416,-51.181497940926185,caxias do sul,RS
29100,-20.336198773550155,-40.29059343418231,vila velha,ES
22441,-22.98701787010218,-43.22781982223437,rio de janeiro,RJ
13015,-22.90408143435861,-47.05860344379367,campinas,SP
13175,-22.822919014608665,-47.239498500021,sumare,SP
37200,-21.24261220038665,-45.01163050429916,lavras,MG
17340,-22.49031362031337,-48.55968670325518,barra bonita,SP
11065,-23.9678895545329,-46.34412123980033,santos,SP
36033,-21.79073342714524,-43.36365865598131,juiz de fora,MG
11420,-24.007027389114448,-46.273801691267046,guaruja,SP
85880,-25.15567056586843,-54.27883257599211,itaipulandia,PR
11680,-23.42232271278373,-45.11270538672842,ubatuba,SP
18950,-23.057307,-49.63833,ipaussu,SP
79041,-20.473867423827013,-54.57689029808414,campo grande,MS
31270,-19.869614117310014,-43.95028488759122,belo horizonte,MG
87030,-23.42113386092465,-51.91368788249601,maringa,PR
25803,-22.114931849301893,-43.20418377871129,tres rios,RJ
25561,-22.775046477424283,-43.36652203840375,sao joao de meriti,RJ
21371,-22.84574786594724,-43.33201793574359,rio de janeiro,RJ
1308,-23.55641963281201,-46.65272290521668,sao paulo,SP
18683,-22.592993929237185,-48.80679027552383,lencois paulista,SP
95700,-29.18483837656854,-51.52044120938643,bento goncalves,RS
23090,-22.88103426810552,-43.55884686871719,rio de janeiro,RJ
29102,-20.35514168737552,-40.3038815375732,vila velha,ES
11431,-23.995738359332897,-46.28346823521056,guaruja,SP
9940,-23.666600996735497,-46.60286793307957,diadema,SP
97300,-30.338974788150463,-54.32764217954711,sao gabriel,RS
9080,-23.640740759362934,-46.54090653967348,santo andre,SP
35430,-20.41280610100307,-42.92090471208115,ponte nova,MG
48020,-12.13319321758641,-38.41557001793101,alagoinhas,BA
8790,-23.52286349794529,-46.16936337473842,mogi das cruzes,SP
74805,-16.69400781173633,-49.23661076453431,goiania,GO
85816,-24.95892384289352,-53.4180614054765,cascavel,PR
4015,-23.58573224562872,-46.64603590521668,sao paulo,SP
9015,-23.663671291159243,-46.5186975777022,santo andre,SP
2022,-23.50486132638933,-46.64175780281599,sao paulo,SP
81880,-25.5366113782965,-49.28601108090484,curitiba,PR
96215,-32.09434566110762,-52.17998284075288,rio grande,RS
1422,-23.56769330114256,-46.6568389797449,são paulo,SP
3084,-23.53467342215357,-46.57048869929014,sao paulo,SP
3759,-23.49948513763132,-46.49142658098352,sao paulo,SP
9950,-23.68772666723403,-46.58369967586103,diadema,SP
13603,-22.34867185206877,-47.40853888190316,araras,SP
8253,-23.55644627808883,-46.437270485977294,sao paulo,SP
6243,-23.504776719302743,-46.798026058346174,osasco,SP
93990,-29.536068831218845,-51.07808533190178,morro reuter,RS
91510,-30.07028062787988,-51.1725136924336,porto alegre,RS
9041,-23.65788863172009,-46.53707147732027,santo andre,SP
12220,-23.184176913074108,-45.860827447844464,sao jose dos campos,SP
12327,-23.2989427920116,-45.96560330119568,jacarei,SP
20735,-22.89960341494021,-43.28216862698362,rio de janeiro,RJ
89120,-26.824034766576307,-49.26592522315191,timbo,SC
18550,-23.287332003109164,-47.68085840529143,boituva,SP
13145,-22.732555075768943,-47.181257486814026,paulinia,SP
80610,-25.475743383288155,-49.29106831057762,curitiba,PR
3161,-23.57810661587513,-46.56278311754856,sao paulo,SP
35590,-20.026428792674924,-45.53691661372175,lagoa da prata,MG
13660,-21.85923167561275,-47.4878238369523,porto ferreira,SP
30421,-19.92872538061541,-43.97396355621798,belo horizonte,MG
95520,-29.889911826245445,-50.27124234197284,osorio,RS
22411,-22.982668576172973,-43.21381863044607,rio de janeiro,RJ
21341,-22.878492234520213,-43.349130511541176,rio de janeiro,RJ
91260,-30.03534550069249,-51.13315164461301,porto alegre,RS
32900,-20.068630527537955,-44.29542841668084,igarapé,MG
25070,-22.787724755738168,-43.3077882328159,duque de caxias,RJ
41830,-13.00294530384267,-38.4635833929587,salvador,BA
26050,-22.6882930772137,-43.45981799025312,nova iguaçu,RJ
12951,-23.12092206994057,-46.582421086184965,atibaia,SP
6754,-23.607385169385037,-46.75295561561509,taboao da serra,SP
30570,-19.96047631724272,-43.97359482667777,belo horizonte,MG
88330,-26.98111188121068,-48.63461404677126,balneario camboriu,SC
9080,-23.637486070488823,-46.54419654258766,santo andre,SP
24310,-22.91587449293086,-43.07144483873857,niteroi,RJ
29060,-20.282645577298165,-40.29902406021705,vitoria,ES
69900,-9.97499781938307,-67.80940552221007,rio branco,AC
13568,-22.017205655288816,-47.85250208283807,sao carlos,SP
38410,-18.938594253719277,-48.25975069648826,uberlândia,MG
6730,-23.637462936616856,-47.02925055434749,vargem grande paulista,SP
6365,-23.556594981992543,-46.84942489675855,carapicuiba,SP
97670,-28.67182650233573,-56.001557640668416,sao borja,RS
9811,-23.722818454065447,-46.56400181072184,sao bernardo do campo,SP
31130,-19.888452398551596,-43.94945474715791,belo horizonte,MG
91180,-30.01528781181837,-51.11089075867046,porto alegre,RS
83880,-26.095958358114174,-49.791677331109696,rio negro,PR
20735,-22.90196398306312,-43.28133271772756,rio de janeiro,RJ
23895,-22.74323686327512,-43.70526783885028,seropedica,RJ
11704,-24.025520258589125,-46.4804170424308,praia grande,SP
41830,-13.004265069940562,-38.46623697530151,salvador,BA
6773,-23.64228248987828,-46.789649609051736,taboao da serra,SP
89580,-27.02386267378519,-50.917557336913056,fraiburgo,SC
90420,-30.037088462115527,-51.1970315456461,porto alegre,RS
17400,-22.200245374511272,-49.66401958715325,garca,SP
13343,-23.104754748542906,-47.20393943005942,indaiatuba,SP
14020,-21.190880682209013,-47.80505806341969,ribeirão preto,SP
24360,-22.91731807201573,-43.09297194888784,niteroi,RJ
38182,-19.599177573976867,-46.92936055229094,araxa,MG
2402,-23.49443570970153,-46.62583149643452,sao paulo,SP
96015,-31.76982863332761,-52.339964159380905,pelotas,RS
84145,-24.94404279922168,-50.13034783135791,carambei,PR
82940,-25.45117581404008,-49.21906273798266,curitiba,PR
1224,-23.5403885276127,-46.65143548612153,sao paulo,SP
37200,-21.259549497922524,-45.0054013462404,lavras,MG
11050,-23.962556703849096,-46.32718817998731,santos,SP
4726,-23.63919548320735,-46.71051143935027,sao paulo,SP
47800,-12.14902483326026,-44.99982811115983,barreiras,BA
7025,-23.484209797166816,-46.54142322472175,guarulhos,SP
44230,-12.399915088576178,-38.75465224269259,amelia rodrigues,BA
85155,-25.57599466066998,-51.0778102706275,inacio martins,PR
12242,-23.197808439696484,-45.8991172047378,são josé dos campos,SP
12940,-23.11660196413393,-46.55279683764716,atibaia,SP
8275,-23.5782749023025,-46.48227790882337,sao paulo,SP
35430,-20.40933364619331,-42.89461686306881,ponte nova,MG
2976,-23.478875528449414,-46.71586584693287,são paulo,SP
4635,-23.6414903252928,-46.66669052207278,sao paulo,SP
68145,-3.458029065020139,-52.88667199048881,medicilandia,PA
2545,-23.48811117346644,-46.66361409977496,sao paulo,SP
20261,-22.92311913656292,-43.21745927240467,rio de janeiro,RJ
83540,-25.18122402532868,-49.31596023575385,rio branco do sul,PR
65075,-2.511034075863792,-44.29515152066988,sao luis,MA
47800,-12.136918299914615,-44.98286449684797,barreiras,BA
1423,-23.57122380544173,-46.65646113197527,sao paulo,SP
84010,-25.101689626146904,-50.16013080489348,ponta grossa,PR
9850,-23.72555607799065,-46.57394150663644,sao bernardo do campo,SP
81900,-25.533223344711192,-49.27575228573488,curitiba,PR
46400,-14.065812141599004,-42.49233001937813,caetite,BA
9960,-23.696323953084494,-46.599484600323215,diadema,SP
19400,-21.8834915242011,-51.853580906425975,presidente venceslau,SP
72015,-15.835151267699732,-48.05077036474141,brasilia,DF
17209,-22.27848141771017,-48.53788215168213,jaú,SP
13720,-21.603032388456608,-46.89258451063976,são josé do rio pardo,SP
64000,-5.081022305049911,-42.8197637891774,teresina,PI
80740,-25.44192626533555,-49.31368625881469,curitiba,PR
12940,-23.114859602571908,-46.558740813795104,atibaia,SP
89801,-27.1011280158612,-52.61202154197206,chapeco,SC
86300,-23.186783600610788,-50.65066795048239,cornelio procopio,PR
2965,-23.484585714773157,-46.70211960464514,sao paulo,SP
6020,-23.53538565178984,-46.76092361691542,osasco,SP
12240,-23.23009940009024,-45.90094499999999,sao jose dos campos,SP
31330,-19.87623292541036,-43.99205679630655,belo horizonte,MG
20930,-22.891705575076458,-43.22233542783772,rio de janeiro,RJ
9360,-23.687772133873327,-46.459259783941896,maua,SP
11900,-24.504100313347585,-47.85539532001268,registro,SP
20720,-22.905523519562617,-43.28752649388315,rio de janeiro,RJ
31130,-19.887523763806342,-43.93886102360199,belo horizonte,MG
13088,-22.866118137847955,-47.04353937360283,campinas,SP
3804,-23.49801039800334,-46.47990507285476,sao paulo,SP
11436,-23.97863018956661,-46.193381853453765,guaruja,SP
9780,-23.712996735053867,-46.53326124621499,sao bernardo do campo,SP
90130,-30.05139037275657,-51.21729548473655,porto alegre,RS
13720,-20.839024177269057,-49.3624165788414,são josé do rio pardo,SP
13820,-22.69323078879953,-46.98563959844999,jaguariuna,SP
56000,-8.060911326112514,-39.1184729110832,salgueiro,PE
5014,-23.53098483217186,-46.66552227867382,sao paulo,SP
73900,-14.076767140668002,-46.3395804043402,posse,GO
84400,-25.2168155583578,-50.97772689782497,prudentopolis,PR
13607,-22.37482862836861,-47.35290626172888,araras,SP
18540,-23.225764492906627,-47.518103325790655,porto feliz,SP
33030,-19.778913028593827,-43.87002605727832,santa luzia,MG
78635,-14.114873999999949,-52.46507599999997,agua boa,MT
22060,-22.978992656673785,-43.190912786571616,rio de janeiro,RJ
76820,-8.740797860315656,-63.8656353544288,porto velho,RO
21031,-22.851087182064788,-43.25445279280401,rio de janeiro,RJ
22411,-22.98100043104037,-43.2062912828207,rio de janeiro,RJ
35900,-19.641138082061488,-43.22518445244074,itabira,MG
56828,-7.718220000000002,-37.850652,quixada,PE
68380,-6.633662991213111,-51.98057967166727,sao felix do xingu,PA
3965,-23.60248697668648,-46.4767777507646,sao paulo,SP
29065,-20.2787775,-40.29986249999999,vitoria,ES
32677,-19.93622349449648,-44.11903136959216,betim,MG
36980,-20.151309371500023,-41.61982921828584,lajinha,MG
32015,-19.9249085613816,-44.098543774101735,contagem,MG
21330,-22.879204867620675,-43.36427153176763,rio de janeiro,RJ
12950,-23.140040515368494,-46.581206610248735,atibaia,SP
7241,-23.44604280121253,-46.4234256410361,guarulhos,SP
9041,-23.666947082982315,-46.5380198336027,santo andre,SP
36016,-21.761608756592988,-43.34969070275257,juiz de fora,MG
65053,-2.5414521756881467,-44.20564905620633,são luís,MA
1313,-23.553335158202994,-46.647744223700165,sao paulo,SP
30421,-19.946861120174297,-43.97100741159334,belo horizonte,MG
24451,-22.83563512107761,-43.00989848175705,sao goncalo,RJ
11730,-24.09972920960817,-46.64180506149343,mongagua,SP
30882,-19.884917524842727,-44.010732829996,belo horizonte,MG
13920,-22.73748001740821,-46.88945147350107,pedreira,SP
7251,-23.439328711350917,-46.39531326602804,guarulhos,SP
35570,-20.44417245698404,-45.45343996053702,formiga,MG
14940,-21.75524479075873,-48.83671114359984,ibitinga,SP
29090,-20.252914923903763,-40.26795106824811,vitoria,ES
36576,-20.74825882208657,-42.86867950069864,viçosa,MG
11900,-24.49677743519532,-47.84420731473257,registro,SP
89107,-26.72651596021395,-49.17081903239281,pomerode,SC
30310,-19.95512404163538,-43.93010581626178,belo horizonte,MG
3191,-23.57015071121419,-46.57044572589511,sao paulo,SP
78300,-14.63297817650873,-57.4992766185712,tangara da serra,MT
22411,-22.98330144546709,-43.20331300582836,rio de janeiro,RJ
20540,-22.924911132667773,-43.25093430030583,rio de janeiro,RJ
14701,-20.950918037465755,-48.484585808569456,bebedouro,SP
6763,-23.61561827032721,-46.762506444774615,taboao da serra,SP
2402,-23.479718951151256,-46.632511331380975,são paulo,SP
83823,-25.661386845957654,-49.2947639471678,fazenda rio grande,PR
4166,-23.634724928713485,-46.605784798555895,sao paulo,SP
41820,-12.987202368861428,-38.46043680599,salvador,BA
37580,-22.43499539028082,-46.57283594701967,monte siao,MG
22785,-22.975744882115205,-43.48573194805582,rio de janeiro,RJ
13603,-22.351805717179307,-47.39709317583238,araras,SP
35300,-19.779846160933936,-42.14232328257363,caratinga,MG
35790,-18.753326288988315,-44.43571681199145,curvelo,MG
25675,-22.49736867562503,-43.20348345580744,petropolis,RJ
35570,-20.462097745702884,-45.43755883640269,formiga,MG
89052,-26.889354200701344,-49.072336692647,blumenau,SC
74280,-16.716596804687068,-49.27090628231917,goiania,GO
18683,-22.60447419307828,-48.81080367422221,lençóis paulista,SP
11060,-23.964946512349247,-46.33382185457892,santos,SP
11730,-24.130840816359424,-46.69527872535312,mongaguá,SP
55590,-8.513553808107575,-35.12160824796783,ipojuca,PE
35500,-20.12266589822975,-44.88819387866278,divinopolis,MG
38400,-18.911977857897156,-48.26362130682671,uberlandia,MG
29055,-20.296136900657725,-40.29471761431724,vitoria,ES
52061,-8.037729256192467,-34.92505206516664,recife,PE
5302,-23.531168661665447,-46.72964587844071,sao paulo,SP
38408,-18.932541852068777,-48.24800161809682,uberlandia,MG
4010,-23.588509505135885,-46.63541014738296,sao paulo,SP
66085,-1.4455611856428048,-48.461924558399375,belém,PA
35198,-19.4109654528872,-42.41128046307838,ipaba,MG
36280,-20.944509357425517,-43.81090123405824,carandaí,MG
36500,-21.12870761067949,-42.94972465375229,uba,MG
4726,-23.634089726645826,-46.71411838581508,sao paulo,SP
11040,-23.971434474609,-46.30950666388714,santos,SP
6900,-23.828363836432057,-46.83431424328455,embu-guacu,SP
37701,-21.787012864176063,-46.56362167326782,pocos de caldas,MG
34003,-19.993112440867247,-43.85478532243872,nova lima,MG
83260,-25.82988736171561,-48.5409383080699,matinhos,PR
30180,-19.932624869235,-43.947778202907976,belo horizonte,MG
1307,-23.555677767413023,-46.65620244186043,sao paulo,SP
5303,-23.52971382569684,-46.72994749985576,são paulo,SP
89600,-27.16953494892955,-51.50920372785512,joacaba,SC
88330,-27.003863999999947,-48.62062699999996,balneario camboriu,SC
11420,-24.009012074688837,-46.27252485086888,guarujá,SP
83540,-25.20531916728173,-49.32552561900278,rio branco do sul,PR
81200,-25.439577987794973,-49.335312981678136,curitiba,PR
4733,-23.632405094918127,-46.69186996887863,são paulo,SP
88047,-27.64998084901036,-48.52215915113389,florianopolis,SC
19025,-22.10051792775128,-51.40022749527926,presidente prudente,SP
88040,-27.600801163694847,-48.51657663243601,florianopolis,SC
1311,-23.56435692062437,-46.65314214876795,são paulo,SP
51020,-8.114870828755254,-34.89663362683939,recife,PE
25680,-22.4927948059606,-43.184177912682266,petropolis,RJ
19804,-22.6630125,-50.43987224999999,assis,SP
80420,-25.437418333891134,-49.277814768798,curitiba,PR
11431,-23.992886472387305,-46.27164761824106,guarujá,SP
90420,-30.037385536211037,-51.19785829808413,porto alegre,RS
88385,-26.771700733776925,-48.64283190441497,penha,SC
51020,-8.111259900917528,-34.896877480985644,recife,PE
30190,-19.923781264498835,-43.94820925188979,belo horizonte,MG
81530,-25.451467660558475,-49.24456951970194,curitiba,PR
4523,-23.60358702997862,-46.666812006665104,sao paulo,SP
7124,-23.431009138496165,-46.533996445322856,guarulhos,SP
25610,-22.504532077286576,-43.167653290716,petropolis,RJ
22061,-22.976918474897463,-43.19620203136361,rio de janeiro,RJ
37120,-21.553132500000004,-45.733790249999984,paraguacu,MG
88058,-27.450267443793663,-48.43228234401869,florianopolis,SC
12701,-22.576583675847772,-44.961974318934416,cruzeiro,SP
9061,-23.653552672225693,-46.5580592710197,santo andre,SP
13385,-22.79999266418786,-47.29167801723588,nova odessa,SP
85801,-24.95821311379766,-53.46190377234737,cascavel,PR
89580,-27.02818111843449,-50.91135669036638,fraiburgo,SC
22410,-22.983773489324182,-43.21397325437127,rio de janeiro,RJ
16012,-21.213799418258443,-50.40588490521668,aracatuba,SP
24421,-22.82432641326078,-43.04928133081032,sao goncalo,RJ
90250,-29.97756124646543,-51.18275590576496,porto alegre,RS
18500,-23.04816815108089,-47.83588036948563,laranjal paulista,SP
14057,-21.135971797391647,-47.8479901588955,ribeirao preto,SP
96810,-29.72150384699069,-52.42857186120372,santa cruz do sul,RS
13272,-22.94376355363549,-46.99362279944068,valinhos,SP
82510,-25.3930631493162,-49.23730413350448,curitiba,PR
89801,-27.091818,-52.61680349999999,chapecó,SC
7178,-23.3974691246177,-46.39763012170352,guarulhos,SP
25665,-22.507880878955863,-43.214951915569394,petropolis,RJ
80010,-25.43027192921151,-49.26660256989238,curitiba,PR
96640,-29.990136801481345,-52.3770125094478,rio pardo,RS
90420,-30.038421792948245,-51.20003078088746,porto alegre,RS
8737,-23.536712050304008,-46.207755591118094,mogi das cruzes,SP
35720,-19.56539116697855,-44.06219061322148,matozinhos,MG
86300,-23.185253974481597,-50.65696390081656,cornelio procopio,PR
30130,-19.930804858445413,-43.936321456171584,belo horizonte,MG
3971,-23.614129540106177,-46.47816312239599,sao paulo,SP
89160,-27.22115514516126,-49.64556981329026,rio do sul,SC
29160,-20.2402761156018,-40.26873654892232,serra,ES
2066,-23.509393167836528,-46.60351726922744,sao paulo,SP
21320,-22.888050652518853,-43.34420745155526,rio de janeiro,RJ
4717,-23.63636422157689,-46.69683104942454,sao paulo,SP
75920,-17.786963999999948,-50.57043649999996,santa helena de goias,GO
30310,-19.945958909515863,-43.932188010560246,belo horizonte,MG
12308,-23.303201503593872,-45.96454354674382,jacareí,SP
13170,-22.82000128672114,-47.26978132017745,sumare,SP
11900,-24.50265347100232,-47.8425729970858,registro,SP
79002,-20.454977105747567,-54.60587932321533,campo grande,MS
97700,-29.18527916625308,-54.85772983957529,santiago,RS
5143,-23.49366138634657,-46.72206263488948,sao paulo,SP
12010,-23.024035548181818,-45.558290599870645,taubate,SP
93010,-29.76969915679189,-51.14321400517588,sao leopoldo,RS
38200,-20.028081651035663,-48.92339100015839,frutal,MG
90010,-30.029358216486813,-51.23005191049681,porto alegre,RS
29055,-20.30587102389044,-40.29576484805806,vitória,ES
21220,-22.841656428530214,-43.31717189687814,rio de janeiro,RJ
36570,-20.75606359452132,-42.87521523820955,vicosa,MG
6190,-23.531011732442742,-46.803843139765554,osasco,SP
25070,-22.7807793011117,-43.301013152682536,duque de caxias,RJ
5143,-23.496697917017688,-46.719354771856416,sao paulo,SP
18044,-23.514526519014343,-47.47450901762936,sorocaba,SP
5020,-23.531439625858447,-46.68175756385237,sao paulo,SP
9551,-23.62131484041201,-46.55460668082403,sao caetano do sul,SP
80330,-25.466548348866123,-49.30213856203471,curitiba,PR
20735,-22.90276085429047,-43.28919531709848,rio de janeiro,RJ
20540,-22.92551654123135,-43.24462953398932,rio de janeiro,RJ
30180,-19.9291187149576,-43.95380219652016,belo horizonte,MG
17900,-21.487440998819157,-51.53646903690297,dracena,SP
78300,-14.659390739284063,-57.466026552143184,tangara da serra,MT
35400,-20.385439412505978,-43.49374776703265,ouro preto,MG
8225,-23.53556549125743,-46.46668620483004,são paulo,SP
30160,-19.91779906170228,-43.935436257043285,belo horizonte,MG
1224,-23.54164848542905,-46.65280486372555,sao paulo,SP
88385,-26.790885193904742,-48.62709958838085,penha,SC
30150,-19.937030238415357,-43.9283029196434,belo horizonte,MG
4195,-23.658553344877276,-46.61315590781442,sao paulo,SP
3918,-23.58797560283337,-46.519344566189645,sao paulo,SP
20930,-22.889615081049072,-43.234126219256765,rio de janeiro,RJ
11320,-23.970524919494054,-46.36959603035533,sao vicente,SP
30570,-19.95306328294694,-43.98107478116229,belo horizonte,MG
90660,-30.06059541465176,-51.1979987976801,porto alegre,RS
6544,-23.460913299388324,-46.85266778343527,santana de parnaiba,SP
30260,-19.9285608820474,-43.91119106356392,belo horizonte,MG
35790,-18.74377936631264,-44.43486999816846,curvelo,MG
36500,-21.10450427231029,-42.96394089291139,uba,MG
18500,-23.04640332135325,-47.836830984733005,laranjal paulista,SP
14610,-20.44644859902165,-48.0180053901941,ipua,SP
38401,-18.89742739056445,-48.29566165137711,uberlandia,MG
31270,-19.854120174851424,-43.959463203849104,belo horizonte,MG
20930,-22.88668661289672,-43.22629815307703,rio de janeiro,RJ
13092,-22.906991503750906,-47.0419335,campinas,SP
3187,-23.559063789341565,-46.57831975243804,são paulo,SP
79150,-21.62965071341422,-55.1597193540713,maracaju,MS
38022,-19.7555267429773,-47.93987924589744,uberaba,MG
18300,-24.004362735693693,-48.3465126193728,capao bonito,SP
17512,-22.163008001280573,-49.94857711482154,marilia,SP
7810,-23.320919888616043,-46.76349181525072,franco da rocha,SP
30140,-19.93152079349651,-43.93041276449885,belo horizonte,MG
35400,-20.38032625451551,-43.51680965973221,ouro preto,MG
39100,-18.23963486388903,-43.60182630092477,diamantina,MG
18500,-23.06923128057385,-47.82829074210301,laranjal paulista,SP
37520,-22.250513088444364,-45.46319525424106,pedralva,MG
32678,-19.9319000291419,-44.099541738963616,betim,MG
14808,-21.816988019158583,-48.13695783166944,araraquara,SP
36033,-21.7854942850424,-43.36601092437529,juiz de fora,MG
84145,-24.94821302436606,-50.11880287584231,carambei,PR
24210,-22.90047136176052,-43.11998204108996,niteroi,RJ
52070,-8.024607932281123,-34.9197003702464,recife,PE
87030,-23.416808914888136,-51.92556988227155,maringa,PR
20550,-22.91999026005544,-43.22220115029715,rio de janeiro,RJ
14840,-21.37039035567868,-48.23413516204946,guariba,SP
32040,-19.922468065840437,-44.0749093402921,contagem,MG
4849,-23.85386715015292,-46.7062500910324,sao paulo,SP
9210,-23.63294421233187,-46.53373750943505,santo andre,SP
89600,-27.17062501693688,-51.50613245282469,joacaba,SC
18206,-23.611114958531605,-48.06147247541357,itapetininga,SP
25015,-22.791263276347767,-43.31672696401939,duque de caxias,RJ
13930,-22.6048298731606,-46.70613930904841,serra negra,SP
11730,-24.10308135497589,-46.65472650292143,mongagua,SP
20550,-22.91614802305372,-43.23029826908648,rio de janeiro,RJ
13520,-22.54457265621889,-47.90059024257072,são pedro,SP
36420,-20.531856607130965,-43.71511674075016,ouro branco,MG
31035,-19.899246122944252,-43.91757669525075,belo horizonte,MG
38440,-18.655690019035696,-48.184261073109546,araguari,MG
30431,-19.935173232298517,-43.96408914002537,belo horizonte,MG
95200,-28.620893450409604,-51.04321308303557,vacaria,RS
11900,-24.49815873105776,-47.8540871297536,registro,SP
29101,-20.32939861265713,-40.2799987305859,vila velha,ES
25780,-22.14739080042253,-42.92450537997665,são josé do vale do rio preto,RJ
18681,-22.597039303684426,-48.78322131626626,lencois paulista,SP
85801,-24.958250434358597,-53.4632542048587,cascavel,PR
4438,-23.672002524567016,-46.66913364026612,sao paulo,SP
13330,-23.07473482365588,-47.20412642528448,indaiatuba,SP
38195,-19.93617402521064,-47.54311987797056,conquista,MG
35960,-19.960539197422023,-43.40792770725918,santa barbara,MG
22410,-22.98446304302037,-43.21422328031053,rio de janeiro,RJ
6542,-23.47515897266035,-46.86705626292081,santana de parnaiba,SP
22730,-22.920252746609663,-43.366210633764304,rio de janeiro,RJ
19804,-22.66664390481266,-50.43575795796057,assis,SP
56000,-8.068941156422515,-39.120705379609866,salgueiro,PE
45653,-14.797891692373984,-39.03263873763577,ilheus,BA
26525,-22.80810244826752,-43.42317527553308,nilopolis,RJ
29290,-20.868974999999992,-40.941081,rio novo do sul,ES
35701,-19.47755134409172,-44.24882027493537,sete lagoas,MG
6765,-23.614331051399017,-46.78001178269458,taboao da serra,SP
13320,-23.204533808500155,-47.29646690536094,salto,SP
24360,-22.92080861944341,-43.09368761944342,niterói,RJ
89012,-26.912052419095158,-49.07961216902303,blumenau,SC
14784,-20.573920500404267,-48.54713144227844,barretos,SP
9910,-23.693172055513845,-46.62758506134223,diadema,SP
38610,-16.369666104440647,-46.88844177938213,unai,MG
6852,-23.711999038621556,-46.85931236190325,itapecerica da serra,SP
95020,-29.16884498762129,-51.17543264642744,caxias do sul,RS
22070,-22.981997493479124,-43.19113350098096,rio de janeiro,RJ
32223,-19.95839502533486,-44.035192411225566,contagem,MG
38610,-16.36947077475463,-46.88794231004625,unai,MG
14802,-21.780194460377903,-48.190014705092686,araraquara,SP
82640,-25.37100047155059,-49.2397722187085,curitiba,PR
4117,-23.58972250375091,-46.62647032944776,sao paulo,SP
5374,-23.57795309186912,-46.75814951249347,são paulo,SP
78556,-11.864596739840197,-55.529365241777874,sinop,MT
9371,-23.675085000000003,-46.471959766854326,maua,SP
4726,-23.63416334110451,-46.71416132653354,sao paulo,SP
83880,-26.08176564331912,-49.81798204696452,rio negro,PR
22780,-22.96874402664229,-43.39862745826041,rio de janeiro,RJ
74915,-16.73860542851114,-49.270203391194265,aparecida de goiania,GO
4850,-23.74966972938433,-46.67685045406543,sao paulo,SP
9080,-23.63199077841407,-46.546278907748594,santo andre,SP
9950,-23.68772666723403,-46.58369967586103,diadema,SP
26087,-22.712772488731687,-43.5310582849396,nova iguacu,RJ
39270,-17.34307139913931,-44.92704419337095,pirapora,MG
22250,-22.94168746849216,-43.17306693381035,rio de janeiro,RJ
5414,-23.564844,-46.67999174999999,sao paulo,SP
18540,-23.2000649468175,-47.52130048909916,porto feliz,SP
13405,-22.706567802094845,-47.67284539716662,piracicaba,SP
11250,-23.792126158189323,-46.02211021417138,bertioga,SP
28740,-22.078458389252805,-41.87075038695605,conceicao de macabu,RJ
9821,-23.754591275422783,-46.554812236171614,sao bernardo do campo,SP
5351,-23.562731503750918,-46.7556109941716,sao paulo,SP
89801,-27.093520844602438,-52.609265242735496,chapeco,SC
36570,-20.73660240081679,-42.86087672814005,vicosa,MG
37925,-20.475565432584386,-45.95940836228145,piumhii,MG
89560,-27.010512360418872,-51.15015038752958,videira,SC
33600,-19.649499987680944,-44.05794211254637,pedro leopoldo,MG
89224,-26.267894634835955,-48.89185029306233,joinville,SC
85504,-26.226112840511604,-52.66655452988211,pato branco,PR
56000,-8.070541063892247,-39.12396422655332,salgueiro,PE
69918,-9.926145000000002,-67.83511725,rio branco,AC
31573,-19.80870967370089,-43.98942694579767,belo horizonte,MG
24241,-22.90327645432524,-43.095842109902506,niteroi,RJ
8790,-23.531129518335824,-46.16811388252825,mogi das cruzes,SP
80610,-25.471421740826965,-49.29236043330176,curitiba,PR
11730,-24.129977298740084,-46.6964222537597,mongagua,SP
22743,-22.927657290009694,-43.34342328393373,rio de janeiro,RJ
9921,-23.67675295127258,-46.6112569825063,diadema,SP
13232,-23.21379933531598,-46.761712762062274,campo limpo paulista,SP
24440,-22.82767526183995,-43.05351929286674,sao goncalo,RJ
86050,-23.33253314835099,-51.17446758147525,londrina,PR
95110,-29.20383087915839,-51.23083491669267,caxias do sul,RS
21031,-22.84382411824106,-43.25434683637264,rio de janeiro,RJ
23895,-22.7436918880869,-43.708147114619806,seropedica,RJ
37502,-22.429248034028006,-45.45393843461251,itajuba,MG
4726,-23.633789374769695,-46.71445034472435,sao paulo,SP
7600,-23.314355880942895,-46.56802355892557,mairipora,SP
25070,-22.786849727597502,-43.30748826236474,duque de caxias,RJ
35960,-19.96227636170662,-43.417076819146686,santa barbara,MG
2846,-23.46474098112987,-46.69834625160131,sao paulo,SP
69900,-9.96544875437128,-67.81145460268915,rio branco,AC
9371,-23.67127456104931,-46.47225045434042,maua,SP
30190,-19.92382821397665,-43.94035730890418,belo horizonte,MG
13660,-21.856388452513137,-47.45164470293317,porto ferreira,SP
38401,-18.897445885654086,-48.28366926810553,uberlandia,MG
75920,-17.807940240906625,-50.603543907871206,santa helena de goiás,GO
4001,-23.570609490420704,-46.6504746648681,sao paulo,SP
13880,-21.831468123014503,-46.89201337606665,vargem grande do sul,SP
24210,-22.89929838022973,-43.12575488204739,niteroi,RJ
5871,-23.683828064853888,-46.77404530783507,sao paulo,SP
18530,-23.103707527969288,-47.72632778040694,tiete,SP
84400,-25.217467753657903,-50.97889689870357,prudentópolis,PR
78360,-13.647120271880931,-57.89618052886328,campo novo do parecis,MT
9061,-23.648957412718516,-46.56489324008879,santo andre,SP
89107,-26.72763833460473,-49.179486643013576,pomerode,SC
13304,-23.26249673556838,-47.286050745809305,itu,SP
21031,-22.850092172918178,-43.26273857118132,rio de janeiro,RJ
39740,-18.78087415629316,-42.92989322672941,guanhaes,MG
7181,-23.417822590454065,-46.45572044481024,guarulhos,SP
13660,-21.874759386089536,-47.47150623034395,porto ferreira,SP
28950,-22.73940710145662,-41.960397296658336,armacao dos buzios,RJ
38280,-19.726134704248373,-50.20209259563412,iturama,MG
8210,-23.54066871135092,-46.453401127099184,sao paulo,SP
4863,-23.76218454815625,-46.71000085928214,sao paulo,SP
22251,-22.943788512349247,-43.18624699930752,rio de janeiro,RJ
95020,-29.16568989637304,-51.168900969250906,caxias do sul,RS
21330,-22.881837311674143,-43.35888110822908,rio de janeiro,RJ
1232,-23.53293017790984,-46.65910570246412,sao paulo,SP
13565,-21.96932631415452,-47.90130414774835,sao carlos,SP
4567,-23.61190155259965,-46.69139070275257,sao paulo,SP
68908,0.0512937334951984,-51.05210027270899,macapa,AP
35500,-20.119854196233035,-44.88330379595224,divinopolis,MG
6764,-23.614793015263437,-46.76943044685208,taboao da serra,SP
7054,-23.462655946707848,-46.56051302262102,guarulhos,SP
20520,-22.92491519761669,-43.23153064585375,rio de janeiro,RJ
99900,-27.881892199160976,-52.22891012760859,getulio vargas,RS
80420,-25.435769312510857,-49.278902170004,curitiba,PR
11065,-23.96845860892156,-46.35377614946042,santos,SP
35160,-19.515913983899843,-42.56269634318196,ipatinga,MG
8577,-23.480106381846078,-46.3651044152054,itaquaquecetuba,SP
19400,-21.86812637113394,-51.84880885761658,presidente venceslau,SP
13990,-22.205830411693714,-46.75649633954284,espirito santo do pinhal,SP
80060,-25.430311246465426,-49.26111153857696,curitiba,PR
20550,-22.923558953372943,-43.22731369649151,rio de janeiro,RJ
86900,-23.60111820963373,-51.6493409674858,jandaia do sul,PR
18550,-23.284770873973702,-47.67478669886035,boituva,SP
11050,-23.955968210658423,-46.3288636054591,santos,SP
82510,-25.40810533748505,-49.24142271881124,curitiba,PR
30260,-19.9232684321369,-43.91291832460031,belo horizonte,MG
87030,-23.41680703655876,-51.92790850024601,maringa,PR
12951,-23.12511088343238,-46.57729560268914,atibaia,SP
35519,-19.88282870017123,-44.97777805047089,nova serrana,MG
45400,-13.370690793741472,-39.08384149511052,valenca,BA
68515,-6.071923053395328,-49.86124870067129,parauapebas,PA
35300,-19.772710140599948,-42.13242094062737,caratinga,MG
13044,-22.93963775441951,-47.04243329355622,campinas,SP
88715,-28.620478945345585,-49.02507722435421,jaguaruna,SC
36500,-21.129409398126487,-42.94039286720248,uba,MG
37136,-21.410881640737,-45.95636088818557,alfenas,MG
28950,-22.798063223448647,-41.93074108283603,armacao de buzios,RJ
24030,-22.88533847734737,-43.11521808185754,niteroi,RJ
37135,-21.424874812411087,-45.954293836548025,alfenas,MG
18600,-22.880673839986,-48.43942301965384,botucatu,SP
4140,-23.607604897022387,-46.6300774381095,sao paulo,SP
86300,-23.18447980564904,-50.65529737873874,cornelio procopio,PR
89160,-27.203063489324183,-49.663611,rio do sul,SC
15085,-20.840240757489934,-49.389909021897466,sao jose do rio preto,SP
6341,-23.570267810202925,-46.81849575387459,carapicuiba,SP
12450,-22.82552193701808,-45.66498326381224,santo antonio do pinhal,SP
32180,-19.861543029259565,-44.03024281943286,contagem,MG
6020,-23.535839005222797,-46.76346851488806,osasco,SP
2422,-23.470699976686475,-46.63502535858965,sao paulo,SP
71741,-15.914042839243963,-47.94745558922231,brasilia,DF
8616,-23.55697276470547,-46.29346719493465,suzano,SP
19970,-22.78524547971167,-50.22106662660165,palmital,SP
12912,-22.955670705673995,-46.53139535171882,braganca paulista,SP
35560,-20.096442253426805,-45.296241095314095,santo antonio do monte,MG
9725,-23.71154233604911,-46.55627183410148,sao bernardo do campo,SP
12327,-23.296044206215036,-45.97826089301167,jacarei,SP
18681,-22.597604385140144,-48.78143450299075,lencois paulista,SP
20250,-22.919901841797003,-43.20860348791054,rio de janeiro,RJ
35162,-19.47669201526344,-42.56692673091352,ipatinga,MG
20720,-22.909994223440368,-43.291447648623695,rio de janeiro,RJ
28950,-22.752995243062838,-41.87587186627816,armacao de buzios,RJ
12246,-23.220483396690053,-45.90807102418034,sao jose dos campos,SP
35300,-19.791654940997145,-42.14069765223662,caratinga,MG
3946,-23.59593016763806,-46.48938598612153,sao paulo,SP
64600,-7.084491160911129,-41.46374943002572,picos,PI
88730,-28.32219069244337,-49.17599923179213,sao ludgero,SC
3555,-23.53766938550985,-46.50000543075191,sao paulo,SP
11630,-23.810112088996693,-45.35198366657139,ilhabela,SP
31330,-19.87346655602973,-43.99012523197743,belo horizonte,MG
7273,-23.457797371631397,-46.41711864778698,guarulhos,SP
95082,-29.180213084473536,-51.17530453335701,caxias do sul,RS
9618,-23.66739951154119,-46.56078047155057,são bernardo do campo,SP
30110,-19.939787603254004,-43.93166384690661,belo horizonte,MG
12912,-22.946354989179955,-46.53632650735758,braganca paulista,SP
19061,-22.12631105488584,-51.41272675255259,presidente prudente,SP
87050,-23.42418449419867,-51.925580778373146,maringa,PR
6020,-23.53531833420345,-46.76131673240765,osasco,SP
8440,-23.537962875382306,-46.41045630030584,sao paulo,SP
29060,-20.28564675797796,-40.29421094367809,vitoria,ES
12242,-23.20790920595904,-45.91605750992277,são josé dos campos,SP
14050,-21.172429508742567,-47.82639873980034,ribeirao preto,SP
82710,-25.3540207621329,-49.26018840966008,curitiba,PR
7031,-23.49189491395926,-46.54629394463038,guarulhos,SP
24130,-22.879331161809688,-43.08830329961335,niterói,RJ
29090,-20.26073450432782,-40.27161124854291,vitoria,ES
12940,-23.113085333054432,-46.55176426879801,atibaia,SP
6765,-23.61877003052688,-46.77025147446477,taboao da serra,SP
74333,-16.687097999999995,-49.33419524999999,goiania,GO
88330,-26.99585172300768,-48.634544315569286,balneário camboriú,SC
7183,-23.44204613543773,-46.45941628434991,guarulhos,SP
20261,-22.930130839027036,-43.20910864836392,rio de janeiro,RJ
5634,-23.608349214265107,-46.73536441534424,sao paulo,SP
86300,-23.18113325595869,-50.64906391107206,cornelio procopio,PR
95200,-28.51359122496714,-50.95525552062457,vacaria,RS
37590,-22.28839344168816,-46.6217628834136,jacutinga,MG
87030,-23.4174661941137,-51.92899899679055,maringa,PR
13720,-21.6011555436322,-46.9005467039299,sao jose do rio pardo,SP
38401,-18.8808178532138,-48.28050498023468,uberlândia,MG
66085,-1.4364536014484075,-48.47117036496629,belem,PA
51010,-8.0835811967679,-34.88177191738355,recife,PE
8260,-23.567324385509856,-46.426537016648425,sao paulo,SP
12701,-22.57498295747967,-44.96395759093229,cruzeiro,SP
5409,-23.553128682209007,-46.6770766799873,sao paulo,SP
11730,-24.12375729622332,-46.69363676540784,mongagua,SP
5713,-23.62530701322853,-46.72809068542597,sao paulo,SP
17066,-22.30972013434121,-49.11864915638532,bauru,SP
36520,-21.002556157928563,-42.83700896923416,visconde do rio branco,MG
22410,-22.985883869553916,-43.20717020370487,rio de janeiro,RJ
66073,-1.4581355131859732,-48.46169825618895,belem,PA
95200,-28.503490404826344,-50.940032786733696,vacaria,RS
12246,-23.212765026371944,-45.90958157074864,sao jose dos campos,SP
13930,-22.62272447168838,-46.70110075222737,serra negra,SP
1321,-23.56596496641469,-46.64287299085339,sao paulo,SP
35162,-19.482573153759606,-42.58524135345375,ipatinga,MG
35162,-19.46921220843673,-42.564669023601965,ipatinga,MG
3164,-23.549625597553256,-46.61126537399732,sao paulo,SP
39600,-16.85080900555281,-42.06534408899015,aracuai,MG
36016,-21.76662298251486,-43.34840917721734,juiz de fora,MG
22410,-22.98325523036527,-43.21124077641539,rio de janeiro,RJ
21031,-22.8516515523112,-43.25731618526744,rio de janeiro,RJ
4363,-23.647515686075497,-46.66750434070048,sao paulo,SP
78556,-11.86026509852752,-55.53212288202556,sinop,MT
26087,-22.71480605626924,-43.5281478938847,nova iguacu,RJ
65075,-2.5108111197756946,-44.2960667353092,são luís,MA
7850,-23.333093201114117,-46.72810361102526,franco da rocha,SP
3982,-23.613842084655747,-46.506157580212346,sao paulo,SP
18300,-24.004939119885705,-48.3444924716876,capao bonito,SP
6380,-23.53958737913557,-46.83927534272284,carapicuiba,SP
41181,-12.9541977427323,-38.4387007755083,salvador,BA
87501,-23.75821995276737,-53.30929436190786,umuarama,PR
1239,-23.549351050781983,-46.656742609498494,sao paulo,SP
38400,-18.916942457034786,-48.2729096346796,uberlandia,MG
30441,-19.93594154177962,-43.9561395364995,belo horizonte,MG
11900,-24.497584596168284,-47.86868051053157,registro,SP
3513,-23.534456804605007,-46.52176920690753,sao paulo,SP
88220,-27.102098999999946,-48.62961349999995,itapema,SC
39650,-17.219988224940046,-42.58461572012398,minas novas,MG
30494,-19.95649398573336,-43.95764234388469,belo horizonte,MG
6730,-23.613991599822803,-47.00848365496413,vargem grande paulista,SP
82300,-25.416862229105508,-49.34961597914414,curitiba,PR
25946,-22.540851692555776,-42.98215555453944,guapimirim,RJ
32900,-20.06453349555849,-44.29151142077952,igarape,MG
28035,-21.75951786328138,-41.33042743469697,campos dos goytacazes,RJ
6765,-23.614331051399017,-46.78001178269458,taboao da serra,SP
25953,-22.41517013288325,-42.967255072433495,teresopolis,RJ
82820,-25.421268248398675,-49.20604302801673,curitiba,PR
5885,-23.675465598389977,-46.78676756924807,sao paulo,SP
81270,-25.45368425783373,-49.35624711740433,curitiba,PR
35680,-20.084864425037782,-44.57892823373385,itaúna,MG
20261,-22.921746663338887,-43.21474952207277,rio de janeiro,RJ
31035,-19.9007158462404,-43.92072246779968,belo horizonte,MG
26525,-22.806028176654152,-43.42696968094928,nilopolis,RJ
12030,-23.029823324392854,-45.56480442406116,taubate,SP
23510,-22.91591817401471,-43.681629446852064,rio de janeiro,RJ
6036,-23.559759219545228,-46.77569688219163,osasco,SP
26215,-22.752705499999934,-43.44522309499996,nova iguacu,RJ
90420,-30.03707848765075,-51.197021487362285,porto alegre,RS
6020,-23.53314862003007,-46.76046091150642,osasco,SP
30710,-19.91499990452421,-43.96384338536563,belo horizonte,MG
17250,-22.08198256652423,-48.74176139884907,bariri,SP
22041,-22.97193416374293,-43.18678127448214,rio de janeiro,RJ
22070,-22.98343078795659,-43.1908006372554,rio de janeiro,RJ
45848,-16.576514198335328,-39.55898816504178,itabela,BA
80610,-25.47115647439337,-49.28818128564087,curitiba,PR
13419,-22.73278352152452,-47.64165512629112,piracicaba,SP
11630,-23.844440292375715,-45.4045409784498,ilhabela,SP
30570,-19.958125013041744,-43.98248410796926,belo horizonte,MG
13561,-22.014946613653425,-47.90148946378896,são carlos,SP
96015,-31.763764655288814,-52.33630543505108,pelotas,RS
11680,-23.433960766796023,-45.08100677248083,ubatuba,SP
11700,-24.010903005828386,-46.40075038190318,praia grande,SP
18071,-23.46744516380488,-47.50346491421539,sorocaba,SP
32678,-19.93159432725089,-44.10919766507682,betim,MG
7133,-23.4330241851232,-46.50901747960066,guarulhos,SP
97670,-28.63080506737043,-56.02853519235636,sao borja,RS
40231,-12.993891962211633,-38.50005084849491,salvador,BA
5008,-23.52992897613822,-46.68222476325808,sao paulo,SP
3210,-23.601541212591663,-46.548090120866775,sao paulo,SP
29056,-20.3050539755613,-40.30116679075521,vitoria,ES
85877,-25.34629754296872,-54.24350215483284,sao miguel do iguacu,PR
23080,-22.89603592319299,-43.56430371270231,rio de janeiro,RJ
21615,-22.8652711531538,-43.40395615167976,rio de janeiro,RJ
6850,-23.716905464337227,-46.85029378183975,itapecerica da serra,SP
30140,-19.927058793236704,-43.94375903067111,belo horizonte,MG
88050,-27.50782456036128,-48.51343236063845,florianopolis,SC
2976,-23.47645654148384,-46.71583367688456,sao paulo,SP
25070,-22.78715179449721,-43.30625912794845,duque de caxias,RJ
28860,-22.49092835943405,-42.20286503126432,casimiro de abreu,RJ
85845,-25.061885958535942,-53.87945783009962,vera cruz do oeste,PR
91330,-30.035115470454063,-51.16282390619765,porto alegre,RS
85801,-24.95855706272721,-53.46192378071457,cascavel,PR
30180,-19.93410320676329,-43.94880457868314,belo horizonte,MG
14910,-21.742265529232093,-48.692692840768544,tabatinga,SP
13304,-23.282271480725843,-47.27520313211952,itu,SP
24451,-22.83778852738089,-43.01210347482567,sao goncalo,RJ
60135,-3.7475067207859833,-38.50462534401871,fortaleza,CE
69915,-9.972864438331058,-67.86042137753479,rio branco,AC
71741,-15.938342977377175,-47.957302637767626,brasília,DF
85605,-26.07286066074871,-53.04104992054232,francisco beltrao,PR
22240,-22.9368894723873,-43.19018451635996,rio de janeiro,RJ
3555,-23.536466476542245,-46.5016349023025,sao paulo,SP
11700,-24.00909982070517,-46.41161999278665,praia grande,SP
36570,-20.762209380226185,-42.88066261729732,vicosa,MG
36280,-20.96091597433312,-43.810496282141536,carandai,MG
75400,-16.356939530465148,-49.49847249781114,inhumas,GO
9080,-23.643055279473824,-46.536829158174335,santo andre,SP
36570,-20.736179608458887,-42.87777963447609,vicosa,MG
27120,-22.468394467967407,-43.82542575867966,barra do pirai,RJ
13085,-22.78991780682671,-47.07193224424372,campinas,SP
9185,-23.68859000360571,-46.53042000196676,santo andre,SP
39270,-17.351642409724043,-44.94874762703289,pirapora,MG
90010,-30.0328824343586,-51.23068309313852,porto alegre,RS
21920,-22.79984614847948,-43.20011683749783,rio de janeiro,RJ
1209,-23.541698074932228,-46.64299482154188,sao paulo,SP
5761,-23.634378034794224,-46.76415225771402,sao paulo,SP
9580,-23.642546081084767,-46.576991511161495,sao caetano do sul,SP
9061,-23.65241705912053,-46.55309608979165,santo andre,SP
36570,-20.75671554822201,-42.88193964513109,vicosa,MG
87303,-24.030401998978338,-52.37044111172343,campo mourao,PR
14021,-21.208098499307507,-47.79471966180967,ribeirão preto,SP
80510,-25.42116304633859,-49.28417803052688,curitiba,PR
11700,-24.01360939580072,-46.41521294862632,praia grande,SP
22411,-22.9799818312442,-43.203719087484,rio de janeiro,RJ
9912,-23.69310537555519,-46.62071809544712,diadema,SP
11045,-23.969284459893828,-46.32717677491483,santos,SP
32110,-19.884919621808127,-44.01905200398009,contagem,MG
9080,-23.64674321275828,-46.53486316362678,santo andre,SP
6268,-23.501828767841157,-46.7846018173411,osasco,SP
1026,-23.53984025062037,-46.6302639919499,sao paulo,SP
27213,-22.50360022009349,-44.09081783611284,volta redonda,RJ
90880,-30.059694608921564,-51.22848959908249,porto alegre,RS
18300,-24.00589641540174,-48.34712010652321,capao bonito,SP
5894,-23.65342363419699,-46.78752497307979,sao paulo,SP
38408,-18.914798483207356,-48.25175111310516,uberlandia,MG
24030,-22.883714999999995,-43.11595857254132,niterói,RJ
11320,-23.97242519856393,-46.371264531333615,sao vicente,SP
28250,-21.42030085654377,-41.69122535346674,italva,RJ
72322,-15.86139821430917,-48.09018283327861,brasilia,DF
5303,-23.527418207600004,-46.73085015070119,sao paulo,SP
7183,-23.44219437829649,-46.464447750764606,guarulhos,SP
1403,-23.56903555842803,-46.654850252293805,sao paulo,SP
21340,-22.871779878988978,-43.350980201367584,rio de janeiro,RJ
6412,-23.49883105349887,-46.879993145320114,barueri,SP
25213,-22.67730542105793,-43.28226004547834,duque de caxias,RJ
28950,-22.77325559523773,-41.91502159040546,armacao dos buzios,RJ
9360,-23.685934938212725,-46.45336842416514,maua,SP
25665,-22.501037191583706,-43.22394359914526,petropolis,RJ
20230,-22.91246037108313,-43.19217621801601,rio de janeiro,RJ
3929,-23.606357134052764,-46.4863142463212,sao paulo,SP
14401,-20.52487352320961,-47.38751769572912,franca,SP
12955,-23.12864321569558,-46.470073874949286,bom jesus dos perdoes,SP
14070,-21.1178483086776,-47.79140061224639,ribeirao preto,SP
36010,-21.764199268942235,-43.34878229003406,juiz de fora,MG
44007,-12.263934080776172,-38.98329396093864,feira de santana,BA
36401,-20.65324113346888,-43.77427315926618,conselheiro lafaiete,MG
88370,-26.89766344904301,-48.6454827926142,navegantes,SC
38304,-18.99335368684125,-49.456681753061176,ituiutaba,MG
68908,0.055467085682436,-51.05618123992249,macapa,AP
28615,-22.357328979568507,-42.51506760306321,nova friburgo,RJ
2518,-23.511444059897368,-46.66617891318112,sao paulo,SP
9080,-23.626198382739894,-46.54502592368278,santo andre,SP
4001,-23.57146028810082,-46.65114074464776,sao paulo,SP
15025,-20.80569318736774,-49.38112956689511,são josé do rio preto,SP
11250,-23.83579846590012,-46.14003403409987,bertioga,SP
22440,-22.98216442853021,-43.22010142241336,rio de janeiro,RJ
11900,-24.50197065549623,-47.862127275238,registro,SP
87200,-23.65385694447071,-52.60956393171807,cianorte,PR
80510,-25.424093975301496,-49.27704772522938,curitiba,PR
31035,-19.89789517929482,-43.92090105773555,belo horizonte,MG
14403,-20.563686197690167,-47.37626407732565,franca,SP
27700,-22.402805520577058,-43.66215864486074,vassouras,RJ
9950,-23.68587566934512,-46.588711835235294,diadema,SP
15990,-21.60295261831626,-48.356485444747335,matao,SP
49010,-10.909696500000004,-37.06002,aracaju,SE
87030,-23.40942762789321,-51.92391794305629,maringa,PR
39330,-16.207133320247507,-44.4463775723125,brasilia de minas,MG
84430,-25.23246824590309,-50.59826018746272,imbituva,PR
22250,-22.9391048351319,-43.17427969692419,rio de janeiro,RJ
38401,-18.880468836805328,-48.29868437968148,uberlândia,MG
22070,-22.986104573691485,-43.18995855052217,rio de janeiro,RJ
41830,-13.0052627189489,-38.45798096555135,salvador,BA
80310,-25.450694503324605,-49.30944472056773,curitiba,PR
24360,-22.92074598805477,-43.08769585720466,niteroi,RJ
44003,-12.27219317814323,-38.95533451484527,feira de santana,BA
84145,-24.952489273953397,-50.12106934691223,carambei,PR
65940,-5.820558861610145,-46.15349322056208,grajau,MA
37410,-21.68698311287899,-45.244647501778445,tres coracoes,MG
13530,-22.2531540763985,-47.82175358196366,itirapina,SP
38700,-18.60742691442144,-46.51986413774311,patos de minas,MG
6786,-23.62365352039933,-46.80536329239997,taboão da serra,SP
32223,-19.90773219080064,-44.07565472580471,contagem,MG
96015,-31.752713609210023,-52.33169234153719,pelotas,RS
27940,-22.392404798627567,-41.78689195799176,macaé,RJ
83260,-25.81826924144905,-48.53897986439721,matinhos,PR
22411,-22.98293047489746,-43.209954618096816,rio de janeiro,RJ
1232,-23.538368693029053,-46.6520329962491,sao paulo,SP
38440,-18.651338738531717,-48.18709782888011,araguari,MG
24360,-22.92080861944341,-43.09368761944342,niteroi,RJ
20220,-22.89543635221301,-43.186533334843446,rio de janeiro,RJ
95520,-29.889313621425146,-50.274178496636914,osorio,RS
90040,-30.037745639477105,-51.21038644004274,porto alegre,RS
33400,-19.641632383483618,-43.87059888364363,lagoa santa,MG
12944,-23.114583,-46.57326615375959,atibaia,SP
20530,-22.935120809336865,-43.24349242241337,rio de janeiro,RJ
13481,-22.613603275768316,-47.419960654998285,limeira,SP
13720,-21.603021878443798,-46.89271665873933,sao jose do rio pardo,SP
13520,-22.543726474753377,-47.90027233105153,sao pedro,SP
38400,-18.91905866778229,-48.27736049792252,uberlandia,MG
20220,-22.90352888259565,-43.206074371083126,rio de janeiro,RJ
9015,-23.66121099194992,-46.52160747377229,santo andre,SP
20031,-22.91199657230649,-43.17870415652955,rio de janeiro,RJ
62320,-3.7262555021846753,-40.98993604952991,tiangua,CE
99200,-28.84974599532159,-51.89130069769956,guapore,RS
87502,-23.757594548704517,-53.29094486606281,umuarama,PR
35590,-20.01917209750172,-45.54262157005064,lagoa da prata,MG
88301,-26.919909916539257,-48.65289182696942,itajai,SC
24355,-22.9402829757993,-43.04025402750223,niterói,RJ
16050,-21.20044424562872,-50.43465351012754,aracatuba,SP
97015,-29.69342595938612,-53.81049671625075,santa maria,RS
39873,-17.077952210212292,-40.71952902509816,machacalis,MG
4142,-23.611522798776623,-46.63215707729815,sao paulo,SP
88730,-28.323303538890897,-49.17968473436584,sao ludgero,SC
82320,-25.40400822759531,-49.339546130301855,curitiba,PR
85170,-25.695339245399637,-51.66141754851698,pinhao,PR
15570,-20.080899114730883,-49.913080564240346,cardoso,SP
12570,-22.84705747765845,-45.24270250158212,aparecida,SP
11680,-23.44937505828381,-45.076769481129865,ubatuba,SP
9725,-23.698688376594813,-46.55876214201264,sao bernardo do campo,SP
90220,-30.02075677324141,-51.2082067112067,porto alegre,RS
30270,-19.91684933611285,-43.905507150152914,belo horizonte,MG
1229,-23.54108734139297,-46.65733920275257,sao paulo,SP
35720,-19.55037453989944,-44.08871891013983,matozinhos,MG
36400,-20.660338458071134,-43.7994384144048,conselheiro lafaiete,MG
71070,-15.847542425527864,-47.97408825282447,brasilia,DF
36050,-21.72652042853021,-43.33804642131685,juiz de fora,MG
84010,-25.092823697753445,-50.16246596709628,ponta grossa,PR
6447,-23.546650665053967,-46.8795078915323,barueri,SP
9780,-23.715201680704297,-46.533237955774574,sao bernardo do campo,SP
73890,-14.454624074241767,-47.03812444883299,flores de goias,GO
6268,-23.504515280887464,-46.769710273674086,osasco,SP
29102,-20.363575341870902,-40.30196279414314,vila velha,ES
1415,-23.557769846564184,-46.66324238451366,sao paulo,SP
6311,-23.51829201893079,-46.85192128324788,carapicuiba,SP
9220,-23.627936730635604,-46.53772354718555,santo andre,SP
11630,-23.8328032285256,-45.372817825611264,ilhabela,SP
11040,-23.972030276444052,-46.31967157256631,santos,SP
13972,-22.427136412353278,-46.81598881444031,itapira,SP
17250,-22.06288273886616,-48.73323274298501,bariri,SP
28035,-21.757966590471828,-41.33278335317736,campos dos goytacazes,RJ
1415,-23.563902562582975,-46.66974156939232,sao paulo,SP
35960,-19.961642999999945,-43.406071999999966,santa barbara,MG
13720,-21.582859558256565,-46.908697197364,sao jose do rio pardo,SP
84145,-24.94321565223204,-50.13122276492632,carambei,PR
2078,-23.503345480437392,-46.594937865803,sao paulo,SP
35600,-19.753486471413037,-45.26189679739908,bom despacho,MG
25931,-22.614224478693103,-43.17863599329833,mage,RJ
73840,-13.038016249096009,-46.76459579867642,campos belos,GO
38401,-18.898392960038056,-48.28217346003804,uberlandia,MG
18705,-23.105587020777083,-48.944551060265766,avare,SP
14401,-20.525200166896315,-47.38377971603646,franca,SP
89224,-26.269151091235848,-48.81026038567644,joinville,SC
28770,-21.95963696087121,-42.012295047108566,santa maria madalena,RJ
1403,-23.56995998167813,-46.65466159784173,sao paulo,SP
39400,-16.733049580068123,-43.86064209256159,montes claros,MG
12942,-23.125967485267356,-46.55883853467952,atibaia,SP
88730,-28.3580035494766,-49.1735077907367,sao ludgero,SC
99200,-28.84466638824505,-51.89703582022899,guapore,RS
11700,-24.00109676773919,-46.41254004857276,praia grande,SP
89012,-26.9079579955566,-49.07873248404408,blumenau,SC
14405,-20.52695341370876,-47.41808176352994,franca,SP
6653,-23.54691690380579,-46.92944550202252,itapevi,SP
11630,-23.8244673547576,-45.376442114461376,ilhabela,SP
85804,-24.98909585429048,-53.49447110156397,cascavel,PR
11010,-23.932665471002323,-46.32988158964741,santos,SP
6412,-23.49971689347875,-46.87912729212108,barueri,SP
35400,-20.387034820969024,-43.48840589931861,ouro preto,MG
90230,-30.006849760488127,-51.20225775229383,porto alegre,RS
88501,-27.8157596014484,-50.32904124992789,lages,SC
17022,-22.27337559977496,-49.08649520523409,bauru,SP
4041,-23.601491496537545,-46.64415069317329,sao paulo,SP
3572,-23.57516623535694,-46.50207510574756,sao paulo,SP
18050,-23.52983427238196,-47.48950578262331,sorocaba,SP
22041,-22.97193416374293,-43.18678127448214,rio de janeiro,RJ
65075,-2.4981584454671,-44.28791086372553,sao luis,MA
20241,-22.91983908298232,-43.179898002221705,rio de janeiro,RJ
85816,-24.954693591436417,-53.41758015693359,cascavel,PR
30160,-19.927165044405346,-43.94086154330881,belo horizonte,MG
4054,-23.614420746321205,-46.639500191240046,sao paulo,SP
87030,-23.406889262262396,-51.92165269289909,maringa,PR
23085,-22.89053754674261,-43.55823569040332,rio de janeiro,RJ
37925,-20.47989865935411,-45.96045082978706,piumhi,MG
37701,-21.798789191357105,-46.517027789760505,pocos de caldas,MG
87083,-23.381576999999997,-51.94978424999998,maringá,PR
13160,-22.5763240994616,-47.1671829657125,artur nogueira,SP
11630,-23.798719705712998,-45.3576845967247,ilhabela,SP
18130,-23.528493020543564,-47.14026961197998,sao roque,SP
45028,-14.854965514494817,-40.822365172108135,vitória da conquista,BA
11630,-23.81645445228569,-45.36708527694567,ilhabela,SP
36500,-21.115029527458915,-42.89518860983569,uba,MG
89620,-27.401501401968137,-51.22573567081265,campos novos,SC
36570,-20.7611145,-42.87888674999999,vicosa,MG
66095,-1.4339743985802462,-48.45525801722535,belem,PA
95900,-29.46392505668444,-51.95971246841364,lajeado,RS
38400,-18.9251381312828,-48.27687673480866,uberlandia,MG
36600,-21.716621296744453,-43.05869659121867,bicas,MG
14403,-20.559230982956265,-47.40457142730817,franca,SP
13660,-21.861612941511837,-47.45096233908878,porto ferreira,SP
13405,-22.710942470454068,-47.65964268457493,piracicaba,SP
73900,-14.08635051924885,-46.36469812048319,posse,GO
1233,-23.53508762170351,-46.66153616264639,sao paulo,SP
28910,-22.88715996922489,-42.03620842398847,cabo frio,RJ
14400,-20.535493607836077,-47.405689751222354,franca,SP
1423,-23.57249867332221,-46.65497299471987,são paulo,SP
41181,-12.955167617432236,-38.437457694294565,salvador,BA
88306,-26.925807371365057,-48.6480425454714,itajai,SC
76820,-8.74544168963966,-63.87382096725975,porto velho,RO
6719,-23.619018924818047,-46.93394989081966,cotia,SP
6395,-23.53604354510499,-46.849105665631456,carapicuiba,SP
5223,-23.4072834410237,-46.73762054954122,sao paulo,SP
97015,-29.69635931920709,-53.81659347139436,santa maria,RS
14010,-21.180529089647408,-47.80965284110451,ribeirao preto,SP
88735,-28.32819800695047,-49.05724554734975,gravatal,SC
89600,-27.16438272039104,-51.51284130364052,joacaba,SC
18500,-23.047525165610747,-47.83664668508664,laranjal paulista,SP
11900,-24.496436200386643,-47.8511112253736,registro,SP
18600,-22.88303220483004,-48.44238327309719,botucatu,SP
16301,-21.42399862739789,-50.06558824926595,penapolis,SP
13033,-22.90570991090563,-47.09614591543662,campinas,SP
13484,-22.558150991113195,-47.41699457008479,limeira,SP
12071,-23.00090341168189,-45.5348087597076,taubate,SP
65076,-2.5121460488487477,-44.30197680598998,sao luis,MA
4937,-23.68552801748514,-46.76533680904842,sao paulo,SP
12030,-23.036380720961823,-45.56857765684478,taubate,SP
37520,-22.249602478898293,-45.46408171588149,pedralva,MG
21321,-22.90033770163407,-43.35166113942709,rio de janeiro,RJ
58030,-7.113537471002317,-34.851073080904825,joao pessoa,PB
7124,-23.425771327226048,-46.5404166515379,guarulhos,SP
1403,-23.569457269778955,-46.65407225575627,sao paulo,SP
23071,-22.88563997337872,-43.57928716892626,rio de janeiro,RJ
18500,-23.03503350774905,-47.84040752825448,laranjal paulista,SP
86420,-23.42960935569881,-49.72179060017189,carlopolis,PR
95520,-29.89424915867789,-50.2754731354667,osorio,RS
17340,-22.486387588080284,-48.57212435813845,barra bonita,SP
68380,-6.638967571826055,-51.98800720423735,sao felix do xingu,PA
35162,-19.45831578628315,-42.56625462239601,ipatinga,MG
4833,-23.744095105250786,-46.70674882105016,sao paulo,SP
97015,-29.69342595938612,-53.81049671625075,santa maria,RS
14090,-21.180006513734224,-47.7829570387212,ribeirao preto,SP
9230,-23.61484754899631,-46.53023575057579,santo andre,SP
97015,-29.695321503990392,-53.81431744585536,santa maria,RS
36010,-21.76210828336896,-43.34910694976627,juiz de fora,MG
40415,-12.92400270220432,-38.50499089148246,salvador,BA
14870,-21.25435551067992,-48.32377611525953,jaboticabal,SP
4841,-23.73960594809283,-46.68738858451152,sao paulo,SP
89600,-27.189134261872823,-51.50612097257189,joacaba,SC
17039,-22.30469586538466,-48.99993195615191,bauru,SP
6447,-23.539725150191128,-46.87761015925642,barueri,SP
21825,-22.89436788842405,-43.47619027116394,rio de janeiro,RJ
21330,-22.880217310577628,-43.369103126839406,rio de janeiro,RJ
35790,-18.768879763365668,-44.42270773685056,curvelo,MG
38408,-18.92329171663104,-48.230509033585314,uberlandia,MG
9090,-23.64592223250656,-46.53993441380824,santo andre,SP
19911,-22.971716612816707,-49.86395254010617,ourinhos,SP
36047,-21.721295441903745,-43.35951028651183,juiz de fora,MG
62600,-3.68550669239871,-39.58125669021477,itapaje,CE
5047,-23.52610345268047,-46.688571,sao paulo,SP
22261,-22.957948645565285,-43.20060831819501,rio de janeiro,RJ
14403,-20.55764750129672,-47.37721352275771,franca,SP
46400,-13.954916999999943,-42.47641249999995,caetite,BA
78200,-16.053171348245325,-57.65559153873353,caceres,MT
23047,-22.92436447960067,-43.56475960644008,rio de janeiro,RJ
18048,-23.543689740745148,-47.47793615613804,sorocaba,SP
6850,-23.702228810557944,-46.85125343785422,itapecerica da serra,SP
36500,-21.11580722275093,-42.946392404897104,uba,MG
1229,-23.540146606440057,-46.65691542783773,sao paulo,SP
15076,-20.823840561084147,-49.35293844500502,sao jose do rio preto,SP
6515,-23.471187653838907,-46.89870205032972,santana de parnaiba,SP
86360,-23.1062891649204,-50.37125885589587,bandeirantes,PR
16200,-21.298566748309824,-50.33767959623378,birigui,SP
6542,-23.473988478158542,-46.87535087264904,santana de parnaiba,SP
15035,-20.808146952255104,-49.407929752203216,sao jose do rio preto,SP
6700,-23.602781368170387,-46.937583862544,cotia,SP
40300,-12.964191768249746,-38.495538256592994,salvador,BA
23059,-22.9156875,-43.5847995,rio de janeiro,RJ
9061,-23.64951167277395,-46.5626978484621,santo andre,SP
56163,-8.091424218106942,-39.577746372153655,parnamirim,PE
5743,-23.611284,-46.75268249999999,são paulo,SP
12220,-23.17947138634657,-45.86340918971084,são josé dos campos,SP
11705,-24.0321308731606,-46.50537616250216,praia grande,SP
2712,-23.510512826181017,-46.68106680544519,sao paulo,SP
36016,-21.77096742681228,-43.359082084295046,juiz de fora,MG
3374,-23.585203571469773,-46.53374711157596,sao paulo,SP
13145,-22.751964,-47.1756285,paulínia,SP
21545,-22.831779719401,-43.34471993158865,rio de janeiro,RJ
12450,-22.829699999999946,-45.69643249999996,santo antônio do pinhal,SP
6890,-23.85892862783723,-46.94840911983047,sao lourenco da serra,SP
14079,-21.12394803130861,-47.76353309871271,ribeirão preto,SP
95690,-29.646820452817398,-50.57774460121582,rolante,RS
7432,-23.41709483811477,-46.36552962165853,aruja,SP
14790,-20.357534999999945,-48.36789349999995,guaira,SP
11065,-23.96415699500834,-46.34873417485142,santos,SP
36500,-21.11291977197498,-42.97694903458667,uba,MG
35570,-20.45861371331609,-45.44371540443412,formiga,MG
7600,-23.30952838942163,-46.58452705327888,mairipora,SP
28910,-22.890018453267903,-42.03847379632825,cabo frio,RJ
13327,-23.18258373105776,-47.306631494171626,salto,SP
88540,-27.48495067771872,-50.11821908632142,otacilio costa,SC
13330,-23.08886053926945,-47.21951545934557,indaiatuba,SP
6765,-23.625767024641544,-46.77227574962599,taboao da serra,SP
29050,-20.310901980026937,-40.31066600803297,vitoria,ES
6341,-23.57450530885076,-46.82567100958013,carapicuiba,SP
6765,-23.61514534554791,-46.7786674694731,taboao da serra,SP
9725,-23.71080766395088,-46.556180165898496,sao bernardo do campo,SP
8630,-23.655299357874785,-46.32898123746934,suzano,SP
29102,-20.366392499999996,-40.301424,vila velha,ES
13972,-22.429362712661845,-46.81920947749413,itapira,SP
23080,-22.89947383260188,-43.57184268281904,rio de janeiro,RJ
13206,-23.20535752345775,-46.88048902028376,jundiai,SP
13568,-22.0174579067459,-47.85400066665712,sao carlos,SP
38700,-18.59830236068917,-46.53227408714105,patos de minas,MG
18048,-23.532693108517527,-47.470634188037394,sorocaba,SP
35900,-19.61251934397708,-43.22211712303325,itabira,MG
24130,-22.88087384036059,-43.09441555077699,niteroi,RJ
35900,-19.63715136471494,-43.2369967184271,itabira,MG
35430,-20.41636273531872,-42.90723698553992,ponte nova,MG
4142,-23.612191434749768,-46.62914743721697,são paulo,SP
7124,-23.4312797463212,-46.537373352617024,guarulhos,SP
35570,-20.45557065870895,-45.43674752174017,formiga,MG
60165,-3.7254671692561754,-38.49806677238976,fortaleza,CE
20735,-22.899041004991656,-43.28826831141434,rio de janeiro,RJ
46810,-12.083797921943942,-41.10037559677996,utinga,BA
4849,-23.744132522724502,-46.66615314671656,sao paulo,SP
81930,-25.55133796663297,-49.27832188526306,curitiba,PR
14400,-20.537251191750364,-47.40309828494978,franca,SP
22440,-22.983541711350917,-43.21881371481336,rio de janeiro,RJ
69918,-9.954624602639935,-67.83729820892233,rio branco,AC
21031,-22.849708499999995,-43.251297750000006,rio de janeiro,RJ
33130,-19.78182671667829,-43.94029140634093,santa luzia,MG
20550,-22.915799498182327,-43.23153421925677,rio de janeiro,RJ
35450,-20.257615699390385,-43.81938616768268,itabirito,MG
39600,-16.847020440041465,-42.06136957084844,araçuaí,MG
24030,-22.8858845856367,-43.12247230307581,niteroi,RJ
32315,-19.946546390953777,-44.04435398401768,contagem,MG
12570,-22.843927986473343,-45.22687130614425,aparecida,SP
9350,-23.682172619770263,-46.44222773440463,maua,SP
20540,-22.92551654123135,-43.24462953398932,rio de janeiro,RJ
20031,-22.908746125742876,-43.17736451653284,rio de janeiro,RJ
27940,-22.39316514142977,-41.78674096873264,macae,RJ
66085,-1.4376833236140392,-48.46838288752351,belem,PA
18705,-23.102093629753583,-48.93943137523807,avare,SP
21330,-22.879387685555887,-43.36604235302106,rio de janeiro,RJ
14870,-21.25748834332832,-48.32073157441452,jaboticabal,SP
20071,-22.902940308644386,-43.183364862744575,rio de janeiro,RJ
14960,-21.47423726032711,-49.23056526783562,novo horizonte,SP
22240,-22.93859160677222,-43.194398727658175,rio de janeiro,RJ
14401,-20.534042258102893,-47.39127497585661,franca,SP
60712,-3.800672875115597,-38.56957418771371,fortaleza,CE
13272,-22.94391515831964,-46.989927885527656,valinhos,SP
18055,-23.493134503750916,-47.49911916180969,sorocaba,SP
29060,-20.28697933279462,-40.293346677909845,vitoria,ES
22421,-22.982247525102533,-43.201480217179295,rio de janeiro,RJ
4304,-23.62795849624909,-46.63607436663972,sao paulo,SP
5790,-23.643973341104516,-46.7861717828207,são paulo,SP
86300,-23.181948861374043,-50.64629372239168,cornelio procopio,PR
4716,-23.628327799819857,-46.70881111293608,sao paulo,SP
14401,-20.50828980381734,-47.37097900210448,franca,SP
89224,-26.266965390789974,-48.801282244792,joinville,SC
30260,-19.92325951540767,-43.91127795657559,belo horizonte,MG
6900,-23.882228286491937,-46.80072182885568,embu-guacu,SP
14910,-21.728713665775068,-48.68897968824951,tabatinga,SP
9725,-23.71080766395088,-46.556180165898496,sao bernardo do campo,SP
91740,-30.112940817018117,-51.226609603539245,porto alegre,RS
75830,-17.577353310407975,-52.55327656121288,mineiros,GO
36083,-21.736236614490146,-43.39967668220902,juiz de fora,MG
5020,-23.533647192336566,-46.68334778296493,sao paulo,SP
9951,-23.68594682763008,-46.5889561866524,diadema,SP
44033,-12.217039041923146,-38.976753304607165,feira de santana,BA
6268,-23.49764078429259,-46.77506568688354,osasco,SP
15800,-21.138100575076464,-48.9713098148768,catanduva,SP
13173,-22.801515365261217,-47.273493094694565,sumare,SP
88085,-27.60867295530619,-48.59286544102368,florianopolis,SC
2518,-23.50862834350357,-46.66692199105698,sao paulo,SP
83324,-25.41818195350075,-49.18335736448443,pinhais,PR
35680,-20.08650984243233,-44.57917632798413,itauna,MG
6412,-23.497835562081068,-46.88298195892088,barueri,SP
23520,-22.927811406506667,-43.67759086690765,rio de janeiro,RJ
3210,-23.601201453517177,-46.54908781571352,sao paulo,SP
2242,-23.486994741279464,-46.60682213068412,sao paulo,SP
46430,-14.219351518547072,-42.77500670996023,guanambi,BA
13660,-21.856977525547496,-47.480981609448975,porto ferreira,SP
23071,-22.88955533793489,-43.58223786724763,rio de janeiro,RJ
27660,-22.168944327879192,-43.58200700632811,rio das flores,RJ
22720,-22.91784126089215,-43.38808042962675,rio de janeiro,RJ
90050,-30.039511830688497,-51.22188614960466,porto alegre,RS
40231,-12.9952652105369,-38.50448822776793,salvador,BA
22250,-22.94173238467313,-43.179955291707486,rio de janeiro,RJ
30110,-19.93935740218693,-43.92812927393389,belo horizonte,MG
88351,-27.0715866392232,-48.92803626794562,brusque,SC
83403,-25.33422592758873,-49.21121894452015,colombo,PR
29290,-20.86361735999292,-40.93593791274545,rio novo do sul,ES
28860,-22.47133862772709,-42.08704778977403,casimiro de abreu,RJ
19400,-21.881679337575648,-51.82758081293567,presidente venceslau,SP
12220,-23.17547479961335,-45.85041794116791,sao jose dos campos,SP
36025,-21.77624812101102,-43.35450859478331,juiz de fora,MG
25610,-22.48801896187901,-43.16022655751528,petropolis,RJ
33400,-19.644381023581957,-43.90708212217764,lagoa santa,MG
8260,-23.55951809771959,-46.42810520160874,são paulo,SP
75800,-17.88774537640125,-51.721986550112696,jatai,GO
88220,-27.102098999999946,-48.62961349999995,itapema,SC
37502,-22.42809676551993,-45.45632855925872,itajuba,MG
97800,-28.412020899937406,-54.96209961613896,sao luiz gonzaga,RS
33400,-19.63343235194932,-43.899341656254514,lagoa santa,MG
29055,-20.296331719372343,-40.29288590908316,vitoria,ES
97670,-28.651272059222297,-55.99849336117417,sao borja,RS
88045,-27.609314301690823,-48.53308766111717,florianopolis,SC
11420,-24.006410758814688,-46.26934686718799,guaruja,SP
37502,-22.43969509608557,-45.43558915787058,itajuba,MG
88085,-27.60903969109582,-48.593763558860736,florianopolis,SC
14403,-20.54320319952464,-47.39460472008377,franca,SP
12080,-23.01522598553147,-45.549742955320006,taubate,SP
24210,-22.900567630590302,-43.12212000764605,niteroi,RJ
44230,-12.415815000000004,-38.75334075000001,amelia rodrigues,BA
1233,-23.533696152374613,-46.66074519525075,sao paulo,SP
11702,-24.019746359974626,-46.44612992714525,praia grande,SP
8253,-23.541941148479484,-46.43722532292687,sao paulo,SP
35519,-19.88470255812431,-44.98475814119802,nova serrana,MG
4632,-23.63469298917996,-46.66097650735758,sao paulo,SP
9371,-23.675085000000003,-46.471959766854326,maua,SP
26087,-22.713308059142623,-43.5259892973095,nova iguacu,RJ
4363,-23.64616723535693,-46.66585747807145,sao paulo,SP
36830,-20.65299599668188,-41.90815474701824,espera feliz,MG
6150,-23.56691312237492,-46.81048705669247,osasco,SP
2992,-23.44891671151884,-46.725092571531015,sao paulo,SP
23575,-22.88488535527142,-43.6673066076808,rio de janeiro,RJ
4387,-23.66254149347912,-46.64722678642738,sao paulo,SP
48005,-12.13944142250762,-38.42297614758382,alagoinhas,BA
25610,-22.50669879156419,-43.162613097301886,petropolis,RJ
9811,-23.72638049321933,-46.56082994018698,sao bernardo do campo,SP
91740,-30.09750417236992,-51.23078920399332,porto alegre,RS
22041,-22.966001717727558,-43.19136971328416,rio de janeiro,RJ
35680,-20.081537485740643,-44.59206502326511,itauna,MG
22785,-22.97369546219298,-43.48742394211762,rio de janeiro,RJ
9371,-23.667258186225435,-46.474554837843385,maua,SP
78300,-14.62832082663283,-57.51421401675861,tangara da serra,MT
13360,-22.99796105190717,-47.48638600069248,capivari,SP
21371,-22.84633999056494,-43.3360539806972,rio de janeiro,RJ
11700,-24.015358456287142,-46.40087419233655,praia grande,SP
4753,-23.65760893729741,-46.71370925526743,sao paulo,SP
30140,-19.93883067860233,-43.93987237287215,belo horizonte,MG
4265,-23.58615550735758,-46.61564731057762,sao paulo,SP
29060,-20.286911158202997,-40.30168100914659,vitoria,ES
6653,-23.543337123906483,-46.92571253308592,itapevi,SP
25680,-22.49179929015092,-43.1831900464102,petrópolis,RJ
24241,-22.90371453846139,-43.09455124799463,niteroi,RJ
29100,-20.335185251971463,-40.29174851714122,vila velha,ES
89160,-27.212376532864152,-49.63909424966808,rio do sul,SC
29010,-20.3214398731606,-40.34072259299428,vitoria,ES
89012,-26.90747929803239,-49.07848452330755,blumenau,SC
69900,-9.97499781938307,-67.80940552221007,rio branco,AC
18530,-23.105464223447232,-47.715399735563786,tiete,SP
71917,-15.837389381903169,-48.03023202790116,brasília,DF
29056,-20.30298375327477,-40.29955725601607,vitoria,ES
71660,-15.84307785429373,-47.844782421655694,brasilia,DF
68633,-4.296458233621158,-47.55574237951895,dom eliseu,PA
19400,-21.87806587217848,-51.83991596000953,presidente venceslau,SP
11045,-23.95818446295225,-46.32189565707783,santos,SP
71680,-15.800289381614718,-47.81056644087946,brasília,DF
40310,-12.96057132348173,-38.48167279414799,salvador,BA
80420,-25.43529426144041,-49.278342221074446,curitiba,PR
20261,-22.92287418763337,-43.217046246869465,rio de janeiro,RJ
20520,-22.92605118010288,-43.227835315742176,rio de janeiro,RJ
7241,-23.44752549344325,-46.4230181794339,guarulhos,SP
5858,-23.68087892102383,-46.79635208780432,sao paulo,SP
14401,-20.53275851534654,-47.38147746606031,franca,SP
4182,-23.640028145709515,-46.594463317098494,sao paulo,SP
20930,-22.888601246713637,-43.23622826029729,rio de janeiro,RJ
36884,-21.12931141993187,-42.37395395337296,muriae,MG
62320,-3.725995632957048,-40.9858699439512,tiangua,CE
35300,-19.788383853321218,-42.13377407748288,caratinga,MG
1258,-23.542527374401352,-46.686575837930505,sao paulo,SP
22060,-22.976347463500502,-43.189260746609655,rio de janeiro,RJ
5713,-23.6246969228063,-46.73113225657087,sao paulo,SP
84010,-25.09488062220061,-50.158584339759805,ponta grossa,PR
29100,-20.329371474226832,-40.29210833717194,vila velha,ES
8290,-23.549875336262858,-46.45968368131428,sao paulo,SP
55813,-7.847249823178434,-35.25981817501666,carpina,PE
22410,-22.98387053231589,-43.21165052109183,rio de janeiro,RJ
24210,-22.90047136176052,-43.11998204108996,niteroi,RJ
6516,-23.48149069386578,-46.8951825756247,santana de parnaiba,SP
12955,-23.13952712612359,-46.46280445719635,bom jesus dos perdoes,SP
2725,-23.498104086040737,-46.683501768798,sao paulo,SP
86050,-23.334911705181145,-51.17620288946114,londrina,PR
35450,-20.26160813006642,-43.77298147340797,itabirito,MG
83260,-25.802573195314377,-48.52976125117676,matinhos,PR
5207,-23.39748185483874,-46.75502583735358,sao paulo,SP
95110,-29.18662855350621,-51.22316249909357,caxias do sul,RS
85640,-25.914420785246243,-53.46871119967238,ampere,PR
81720,-25.523131075768948,-49.24970250819432,curitiba,PR
4195,-23.658553344877276,-46.61315590781442,sao paulo,SP
21550,-22.86334014210285,-43.348371364562254,rio de janeiro,RJ
88359,-27.143863729700307,-48.96060024082278,brusque,SC
89041,-26.91247354438169,-49.112423272190846,blumenau,SC
59700,-5.649594659983555,-37.802086875337295,apodi,RN
95780,-29.684839499999995,-51.455123999999984,montenegro,RS
11250,-23.7484923829159,-45.86474463693174,bertioga,SP
89204,-26.280600629354826,-48.85478194795449,joinville,SC
28893,-22.51739375337861,-41.94353723483291,rio das ostras,RJ
22260,-22.951392714697796,-43.194499460442096,rio de janeiro,RJ
91787,-30.12000242353856,-51.19718132751451,porto alegre,RS
12235,-23.226163678631043,-45.8981861549805,sao jose dos campos,SP
29055,-20.30918990034061,-40.29442449642197,vitória,ES
35560,-20.099742919255338,-45.29020835069839,santo antonio do monte,MG
30240,-19.925697237578635,-43.91689155773555,belo horizonte,MG
91510,-30.071118100755918,-51.17723204581898,porto alegre,RS
99700,-27.64727646874456,-52.31285491832384,erechim,RS
21825,-22.88873828864908,-43.47119973411618,rio de janeiro,RJ
80440,-25.44946748932418,-49.30225169608747,curitiba,PR
11900,-24.50147104877817,-47.85366462652728,registro,SP
8255,-23.551059604766625,-46.43947478296492,sao paulo,SP
4140,-23.600624198175534,-46.6294719732887,sao paulo,SP
39440,-15.820812555799025,-43.29821719607319,janauba,MG
29060,-20.28230540940029,-40.29530359117663,vitória,ES
5786,-23.63567409409081,-46.77194372078598,sao paulo,SP
36420,-20.516379454440333,-43.711094907724295,ouro branco,MG
74810,-16.696483257054854,-49.24360468275103,goiania,GO
33400,-19.63845225664069,-43.88093345597432,lagoa santa,MG
35680,-20.08054563439181,-44.58747377743034,itauna,MG
66823,-1.0712262244030373,-48.34939621588681,belem,PA
11702,-24.016532280598994,-46.43749458451151,praia grande,SP
9061,-23.65241705912053,-46.55309608979165,santo andre,SP
5409,-23.557418141266123,-46.67404680806745,sao paulo,SP
4248,-23.610383925040264,-46.59642958219339,sao paulo,SP
80010,-25.432415203445068,-49.27126824216627,curitiba,PR
7025,-23.48261088368666,-46.5408832956354,guarulhos,SP
95700,-29.16889891571565,-51.51794001015678,bento goncalves,RS
26291,-22.77586898534013,-43.539162190491794,nova iguacu,RJ
2022,-23.51100587239081,-46.65332779498016,sao paulo,SP
11600,-23.76694655453289,-45.74049174271451,sao sebastiao,SP
36420,-20.510959582625976,-43.71764756395968,ouro branco,MG
9090,-23.64984896753988,-46.53599847432055,santo andre,SP
22743,-22.931658031363607,-43.33329248320735,rio de janeiro,RJ
86360,-23.11797324776559,-50.383689527803305,bandeirantes,PR
37706,-21.808837820848776,-46.558242267300784,pocos de caldas,MG
4273,-23.612052666446743,-46.60783466642034,sao paulo,SP
22790,-23.009758825985298,-43.44400455314793,rio de janeiro,RJ
36016,-21.765351960586305,-43.35202422355595,juiz de fora,MG
21073,-22.85147691835922,-43.26687653971195,rio de janeiro,RJ
35590,-20.02562011973564,-45.51899004552285,lagoa da prata,MG
89520,-27.290209139974166,-50.57765213295983,curitibanos,SC
33600,-19.6231920785038,-44.03989487757889,pedro leopoldo,MG
35430,-20.415098409561494,-42.90718575173236,ponte nova,MG
2310,-23.47342380238332,-46.599792328611024,sao paulo,SP
22441,-22.98564201834221,-43.22349286108496,rio de janeiro,RJ
90130,-30.049564347221345,-51.22369537538231,porto alegre,RS
90830,-30.08860553012285,-51.21987668858564,porto alegre,RS
6816,-23.64450378515713,-46.818175290883225,embu das artes,SP
17350,-22.50705797329836,-48.55876954067188,igaracu do tiete,SP
83880,-26.095426846938057,-49.79569074073172,rio negro,PR
82510,-25.397453403429918,-49.23899493820111,curitiba,PR
6060,-23.552456794881493,-46.78012559033992,osasco,SP
2124,-23.507862568699817,-46.57852189203073,sao paulo,SP
89520,-27.293190693067217,-50.5805781346272,curitibanos,SC
31573,-19.81482688703906,-43.99015283720936,belo horizonte,MG
13148,-22.783992846909463,-47.104290575984464,paulinia,SP
9721,-23.716364383865063,-46.55107342645274,sao bernardo do campo,SP
89887,-27.07752146486888,-53.15796061419199,palmitos,SC
83203,-25.51374290494675,-48.51202354435317,paranagua,PR
13930,-22.60110232223439,-46.70397547501303,serra negra,SP
15800,-21.15070585946154,-48.980754453320046,catanduva,SP
15080,-20.82736850049423,-49.36984420928264,sao jose do rio preto,SP
11600,-23.781009111575948,-45.40284172883605,sao sebastiao,SP
24130,-22.87966167216049,-43.10099257176014,niteroi,RJ
79560,-18.788802333087524,-52.62518072656624,chapadao do sul,MS
30190,-19.92265626504709,-43.94002660851752,belo horizonte,MG
29101,-20.351204014783303,-40.288932774834514,vila velha,ES
37410,-21.701984295127083,-45.2646929549899,tres coracoes,MG
11680,-23.43981602054356,-45.10237279961336,ubatuba,SP
11320,-23.967953315010853,-46.356802332500486,sao vicente,SP
13173,-22.79778803794503,-47.277513571708525,sumare,SP
6020,-23.53531833420345,-46.76131673240765,osasco,SP
4010,-23.59135306549717,-46.63589421440933,sao paulo,SP
6764,-23.6192473760748,-46.76594411518264,taboao da serra,SP
11679,-23.57575095680789,-45.27423495643181,caraguatatuba,SP
7810,-23.32208997523501,-46.76371655922577,franco da rocha,SP
6784,-23.635751615326868,-46.79933809172488,taboao da serra,SP
18071,-23.463948520399327,-47.50536378420569,sorocaba,SP
3807,-23.501135482110826,-46.47243161518264,sao paulo,SP
13347,-23.12600032860477,-47.21966039348287,indaiatuba,SP
5037,-23.513089306682478,-46.68942389993656,sao paulo,SP
22420,-22.986747177722297,-43.19801394156829,rio de janeiro,RJ
60135,-3.746188330284458,-38.49450901387846,fortaleza,CE
64048,-5.072913656697066,-42.78506042564554,teresina,PI
84015,-25.07718987676728,-50.16374252360197,ponta grossa,PR
14090,-21.17626509048413,-47.79477930959668,ribeirao preto,SP
80310,-25.459661640025367,-49.31199357285476,curitiba,PR
38400,-18.914441657510515,-48.26513067193722,uberlandia,MG
37540,-22.252494361942556,-45.691735095985294,santa rita do sapucai,MG
45654,-14.813410125948955,-39.03421023953804,ilheus,BA
9541,-23.61711032322791,-46.565214168155485,sao caetano do sul,SP
6412,-23.493386781401405,-46.88232897636712,barueri,SP
6365,-23.54841720401545,-46.856546422114505,carapicuiba,SP
24030,-22.881300299954525,-43.12211759998485,niteroi,RJ
40430,-12.931235748642182,-38.49790538220178,salvador,BA
11702,-24.01889637433775,-46.45241604089851,praia grande,SP
29056,-20.310625753765702,-40.29771533403537,vitoria,ES
6713,-23.6065866765916,-46.85862618813073,cotia,SP
4006,-23.57697508881069,-46.64882046725142,sao paulo,SP
65940,-5.823099385227207,-46.13541894167594,grajau,MA
89023,-26.952475033207637,-49.07338667883238,blumenau,SC
7097,-23.44540306189049,-46.54191559117663,guarulhos,SP
15025,-20.80688105735249,-49.38819103478752,sao jose do rio preto,SP
37140,-21.35881641728755,-46.14347474289509,areado,MG
3084,-23.53467342215357,-46.57048869929014,sao paulo,SP
96015,-31.773707895089142,-52.33956331986845,pelotas,RS
26130,-22.75664091469216,-43.40773305410399,belford roxo,RJ
2518,-23.509848068295792,-46.66369014308379,são paulo,SP
9725,-23.714019040250363,-46.555487909972456,são bernardo do campo,SP
71655,-15.86510263022837,-47.863763787637154,brasilia,DF
4852,-23.762314757115288,-46.680043121774005,sao paulo,SP
33200,-19.743957125934266,-43.92867586291951,vespasiano,MG
14801,-21.78476503358529,-48.1793447776848,araraquara,SP
28950,-22.75528877532698,-41.88752614328845,armacao dos buzios,RJ
35162,-19.46467165139366,-42.56591831640599,ipatinga,MG
6890,-23.8938453024987,-46.984726736713256,sao lourenco da serra,SP
11040,-23.97332998612153,-46.31950325881467,santos,SP
38600,-17.236242265416607,-46.87827087358893,paracatu,MG
2013,-23.50220016541636,-46.63009269317328,sao paulo,SP
3944,-23.602501760199655,-46.493111618933554,sao paulo,SP
78300,-14.619423897724838,-57.49415644772832,tangara da serra,MT
14840,-21.37087503022392,-48.2277636928486,guariba,SP
11680,-23.438665578555955,-45.07660198529959,ubatuba,SP
1308,-23.55497462585844,-46.65400084194123,são paulo,SP
22041,-22.96614571772756,-43.19028962946513,rio de janeiro,RJ
6865,-23.749191323109176,-46.79386258774895,itapecerica da serra,SP
35519,-19.869781707213967,-44.97363743109419,nova serrana,MG
55370,-8.521478221273169,-36.44607661545516,sao bento do una,PE
22790,-23.0175524074384,-43.45162940743839,rio de janeiro,RJ
3322,-23.54714111408611,-46.557317394252415,sao paulo,SP
9912,-23.688842336030625,-46.61464417730742,diadema,SP
88330,-26.986052999999945,-48.63676849999996,balneario camboriu,SC
40430,-12.93260910620497,-38.49841377860963,salvador,BA
38408,-18.92289963157211,-48.26735843120263,uberlândia,MG
88045,-27.608325748254444,-48.53315060921001,florianopolis,SC
18150,-23.676632402613347,-47.174225377363065,ibiuna,SP
18110,-23.53990007499822,-47.45192008656066,votorantim,SP
31270,-19.856772147094503,-43.950341923394326,belo horizonte,MG
64000,-5.085991893111756,-42.8066648827248,teresina,PI
20520,-22.9267498148768,-43.24012142867445,rio de janeiro,RJ
25665,-22.5126138788072,-43.218409781124606,petropolis,RJ
4361,-23.644597264498834,-46.661674913411005,sao paulo,SP
35790,-18.75684337409101,-44.43272605668483,curvelo,MG
29060,-20.28785509991919,-40.295184523573326,vitoria,ES
89120,-26.811185280599,-49.26619165598129,timbo,SC
64049,-5.067709201447851,-42.78540093519115,teresina,PI
38408,-18.932935467078263,-48.22087893980074,uberlândia,MG
14790,-20.320527267696036,-48.30958500151026,guaira,SP
41830,-13.006219190951583,-38.46424940590919,salvador,BA
4382,-23.657431285042403,-46.662757312799314,sao paulo,SP
23075,-22.88553857497031,-43.61843240938276,rio de janeiro,RJ
14400,-20.536577068051805,-47.40254117975835,franca,SP
9725,-23.70472916118175,-46.55400674998516,sao bernardo do campo,SP
36083,-21.74043888121068,-43.40314441687346,juiz de fora,MG
36025,-21.77574716985977,-43.351084812655074,juiz de fora,MG
96810,-29.719682414584565,-52.427756795262965,santa cruz do sul,RS
1506,-23.56180273327946,-46.63479182904371,são paulo,SP
18440,-23.86406686113728,-49.14061041675239,itabera,SP
2018,-23.49088684714803,-46.63517815141591,sao paulo,SP
14790,-20.30549899978181,-48.320904592406734,guaira,SP
20771,-22.888364384961594,-43.27960714683471,rio de janeiro,RJ
37062,-21.60022461717653,-45.44001697053534,varginha,MG
17900,-21.487319020178035,-51.53887244642655,dracena,SP
15080,-20.83815528133325,-49.37022900636463,sao jose do rio preto,SP
88040,-27.59586921233187,-48.52551488412488,florianopolis,SC
14403,-20.55910431858485,-47.396856248190375,franca,SP
17400,-22.2117447287758,-49.68119425276981,garca,SP
38701,-18.56506026560225,-46.53365000952716,patos de minas,MG
5727,-23.625590333054426,-46.73905080544173,são paulo,SP
1026,-23.539425401610018,-46.63342428573489,sao paulo,SP
95500,-29.83476081048325,-50.52670843951244,santo antonio da patrulha,RS
37925,-20.47898131512141,-45.95682895468703,piumhii,MG
29060,-20.286911158202997,-40.30168100914659,vitória,ES
35162,-19.45956526453677,-42.57849440075224,ipatinga,MG
29102,-20.370734573837748,-40.31069697192344,vila velha,ES
5143,-23.497722188181623,-46.72231478711988,são paulo,SP
89580,-27.02511987501451,-50.915977656251165,fraiburgo,SC
21920,-22.79898872745109,-43.19955994255291,rio de janeiro,RJ
87050,-23.440942115240063,-51.91003788107669,maringa,PR
58801,-6.753682126119357,-38.217927615212,sousa,PB
9070,-23.643885489583987,-46.55173820731154,santo andré,SP
18048,-23.5337622536788,-47.46566926824974,sorocaba,SP
30190,-19.923168698309176,-43.94796160698833,belo horizonte,MG
78200,-16.065502998987515,-57.68847732087425,cáceres,MT
88140,-27.706388056855182,-48.80206909863784,santo amaro da imperatriz,SC
11680,-23.42714665472932,-45.121034430220895,ubatuba,SP
9950,-23.68964886565877,-46.59033135105916,diadema,SP
30140,-19.937983567863093,-43.93962572647012,belo horizonte,MG
13400,-22.72482013517793,-47.652433548300486,piracicaba,SP
39270,-17.309058780895903,-44.92916562914451,pirapora,MG
35300,-19.791835836360985,-42.13657497517328,caratinga,MG
37140,-21.361244851088934,-46.14889667301596,areado,MG
8750,-23.54641660921493,-46.25546944826255,mogi das cruzes,SP
6449,-23.544153733064324,-46.867815396884126,barueri,SP
30190,-19.93133502669901,-43.95284560844317,belo horizonte,MG
32185,-19.84550581363664,-44.02449926613858,contagem,MG
14801,-21.78746888863896,-48.17684923067745,araraquara,SP
4273,-23.603340887039067,-46.61471053566277,sao paulo,SP
35430,-20.408709937393315,-42.89503213671882,ponte nova,MG
75780,-17.721846775831402,-48.1599787292141,ipameri,GO
13140,-22.76772635475116,-47.15195368699864,paulinia,SP
30160,-19.921109490420715,-43.9391913357088,belo horizonte,MG
30160,-19.92896482431185,-43.93995219262502,belo horizonte,MG
30310,-19.942096473224023,-43.929886740637066,belo horizonte,MG
4363,-23.64772928449414,-46.66782919594324,sao paulo,SP
20521,-22.927568384961592,-43.233383353165294,rio de janeiro,RJ
8290,-23.556877112765147,-46.446120464681805,sao paulo,SP
14840,-21.36095838447724,-48.22705201847536,guariba,SP
35400,-20.38377250069249,-43.502760052455415,ouro preto,MG
3333,-23.55556209769749,-46.56826432278263,sao paulo,SP
60135,-3.7412342431472063,-38.51384072537361,fortaleza,CE
81550,-25.48271533289971,-49.20915468127052,curitiba,PR
4716,-23.631686234808672,-46.70327712545443,sao paulo,SP
13083,-22.825601030986466,-47.0705568041779,campinas,SP
38600,-17.237471925610183,-46.88279228454937,paracatu,MG
81880,-25.54481267413754,-49.28665393493621,curitiba,PR
4726,-23.63433669490432,-46.71756511846903,sao paulo,SP
8275,-23.56609969331751,-46.47570647362805,sao paulo,SP
11900,-24.51343955759131,-47.83629272592188,registro,SP
13560,-22.015059579428826,-47.89183963314259,sao carlos,SP
27930,-22.406829160158672,-41.81181739279976,macae,RJ
37540,-22.238622951714696,-45.70143381954418,santa rita do sapucai,MG
7133,-23.44007914793122,-46.51144923980033,guarulhos,SP
52020,-8.04465322675859,-34.896786286427385,recife,PE
4363,-23.645606772693142,-46.67073759867844,são paulo,SP
2611,-23.470269353515505,-46.66551745423042,sao paulo,SP
83203,-25.522475392597304,-48.509045869744135,paranagua,PR
20071,-22.90325681903173,-43.18608215459633,rio de janeiro,RJ
35450,-20.2429427380897,-43.80579533009742,itabirito,MG
4006,-23.57694550069249,-46.64601469900165,sao paulo,SP
6700,-23.609156704184613,-46.92871685916307,cotia,SP
14110,-21.25387395173324,-47.80424105327126,bonfim paulista,SP
75690,-17.748981129159066,-48.58430832507806,caldas novas,GO
13218,-23.1886382132707,-46.87453437279828,jundiai,SP
32341,-19.930441818221787,-44.0524309392607,contagem,MG
14850,-21.360305588766465,-48.06713686168537,pradópolis,SP
39623,-19.89323733483254,-43.9863046834627,tuparece,MG
20521,-22.92526639661836,-43.230057134196976,rio de janeiro,RJ
35680,-20.086780697908548,-44.59301833820898,itauna,MG
6317,-23.52796689447385,-46.84699990212869,carapicuíba,SP
37556,-22.042500162153026,-45.69773300161063,careacu,MG
9725,-23.706236381857607,-46.554348334600654,sao bernardo do campo,SP
8572,-23.502569162410182,-46.34689776344514,itaquaquecetuba,SP
21321,-22.90033770163407,-43.35166113942709,rio de janeiro,RJ
13044,-22.95282064788205,-47.02865383550558,campinas,SP
30130,-19.935822142939564,-43.93628172355593,belo horizonte,MG
13720,-21.59666662722053,-46.89167942454692,sao jose do rio pardo,SP
29109,-20.34432203286331,-40.290151354929485,vila velha,ES
88220,-27.102098999999946,-48.62961349999995,itapema,SC
18401,-23.971062898469174,-48.869585369879246,itapeva,SP
11701,-24.00967982292688,-46.42471361518264,praia grande,SP
15050,-20.77989627798675,-49.36832393360705,sao jose do rio preto,SP
18081,-23.47859826810551,-47.44979886871719,sorocaba,SP
45600,-14.798245578417148,-39.27968787605237,itabuna,BA
9400,-23.714133095809498,-46.41331628225116,ribeirão pires,SP
12605,-22.735201526227712,-45.091367371631385,lorena,SP
35290,-18.775512410940028,-40.98808145902727,mantena,MG
39270,-17.343014141435944,-44.92888654546664,pirapora,MG
35790,-18.76496585489569,-44.43614173268224,curvelo,MG
17400,-22.20747145041756,-49.66454282461354,garça,SP
11702,-24.013657602833383,-46.432956043164594,praia grande,SP
95913,-29.44841872467085,-51.96053968844792,lajeado,RS
35160,-19.50703226227713,-42.54739617499566,ipatinga,MG
16500,-21.80957382114945,-49.618713126395,cafelandia,SP
5727,-23.624761421316855,-46.73926123120198,sao paulo,SP
9185,-23.68558450014423,-46.53944422217096,santo andre,SP
31015,-19.90986572329614,-43.91656966457965,belo horizonte,MG
14960,-21.4761880831834,-49.20669719223876,novo horizonte,SP
87303,-24.028400890154508,-52.3763098357036,campo mourao,PR
36500,-21.12029598791624,-42.94010792888358,uba,MG
80230,-25.43778457489929,-49.26722479407556,curitiba,PR
32185,-19.84287686547248,-44.032542001036056,contagem,MG
18055,-23.50612370413756,-47.49610395198797,sorocaba,SP
37570,-22.28070915636563,-46.375064526843765,ouro fino,MG
8840,-23.485821406621582,-46.13205361187197,mogi das cruzes,SP
13848,-22.335515849177952,-46.91232475600192,mogi guaçu,SP
30315,-19.955667300305848,-43.935188604506806,belo horizonte,MG
28035,-21.7587752840734,-41.3314043399488,campos dos goytacazes,RJ
37480,-21.975038780008184,-45.34928164699726,lambari,MG
30160,-19.93039668359399,-43.93898091563271,belo horizonte,MG
83403,-25.33422592758873,-49.21121894452015,colombo,PR
14091,-21.1894024299152,-47.79295570344507,ribeirao preto,SP
11900,-24.46057110513913,-47.80920181059966,registro,SP
60165,-3.723308509953719,-38.48567399999999,fortaleza,CE
30882,-19.88078185152052,-44.00936655314792,belo horizonte,MG
35500,-20.13978146419338,-44.89985101720167,divinópolis,MG
11320,-23.96768009769313,-46.377713471861306,sao vicente,SP
13660,-21.870383199471245,-47.48513505274003,porto ferreira,SP
11700,-24.00671884401869,-46.40898301442671,praia grande,SP
80420,-25.438073228691835,-49.278631111720166,curitiba,PR
22785,-22.99154870924257,-43.49673036302551,rio de janeiro,RJ
75780,-17.729657615950746,-48.17246758988684,ipameri,GO
1423,-23.57086177269314,-46.65683162476192,sao paulo,SP
20520,-22.929226133792955,-43.23910722038196,rio de janeiro,RJ
85853,-25.55036705392326,-54.57419704509099,foz do iguacu,PR
18110,-23.54293852510254,-47.44909341618097,votorantim,SP
37540,-22.25198945762901,-45.7092929350264,santa rita do sapucai,MG
4513,-23.59713375797796,-46.67139868526742,sao paulo,SP
45570,-14.140531662571416,-39.733182824336815,ipiau,BA
38400,-18.91630253067111,-48.28484484693288,uberlandia,MG
38600,-17.2252603287161,-46.876048682583225,paracatu,MG
5894,-23.651715093143583,-46.787411725868246,sao paulo,SP
29055,-20.303810632812,-40.29538820162738,vitoria,ES
13145,-22.73427587011464,-47.18454221816051,paulinia,SP
9725,-23.71079861248442,-46.55618011717765,são bernardo do campo,SP
99150,-28.45099054891724,-52.201808105305,marau,RS
21340,-22.86794953621104,-43.35728475437128,rio de janeiro,RJ
35400,-20.395968982093137,-43.50030585565594,ouro preto,MG
83203,-25.51761412590781,-48.50619397481844,paranagua,PR
9190,-23.673745717019944,-46.53792854235219,santo andre,SP
18681,-22.60189206876362,-48.78348915608747,lencois paulista,SP
11460,-23.947220316699312,-46.2954010533502,guaruja,SP
13890,-21.94034854301484,-46.71827612280261,águas da prata,SP
90130,-30.05373037275657,-51.21757440091752,porto alegre,RS
27930,-22.40640925745969,-41.81233190495767,macae,RJ
19800,-22.66757066472387,-50.4200842076,assis,SP
1224,-23.54268047821568,-46.65521253136362,sao paulo,SP
17032,-22.327341012781936,-49.02760605565809,bauru,SP
3322,-23.54678791534425,-46.5558961640314,sao paulo,SP
29055,-20.297253657770305,-40.29630499679735,vitoria,ES
96015,-31.7662925856367,-52.34737058327077,pelotas,RS
11680,-23.443444135110514,-45.07036431066314,ubatuba,SP
87040,-23.41667309348125,-51.89753656224525,maringá,PR
12010,-23.03790035871895,-45.56297213536067,taubate,SP
80220,-25.456184927820765,-49.25813793326206,curitiba,PR
18070,-23.472760138015616,-47.479279933760274,sorocaba,SP
99052,-28.23694852546143,-52.37340159873545,passo fundo,RS
29090,-20.261734826533555,-40.26885421051419,vitoria,ES
33125,-19.786328210280807,-43.934033039979184,santa luzia,MG
11704,-24.02346769637593,-46.47287334387447,praia grande,SP
22420,-22.98604253952926,-43.21214080099833,rio de janeiro,RJ
12242,-23.19405423564539,-45.89517350193324,são josé dos campos,SP
8598,-23.465550176129124,-46.33233463957706,itaquaquecetuba,SP
74820,-16.702490999999945,-49.24675699999996,goiânia,GO
87703,-23.07168525201083,-52.40929873617257,paranavai,PR
18500,-23.052592314229045,-47.83614719555317,laranjal paulista,SP
2976,-23.473999540106178,-46.71557268206477,são paulo,SP
31130,-19.889520118789303,-43.94324290313923,belo horizonte,MG
67133,-1.3534222425709457,-48.40840328720974,ananindeua,PA
97015,-29.69802151509229,-53.817912628518776,santa maria,RS
14401,-20.53582282456591,-47.39109379677813,franca,SP
81460,-25.531631360811343,-49.33705120705175,curitiba,PR
24752,-22.88230978280641,-42.983193208319456,sao goncalo,RJ
5633,-23.598095301690822,-46.73870431571352,sao paulo,SP
31842,-19.83321270384909,-43.930207571469786,belo horizonte,MG
11705,-24.041219030737665,-46.51014916262745,praia grande,SP
21210,-22.839130471823427,-43.29572170773513,rio de janeiro,RJ
30130,-19.94265054454957,-43.92413681432852,belo horizonte,MG
85170,-25.69245206281806,-51.65864313700386,pinhão,PR
11704,-24.02738583014024,-46.48363918734489,praia grande,SP
11702,-24.013099938109512,-46.43773576617228,praia grande,SP
45600,-14.799094323619356,-39.28110040161002,itabuna,BA
29102,-20.363575341870902,-40.30196279414314,vila velha,ES
3542,-23.531567427145244,-46.51982140313921,são paulo,SP
12220,-23.179224341941225,-45.86021925131287,sao jose dos campos,SP
19970,-22.79497214781268,-50.22552099698734,palmital,SP
24451,-22.83750236175004,-43.01181112863689,sao goncalo,RJ
5145,-23.506049208479613,-46.71737739541604,sao paulo,SP
95200,-28.500308521235585,-50.92882487258647,vacaria,RS
87013,-23.422806127457573,-51.94310261675527,maringa,PR
6365,-23.555451096234687,-46.84580742552647,carapicuiba,SP
73900,-14.096266849890675,-46.36760458759896,posse,GO
4273,-23.608557917740683,-46.613331924231765,sao paulo,SP
6080,-23.54514746404876,-46.78331581101032,osasco,SP
13101,-22.925809895925862,-47.02151521302435,campinas,SP
78110,-15.648387317790975,-56.13980064723873,varzea grande,MT
36050,-21.73425620963603,-43.348956775936095,juiz de fora,MG
89204,-26.287318445467104,-48.84637519900167,joinville,SC
4704,-23.622478837353597,-46.68981120330083,sao paulo,SP
13580,-22.065833496554543,-48.17913790448453,ribeirao bonito,SP
30140,-19.93223485152052,-43.92797022814358,belo horizonte,MG
2215,-23.490081943101163,-46.58466223841534,sao paulo,SP
9111,-23.678570013252184,-46.48105502446007,santo andre,SP
20031,-22.90952080998313,-43.1813594123569,rio de janeiro,RJ
13184,-22.86945366533852,-47.22049918205255,hortolandia,SP
79080,-20.500306512349244,-54.62048383761339,campo grande,MS
39440,-15.818145429730912,-43.30464185957166,janauba,MG
95700,-29.170580522572106,-51.51551349938868,bento goncalves,RS
14801,-21.7964703603586,-48.177405428924295,araraquara,SP
7273,-23.459308323619368,-46.422005872468105,guarulhos,SP
97800,-28.408982924370477,-54.95720205751909,sao luiz gonzaga,RS
4531,-23.58348570330084,-46.68129178183974,são paulo,SP
65076,-2.513823831525211,-44.30121895115124,sao luis,MA
11045,-23.9570973702464,-46.32283082183036,santos,SP
27541,-22.46435304608902,-44.42770155747922,resende,RJ
1415,-23.551112073835704,-46.65366555883207,sao paulo,SP
74823,-16.715495999999945,-49.257696499999966,goiania,GO
21210,-22.850174693029057,-43.30879802928614,rio de janeiro,RJ
28035,-21.75752778953796,-41.33765020849718,campos dos goytacazes,RJ
6816,-23.63829105626804,-46.82275880185051,embu das artes,SP
5302,-23.53137033833454,-46.72983517262973,são paulo,SP
31270,-19.859849958364613,-43.95389731626177,belo horizonte,MG
11704,-24.02723991493096,-46.47038281313674,praia grande,SP
21240,-22.81082938550985,-43.3216420418952,rio de janeiro,RJ
20540,-22.91989458090484,-43.23290198834323,rio de janeiro,RJ
29060,-20.286911158202997,-40.30168100914659,vitoria,ES
35900,-19.63763712228325,-43.224150954610366,itabira,MG
5734,-23.628416154747075,-46.74663241007183,sao paulo,SP
85935,-24.39292209396986,-53.51741547255003,assis chateaubriand,PR
3923,-23.591046185123204,-46.51073435276126,sao paulo,SP
65054,-2.539030365851437,-44.20877692956763,sao luis,MA
36600,-21.71361856217655,-43.06001324485051,bicas,MG
9080,-23.63189212406944,-46.54494905135891,santo andre,SP
72145,-15.799975534556818,-48.0987715814135,brasilia,DF
18706,-23.09103996364474,-48.931425481822366,avare,SP
32604,-19.9489933760748,-44.1956974977783,betim,MG
7432,-23.41848816325341,-46.36643791909816,aruja,SP
22260,-22.95127722453689,-43.19256974508046,rio de janeiro,RJ
36500,-21.1191238624131,-42.944762983222425,uba,MG
12010,-23.03210930718785,-45.56023833984806,taubaté,SP
30260,-19.92734893260925,-43.91002247745413,belo horizonte,MG
28230,-21.489626428086225,-41.06529335816597,sao francisco de itabapoana,RJ
26052,-22.676433673234243,-43.44647299309043,nova iguacu,RJ
38701,-18.577379863829183,-46.51865291196582,patos de minas,MG
14801,-21.787041616994333,-48.19952837073608,araraquara,SP
3807,-23.496873747706186,-46.47547919969415,sao paulo,SP
22411,-22.98065881877193,-43.2063557761556,rio de janeiro,RJ
4531,-23.58354158895493,-46.68018162184772,sao paulo,SP
25953,-22.40979462637161,-42.96590542263586,teresopolis,RJ
80220,-25.45005712155927,-49.2606739118818,curitiba,PR
18071,-23.46725443297361,-47.507204939350245,sorocaba,SP
80030,-25.41207548571751,-49.25721151485939,curitiba,PR
15880,-20.96029528426431,-49.02765395423945,tabapua,SP
8260,-23.574787445188225,-46.42690562485426,sao paulo,SP
81900,-25.539151107132557,-49.27625455176295,curitiba,PR
37200,-21.233966636711617,-44.9942292122666,lavras,MG
13800,-22.438283406053408,-46.96256089203073,mogi mirim,SP
21921,-22.809769491257427,-43.17842328518663,rio de janeiro,RJ
88054,-27.42927910796927,-48.47206466527213,florianopolis,SC
15060,-20.80515353717743,-49.37314795986045,sao jose do rio preto,SP
3236,-23.589502910352596,-46.55417194561133,sao paulo,SP
22790,-23.022652683594,-43.48463297931221,rio de janeiro,RJ
13050,-22.95269524971396,-47.11311607828013,campinas,SP
2402,-23.48566741934032,-46.628641105021735,sao paulo,SP
13848,-22.352259163265337,-46.91255421106336,mogi-guacu,SP
13568,-22.007605432346868,-47.85749798832816,sao carlos,SP
37704,-21.805091372307675,-46.548066014152624,pocos de caldas,MG
40430,-12.930240391421954,-38.49798749764162,salvador,BA
12030,-23.033035134673213,-45.564134676285576,taubate,SP
9070,-23.64371689869583,-46.54127658604074,santo andre,SP
35500,-20.13582352176716,-44.88438877932671,divinopolis,MG
8616,-23.55554921933124,-46.29401982384838,suzano,SP
88054,-27.43037278195448,-48.46290123269092,florianópolis,SC
30270,-19.919435523182724,-43.90701946058748,belo horizonte,MG
4363,-23.64579721925677,-46.665892937561246,sao paulo,SP
68633,-4.294376702117084,-47.55209837954988,dom eliseu,PA
4447,-23.690463604480296,-46.67813381554541,sao paulo,SP
11045,-23.97625530379869,-46.31762782188769,santos,SP
9725,-23.712918214524908,-46.55625840201404,sao bernardo do campo,SP
25780,-22.1628687021211,-42.8922269144335,sao jose do vale do rio preto,RJ
8030,-23.505216024698505,-46.42031650222171,sao paulo,SP
7787,-23.337557515356917,-46.82520631531689,cajamar,SP
14405,-20.515145538199352,-47.40559889531275,franca,SP
1212,-23.5384235523112,-46.64147712698362,sao paulo,SP
31270,-19.85762693672453,-43.95758179961336,belo horizonte,MG
70740,-15.769948499999998,-47.89077074999999,brasilia,DF
4015,-23.586120063275477,-46.644774076605664,sao paulo,SP
21820,-22.882454748542894,-43.46888283625709,rio de janeiro,RJ
3965,-23.60174696502972,-46.47881766541636,sao paulo,SP
13152,-22.639814582279865,-47.18688243089199,cosmopolis,SP
9721,-23.7157950411196,-46.54765516587312,sao bernardo do campo,SP
64049,-5.079118143267594,-42.78163383460897,teresina,PI
29050,-20.313916803796943,-40.30463037939303,vitoria,ES
22790,-23.00941466910797,-43.469168370935925,rio de janeiro,RJ
5424,-23.570219629753595,-46.69599176686477,sao paulo,SP
9850,-23.728490999999995,-46.575317250000005,sao bernardo do campo,SP
6447,-23.54787985761916,-46.88417090735773,barueri,SP
97800,-28.408844879454087,-54.96456294764453,sao luiz gonzaga,RS
1243,-23.549472805730183,-46.65804093020365,sao paulo,SP
28625,-22.2835805047368,-42.53443894530584,nova friburgo,RJ
4784,-23.692985863725536,-46.71252097446478,sao paulo,SP
35162,-19.465041310577625,-42.55950812170352,ipatinga,MG
8260,-23.559499382739894,-46.43734358534825,sao paulo,SP
39400,-16.720995258116787,-43.86258139631194,montes claros,MG
83045,-25.507471289980938,-49.18756627298479,sao jose dos pinhais,PR
38400,-18.922293597005,-48.28698511296093,uberlândia,MG
17340,-22.49461917363829,-48.56695833126149,barra bonita,SP
95110,-29.18259998592208,-51.236896213723234,caxias do sul,RS
88809,-28.682557616718285,-49.3858614636653,criciuma,SC
13500,-22.41909985106798,-47.56747685254236,rio claro,SP
35900,-19.636964193596977,-43.23467768649497,itabira,MG
3821,-23.49241839832043,-46.50566382218644,são paulo,SP
13201,-23.18958241938361,-46.88655833654554,jundiai,SP
86220,-23.37434138264,-50.84208799401301,assai,PR
26584,-22.795468063506767,-43.42757695157964,mesquita,RJ
89801,-27.10615135127823,-52.61184261487217,chapeco,SC
38600,-17.23343233374582,-46.89138550067597,paracatu,MG
83255,-25.57813055084896,-48.355325087902855,pontal do parana,PR
6246,-23.49994008604073,-46.81177024952385,osasco,SP
11320,-23.97311097279557,-46.37026715356498,sao vicente,SP
6790,-23.61297748050079,-46.78631996035718,taboão da serra,SP
35900,-19.631243540207763,-43.21519911746578,itabira,MG
13880,-21.82736941118521,-46.89923211838218,vargem grande do sul,SP
87083,-23.387854237389888,-51.960856769454345,maringá,PR
13070,-22.902236308904172,-47.075295740492805,campinas,SP
88495,-28.02622059958068,-48.61766735258323,garopaba,SC
13820,-22.70241249811052,-46.99736104444384,jaguariuna,SP
29703,-19.521648847629965,-40.63760050544793,colatina,ES
28860,-22.478977574125533,-42.21057408298055,casimiro de abreu,RJ
29100,-20.332754728470405,-40.28894443630732,vila velha,ES
12030,-23.02673131493544,-45.56563292032356,taubaté,SP
74810,-16.700951999999944,-49.24290049999996,goiania,GO
58865,-6.498133847904132,-37.45040850676849,sao bento,PB
13601,-22.38378183099723,-47.39006566819916,araras,SP
21321,-22.892334820705173,-43.36805626836531,rio de janeiro,RJ
18053,-23.499129646402007,-47.523122711495134,sorocaba,SP
33200,-19.689827618876084,-43.92737493879777,vespasiano,MG
14403,-20.545357505622984,-47.38217687850718,franca,SP
9360,-23.67762852708087,-46.44090696719623,maua,SP
9910,-23.69693789015148,-46.63016233216641,diadema,SP
28035,-21.755459804996487,-41.33661229456434,campos dos goytacazes,RJ
95913,-29.440011628483607,-51.96993668730626,lajeado,RS
6713,-23.60348975684209,-46.85942350879564,cotia,SP
12030,-23.02861513512557,-45.57869002004009,taubate,SP
15025,-20.80243626346376,-49.39562406741489,sao jose do rio preto,SP
4849,-23.74021408985911,-46.66195288979081,sao paulo,SP
92480,-29.854716915096624,-51.2796684706559,nova santa rita,RS
4216,-23.596825568959613,-46.5998223141843,sao paulo,SP
35160,-19.480588250620368,-42.52170574340701,ipatinga,MG
86050,-23.328484543708147,-51.18036976609653,londrina,PR
90040,-30.038484341941224,-51.21862566639732,porto alegre,RS
24346,-22.955902512349244,-43.02726007037327,niteroi,RJ
6763,-23.61104548934897,-46.76312178598934,taboao da serra,SP
4849,-23.743182226758584,-46.672737658203,sao paulo,SP
37508,-22.4027145,-45.53363925000001,piranguinho,MG
38610,-16.359308909064755,-46.90526861643566,unai,MG
38022,-19.76952850375091,-47.943243,uberaba,MG
31015,-19.914058791563264,-43.92063490368748,belo horizonte,MG
12308,-23.302225215101835,-45.959958021091815,jacarei,SP
81720,-25.503937655777037,-49.26144720380394,curitiba,PR
35170,-19.47688703742095,-42.62124371415994,coronel fabriciano,MG
21330,-22.883804759362945,-43.37073333680532,rio de janeiro,RJ
3387,-23.585337660280462,-46.52836654731954,sao paulo,SP
27700,-22.407252142760857,-43.66196194082203,vassouras,RJ
90010,-30.032511463788964,-51.22856269900166,porto alegre,RS
89120,-26.83606119677997,-49.27371982070517,timbo,SC
20520,-22.92393933166944,-43.230149203993314,rio de janeiro,RJ
31573,-19.806428297159133,-43.98990234448426,belo horizonte,MG
32678,-19.933413736886138,-44.09955950805008,betim,MG
35960,-19.955299456110733,-43.40898476681209,santa barbara,MG
35560,-20.0893625391754,-45.28999672074159,santo antonio do monte,MG
3520,-23.54771999639332,-46.5205873359686,sao paulo,SP
36307,-21.14482861095517,-44.260318541398384,sao joao del rei,MG
9580,-23.6467082514571,-46.56719100721336,sao caetano do sul,SP
35680,-20.0665385944507,-44.58201694428345,itauna,MG
81770,-25.523832667493835,-49.2320638093082,curitiba,PR
1233,-23.53286815237461,-46.66033569525076,sao paulo,SP
4216,-23.597860271150555,-46.59939648144286,sao paulo,SP
20520,-22.92476781513659,-43.22651291090084,rio de janeiro,RJ
12071,-23.008669333281865,-45.52637286168413,taubate,SP
7790,-23.409444563738205,-46.83183023979211,cajamar,SP
83880,-26.089774375975274,-49.790673130432246,rio negro,PR
6449,-23.541046296152317,-46.86594476668198,barueri,SP
36083,-21.733285463500497,-43.40189899515256,juiz de fora,MG
9721,-23.721307836257072,-46.544082606844086,sao bernardo do campo,SP
73900,-14.089306004951418,-46.367275004951416,posse,GO
68908,0.0639861812205255,-51.06010821517273,macapa,AP
22041,-22.967798847336912,-43.189100561457806,rio de janeiro,RJ
18550,-23.29184142013625,-47.65201097643699,boituva,SP
3161,-23.576825744936222,-46.56330932445609,são paulo,SP
12030,-23.031152040455385,-45.565056122415164,taubate,SP
22430,-22.983006625310185,-43.21555046961735,rio de janeiro,RJ
6341,-23.57376442149959,-46.82210480856637,carapicuiba,SP
80230,-25.43849912989782,-49.26398301012754,curitiba,PR
84940,-23.686016372147662,-49.82076770546925,siqueira campos,PR
29090,-20.26224911518264,-40.26172924231048,vitoria,ES
22790,-23.009410322753983,-43.4355702634023,rio de janeiro,RJ
89120,-26.861050731749536,-49.27733395797018,timbo,SC
33600,-19.587842996312155,-44.02888284925824,pedro leopoldo,MG
18940,-22.74296733348204,-49.73847538192933,sao pedro do turvo,SP
29101,-20.348260515115957,-40.286461770212505,vila velha,ES
9850,-23.73117000360668,-46.571352526516165,sao bernardo do campo,SP
4849,-23.748337155975253,-46.66601226942186,sao paulo,SP
88372,-26.83055880735508,-48.62920094937175,navegantes,SC
1232,-23.53569825895891,-46.65827388787578,são paulo,SP
50720,-8.057337705522544,-34.904061554821354,recife,PE
13405,-22.69835535858965,-47.667820180131535,piracicaba,SP
20520,-22.92635315514458,-43.22808482959197,rio de janeiro,RJ
75800,-17.882524305807966,-51.71070588084229,jataí,GO
20771,-22.883956300242957,-43.28062369975704,rio de janeiro,RJ
28035,-21.759282103356878,-41.33932035637133,campos dos goytacazes,RJ
30421,-19.93551249653755,-43.97978312782036,belo horizonte,MG
14020,-21.203141772693147,-47.797052710514194,ribeirão preto,SP
18300,-24.00773708883328,-48.35357381908226,capao bonito,SP
80330,-25.472538010271784,-49.309366699549926,curitiba,PR
30421,-19.937040642247077,-43.97594746225976,belo horizonte,MG
82510,-25.410555220641744,-49.237980240204365,curitiba,PR
68380,-6.641827753727932,-51.99350112390793,sao felix do xingu,PA
71741,-15.936276820544,-47.9523136781264,brasilia,DF
5351,-23.55702541993188,-46.75157228864907,sao paulo,SP
6365,-23.54831838928238,-46.84765746999712,carapicuiba,SP
81330,-25.48320117762139,-49.32713394656363,curitiba,PR
13061,-22.911634875382305,-47.1199442164868,campinas,SP
15070,-20.82341093012412,-49.36188770239269,sao jose do rio preto,SP
35600,-19.742907917384557,-45.259913574792485,bom despacho,MG
9220,-23.615658299823576,-46.54413074225029,santo andre,SP
6341,-23.569418254163168,-46.81889442976561,carapicuiba,SP
6162,-23.55380483064627,-46.81019215854584,osasco,SP
38610,-16.359574284592927,-46.89335308722112,unaí,MG
6246,-23.500216721257164,-46.80048564679799,osasco,SP
12233,-23.237173760199667,-45.886801149316206,são josé dos campos,SP
35600,-19.742073782405857,-45.253509717594135,bom despacho,MG
66095,-1.4546482686824331,-48.44719922537361,belem,PA
88058,-27.434439525102537,-48.39795360935426,florianopolis,SC
6900,-23.8350915,-46.81299150000001,embu guaçu,SP
13300,-23.266682183449767,-47.2929323896648,itu,SP
2920,-23.48951257507646,-46.72292990896761,sao paulo,SP
20530,-22.93501195005473,-43.241793098794005,rio de janeiro,RJ
35790,-18.75429904933669,-44.42243347726357,curvelo,MG
22260,-22.94950447489747,-43.18667122009347,rio de janeiro,RJ
75908,-17.79314896224548,-50.94239815333675,rio verde,GO
30431,-19.93149985873388,-43.961796078683136,belo horizonte,MG
36400,-20.68487449314835,-43.79475010663572,conselheiro lafaiete,MG
89120,-26.842542150152923,-49.28493580613423,timbo,SC
9855,-23.726090232298507,-46.58458580169083,sao bernardo do campo,SP
35170,-19.48942804190625,-42.617228041098905,coronel fabriciano,MG
97015,-29.692018341104507,-53.80958198167813,santa maria,RS
6080,-23.544172834843437,-46.7824078971666,osasco,SP
13565,-21.97532278252329,-47.89849391224693,sao carlos,SP
38408,-18.913874175688147,-48.25725194226446,uberlandia,MG
22260,-22.94610472938432,-43.18729026089216,rio de janeiro,RJ
29090,-20.2586085,-40.263149249999984,vitória,ES
85816,-24.945754528420743,-53.43586252400602,cascavel,PR
88331,-26.971155754919547,-48.63562769969414,balneario camboriu,SC
9581,-23.640253292255764,-46.5754631493162,sao caetano do sul,SP
4010,-23.585809473772287,-46.63654474493623,são paulo,SP
14790,-20.31685695018743,-48.310478628484944,guaira,SP
35300,-19.789283881638493,-42.13886588356218,caratinga,MG
38401,-18.881971639619124,-48.27760730647657,uberlandia,MG
22260,-22.94592481320335,-43.18853583888282,rio de janeiro,RJ
73025,-15.65594478606273,-47.80447615048698,sobradinho,DF
21330,-22.878971413266783,-43.363330857897154,rio de janeiro,RJ
9541,-23.62292437966318,-46.56786613825864,sao caetano do sul,SP
28910,-22.889911381256898,-42.04198406004416,cabo frio,RJ
4006,-23.57710944962204,-46.64638264071785,sao paulo,SP
89120,-26.80546416180968,-49.26297922730684,timbo,SC
86050,-23.338635307519205,-51.17270272162269,londrina,PR
13033,-22.897700213716845,-47.098030903139225,campinas,SP
20250,-22.91657684012355,-43.206470105314885,rio de janeiro,RJ
88385,-26.795843193325958,-48.61854480595208,penha,SC
13098,-22.813262717346777,-47.02522517017014,campinas,SP
9371,-23.67081071911881,-46.4742059226019,maua,SP
22410,-22.98474248211083,-43.19586486663974,rio de janeiro,RJ
12246,-23.214137584511523,-45.9072323005943,sao jose dos campos,SP
81810,-25.50714419618402,-49.27207460483913,curitiba,PR
32604,-19.96459192700101,-44.20328041173756,betim,MG
13480,-22.569598235645397,-47.41010202746846,limeira,SP
13370,-23.0192677366416,-47.52894332416314,rafard,SP
1307,-23.553188570084803,-46.65208907063306,sao paulo,SP
96810,-29.7164056806806,-52.43568538063099,santa cruz do sul,RS
30431,-19.93838862031853,-43.96774058327078,belo horizonte,MG
52070,-8.029929393848395,-34.91546413059031,recife,PE
46430,-14.22593719867488,-42.78014920171996,guanambi,BA
85816,-24.9558132556407,-53.42606342451951,cascavel,PR
9912,-23.69310537555519,-46.62071809544712,diadema,SP
37570,-22.272134463003727,-46.36482734249068,ouro fino,MG
40150,-12.997982284205682,-38.52469128420567,salvador,BA
52080,-8.014324857854803,-34.91114622651677,recife,PE
38408,-18.918345625310184,-48.23602863142703,uberlândia,MG
33125,-19.79115546109893,-43.93362683679388,santa luzia,MG
80310,-25.45751137440136,-49.30496897821569,curitiba,PR
74930,-16.76684499999996,-49.32461999999995,aparecida de goiania,GO
30535,-19.92106306070172,-43.9859990849824,belo horizonte,MG
12031,-23.03494480547842,-45.58282676815665,taubate,SP
6543,-23.47696974992788,-46.831300354434696,santana de parnaiba,SP
80610,-25.46867005329215,-49.29086038343237,curitiba,PR
13160,-22.561131125829792,-47.15723705320234,artur nogueira,SP
22041,-22.96506680737497,-43.19292757256631,rio de janeiro,RJ
13320,-23.205551005809333,-47.29461360156967,salto,SP
47640,-13.39639607596142,-44.19838667031789,santa maria da vitoria,BA
88220,-27.102098999999946,-48.62961349999995,itapema,SC
96215,-32.093956368966666,-52.18398012173082,rio grande,RS
91510,-30.06563592838599,-51.178503897859095,porto alegre,RS
36570,-20.749414951602716,-42.88745363037368,vicosa,MG
1451,-23.574188189566605,-46.688949072999,são paulo,SP
18040,-23.50574652178431,-47.479491,sorocaba,SP
89801,-27.099030618473527,-52.61543615823059,chapecó,SC
21615,-22.867538484236213,-43.38188815781846,rio de janeiro,RJ
6715,-23.6150174938464,-46.884298675460535,cotia,SP
30310,-19.94094227338564,-43.926623807779,belo horizonte,MG
18055,-23.500635031721743,-47.48806375597106,sorocaba,SP
18530,-23.107694562335645,-47.707167953059546,tiete,SP
30350,-19.94955654203941,-43.94283142284606,belo horizonte,MG
86802,-23.562932709604716,-51.4683824097468,apucarana,PR
13088,-22.855010448237053,-47.04312945712387,campinas,SP
35400,-20.399719306134216,-43.51272940161002,ouro preto,MG
9725,-23.71188474271452,-46.56005247114655,sao bernardo do campo,SP
14407,-20.502002890300147,-47.41940053030373,franca,SP
11020,-23.971448640573623,-46.299649431040365,santos,SP
74823,-16.710896999999946,-49.25647249999996,goiania,GO
12228,-23.25697953344108,-45.82769910782503,são josé dos campos,SP
14010,-21.177234754371284,-47.80933300582837,ribeirao preto,SP
30840,-19.88964130919264,-43.99579038677926,belo horizonte,MG
12701,-22.577367604218367,-44.963912818483465,cruzeiro,SP
35900,-19.637015674015867,-43.23425619672256,itabira,MG
6332,-23.54694857354484,-46.833298356489294,carapicuiba,SP
26298,-22.82990052499997,-43.60828157099997,nova iguacu,RJ
20756,-22.888057651133867,-43.303766605603336,rio de janeiro,RJ
4143,-23.61386952484273,-46.63324143588781,sao paulo,SP
72015,-15.84158617832511,-48.05025321133005,brasilia,DF
89255,-26.449514598692065,-49.108795645288936,jaragua do sul,SC
36047,-21.72188035720466,-43.35702239217496,juiz de fora,MG
3303,-23.545199859570594,-46.57568539814757,sao paulo,SP
2217,-23.49049580682672,-46.5809598805182,sao paulo,SP
4317,-23.64125123397196,-46.63314086900565,sao paulo,SP
22410,-22.98392339829179,-43.21156595337294,rio de janeiro,RJ
13160,-22.55159695398369,-47.16727363482559,artur nogueira,SP
21321,-22.90033770163407,-43.35166113942709,rio de janeiro,RJ
5017,-23.53549829058232,-46.67746783793051,sao paulo,SP
86360,-23.11886578217514,-50.37170420992222,bandeirantes,PR
29090,-20.25235148211082,-40.268551615182645,vitoria,ES
11680,-23.44824909523497,-45.07523774686338,ubatuba,SP
87200,-23.654722782583253,-52.6096686649568,cianorte,PR
80610,-25.470566936724524,-49.289213923394335,curitiba,PR
78360,-13.660391403817403,-57.88385116619928,campo novo do parecis,MT
3222,-23.58386610224309,-46.56263295227527,sao paulo,SP
40150,-12.998097,-38.52471273516342,salvador,BA
25850,-22.141070279996462,-43.284388685623824,paraiba do sul,RJ
91740,-30.112940817018117,-51.226609603539245,porto alegre,RS
17350,-22.51966710848133,-48.56793293837889,igaracu do tiete,SP
37925,-20.465734434714527,-45.95910528478357,piumhi,MG
7241,-23.44946326672053,-46.4296388731606,guarulhos,SP
13820,-22.70324448206881,-47.00641339144223,jaguariuna,SP
1451,-23.583016351192377,-46.68314824319781,sao paulo,SP
52060,-8.040582285373452,-34.919111733844375,recife,PE
18480,-23.707315348335264,-49.46676348062229,itaporanga,SP
82630,-25.373626113797663,-49.21879417831388,curitiba,PR
82300,-25.422420472711867,-49.34547812096439,curitiba,PR
14403,-20.570179277202605,-47.37840425497621,franca,SP
11680,-23.416343402760003,-45.04940431532948,ubatuba,SP
5586,-23.56931423397195,-46.72837217485142,sao paulo,SP
6124,-23.54654262031853,-46.795252279358245,osasco,SP
57010,-9.673481332588036,-35.75088503542995,maceió,AL
62800,-4.561583118514102,-37.772068178234825,aracati,CE
38440,-18.644142617883528,-48.192514361520345,araguari,MG
24360,-22.914271436840096,-43.095912026343285,niteroi,RJ
25935,-22.707857674324767,-43.161141748829166,mage,RJ
4005,-23.579836449622043,-46.65472871120669,sao paulo,SP
78635,-14.063835429261845,-52.17044562193573,agua boa,MT
30110,-19.940302423827017,-43.93748121135093,belo horizonte,MG
52061,-8.036834500692482,-34.92173767568815,recife,PE
52061,-8.030442719400993,-34.92653604302038,recife,PE
5145,-23.506049208479613,-46.71737739541604,sao paulo,SP
17280,-22.34470684651728,-48.76343080798375,pederneiras,SP
19814,-22.66156778589813,-50.41471276488251,assis,SP
38410,-18.95509780045008,-48.22819666250217,uberlandia,MG
1209,-23.540120706359254,-46.64043681043339,sao paulo,SP
13160,-22.58001141778907,-47.17281099757936,artur nogueira,SP
9912,-23.68865513668521,-46.616118285199136,diadema,SP
38022,-19.76951924745479,-47.94190877753213,uberaba,MG
84940,-23.684144149274555,-49.84196297384094,siqueira campos,PR
39100,-18.241508759744523,-43.60155474025548,diamantina,MG
75908,-17.79314896224548,-50.94239815333675,rio verde,GO
5311,-23.531055024698496,-46.74460102749712,são paulo,SP
86015,-23.323208105231046,-51.16752258964631,londrina,PR
3127,-23.57911181539584,-46.58825150313755,sao paulo,SP
82620,-25.382603357752924,-49.22431777782903,curitiba,PR
22785,-22.97002424179308,-43.49403405250331,rio de janeiro,RJ
35162,-19.478992842918363,-42.54478202963898,ipatinga,MG
7133,-23.430830982514863,-46.51055899417162,guarulhos,SP
7273,-23.45894552622771,-46.4204173148768,guarulhos,SP
36884,-21.127129690259093,-42.37793643796528,muriae,MG
37410,-21.72397928993816,-45.26269646066001,tres coracoes,MG
25780,-22.146350613904357,-42.91577248403404,sao jose do vale do rio preto,RJ
38700,-18.58970954854277,-46.51213245145721,patos de minas,MG
46430,-14.227024110305088,-42.78326719623165,guanambi,BA
95020,-29.16981531555528,-51.18089722947183,caxias do sul,RS
2804,-23.485241074353517,-46.697198210841485,sao paulo,SP
97015,-29.69005850957929,-53.81020256607408,santa maria,RS
12010,-23.03210930718785,-45.56023833984806,taubate,SP
23520,-22.94497667998731,-43.65319388576966,rio de janeiro,RJ
6332,-23.551332580343725,-46.82906939650378,carapicuiba,SP
24440,-22.82483772725392,-43.05123006919037,são gonçalo,RJ
4042,-23.602666547319533,-46.64797166472388,sao paulo,SP
29168,-20.1588607621329,-40.24850634179701,serra,ES
89600,-27.165151885105825,-51.51239536831316,joacaba,SC
82940,-25.455251755756255,-49.21363273076929,curitiba,PR
30441,-19.94146152127858,-43.95707196714137,belo horizonte,MG
82970,-25.471798687974548,-49.20184778165387,curitiba,PR
95700,-29.165382304388935,-51.51242546390236,bento goncalves,RS
31270,-19.855375113797656,-43.953583547319546,belo horizonte,MG
89160,-27.22347178074323,-49.612723367447785,rio do sul,SC
75860,-18.44213865706946,-50.447207963378816,quirinópolis,GO
13830,-22.602721573702286,-46.93521076813368,santo antonio de posse,SP
12230,-23.22038942048014,-45.88675059103239,sao jose dos campos,SP
13214,-23.166136624473467,-46.92376004232786,jundiai,SP
33400,-19.674880940443607,-43.892248544396125,lagoa santa,MG
18020,-23.507814855675463,-47.43742724202203,sorocaba,SP
4054,-23.61578009186911,-46.63974453857697,sao paulo,SP
17900,-21.47910036328559,-51.5332695851947,dracena,SP
6162,-23.552878055225374,-46.81009652371756,osasco,SP
